:020000040800F2
:1000000080FB00209D01000895B800080D8B0008BA
:1000100079B60008054400087931020800000000A4
:1000200000000000000000000000000071E2010874
:10003000B55C000800000000F9C60008B501000822
:10004000B7010008B7010008B7010008B7010008B0
:10005000B7010008B7010008B7010008B7010008A0
:10006000B7010008B7010008B7010008B701000890
:10007000B7010008B7010008B7010008B701000880
:10008000B7010008B7010008B7010008B701000870
:10009000B7010008B7010008B7010008B701000860
:1000A000B7010008B7010008B7010008B701000850
:1000B000B701000895F80108B7010008B70100086A
:1000C000B7010008B7010008B7010008B701000830
:1000D000B7010008352F0208B7010008B701000872
:1000E000B7010008B7010008B7010008B701000810
:1000F000B7010008B7010008B7010008B701000800
:10010000B7010008B7010008EDF80108B7010008C1
:10011000B7010008FD08020825F90108B701000829
:10012000B7010008B7010008B7010008B7010008CF
:10013000B7010008B7010008B7010008B7010008BF
:1001400011450008B7010008B7010008B701000811
:10015000B7010008B7010008B7010008992F02088D
:10016000B7010008B7010008B7010008B70100088F
:10017000B7010008B7010008B7010008B70100087F
:10018000B7010008B7010008DFF80CD000F05EFDF1
:1001900000480047B1EA020880FB0020064880477B
:1001A00006480047FEE7FEE7FEE7FEE7FEE7FEE75C
:1001B000FEE7FEE7FEE7FEE705F801088901000813
:1001C0002DE9F0410024061B254671F1000605DAF1
:1001D00001240027D0EB070067EB0101161E73F125
:1001E000000605DA0027D2EB0702012567EB0303BF
:1001F00000F01EFB86460E4617469C46AC4204D0D5
:100200000025D0EB050E65EB010624B10020D2EBF2
:10021000000760EB030C704631463A466346BDE882
:10022000F08140EA01039B0703D009E008C9121FCF
:1002300008C0042AFAD203E011F8013B00F8013BA0
:10024000521EF9D27047D2B201E000F8012B491ECC
:10025000FBD270470022F6E710B513460A46044663
:100260001946FFF7F0FF204610BD30B505462A4677
:100270000B4612F8010B13F8014B08B1A042F8D05D
:100280001CB1002802D06D1CF1E7284630BD10B526
:10029000044604E00B7800F8013B03B1491C521EF0
:1002A000F8D2204610BD421C10F8011B0029FBD1DA
:1002B000801A704710B5002200E0521C835C8C5CF1
:1002C000A34201D1002BF8D1D8B2E1B2401A10BD3F
:1002D000034611F8012B00F8012B002AF9D118462A
:1002E000704710B5484304462EF0E8FB002805D0BF
:1002F0000021002C02D0641E0155FAE710BD2DE943
:10030000F04791460F4680460446002614F8015BEC
:100310002DB100F0EFFA0068405DC007F6D12B2D3B
:1003200002D02D2D18D0641E4A463946204600F0D2
:10033000E5FA27B13968A14201D1C7F800807105FB
:100340004FF002040BD54042002803DD23F0F2F801
:100350000460A007BDE8F08746F48066E4E7002863
:10036000F8DA23F0E7F804606FF00040F2E770B5C8
:10037000064623F0DFF8046805460A2200213046CD
:10038000FFF7BDFF2C6070BD2DE9FE4F804681EA6E
:100390000300C00F0C46009021F0004123F00045FF
:1003A000B8EB0200A94105D24046214690461C46C2
:1003B0000B46024623F00040104347D0270DC7F3F9
:1003C0000A00C3F30A510290401A019040286BDAE8
:1003D000C3F3130040F4801B0098924620B1002321
:1003E000D2EB030A63EB0B0B01985946C0F14002B4
:1003F000504600F04EFA06460D4650465946019AC0
:1004000000F066FA10EB08006141002487EA1152FF
:1004100084EAE7731A4340D0009A62B3019A012A32
:100420004FEA075215DC001B61EB02014FF000425E
:1004300002EA0752CDE90042001C41F58011324624
:100440002B4600F0F0FA03B0BDE8F08F404621469D
:10045000F9E7001B61EB0201001C41F58013001855
:100460005B412018A2F5001747EB030140EAD57065
:10047000B6196D4111E06D084FEA360645EAC075C0
:100480004FEA0752001B61EB0201001C41F580118D
:1004900049084FEA30000019514132462B4603B05B
:1004A000BDE8F04F00F0B0BA0098012240000023F0
:1004B000D0EB020263EBE073009821464FEAE07450
:1004C000B8EB000061EB0401E9E783F000435BE770
:1004D00081F0004158E72DE9FE4F81EA030404F062
:1004E000004421F0004100944FF0000B23F0004342
:1004F00050EA01045ED052EA03045BD0C3F30A540D
:10050000C1F30A552C44A4F2F3340194A0FB025425
:10051000C1F3130141F48011C3F3130343F48013B7
:1005200001FB024400FB034E840A970A44EA81540B
:1005300047EA8357A4FB076802958D0A05FB0785E8
:100540004FEA932C04FB0C542705029D4FEA0658F2
:1005500047EA1637B5EB08056EEB070C870E920ECF
:1005600047EA811742EA8312A7FB0201B6EB0B01AF
:1005700064EB00042B0D43EA0C335E1844EB1C5073
:10058000DA465146E7FB0201C5F313044FEA0B3389
:1005900043EA14534FEA0432019C43EA0603A4F1F0
:1005A0000C040294009CCDE900B400F03CFA03B0C6
:1005B000BDE8F08F00200146F9E72DE9F04D81EA12
:1005C000030404F0004B21F0004514464FF0000AEC
:1005D00023F0004150EA050220D054EA01021DD068
:1005E000C5F30A570246C5F31303C1F31300C1F361
:1005F0000A5640F4801543F48013A7EB0608101B3D
:10060000D64608F2FD3873EB050002D308F1010865
:1006100001E092185B41B8F1000F03DA00200146B7
:10062000BDE8F08D00204FF48011064684460EE0B0
:10063000171B73EB050705D3121B63EB050306437A
:100640004CEA010C49084FEA300092185B4150EA2D
:100650000107EDD152EA030012D082EA040083EAD6
:100660000501084305D0101BAB4106D2012200232F
:1006700006E000224FF0004302E06FF00102531049
:100680001AEB06004CEB085110EB0A0041EB0B0192
:10069000BDE8F04D00F0B8B90EB5C10F80EAE070CA
:1006A0000844CA07002140F233438DE80E000A4691
:1006B0000B4600F0B8F903B000BD0EB540F233416F
:1006C00002910021CDE900110A460B4600F0ABF97A
:1006D00003B000BD70B5C1F30A5201F0004500241B
:1006E000C1F3130140F2FF3341F480119A4201DA61
:1006F000002070BD40F233439A42A2F2334203DC41
:10070000524200F0D5F800E090402C43F1D0404236
:1007100070BDC1F30A5210B5C1F3130140F2FF33AB
:1007200041F480119A4201DA002010BD40F23343B7
:100730009A42A2F2334203DC524200F0B9F810BDF3
:10074000904010BD00F0004230F000400AD0C10DD2
:1007500001F56071C0F3160042EA0151C20840077A
:1007600011437047002001467047000030B5041E59
:1007700071F1000404DB4FF00044404264EB0101DE
:10078000141E73F1000405DB1C464FF00043524277
:1007900063EB04038B4208BF824230BD30B5041EB8
:1007A00071F1000404DB4FF00044404264EB0101AE
:1007B000141E73F1000405DB1C464FF00043524247
:1007C00063EB0403994208BF904230BD01F000433F
:1007D00030B421F0004150EA010206D00A0DA2F522
:1007E0006072C1F31301002A02DC30BC00207047A4
:1007F000440F44EAC104C100E01830BC00EBC25011
:1008000000F0CBB830B50B46014600202022012471
:1008100009E021FA02F59D4205D303FA02F5491BCE
:1008200004FA02F52844151EA2F10102F1DC30BDE4
:100830002DE9F05F0546002092469B468846064615
:10084000814640241BE0284641464746224600F0A8
:100850002FF853465A46C01A914110D311461846F4
:10086000224600F016F82D1A67EB01084F46224683
:100870000120002100F00DF817EB00094E41201E69
:10088000A4F10104DFDC484631462A464346BDE870
:10089000F09F202A04DB203A00FA02F10020704782
:1008A0009140C2F1200320FA03F3194390407047AE
:1008B000202A04DB203A21FA02F00021704721FAB5
:1008C00002F3D040C2F1200291400843194670471C
:1008D000202A06DBCB17203A41FA02F043EAE07304
:1008E00006E041FA02F3D040C2F1200291400843F1
:1008F00019467047004870478C0303082DE9F05FE4
:1009000082460078002715468B460AF10104B94655
:10091000302801D09DB113E014F8010B012778288D
:1009200003D0582801D045B10AE00DB1102D07D1F0
:100930000027102514F8010B02E0082500E00A2525
:100940000026B0460EE005FB080005FB06F1012776
:1009500001EB10461FFA80F8B6F5803F00D3B94688
:1009600014F8010B294600F083F90028EBDABBF1FB
:10097000000F05D00FB1641E00E05446CBF80040D4
:10098000B9F1000F06D022F0D5FD02210160C81E8A
:10099000BDE8F09F48EA0640FAE70029A8BF704783
:1009A000401C490008BF20F00100704710B4B0FAA5
:1009B00080FC00FA0CF050EA010404BF10BC704740
:1009C00049B1CCF1200421FA04F411FA0CF118BF5A
:1009D000012121430843A3EB0C01CB1D4FEA006129
:1009E0004FEA102042BF002010BC704700EBC350FC
:1009F00010440029A4BF10BC7047401C490008BF28
:100A000020F0010010BC704710B5141E73F10004F3
:100A100008DA401C41F1000192185B411A4301D1F0
:100A200020F0010010BD2DE9F04D92469B4611B11A
:100A3000B1FA81F202E0B0FA80F220329046FFF77C
:100A400028FF04460F4640EA0A0041EA0B015346DC
:100A50005A46084313D0114653EA010019D0C8F191
:100A600040025046FFF724FF05460E4650465946C1
:100A70004246FFF70EFF084305D0012004E0204660
:100A80003946BDE8F08D0020054346EAE0762C4368
:100A900037430A986305E40AA0EB08000022FD0A28
:100AA00044EA47540A3002D500200146E9E701052F
:100AB00010196941DDE9084500196941BDE8F04DAB
:100AC000A2E770B521F0004303430CD0C1F30A55EF
:100AD0000024D5EB040564EB0403D617AD1AB3412B
:100AE00002DB0020014670BD201841EB025170BDB1
:100AF0002DE9F04D00231A461B1A8A4103DB002022
:100B00000146BDE8F08DC1F30A52C1F3130141F46F
:100B100080154FF0000BD10702D100186D41521E15
:100B20000027044640F2FF11384601EB620A3E46B8
:100B30008046024600204FF48011FFF7B9FEC2192B
:100B40007141BB1846EB0100B4EB030C75EB000CD4
:100B500004D3E41A65EB000517460E46241908F184
:100B600001006D4180463428E3DDF91946EB0600AB
:100B7000091BA84103D24FF0FF32134601E00022C7
:100B800013461BEB070046EB0A51BDE8F04DFFF79B
:100B90003BBF00002DE9F041054621F000400C4626
:100BA000284309D0C4F30A5040F23341884205DD9E
:100BB00028462146BDE8F0812846FBE740F2FE3199
:100BC000884210DC0CDB4FEA043040EA155050EA52
:100BD000053105D0104804F0004101430020E9E749
:100BE00000200146E6E7A0F233404642C6F140024B
:100BF00028462146FFF74DFE0746884628462146EF
:100C00003246FFF755FE43463A46FFF7FDFE3246B1
:100C1000BDE8F041FFF73DBE0000F03FC1F30A52CE
:100C2000C1F3130140F2FF3341F480119A4202DA1A
:100C300000200146704740F233439A42A2F2334209
:100C400002DC5242FFF734BEFFF723BE064C074DCD
:100C500006E0E06840F0010394E80700984710348C
:100C6000AC42F6D3FFF794FA500603088006030857
:100C70003A2800D2303820F02002412A01D3A2F1D4
:100C80003700884201D34FF0FF30704770B58C18A1
:100C900010F8015B15F0070301D110F8013B2A1190
:100CA00006D110F8012B03E010F8016B01F8016B7D
:100CB0005B1EF9D12B0705D40023521E0DD401F879
:100CC000013BFAE710F8013BCB1A921C03E013F842
:100CD000015B01F8015B521EF9D5A142D8D3002077
:100CE00070BD000070B516462DED0A8B0C4605460A
:100CF00091ED060B9FED868B51EC100B53EC182BEE
:100D0000FFF7E9FB9FED849B53EC192BFFF755FC94
:100D100041EC100B24F0D8F894ED021B51EC100BB1
:100D200053EC112BFFF7D7FB94ED060B41EC1C0B9A
:100D300053EC182B51EC100BFFF7CDFB53EC192B98
:100D4000FFF73BFC41EC100B23F00AF894ED001B7D
:100D500051EC100B53EC112BFFF7BDFB94ED060B80
:100D600041EC1B0B53EC182B51EC100BFFF7B3FBB2
:100D700053EC192BFFF721FC41EC100B24F0A4F8E5
:100D800095ED021B51EC100B53EC112BFFF7A3FB5D
:100D900094ED060B41EC1A0B53EC182B51EC100B95
:100DA000FFF799FB53EC192BFFF707FC41EC100BF5
:100DB00022F0D6FF95ED001B51EC100B53EC112BDC
:100DC000FFF789FB53EC1A2BFFF7DEFA53EC1B2BD2
:100DD000FFF77BFB53EC1C2BFFF777FBC6E9000109
:100DE00094ED060B53EC182B51EC100BFFF773FB33
:100DF00053EC192BFFF7E1FB41EC100B22F0B0FF95
:100E000094ED021B51EC100B53EC112BFFF763FB1D
:100E100094ED060B41EC1B0B53EC182B51EC100B13
:100E2000FFF759FB53EC192BFFF7C7FB41EC100BF5
:100E300024F04AF894ED001B51EC100B53EC112BED
:100E4000FFF749FB94ED060B41EC1A0B53EC182B02
:100E500051EC100BFFF73FFB53EC192BFFF7ADFBE9
:100E600041EC100B24F030F895ED001B51EC100B09
:100E700053EC112BFFF72FFB94ED060B41EC1C0BF1
:100E800053EC182B51EC100BFFF725FB53EC192BEF
:100E9000FFF793FB41EC100B22F062FF95ED021B74
:100EA00051EC100B53EC112BFFF715FB53EC1C2BE3
:100EB000FFF70BFB53EC1A2BFFF766FA53EC1B2BD7
:100EC000FFF703FBC6E9020194ED041B95ED040B4B
:100ED00053EC112B51EC100BFFF7F7FAC6E90401A4
:100EE00094ED061B95ED060B53EC112B51EC100BFA
:100EF000FFF7EBFA41EC100B9FED091B86ED060B9B
:100F00000AF03CFC86ED060B0020BDEC0A8B70BDA0
:100F1000112D4454FB210940000000000080664070
:100F2000000000000000000070B50C462DED108B95
:100F30001831B0EE42CAF0EE62CAB0EE41DAF0EE1D
:100F400061DAB0EE40EAF0EE60EAC6B0054691EC38
:100F5000060B164608A803F047FF05F118011AA86A
:100F600091EC060B03F040FF9DED0EAB9DED0A0BDF
:100F70008DED0AAB8DED0E0B9DED149B9DED0C0BD5
:100F80008DED0C9B8DED140B9DED161B9DED120B45
:100F90008DED121B8DED160B94ED040B51EC190B1E
:100FA00053EC102BFFF797FA94ED020B41EC1F0B5B
:100FB00053EC102B51EC1A0BFFF78DFA94ED000B4C
:100FC0009DED088B41EC1B0B53EC102B51EC180BD7
:100FD000FFF781FA53EC1B2BFFF7D6F953EC1F2BCD
:100FE000FFF7D2F995ED040B41EC1B0B53EC102BE2
:100FF00051EC190BFFF76FFA95ED020B41EC190B51
:1010000053EC102B51EC1A0BFFF765FA95ED000B22
:1010100041EC1A0B53EC102B51EC180BFFF75BFA59
:1010200053EC1A2BFFF7B0F953EC192BFFF7ACF97F
:1010300053EC1B2BFFF749FAC6E9000194ED040BB2
:101040009DED12AB53EC102B51EC1A0BFFF743FA4A
:1010500094ED020B9DED108B41EC1F0B53EC102B0C
:1010600051EC180BFFF737FA94ED000B9DED0E9B3A
:1010700041EC1B0B53EC102B51EC190BFFF72BFA27
:1010800053EC1B2BFFF780F953EC1F2BFFF77CF978
:1010900095ED040B41EC1B0B53EC102B51EC1A0B90
:1010A000FFF719FA95ED020B41EC1A0B53EC102BDC
:1010B00051EC180BFFF70FFA95ED000B41EC180BF4
:1010C00053EC102B51EC190BFFF705FA53EC182BCE
:1010D000FFF75AF953EC1A2BFFF756F953EC1B2B79
:1010E000FFF7F3F9C6E9020194ED040B9DED18AB8F
:1010F00053EC102B51EC1A0BFFF7EDF994ED020BAA
:101100009DED169B41EC1F0B53EC102B51EC190B72
:10111000FFF7E1F994ED000B9DED148B41EC1B0BF7
:1011200053EC102B51EC180BFFF7D5F953EC1B2B9C
:10113000FFF72AF953EC1F2BFFF726F995ED040B67
:1011400041EC1B0B53EC102B51EC1A0BFFF7C3F9BE
:1011500095ED020B41EC1A0B53EC102B51EC190BD3
:10116000FFF7B9F995ED000B41EC190B53EC102B7F
:1011700051EC180BFFF7AFF953EC192BFFF704F9FB
:1011800053EC1A2BFFF700F953EC1B2BFFF79DF9DB
:10119000C6E904012CAA1AA908A808F085FC40ABEE
:1011A00004AA6946B0EE4C2AF0EE6C2AB0EE4D1A55
:1011B000F0EE6D1AB0EE4E0AF0EE6E0A2CA804F0B6
:1011C0007BFD9FED128B9DED000BB0EE481AF0EE0B
:1011D000681A0AF0D3FA86ED060BB0EE481AF0EE64
:1011E000681A9DED040B0AF0C9FA86ED080BB0EE03
:1011F000481AF0EE681A9DED400B0AF0BFFA86ED32
:101200000A0B46B00020BDEC108B70BD0000000042
:101210000000000010B504462DED108BB0EE438A9F
:10122000F0EE638AB0EE409AF0EE609AB0EE41AA1A
:10123000F0EE61AAB0EE42BAF0EE62BA53EC182BAF
:1012400051EC180BFFF747F941EC1C0B53EC1B2B2F
:1012500051EC1B0BFFF73FF941EC1D0B53EC1A2B24
:1012600051EC1A0BFFF737F941EC1E0B53EC192B1D
:1012700051EC190BFFF72FF953EC1E2BFFF784F8F5
:1012800053EC1D2BFFF780F853EC1C2BFFF77CF879
:1012900041EC100B23F07CFEB0EE40DAF0EE60DAA9
:1012A00094ED060B53EC102B51EC100BFFF713F9D8
:1012B00094ED040B41EC1F0B53EC102B51EC100B75
:1012C000FFF709F994ED020B41EC1E0B53EC102BC8
:1012D00051EC100BFFF7FFF894ED000B41EC1C0BE9
:1012E00053EC102B51EC100BFFF7F5F853EC1C2BC3
:1012F000FFF74AF853EC1E2BFFF746F853EC1F2B71
:10130000FFF742F841EC100B23F042FEB0EE40CA6A
:10131000F0EE60CA94ED060B51EC180B53EC102B59
:10132000FFF7D9F894ED040B41EC180B53EC102B9C
:1013300051EC1B0BFFF7CFF894ED020B41EC1B0BAC
:1013400053EC102B51EC1A0BFFF7C5F894ED000B82
:1013500041EC1A0B53EC102B51EC190BFFF7BBF8B7
:1013600053EC1A2BFFF710F853EC1B2BFFF70CF87C
:1013700053EC182BFFF708F841EC180B53EC1C2B1F
:1013800051EC1D0BFFF7A7F841EC100B51EC180BBB
:1013900053EC102BFFF711F99FED259B41EC180B37
:1013A00053EC192BFFF7FAF908D351EC180B9FED0A
:1013B000229B53EC192BFFF7D9F903D2B0EE498ADF
:1013C000F0EE698A9FED1E0B51EC180B53EC102BBD
:1013D000FFF7CCF91FD294ED000B51EC100B81F00C
:1013E0000041C4E9000194ED020B51EC100B81F0B7
:1013F0000041C4E9020194ED040B51EC100B81F0A3
:101400000041C4E9040194ED060B51EC100B81F08E
:101410000041C4E90601B0EE480AF0EE680A22F085
:10142000AFFEBDEC108BBDE8104022F089B8000083
:10143000000000000000F03F000000000000F0BFCE
:10144000000000000000000070B50C462DED108B70
:1014500005469FEDAFEB9FEDB0CB90ED0A0B53EC43
:10146000102B51EC100BFFF736F895ED080B41EC03
:10147000190B53EC102B51EC100BFFF72CF895EDDA
:10148000060B41EC180B53EC102B51EC100BFFF733
:1014900022F895ED040B41EC1A0B53EC102B51EC98
:1014A000100BFFF718F895ED020B41EC1D0B53ECF8
:1014B000102B51EC100BFFF70EF895ED000B41ECE3
:1014C0001B0B53EC102B51EC100BFFF704F853ECF3
:1014D0001B2BFEF759FF53EC1D2BFEF755FF53EC6A
:1014E0001A2BFEF751FF53EC182BFEF74DFF53EC70
:1014F000192BFEF749FF41EC100B23F049FDB0EE2C
:10150000408AF0EE608A94ED0A0B53EC102B51ECFC
:10151000100BFEF7E0FF94ED080B41EC1F0B53ECB2
:10152000102B51EC100BFEF7D6FF94ED060B41EC9F
:101530001D0B53EC102B51EC100BFEF7CCFF94ED70
:10154000040B41EC1B0B53EC102B51EC100BFEF772
:10155000C2FF94ED020B41EC1A0B53EC102B51EC33
:10156000100BFEF7B8FF94ED000B41EC190B53EC98
:10157000102B51EC100BFEF7AEFF53EC192BFEF7BE
:1015800003FF53EC1A2BFEF7FFFE53EC1B2BFEF769
:10159000FBFE53EC1D2BFEF7F7FE53EC1F2BFEF763
:1015A000F3FE41EC100B23F0F3FCB0EE409AF0EEAA
:1015B000609A53EC1E2B51EC180BFFF7D7F806D3AB
:1015C00053EC1E2B51EC190BFFF7D0F806D2B0EEFE
:1015D0004C0AF0EE6C0ABDEC108B70BD94ED0A0B5A
:1015E00095ED0A1B53EC102B51EC110BFEF773FF1A
:1015F00094ED080B95ED081B41EC1F0B53EC102BE1
:1016000051EC110BFEF767FF94ED060B95ED061BF1
:1016100041EC1E0B53EC102B51EC110BFEF75BFF52
:1016200094ED041B95ED040B41EC1D0B53EC112BB9
:1016300051EC100BFEF74FFF94ED021B95ED020BE2
:1016400041EC1B0B53EC112B51EC100BFEF743FF3D
:1016500094ED001B95ED000B41EC1A0B53EC112B94
:1016600051EC100BFEF737FF53EC1A2BFEF78CFEF4
:1016700053EC1B2BFEF788FE53EC1D2BFEF784FE6C
:1016800053EC1E2BFEF780FE53EC1F2BFEF77CFE67
:1016900041EC1A0B53EC192B51EC180BFEF71BFF06
:1016A00041EC100B51EC1A0B53EC102BFEF785FF9D
:1016B0009FED1B9B41EC180B53EC192BFFF76EF8B9
:1016C0000AD3B0EE4C9AF0EE6C9A53EC192B51EC15
:1016D000180BFFF74BF803D2B0EE498AF0EE698A97
:1016E000B0EE480AF0EE680A21F02AFF9FED0E1BCB
:1016F00051EC100B53EC112BFEF7EDFE9FED0C1B84
:1017000053EC112BFEF759FF41EC100B63E700007F
:10171000F168E388B5F8E43E000000000000F0BF87
:10172000000000000000F03F000000000080664064
:10173000112D4454FB2109402DE9FF4F14462DED96
:10174000108BE3B0054691ED020B91ED001B8DED82
:10175000060B91ED040B8DED040B91ED06AB91EDB5
:10176000089B91ED0ACB9FEDFE0B51EC110B53EC56
:10177000102BFEF7B0FE0F4647EC100B06469FED10
:10178000FA8B51EC100B53EC182BFEF716FF41ECC3
:10179000100B22F0E5FA8DED180B47EC106B53ECB3
:1017A000182B51EC100BFEF708FF41EC100B23F047
:1017B0008BFBB0EE40FAF0EE60FA9FEDE90B53ECD4
:1017C000102B9DED060B51EC100BFEF784FE0F461F
:1017D00047EC100B064653EC182B51EC100BFEF7A0
:1017E000ECFE41EC100B22F0BBFA8DED080B47EC40
:1017F000106B53EC182B51EC100BFEF7DEFE41EC96
:10180000100B23F061FB8DED0A0B9FEDD50B53EC14
:10181000102B9DED040B51EC100BFEF75CFE0F46F8
:1018200047EC100B064653EC182B51EC100BFEF74F
:10183000C4FE41EC100B22F093FA8DED0E0B47EC39
:10184000106B53EC182B51EC100BFEF7B6FE41EC6D
:10185000100B23F039FB8DED120B9FEDC10B51ECFA
:101860001A0B53EC102BFEF736FE0F4647EC100B0D
:10187000064653EC182B51EC100BFEF79EFE41EC84
:10188000100B22F06DFAB0EE40BAF0EE60BA47EC01
:10189000106B53EC182B51EC100BFEF78EFE41EC45
:1018A000100B23F011FBB0EE40EAF0EE60EA9FED82
:1018B000AC0B51EC190B53EC102BFEF70CFE0F4642
:1018C00047EC100B064653EC182B51EC100BFEF7AF
:1018D00074FE41EC100B22F043FAB0EE40AAF0EE99
:1018E00060AA47EC106B53EC182B51EC100BFEF771
:1018F00064FE41EC100B23F0E7FAB0EE409AF0EEF4
:10190000609A9FED970B51EC1C0B53EC102BFEF7DC
:10191000E2FD0F4647EC100B064653EC182B51EC3A
:10192000100BFEF74AFE41EC100B22F019FAB0EE54
:1019300040DAF0EE60DA47EC106B53EC182B51EC08
:10194000100BFEF73AFE41EC100B23F0BDFAB0EE9F
:1019500040CAF0EE60CA9DED040B53EC102B9DEDD8
:10196000060B51EC100BFEF70FFD0F4647EC100B6A
:1019700006469FED7B1B51EC100B53EC112BFEF731
:10198000AAFD53EC182BFEF718FE41EC100B22F0C9
:10199000E7F98DED100B47EC106B9FED711B51ECCF
:1019A000100B53EC112BFEF796FD53EC182BFEF7A2
:1019B00004FE41EC100B23F087FAB0EE408AF0EE03
:1019C000608A95ED0C0B8DED160B95ED100B8DEDE2
:1019D000140B95ED1C0B8DED5A0B95ED240B8DED35
:1019E000040B95ED280B8DED580B95ED300B8DED1F
:1019F000020B95ED3C0B8DED0C0B95ED000B8DED79
:101A0000400B95ED020B8DED420B95ED040B8DED2A
:101A1000440B95ED060B8DED460B95ED080B8DED0A
:101A2000480B95ED0A0B8DED4A0B9FED510B53ECD6
:101A3000102B9DED140B51EC100BFEF797FE37D3D6
:101A40009FED4B0B53EC102B9DED5A0B51EC100BF3
:101A5000FEF78CFE2CD99FED460B53EC102B9DED21
:101A6000580B51EC100BFEF781FE21D39DED020BBC
:101A700053EC102B9DED040B51EC100BFEF784FC86
:101A80008A464AEC100B9FED3A1B054653EC112B8E
:101A900051EC100BFEF76AFE0AD99FED350B53ECA3
:101AA000102B9DED0C0B51EC100BFEF75FFE07D8D1
:101AB00040F2FD3063B0BDEC108B04B0BDE8F08F98
:101AC00053EC192B51EC1B0BFEF705FD894649EC35
:101AD000100B9DED0C1B074653EC112B51EC100B1A
:101AE000FEF7F9FC9DED581B53EC112BFEF7F0FCB3
:101AF0009DED121B53EC112BFEF7EDFC41EC100B8E
:101B000051EC1A0B8DED5C0B9DED0C0B53EC102B77
:101B1000FEF7E1FC884648EC100B4AEC115B0646E8
:101B200053EC102B51EC110BFEF72EFC9DED0E1B10
:101B300053EC112BFEF7CFFC9DED5C0B53EC102BFF
:101B4000FEF722FC41EC100B4AEC115B8DED5C0BB7
:101B500048EC106B51EC110B53EC102B0CE0000017
:101B6000112D4454FB210940000000000080664014
:101B70000000000000000000FEF706FC9DED121BB7
:101B800053EC112BFEF7A7FC41EC100B8DED040B71
:101B900049EC107B9DED0C1B51EC100B53EC112B01
:101BA000FEF799FC9DED581B53EC112BFEF790FCB2
:101BB0009DED0E1B53EC112BFEF78DFC9DED040BE0
:101BC00053EC102BFEF781FC9DED5A1B53EC112BAF
:101BD000FEF7DAFB0E4646EC100B9DED0A1B0546A0
:101BE00053EC112B51EC100BFEF775FC41EC100B74
:101BF0008DED040B9DED5C0B53EC102B9DED080B54
:101C000051EC100BFEF767FC9DED161B53EC112BEE
:101C1000FEF7BAFB9DED040B53EC102BFEF7B4FB63
:101C200041EC100B8DED040B46EC105B9DED081B99
:101C300051EC100B53EC112BFEF74DFC41EC100B4B
:101C40008DED020B9DED5C0B53EC102B9DED0A0B03
:101C500051EC100BFEF73FFC9DED141B53EC112BC8
:101C6000FEF736FC9DED020B53EC102BFEF78CFBC0
:101C70000E46054653EC1E2B51EC1F0BFEF72BFCBA
:101C8000834653EC192B0B91FEF725FC9DED0C1BA5
:101C900053EC112BFEF71FFC41EC100B8DED020BEA
:101CA0009DED040B53EC102B9DED180B51EC100B1C
:101CB000FEF711FC9DED020B53EC102BFEF705FC1B
:101CC000CDE94C019DED180B53EC1E2B51EC100B84
:101CD000FEF701FC0746894653EC192B0E91FEF7DF
:101CE000FAFB9DED0C1B53EC112BFEF7F4FB41ECC2
:101CF000100B51EC1F0B8DED080B9DED040B53ECFD
:101D0000102BFEF7E8FB9DED080B53EC102BFEF7B4
:101D10003BFB0DF59C7853EC1B2B88E8630051ECE2
:101D20001F0BFEF7D8FB41EC110B53EC182B8DED7C
:101D3000041B9DED180B51EC100BFEF7CCFB8046FD
:101D400053EC1E2B0C91FEF7C6FB9DED041B53ECD0
:101D5000112BFEF7BAFB41EC100B51EC1A0B8DED79
:101D6000580B9DED180B53EC102BFEF7B4FB53EC06
:101D7000182BFEF7B0FB53EC1B2BFEF7ACFB41EC32
:101D8000100B53EC1F2B8DED120B51EC1A0BFEF7C1
:101D9000A2FB054653EC1E2B0491FEF79CFB41EC85
:101DA000100B8DED080B9DED100B53EC102B9DEDE2
:101DB000180B51EC100BFEF78EFB064653EC192B5B
:101DC0000691FEF788FB9DED080B53EC102BFEF7F8
:101DD000DBFA9DED120B53EC102BFEF7D5FA41EC1C
:101DE000100B53EC182B8DED160B51EC1F0BFEF75F
:101DF00072FB824653EC1E2B0991FEF76CFB41EC03
:101E0000100B53EC1B2B8DED120B9DED180B51ECB1
:101E1000100BFEF760FB9DED120B53EC102BFEF741
:101E2000B3FA41EC100B53EC182B8DED120B049907
:101E300041EC105B51EC100BFEF74DFB53EC1B2BF0
:101E4000FEF749FB41EC110B49EC107B8DED141BA7
:101E500053EC1A2B51EC100BFEF73DFB41EC100B31
:101E600051EC1F0B8DED020B9DED100B53EC102B65
:101E7000FEF731FB814653EC192B0591FEF72BFB46
:101E80009DED020B53EC102BFEF71FFB9DED141B79
:101E900053EC112BFEF778FA41EC100B53EC1E2B90
:101EA0008DED180B9DED100B51EC100BFEF713FB95
:101EB00041EC1E0B53EC192B51EC180BFEF70BFBEE
:101EC0009DED100B41EC1F0B53EC1B2B51EC100B39
:101ED000FEF701FB054653EC1A2B0391FEF7FBFAC4
:101EE00053EC1F2BFEF7F1FA41EC1F0B0C9953EC4E
:101EF0001B2B41EC108B51EC100BFEF7ECFA53EC62
:101F0000192BFEF7E8FA41EC110B53EC192B8DED70
:101F10000C1B0B9941EC10BB51EC100BFEF7DBFADC
:101F200041EC100B53EC1A2B8DED0A0B069941EC8A
:101F3000106B51EC100BFEF7CEFA9DED0A0B53EC33
:101F4000102BFEF7C2FA9DED0C1B53EC112BFEF784
:101F5000BCFACDE92A019DED160B51EC1C0B53EC9C
:101F6000102BFEF7B8FA41EC100B51EC1D0B8DED68
:101F7000060B9DED580B53EC102BFEF7ACFA9DEDC4
:101F8000060B53EC102BFEF7FFF9CDE92C019DED6C
:101F9000580B51EC1C0B53EC102BFEF79CFA41EC48
:101FA000100B51EC1D0B8DED060B9DED160B53EC3C
:101FB000102BFEF790FA9DED060B53EC102BFEF75D
:101FC00084FACDE92E01099953EC1B2B41EC10AB9F
:101FD00051EC100BFEF77FFA53EC192BFEF77BFA4E
:101FE00041EC1B0B0E9953EC192B41EC107B51EC7F
:101FF000100BFEF770FA41EC100B53EC1A2B8DED21
:10200000080B059941EC109B51EC100BFEF763FA9D
:102010009DED080B53EC102BFEF7B6F953EC1B2B80
:10202000FEF753FACDE930019DED180B51EC1C0B76
:1020300053EC102BFEF74FFA9DED120B41EC1B0BEE
:1020400053EC102B51EC1D0BFEF745FA53EC1B2BF8
:10205000FEF79AF9CDE932019DED120B51EC1C0B04
:1020600053EC102BFEF737FA9DED180B41EC1B0BD0
:1020700053EC102B51EC1D0BFEF72DFA53EC1B2BE0
:10208000FEF723FACDE93401039953EC192B41EC07
:10209000105B51EC100BFEF71EFA41EC190B51ECE2
:1020A000180B81F0004153EC1A2BFEF714FA53EC95
:1020B000192BFEF70AFACDE9360153EC1F2B51EC30
:1020C0001C0BFEF708FA41EC180B53EC1E2B51ECDD
:1020D0001D0BFEF700FA53EC182BFEF755F9CDE96E
:1020E000380153EC1E2B51EC1C0BFEF7F4F941ECBC
:1020F000180B53EC1F2B51EC1D0BFEF7ECF953ECB6
:10210000182BFEF7E2F9CDE93A0104F1180626ABE7
:1021100096EC060B22AA24A92AA803F0CDFD9DED7A
:10212000240B18348DED520B9DED220B40A98DED43
:10213000540B9DED260B4CA88DED560B769A94EC26
:10214000060B1DF099F90024769800EBC40595ED77
:10215000000B1BF0CBFF641C85ED000B062CF3DBA2
:102160000020A7E42DE9F04F1C462DED108BEFB0B9
:102170000B46064615461CAA30A990ED000B8DEDC6
:10218000300B90ED020B8DED320B90ED040B8DEDCD
:10219000340B90ED060B8DED360B90ED080B8DEDAD
:1021A000380B90ED0A0B03F118008DED3A0B90EC13
:1021B000060B1846FEF7B8FE9DED200B9DED1C9B0F
:1021C0009DED1ECB8DED3C0B9DED220B4FF0000ADB
:1021D0008DED160B9DED240B8DED1A0B9DED260B51
:1021E0008DED180B96ED0C0B8DED2C0B96ED10ABC9
:1021F00096ED1CBB96ED24FB96ED28DB96ED30EBBF
:1022000096ED3C8B95ED040B9FEDFE1B51EC100BF6
:1022100053EC112BFEF7AAFA01D24FF0020A95ED0A
:10222000080B9FEDFA1B51EC100B53EC112BFEF732
:102230009DFA01D24AF0080A9FEDF40B51EC1A0BFB
:1022400053EC102BFEF792FA29D39FEDF00B51ECD3
:102250001B0B53EC102BFEF789FA20D99FEDEB0BEB
:1022600051EC1D0B53EC102BFEF780FA17D353ECF7
:102270001E2B51EC1F0BFEF787F883469FEDE3EB17
:10228000019153EC1E2BFEF771FA08D99FEDDF0B7D
:1022900051EC180B53EC102BFEF768FA06D840F2FD
:1022A000FD306FB0BDEC108BBDE8F08F9DED182BAD
:1022B0009DED1A1B9DED160B04A802F095FD9DEDFA
:1022C000040B51EC180B53EC102BFEF704F953ECF4
:1022D000192BFEF7FDF89DED0A0B41EC190B53ECA1
:1022E000102B51EC180BFEF7F6F853EC1C2BFEF7F5
:1022F000EFF89DED100B41EC1F0B53EC102B51EC44
:10230000180BFEF7E8F89DED3C1B53EC112BFEF784
:10231000DFF841EC1E0BB0EE490AF0EE690A21F03D
:102320002FFF9FEDBC8B51EC100B53EC182BFEF7DD
:102330001DFA11D2B0EE4F0AF0EE6F0A21F020FF25
:1023400053EC182B51EC100BFEF710FA04D295ED5C
:10235000000B84ED000B19E0B0EE491AF0EE691A9B
:10236000B0EE4F0AF0EE6F0A21F002FC9FEDAB1BBE
:1023700051EC100B53EC112BFEF7ADF89FEDA91BA0
:1023800053EC112BFEF719F9C4E9000195ED001B80
:1023900094ED000B09F034FA84ED000B53EC1D2B87
:1023A00051EC1D0BFEF797F841EC1C0B019941EC29
:1023B00010BB53EC102B51EC100BFEF78CF853ECC8
:1023C0001C2BFDF7E1FF41EC100B22F0E1FDB0EE1C
:1023D00040CAF0EE60CA53EC1A2B51EC1E0BFEF70C
:1023E00074F841EC1E0B53EC1F2B51EC1F0BFEF746
:1023F00072F841EC1A0B53EC192B51EC190BFEF748
:102400006AF853EC1A2BFDF7BFFF41EC100B22F0DA
:10241000BFFDB0EE40AAF0EE60AAB0EE491AF0EEB1
:10242000691AB0EE4F0AF0EE6F0A21F0A1FB9FEDA2
:102430007B1B51EC100B53EC112BFEF74CF89FED6E
:10244000799B53EC192BFEF7B8F894ED001B53EC75
:10245000112BFEF73DF841EC100B9FED6C1B09F0C2
:102460008DF921F08DFE9FED711B51EC100B53EC9B
:10247000112BFEF793F905D251EC1A0B81F00041B4
:1024800041EC1A0B9DED2C0B51EC1A0B53EC102B5D
:10249000FEF71BF841EC1F0B53EC1E2B51EC1E0BEF
:1024A000FEF719F841EC1A0B53EC1F2B51EC1F0BE4
:1024B000FEF711F853EC1A2BFDF766FF41EC100BF9
:1024C00022F066FDB0EE40AAF0EE60AA53EC1C2BA1
:1024D00051EC1B0BFDF758FF884648EC100B0646E5
:1024E00053EC182B51EC100BFDF74EFF53EC1A2B4D
:1024F000FEF73CF918D353EC1C2B51EC1B0BFDF7EA
:10250000E4FF8946074649EC100B21F039FE9FEDA8
:10251000411B51EC100B53EC112BFDF7D6FF53EC84
:102520001A2BFEF73BF902D240F2FE30B9E648EC36
:10253000106B53EC1A2B51EC100BFEF717F902D26B
:1025400048EC1A6B12E049EC107B21F019FE53ECB9
:102550001A2B51EC100BFEF721F907D249EC107B36
:1025600021F00EFEB0EE40AAF0EE60AAB0EE4F1AD7
:10257000F0EE6F1AB0EE4E0AF0EE6E0A21F0F8FAA5
:102580009FED268B51EC100B53EC182BFDF7A3FF9E
:1025900053EC192BFEF711F89FED260B41EC1E0BA7
:1025A00053EC102B51EC1B0BFDF795FF814653ECC0
:1025B0001A2B2A91FDF78FFF41EC100B53EC1C2BCB
:1025C0008DED660B51EC1C0BFDF785FF804641EC51
:1025D0001F0B1B9153EC1B2B51EC1B0BFDF77BFFCF
:1025E000064641EC1B0B2B9153EC1A2B51EC1A0BAA
:1025F000FDF771FF074653EC1B2B2D91FDF7C4FE31
:102600001CE0000000000000008056C00000000038
:1026100000000000F168E388B5F8E43E0000000027
:1026200000806640112D4454FB2109400000000049
:1026300000805640000000000000004053EC1F2BBB
:10264000FDF743FF9DED660B53EC102BFDF7B5FF37
:1026500041EC1A0B53EC1A2BFDF73DFF9FEDFEFBEF
:1026600053EC1F2BFDF734FF41EC100B22F090FCD4
:10267000B0EE4A1AF0EE6A1A21F07AFA53EC182BEF
:1026800051EC100BFDF727FF53EC192BFDF795FFCD
:1026900041EC1A0B2A9953EC1C2B41EC109B51EC8A
:1026A000100BFDF718FF41EC1C0B2D9941EC1B7B27
:1026B0001B9941EC108B2B9953EC102B41EC116BB7
:1026C00051EC110BFDF760FE53EC1B2BFDF7FDFEEB
:1026D00053EC1C2BFDF771FF41EC1B0B53EC1B2B38
:1026E000FDF7F9FE53EC1F2BFDF7F2FE41EC100B4A
:1026F00022F04EFCB0EE4B1AF0EE6B1A21F038FAD5
:1027000053EC182B51EC100BFDF7E5FE53EC192B95
:10271000FDF753FF53EC182BFDF7DAFE41EC1B0BD2
:102720001FED3E0B5FEA8A7053EC1E2B51EC100B31
:1027300025D5FDF7CAFE53EC1A2BFDF725FEC4E99B
:1027400002010199B0EE4D1A41EC10BBF0EE6D1A8A
:1027500021F00EFA53EC182B51EC100BFDF7BBFED9
:1027600053EC192BFDF729FF41EC1A0B51EC1B0B15
:1027700081F0004153EC1A2BFDF7A7FE1EE0FDF798
:10278000A4FE53EC1A2BFDF7A0FEC4E90201019947
:10279000B0EE4D1A41EC10BBF0EE6D1A21F0E8F9E5
:1027A00053EC182B51EC100BFDF795FE53EC192B45
:1027B000FDF703FF53EC1B2BFDF78AFEC4E9040170
:1027C0005FF0000604EBC60797ED000B1BF08EFCD4
:1027D000761C87ED000B032EF4DB94ED041B94EDC7
:1027E000020B53EC112B51EC100BFDF7CDFD94EDCA
:1027F00000AB53EC192BFDF76EFE894649EC100B2C
:10280000074653EC182B51EC100BFDF7D6FE41ECAC
:10281000100B21F0A5FAB0EE40BAF0EE60BA53EC1E
:10282000192B51EC1A0BFDF756FE884648EC100B9D
:10283000064653EC182B51EC100BFDF7BEFE41EC95
:10284000100B21F08DFA53EC1B2B51EC100BFDF704
:1028500042FE48EC106BCDE93E0153EC182B51ECD5
:10286000100BFDF7AAFE41EC100B22F02DFB51ECF2
:10287000100B81F0004148EC106BCDE9400153ECA6
:10288000182B51EC100BFDF798FE41EC100B21F0CA
:1028900067FA49EC117BB0EE40AAF0EE60AA53EC67
:1028A000182B51EC110BFDF788FE41EC100B22F0B8
:1028B0000BFB53EC1A2B51EC100BFDF70CFE48EC04
:1028C000106BCDE9420153EC182B51EC100BFDF7C6
:1028D00074FE41EC100B22F0F7FA49EC117BB0EEDC
:1028E00040AAF0EE60AA53EC182B51EC110BFDF747
:1028F00064FE41EC100B21F033FAB0EE401AF0EE1A
:10290000601A53EC1A2B51EC110BFDF7E4FD48EC67
:10291000106BCDE9440153EC182B51EC100BFDF773
:102920004CFE41EC100B21F01BFA8DED460B48ECF0
:10293000106B53EC182B51EC100BFDF73EFE41ECE5
:10294000100B22F0C1FA49EC117BB0EE40AAF0EE78
:1029500060AA53EC182B51EC110BFDF72EFE41EC45
:10296000100B22F0B1FA53EC1A2B51EC100BFDF7BF
:10297000B2FD49EC107BCDE9480153EC182B51EC2A
:10298000100BFDF71AFE41EC100B22F09DFA51ECF2
:10299000100B81F000411FEDE30BCDE94A018DEDF5
:1029A0004C0B49EC107B53EC182B51EC100BFDF742
:1029B00004FE41EC100B21F0D3F98DED4E0B9DED93
:1029C000441B9DED400B8DED401B8DED440B9DEDAB
:1029D0004A1B9DED420B8DED421B8DED4A0B9DED8B
:1029E0004C1B9DED480B8DED481B8DED4C0B50AAFB
:1029F00004A93EA807F058F895ED080B95ED06EBF5
:102A00008DED6A0B95ED0A0B8DED6C0B9DED500B6A
:102A100053EC102B51EC100BFDF75DFD53EC1F2B0D
:102A2000FDF756FD41EC100B22F0B2FA9DED501B64
:102A300021F09EF853EC182B51EC100BFDF74BFDD9
:102A400053EC192BFDF7B9FD9DED500B41EC1A0B22
:102A500053EC102B04E00000000000000000F03FE9
:102A600051EC100BFDF737FD53EC1F2BFDF730FD3C
:102A700041EC100B22F08CFA51EC100B81F000416C
:102A800041EC100B9DED501B21F072F853EC182B0C
:102A900051EC100BFDF71FFD53EC192BFDF78DFDCD
:102AA00041EC1B0BB0EE4A0AF0EE6A0A21F068FB1B
:102AB0009FEDDC1B51EC100B53EC112BFDF76EFE60
:102AC00064D29DED541B9DED520B21F051F853EC57
:102AD000182B51EC100BFDF7FEFC53EC192BFDF7F6
:102AE0006CFD9DED540B8946804651EC100B81F036
:102AF00000419DED520B41EC1C0B51EC100B81F091
:102B0000004141EC100BB0EE4C1AF0EE6C1A21F0C3
:102B10002FF853EC182B51EC100BFDF7DCFC53ECA9
:102B2000192BFDF74AFD9DED5C0B0F46064651EC57
:102B3000100B81F0004141EC110B9DED560B21F083
:102B400017F853EC182B51EC100BFDF7C4FC53ECA9
:102B5000192BFDF732FD9DED560B41EC1C0B51EC92
:102B6000100B81F0004141EC100B9DED5C1B20F03F
:102B7000FFFF53EC182B51EC100BFDF7ACFC53ECA2
:102B8000192BFDF71AFD41EC1D0B25E0B0EE4ECAE6
:102B9000F0EE6ECA9DED5A0BB0EE4CDAF0EE6CDA48
:102BA00051EC100B81F0004141EC100B9DED601BCE
:102BB00020F0DEFF53EC182B51EC100BFDF78BFCD3
:102BC00053EC192BFDF7F9FC53EC1E2BFDF77DFCA4
:102BD0000F460646B946B04695ED061BB0EE4C0AC8
:102BE000F0EE6C0A08F0CAFDB0EE408AF0EE608AA2
:102BF00095ED061BB0EE4D0AF0EE6D0A08F0BEFD35
:102C0000B0EE40DAF0EE60DA95ED0A1B49EC108B7D
:102C100008F0B4FDB0EE40CAF0EE60CA95ED0A1BB4
:102C200047EC106B08F0AAFDB0EE409AF0EE609A07
:102C30009DED6C0B51EC1C0B53EC102BFDF745FC80
:102C400041EC100B21F09CFA8DED660B9DED6A1B9B
:102C5000B0EE4A0AF0EE6A0A53EC112B51EC100B5D
:102C6000FDF733FC41EC100B21F08AFAB0EE40FA8C
:102C7000F0EE60FA53EC1E2B51EC180BFDF725FC1F
:102C800041EC100B21F07CFAB0EE401AF0EE601A25
:102C900053EC1F2B51EC110BFDF776FB9DED660BF2
:102CA00053EC102BFDF770FB9DED6C0B41EC1F0BF3
:102CB00053EC102B51EC190BFDF707FC41EC100BFA
:102CC00021F05EFA8DED2E0B9DED6A1BB0EE4B0AE6
:102CD000F0EE6B0A53EC112B51EC100BFDF7F5FBEA
:102CE00041EC100B21F04CFA8DED180B53EC1E2B20
:102CF00051EC1D0BFDF7E9FB41EC100B21F040FA04
:102D0000B0EE401AF0EE601A9DED180B51EC110B6D
:102D100053EC102BFDF738FB9DED2E0B53EC102BD5
:102D2000FDF732FB41EC1E0B5FEA0A709FED3F0B93
:102D300051EC1A0B53EC102B25D5FDF717FD08D2DB
:102D400051EC1B0B9FED390B53EC102BFDF726FDBF
:102D500061D951EC1B0B9FED350B53EC102BFDF79C
:102D600005FD08D251EC1A0B9FED300B53EC102BE4
:102D7000FDF714FD25D953EC1E2B51EC1F0BFDF76D
:102D8000F5FC1ED847E0FDF709FD08D851EC1B0BF8
:102D90009FED260B53EC102BFDF7E8FC3BD351ECD9
:102DA0001B0B9FED220B53EC102BFDF7F7FCE2D829
:102DB00051EC1A0B9FED1D0B53EC102BFDF7D6FCBD
:102DC000D9D284ED06DB84ED08BB84ED0A9B00BFFD
:102DD00095ED061B94ED060B08F0D0FC84ED060B78
:102DE00095ED0A1B94ED0A0B08F0C8FC84ED0A0B64
:102DF0005FF0030504EBC50696ED000B1BF076F9BA
:102E00006D1C86ED000B062DF4DB6FB00020BDECD1
:102E1000108BBDE8F08F84ED068B84ED08AB84ED5C
:102E20000ACBD5E7F168E388B5F8E43E000000007E
:102E3000000000002DE9F04F14462DED108BBDB0C1
:102E4000054691ED081B91ED000B91ED029B91ED74
:102E500004FB91ED06EB8DED021B9FEDFEDB51ECCB
:102E6000100B53EC1D2BFDF736FB0E4646EC100BFA
:102E700007469FEDFA8B51EC100B53EC182BFDF726
:102E80009CFB41EC100B20F06BFFB0EE40CAF0EE63
:102E900060CA46EC107B53EC182B51EC100BFDF77D
:102EA0008CFB41EC100B22F00FF8B0EE40BAF0EEC4
:102EB00060BA53EC1D2B51EC190BFDF70CFB0F46C0
:102EC00047EC100B064653EC182B51EC100BFDF79A
:102ED00074FB41EC100B20F043FFB0EE40AAF0EE83
:102EE00060AA47EC106B53EC182B51EC100BFDF75C
:102EF00064FB41EC100B21F0E7FFB0EE409AF0EEDE
:102F0000609A53EC1D2B51EC1F0BFDF7E4FA0F46B2
:102F100047EC100B064653EC182B51EC100BFDF749
:102F20004CFB41EC100B20F01BFF8DED220B47EC0E
:102F3000106B53EC182B51EC100BFDF73EFB41ECE2
:102F4000100B21F0C1FF8DED200B53EC1D2B51EC2C
:102F50001E0BFDF7C0FA0F4647EC100B064653EC6C
:102F6000182B51EC100BFDF728FB41EC100B20F057
:102F7000F7FE8DED360B47EC106B53EC182B51EC34
:102F8000100BFDF71AFB41EC100B21F09DFF8DEDAE
:102F9000180B9DED021B53EC1D2B51EC110BFDF793
:102FA0009AFA0F4647EC100B064653EC182B51ECDF
:102FB000100BFDF702FB41EC100B20F0D1FE8DED64
:102FC000100B47EC106B53EC182B51EC100BFDF76A
:102FD000F4FA41EC100B21F077FF8DED1C0B95ED11
:102FE000240B95ED0C8B95ED10FB95ED1CEB8DED09
:102FF0000C0B95ED280B51EC1F0B8DED260B95ED71
:10300000300B8DED000B9FED970B95ED3CDB53ECFA
:10301000102BFDF7ABFB2FD39FED920B51EC1E0B4A
:1030200053EC102BFDF7A2FB26D99FED8E0B53EC32
:10303000102B9DED260B51EC100BFDF797FB1BD3CE
:103040009DED000B53EC102B9DED0C0B51EC100B78
:10305000FDF79AF982469FED831B039153EC112BE8
:10306000FDF784FB08D99FED7F0B51EC1D0B53EC52
:10307000102BFDF77BFB06D840F2FD303DB0BDECD8
:10308000108BBDE8F08F9FED770B53EC182B84ED80
:10309000000B84ED020B84ED040B51EC1C0B583437
:1030A000FDF719FA44E90A0153EC182B51EC1B0BFC
:1030B000FDF711FA44E9080104ED06FB53EC1E2B61
:1030C00051EC190BFDF707FA0F4647EC100B0646BB
:1030D00053EC182B51EC100BFDF756F953EC1C2B4D
:1030E000FDF7F9F947EC106BC4E9020153EC182B1A
:1030F00051EC100BFDF748F953EC1B2BFDF7EBF9E6
:10310000C4E9040153EC1E2B51EC1A0BFDF7E3F953
:1031100053EC1F2BFDF738F9C4E906019DED260B92
:1031200053EC102B9DED200B51EC100BFDF7D3F958
:1031300041EC100B0A918DED0E0B9DED0C0B8146B1
:1031400053EC102B9DED220B51EC100BFDF7C3F946
:103150009DED0E0B53EC102BFDF716F941EC100B07
:103160008DED1E0B9DED0C0B53EC102B9DED200BEC
:1031700051EC100BFDF7AFF941EC110B8DED0C1B71
:103180009DED260B53EC102B9DED220B51EC100BFB
:10319000FDF7A1F90F919DED0C1B804653EC112B0F
:1031A000FDF793F953EC1E2BFDF7EEF841EC100BF5
:1031B00051EC190B8DED280B53EC102BFDF78BF90F
:1031C00041EC100B01918DED3A0B9DED1E0B074666
:1031D00053EC102B51EC1A0BFDF77DF98B464BECA1
:1031E000110B9DED3A0B064653EC102B51EC110BD5
:1031F000FDF7CAF853EC182BFDF7C6F853EC1C2B5F
:10320000FDF769F9C4E90E0101994BEC116B41EC32
:10321000107B51EC110B53EC102BFDF7B5F853EC70
:10322000182BFDF7B1F853EC1B2BFDF754F9C4E94B
:1032300010019DED280B51EC1A0B53EC102BFDF7F0
:103240004AF941EC100B8DED000B9DED1E0B53EC7C
:10325000102B0BE0112D4454FB210940000000000D
:1032600000806640000000000000000051EC190BD7
:10327000FDF731F953EC1F2BFDF72AF99DED000BFB
:1032800053EC102BFDF780F8C4E912010A9941ECC8
:10329000109B8DED000B03999DED221B41EC10ABB3
:1032A00053EC112B51EC100BFDF715F99DED000BB4
:1032B00053EC102BFDF768F841EC100B8DED1E0B55
:1032C00003999DED201B41EC10AB53EC112B51ECFD
:1032D000100BFDF700F941EC100B0F9953EC102B7C
:1032E00041EC118B51EC110BFDF7EFF853EC1E2B59
:1032F000FDF74AF841EC100B51EC190B8DED280B42
:1033000053EC102BFDF7E7F8894649EC100B074604
:103310008DED0E0B9DED1E0B51EC1A0B53EC102B8B
:10332000FDF7D9F8884648EC110B9DED0E0B0646CB
:1033300053EC102B51EC110BFDF726F853EC182B26
:10334000FDF722F853EC1C2BFDF7C5F849EC107B78
:1033500048EC116BC4E91A0153EC102B51EC110B22
:10336000FDF712F853EC182BFDF70EF853EC1B2B5E
:10337000FDF7B1F8C4E91C019DED280B51EC1A0BC7
:1033800053EC102BFDF7A7F841EC100B51EC190B87
:103390008DED000B9DED1E0B53EC102BFDF79BF8F4
:1033A00053EC1F2BFDF794F89DED000B53EC102B05
:1033B000FCF7EAFFC4E91E019DED1C0B53EC102B3A
:1033C0009DED360B51EC100BFDF785F8884648EC67
:1033D000100B064653EC1D2B51EC100BFDF77BF840
:1033E0009DED261B53EC112BFDF772F89DED201B74
:1033F00053EC112BFDF76FF841EC110B53EC1D2B27
:103400008DED0C1B9DED100B51EC100BFDF763F8CF
:103410008946039949EC100B41EC11AB074653EC7C
:10342000102B51EC110BFCF7AFFF9DED220B53EC71
:10343000102BFDF750F89DED0C1B53EC112BFCF7F6
:10344000A3FF41EC100B49EC117B8DED1E0B039992
:1034500053EC112B41EC10AB51EC100BFCF794FF2B
:103460009DED201B53EC112BFDF735F841EC100BB3
:1034700053EC1D2B8DED020B48EC106B51EC100B37
:10348000FDF729F89DED261B53EC112BFDF720F8D5
:103490009DED221B53EC112BFDF71DF89DED020B4A
:1034A00053EC102BFDF711F853EC1E2BFCF76CFFBF
:1034B0009DED180B41EC1E0B53EC102B51EC1B0B2C
:1034C000FDF709F89DED1C1B53EC112BFDF703F8DC
:1034D00053EC1D2BFCF7FFFF41EC100B53EC1E2BA4
:1034E0008DED0C0B51EC190BFCF7F5FF894649ECFF
:1034F000100B07468DED0A0B9DED1E0B51EC1A0BC0
:1035000053EC102BFCF7E7FF884648EC110B9DEDC0
:103510000A0B064653EC102B51EC110BFCF734FF51
:1035200053EC182BFCF730FF53EC1C2BFCF7D3FFAC
:103530009DED0C0B53EC102BFCF7C7FFC4E92601E3
:103540009DED180B51EC1C0B53EC102BFCF7C3FF3B
:103550009DED1C1B53EC112BFCF7BDFF53EC1D2BF9
:10356000FCF7B9FF49EC107B48EC116B41EC1C0BEC
:1035700053EC102B51EC110BFCF706FF53EC182BFE
:10358000FCF702FF53EC1B2BFCF7A5FF53EC1C2BA5
:10359000FCF7FAFEC4E9280153EC1E2B51EC1A0B80
:1035A000FCF799FF9DED1E0B41EC180B53EC102B13
:1035B00051EC190BFCF78FFF53EC1F2BFCF788FF26
:1035C00053EC182BFCF7E0FEC4E92A0195ED000B43
:1035D00002AE8DED2A0B95ED020B8DED2C0B95EDCA
:1035E000040B8DED2E0B95ED060B8DED300B95ED4F
:1035F000080B8DED320B95ED0A0B00258DED340B8C
:10360000583C05EB4501002004EB011202EBC00120
:1036100091ED000B06EBC001401C81ED000B03286F
:10362000F4DB03201FEDF10B06EBC001401C81ED24
:10363000000B0628F8DBB0EE402AF0EE602AB0EE70
:10364000401AF0EE601A2AA902A81BF015FF6D1CA3
:10365000062DD6DB002011E51FB50121082009F059
:1036600065FB40F24730ADF8000000206321ADF863
:103670000800154CADF8020001918DF80A0069466A
:1036800020461CF0C1F94FF4A06008F037F9322051
:103690008DF80C0001218DF80D1003208DF80E001F
:1036A0008DF80F1003A808F0F7F8012120461CF050
:1036B00087F90122114620461CF09DF90121204680
:1036C0001CF081F91FBD0000000C004010B51CF07B
:1036D00013FA0020401C0A28FCDB10BD01481CF036
:1036E000D1B900006403002070B505F0EDF90024A5
:1036F000144DAA26285D00B92E55295D12A01FF091
:10370000DDFE641CE4B20C2CF4D3104840F2E371EB
:103710000160022141600F2181601321C1600C48CA
:103720005F21016040F213114160B5218160522197
:10373000C16001F001F9074C0020207022F0B0FFB9
:10374000207870BDB8960020257820002C6E0020CF
:10375000146E0020210100202DE9F04786B053218E
:10376000D1481CF07DF80121022009F0DFFA532036
:10377000ADF80000002442F20F70CC4D0190ADF87E
:103780000840ADF802408DF80A40694628461CF012
:103790003BF94FF4E06008F0B1F81D208DF80C0003
:1037A0008DF80D4003208DF80E0001268DF80F6076
:1037B00003A808F071F8012128461CF001F9012244
:1037C000114628461CF017F9012128461CF0FBF889
:1037D000B7A01FF073FEBD48007801281CD023F06D
:1037E0002BF8BB49086002F043F9BA4DB1462C7082
:1037F000012023F045F8400601D585F800906420AB
:1038000002F0B2FC022022F087FE641C2878142CFF
:1038100004D80028ECD003E0AFA040E1002820D07D
:10382000B3A01FF04BFE022022F05AFE23F00EFA46
:103830002978B7A01FF042FE012022F05FFE012090
:1038400023F0C4F900287CDDB64DB7A029681FF02D
:1038500035FE2868BD4C01281EDB0126DFF8F0820A
:1038600017E0BCA01BE100BF06EBC60000EB861012
:1038700004EB800707F586713246C0A01FF01EFEDC
:10388000D7E90212C4A01FF019FE761CB6B2C7F821
:10389000088128688642E7DD23F0AAF90126C44F93
:1038A00042F2107806E0B0B23B464246012123F0D6
:1038B000A5F9761C28688642F5D9BE4823F08CF914
:1038C000BDA01FF0FBFDDFF814A304215246002029
:1038D00023F0FAF900260AE006EBC60000EB86109A
:1038E000314634F82020BEA01FF0E8FD761C286881
:1038F0008642F1D90126A84655E000BF06EBC60076
:1039000000EB861004EB800534F8200095F8CB20FE
:10391000EB8CD5F8E410CDE90212CDE900302B8B09
:1039200005F586723146B4481FF0C8FDA988B3A0DA
:103930001FF0C4FDB8A0296A1FF0C0FDBCA0E96A51
:1039400000E0ABE01FF0BAFD00271BE005EB07101D
:103950000DF1080EB0F8841090F888C090F8873008
:1039600090F886208EE80E1090F8832090F8821050
:10397000CDE90012B0F88030C26F3946B2A01FF016
:103980009DFD7F1C95F80401B842DFD895F8BF0073
:10399000009095F8BE2095F8BC101346BAA01FF011
:1039A0008DFD761CB6B2D8F8000045468642A5DDEE
:1039B000BDA01FF083FD0820208023F065F94FF49F
:1039C000FA67384623F054F9002023F085F952466F
:1039D0000821002023F078F94CF25036384623F0C5
:1039E00047F932460821002023F06EF932460821BB
:1039F000012023F069F920880828EFD1B4F82401C8
:103A00000828EBD12188B3A01FF058FDB4F8241189
:103A1000B6A01FF053FD2088082806D0B9A01FF0DB
:103A20004DFD23F01FF9012634E0C1A01FF046FD33
:103A3000CA484946CA4EC0F800900120C94F2A68BA
:103A400011E000BF00EBC00303EB801304EB830322
:103A500006EB800C1D6A4CF8045C07EB8005DB6A02
:103A600045F8043C401C9042ECD9BF48017006B0B8
:103A7000BDE8F08706EBC60000EB861034F8202086
:103A8000082A06D004EB800031464388B7A01FF017
:103A900015FD761C28688642ECD9E8E7BEA006B082
:103AA000BDE8F0471FF00ABDFEFFFF7F00040040A5
:103AB00042616E745F686172647761726520696EDD
:103AC00069742073746172740D0A0000290100206A
:103AD0000401002004030020796F752063686F6F74
:103AE00073652073696D206D6F64650D0A000000B9
:103AF00068656C6C6F2045746865726E65742063D0
:103B000061626C65206973204F4B090D0A0000004B
:103B10000D0A536F636B6574204D6F64653A202501
:103B2000640D0A0068000020256420736C617665CE
:103B30007320666F756E6420616E6420636F6E66BD
:103B40006967757265642E0D0A0000006405002027
:103B5000D5EC010868656C6C6F2045746865726E01
:103B60006574206361626C65204E6F7420696E73AA
:103B70006572746564200D0A00000000466F756E62
:103B80006420257320617420706F736974696F6E8F
:103B90002025640D0A0000006D616E203D2025780F
:103BA000206174206964203D2025780D0A00000002
:103BB00090D0030040920020536C61766573206DB5
:103BC00061707065642C20737461746520746F205B
:103BD000534146455F4F502E0D0A000080841E0061
:103BE000536C6176652025642053746174653D30A3
:103BF00078253034780D0A00D405030820436F6E11
:103C00006669677572656420616464726573733A8E
:103C10002025780D0A000000204F757470757473AC
:103C200020616464726573733A2025780D0A000080
:103C300020496E7075747320616464726573733AA1
:103C40002025780D0A00000020464D4D5525316491
:103C5000204C733A2578204C6C3A253464204C7300
:103C6000623A2564204C65623A25642050733A25F7
:103C700078205073623A25642054793A257820419F
:103C800063743A25780D0A0020464D4D5566756ED1
:103C90006320303A256420313A256420323A256485
:103CA00020333A25640D0A005265717565737420DE
:103CB0006F7065726174696F6E616C20737461748A
:103CC0006520666F7220616C6C20736C6176657321
:103CD0000D0A0000536C61766520302053746174C6
:103CE000653D3078253034780D0A0000536C6176DC
:103CF0006520312053746174653D30782530347807
:103D00000D0A00004E6F7420616C6C20736C61763C
:103D100065732072656163686564206F70657261A8
:103D200074696F6E616C2073746174652E0D0A0086
:103D30004F7065726174696F6E616C207374617429
:103D400065207265616368656420666F7220616CCE
:103D50006C20736C617665732E0D0A0010010020D3
:103D6000649600207C96002008010020536C617648
:103D7000652025642053746174653D3078253034A6
:103D80007820537461747573436F64653D30782592
:103D90003034780D0A0000004E6F20736C61766538
:103DA0007320666F756E64210D0A00001CB5012139
:103DB000402008F0A3FF0F20009000208DF80400A1
:103DC00001208DF807006946014804F049FD1CBD3B
:103DD0000018024042B100BF10F8013B8B4201D1F4
:103DE000401E7047521EF7D10020704710B50023C7
:103DF00003E0CC5CC4545B1CDBB29342F9D310BD2E
:103E0000002301E0C1545B1C9342FBD37047FFF7D2
:103E100065BC000010B542F2F8110C48FCF71AFA24
:103E20004FF4D4710A48FCF715FA45F67821094891
:103E3000FCF710FA4FF474710748FCF70BFA0749C6
:103E40000020086006490120887010BD48700020DD
:103E5000E8EC001070920010A08E0010B00300205B
:103E6000180100202DE9F041754D00262DED028B43
:103E700095ED660B9FED738B51EC100B53EC182BEB
:103E8000FCF729FB714C8846074600BF48EC107BC5
:103E900051EC100BFCF73DFC44F82600761CF6B202
:103EA000062EF3D395ED640B002653EC182B51EC42
:103EB000100BFCF710FB88464FEA000748EC107B1C
:103EC00051EC100BFCF725FC04EB8601761CF6B2D6
:103ED0008861062EF2D300204FEA000104EB800235
:103EE000401CC0B211630628F8D35949002000BF16
:103EF00051F8202004EB8003401CC0B29A640628CD
:103F0000F6D3002605EB861053EC182B90ED060B2C
:103F100051EC100BFCF7DFFAFCF7FBFB04EB86011E
:103F2000761CF6B20866062EECD3002605EB86104A
:103F300053EC182B90ED040B51EC100BFCF7CBFA63
:103F4000FCF7E7FB04EB8601761CF6B28867062EC9
:103F5000ECD34049002000BF51F8202004EB80033F
:103F6000401CC0B2C3F890200628F5D33A499FED13
:103F70003B0A002001EB8002D2ED000A04EB800234
:103F8000401C60EE800AC0B20628FCEEE00AC2EDDA
:103F90002A0AEFD33248002590ED000B51EC100BAC
:103FA000FCF7B7FB04EB85016D1CEDB2C1F8C00056
:103FB000062DF7D32B48002590ED000B51EC100B8C
:103FC000FCF7A7FB04EB85016D1CEDB2C1F8D8002E
:103FD000062DF7D32448002590ED000B51EC100B73
:103FE000FCF797FB04EB85016D1CEDB2C1F8F00006
:103FF000062DF7D31D48002590ED000B51EC100B5A
:10400000FCF787FB04EB85016D1CEDB2C1F80801DC
:10401000062DF7D31649002004EB800351F8202029
:10402000401CC0B2C3F820210628F5D3BDEC028B9A
:104030005A22BDE8F04105490E481AF0DDB80000EB
:104040004870002000000000000059406C6B002008
:10405000E002002088010020700100200000C8421A
:10406000B8030020C0030020C8030020D0030020B4
:104070003070002000F00F0810B59AB0642101A83C
:10408000FCF7E8F8642101A8FCF7E4F822F0D4F882
:104090004FF4A06007F032FC1BF076FB4FF4E120F8
:1040A0002BF09EFEA82022F07DFB4FF4E134204649
:1040B0001CF0DCFC20461CF053FC2DA01CF00CFC7A
:1040C0002FA01CF0F7FB40F27E400090304B0A22FC
:1040D00030A101A81FF002FA01A81CF0FDFB3B492A
:1040E00001A81FF0FBF901A81CF0F6FB38A101A8FC
:1040F0001FF0F4F901A81CF0EFFBFFF7F5FA374CBD
:1041000037A101A822781FF0E9F901A81CF0E4FB0F
:1041100020780028FDD0002006231A4605210090B3
:1041200000F072F92AF0D2FE41F2883022F050FB02
:104130002EA01FF0C3F92AF0DDFF2AF0F5FC2AF0CB
:10414000D3FD00F067F82DA01CF0C6FB22F018F894
:1041500001212F480CF0AAFDFFF7FEFAFFF726FE1B
:10416000FFF7B4FAFFF778FA1BF0F2FB1AB010BDB4
:1041700068656C6C6F203438355F55360D0A000069
:1041800068656C6C6F203438355F55350D0A00005A
:10419000B700350177656C636F6D6520746F2042E1
:1041A000616E7420526F626F7420636F6E74726FF1
:1041B0006C3A207665723D25642C62646461746596
:1041C0003D25642C25640D0A000000008C050308C1
:1041D000636869702049443A000000002101002012
:1041E000617574683D25640D0A0000007265747580
:1041F000726E20746F20300D0A00000072656164D9
:104200007920746F20736574206D6F64650D0A00EA
:104210004870002005489FED040A002180ED010A46
:1042200001704170FFF7F6BD0AD7233C180100204A
:104230002DE9F04F8A462DED048B99B091468346C7
:1042400001460A259FED1E8B30226846FBF7E9FFE9
:1042500001242846FCF720FA0F4606460DF13008E7
:1042600047EC196B2046FCF717FA53EC192BFCF7B7
:10427000A4F941EC100B4B4652464146584604F017
:104280003DF852464146684605F06CFB53EC182B4E
:1042900051EC100BFCF778F841EC180B302241463A
:1042A0006846FBF7BEFF641CAC42D9DD19B0B0EE26
:1042B000480AF0EE680ABDEC048BBDE8F08F000000
:1042C00000000000000000002DE9F04789462DEDB8
:1042D000048B98B09046824601460A259FED1E8BBE
:1042E00030226846FBF79DFF012405EBD57627E0D9
:1042F0002846FCF7D1F941EC190B2046FCF7CCF924
:1043000053EC192BFCF759F941EC100B0CA943465F
:104310004A460F46504603F0F1FF4A463946684682
:1043200005F020FB53EC182B51EC100BFCF72CF88C
:1043300041EC180B302239466846FBF772FF641CCB
:10434000B4EB660FD4DD18B0B0EE480AF0EE680AA0
:10435000BDEC048BBDE8F087000000000000000009
:104360002DE9F04F91462DED048B134699B08A4606
:104370000A4683460A259FED1F8B69469FED1F0B5A
:1043800003F0BCFF06242846FCF786F90F460646D4
:104390000DF1300847EC196B2046FCF77DF953EC22
:1043A000192BFCF70AF941EC100B4B4652464146DB
:1043B000584603F0A3FF52464146684605F0D2FA3C
:1043C00053EC182B51EC100BFBF7DEFF41EC180BF4
:1043D000302241466846FBF724FF641CAC42D9DD1D
:1043E00019B0B0EE480AF0EE680ABDEC048BBDE8E7
:1043F000F08F00000000000000000000000000003E
:104400000000E03FFEE700002DE9F04F8BB08A4648
:1044100081461E46904601210220DDF850B008F08A
:104420006DFC0121880608F081FC4FF44050079094
:1044300002208DF8200000248DF8224003208DF802
:104440002100314F01258DF8235007A9384604F08B
:1044500007FA09220C21384604F053FA09220D21EB
:10446000384604F04EFA01214FF0C06008F05EFCBF
:10447000264F384600F088F8684600F0C5F98DF8F8
:1044800006408DF808408DF807408DF809508DF8EA
:1044900002B08DF80A408DF803908DF804808DF8F5
:1044A0000B408DF805A0ADF800606946384600F075
:1044B000EFF80E208DF816008DF817408DF8185083
:1044C000ADF80C40ADF81040ADF80E40ADF812401C
:1044D000ADF814408DF8195003A800F06BF80122D4
:1044E0000221384600F0CCF840208DF824008DF8E9
:1044F00025508DF826408DF8275009A807F0CCF9F3
:104500000BB00020BDE8F08F0004024000680040BE
:1045100000B585B06A460021024800F02DF905B0CB
:1045200000BD000000680040F0B585B000238DF8A4
:104530000830009001908DF809308DF80A20684607
:1045400004E0CC5CC5185B1CEC729BB29342F8D3C0
:104550000C4F0146384600F067F90646002440F645
:10456000FF7501E0641CA4B23146384600F0AEF994
:1045700008B9AC42F6D3AC4202D3012005B0F0BD7D
:104580000020FBE700680040094910B588424FF061
:10459000010101D14C0601E04FF08064204608F093
:1045A000D1FB2046BDE81040002108F0CBBB000045
:1045B00000640040F0B5827A012191402E4A1368D0
:1045C00043F0010313602C4B1C331C688C431C60AC
:1045D000294D067B294C0C35A6B92E688E432E60DA
:1045E0004688C78846EA0746877A04EBC707C7F8B4
:1045F00040660688878846EA0746877A04EBC7073D
:10460000C7F84466067B012E12D12E680E432E6039
:10461000867A056804EBC6064FEA3545C6F840566B
:10462000867A456804EBC6044FEA3545C4F844561B
:10463000114CC57A241D002D256806D00D43256038
:104640000D4C0589143415B104E08D43F7E7256856
:104650008D4325600589012D02D125680D43256014
:10466000407B012802D1186808431860106820F0C8
:1046700001001060F0BD00000066004000600040D6
:10468000002A426901D00A4300E08A434261704730
:1046900010B50368002223F002030360036843F0AF
:1046A000010303604FF6FF7300E0521C4468E40707
:1046B00001D19A42F9D14268D2073ED08A79012AC3
:1046C00002683CD022F080020260CA79012A0268A6
:1046D00038D022F0400202600A7A012A026834D0FF
:1046E00022F0200202604A7A012A026830D022F0C9
:1046F000100202608A7A012A02682CD022F0080295
:104700000260CA7A012A026828D022F004020260FC
:104710008A78CC78920742EA04620C7942EA044231
:104720004C79098842EA0452491E0A43C261016871
:1047300021F001010160002114E0002010BD42F0D1
:104740008002C1E742F04002C5E742F02002C9E71B
:1047500042F01002CDE742F00802D1E742F0040235
:10476000D5E7491C4268D20701D09942F9D1406887
:10477000C007E2D1012010BD10B500EB0113D3F842
:10478000B04114F004041472D3F8B04134D0E408FA
:10479000C2F80440D3F8B04104F002045472D3F8D4
:1047A000B44104F00F049472D3F8B441240AD474D1
:1047B000D3F8B841D472D3F8B841240A1473D3F8AB
:1047C000B841240C5473D3F8B841240E9473D3F831
:1047D000BC41D473D3F8BC41240A1474D3F8BC414F
:1047E000240C5474D3F8BC311B0E937439B1016995
:1047F00041F02001016110BD640D1460CAE7C16879
:1048000041F02001C16010BD00218171C1710172B0
:1048100041728172C1728170C170032101710221E4
:10482000417101210180704730B502460020936834
:104830005B0108D49068000101D5012003E0906875
:10484000C00037D5022002EB0012D2F8803103F00D
:104850000103C2F880310B7A73B3D2F880414D68FE
:104860001C434B7A43EAC5031C43C2F880418B7A50
:1048700003F00F038B72D2F8843123F00F03C2F8D8
:104880008431D2F884318C7A2343C2F88431CB7AD4
:10489000CC6843EA0423C2F88831CB7B096943EA38
:1048A0000121C2F88C11D2F8801141F00101C2F847
:1048B000801130BD042030BDD2F880314C7A2343C2
:1048C0000C8843EA4453C2F88031D0E7002221B17A
:1048D000012905D0022906D112E08268114801E0C1
:1048E0008268114802401149501A8A4214D00ADCE9
:1048F000A2B16FF0806010180FD002280CD10FE029
:1049000082680B48EEE7B0F5007F09D009494018EE
:1049100003D0B0F5003F03D000207047022070475D
:104920000120704703000004000300080001000894
:10493000000003100001FFF7F0B51E48017842782F
:10494000C37911448278C67AA1EB020EC17802794C
:1049500011444279891A82791A44037AA2EB030C32
:10496000427A837A1448D718BD1B028894B2828891
:10497000744493B2CB1A0289B4FBF3F392B2ACEB5A
:10498000020280891A4480B210442844A0F2DC70EC
:1049900000EB8010C0EB4012BB19084801EB036329
:1049A000074902600B6022F07F414160194381603A
:1049B000F0BD0000B89600202C6E0020446E002050
:1049C0002401002030B50C462DED0E8BA3B005461A
:1049D0009FEDA48B10AA00F1180107F06BFF04AA49
:1049E00004F11801204607F065FF10A9084603F0FE
:1049F00015F904A9B0EE40AAF0EE60AA084603F04B
:104A00000DF9B0EE409AF0EE609A53EC182B51EC91
:104A10001A0BFBF7ABFE09D253EC182B51EC190B18
:104A2000FBF7A4FE02D22146284617E153EC182BCF
:104A300051EC1A0BFBF79AFE02D22946204608E0F9
:104A400053EC182B51EC190BFBF790FE07D22146C3
:104A5000284607F09FFE23B0BDEC0E8B30BD04A9A5
:104A600010A803F0DBF8B0EE40BAF0EE60BA1CAA72
:104A70002946204607F01EFF10A91CA803F0CEF817
:104A8000B0EE40DAF0EE60DA04A91CA803F0C6F834
:104A9000B0EE40CAF0EE60CA53EC1B2B51EC1B0B7E
:104AA000FBF719FD41EC1E0B53EC192B51EC1A0BC3
:104AB000FBF711FD53EC1E2BFBF707FD41EC1E0B22
:104AC00053EC182BFBF752FE1AD29FED680BB0EE99
:104AD0004A4A8DED000B8DED02CBF0EE6A4AB0EE46
:104AE000493AF0EE693AB0EE4C2AF0EE6C2AB0EE9C
:104AF0004D1AF0EE6D1AB0EE4B0AF0EE6B0A43E081
:104B000053EC192B51EC1D0BFBF7E5FC41EC180B9A
:104B100053EC1B2B51EC1C0BFBF7DDFC53EC182B5F
:104B2000FBF7D3FC53EC1E2BFBF747FDCDE900014F
:104B300053EC1B2B51EC1D0BFBF7CDFC41EC180B80
:104B400053EC1A2B51EC1C0BFBF7C5FC53EC182B48
:104B5000FBF7BBFC53EC1E2BFBF72FFDB0EE4A4AD4
:104B6000F0EE6A4AB0EE493AF0EE693AB0EE4C2AFD
:104B7000F0EE6C2AB0EE4D1AF0EE6D1AB0EE4B0A64
:104B8000F0EE6B0ACDE9020102A9684600F072F866
:104B90009DED100B9DED008B53EC102B51EC180B81
:104BA000FBF799FC95ED001B53EC112BFBF7ECFB8D
:104BB000CDE90A019DED120B51EC180B53EC102BB3
:104BC000FBF789FC95ED021B53EC112BFBF7DCFB8B
:104BD000CDE90C019DED140B51EC180B53EC102B8F
:104BE000FBF779FC95ED041B53EC112BFBF7CCFB89
:104BF000CDE90E019DED040B9DED028B53EC102BC6
:104C000051EC180BFBF767FC94ED001B53EC112BD8
:104C1000FBF7BAFBCDE916019DED060B51EC180B25
:104C200053EC102BFBF757FC94ED021B53EC112BAC
:104C3000FBF7AAFBCDE918019DED080B51EC180B11
:104C400053EC102BFBF747FC94ED041B53EC112B9A
:104C5000FBF79AFBCDE91A0116A90AA804F0C4FED5
:104C6000F9E60000F168E388B5F8E43E00000000D2
:104C70000000000070B50D462DED0E8BB0EE44BA6D
:104C8000F0EE64BAB0EE43DAF0EE63DAB0EE42EA88
:104C9000F0EE62EAB0EE41CAF0EE61CAB0EE40AAB0
:104CA000F0EE60AA04469FED4C9B9FED4D8B90ED7E
:104CB000000B53EC192B51EC100BFBF76FFD08D3D5
:104CC00094ED000B53EC182B51EC100BFBF74EFD41
:104CD00031D294ED000B53EC192B51EC100BFBF778
:104CE0005DFD02D394ED000B05E0B0EE490AF0EE55
:104CF000690A84ED000B53EC182B51EC100BFBF7F9
:104D000035FD02D394ED000B05E0B0EE480AF0EE5D
:104D1000680A84ED000B53EC1A2B51EC100BFBF7D7
:104D2000DAFB53EC1E2BFBF72FFB53EC1D2BFBF791
:104D300044FCC5E9000195ED000B53EC182B51EC38
:104D4000100BFBF72BFD08D895ED000B53EC192B3E
:104D500051EC100BFBF70AFD3BD995ED000B53EC22
:104D6000192B51EC100BFBF719FD01D285ED009BBF
:104D700095ED000B53EC182B51EC100BFBF7F6FCE8
:104D800001D285ED008B95ED000B53EC1A2B51EC05
:104D9000100BFBF7A0FB53EC1C2BFBF796FB53EC23
:104DA0001B2BFBF70AFC41EC100B53EC192B84ED89
:104DB000000BFBF7F3FC01D284ED009B94ED000B9C
:104DC00053EC182B51EC100BFBF7D0FC01D284ED07
:104DD000008BBDEC0E8B70BD000000000000F03FAA
:104DE00000000000000000002DE9F04704462DED12
:104DF0000A8BB0EE42BAF0EE62BAB0EE40AAF0EE24
:104E000060AA9FEDFE9B51EC110B53EC192BFBF7A5
:104E100062FB8A464AEC110B07469FEDFA8B51EC78
:104E2000110B53EC182BFBF7C8FB41EC100B1EF0D9
:104E300097FFB0EE40CAF0EE60CA53EC192B51EC6C
:104E40001B0BFBF748FB884648EC110B064653EC5E
:104E5000182B51EC110BFBF7B0FB41EC100B1EF0C3
:104E60007FFFB0EE401AF0EE601A53EC1C2B51ECB1
:104E7000110BFBF730FBC4E9000153EC192B51EC8B
:104E80001A0BFBF728FB894649EC100B054653EC3F
:104E9000182B51EC100BFBF790FB41EC100B1EF0A4
:104EA0005FFFB0EE409AF0EE609A48EC106B53EC66
:104EB000182B51EC100BFBF780FB41EC100B20F092
:104EC00003F853EC192B51EC100BFBF704FB49ECE6
:104ED000105B41EC190B53EC182B51EC100BFBF74A
:104EE0006CFB41EC100B1FF0EFFF4AEC117BB0EEB6
:104EF00040AAF0EE60AA53EC182B51EC110BFBF713
:104F00005CFB41EC100B1FF0DFFF48EC116BB0EEC7
:104F100040BAF0EE60BA53EC182B51EC110BFBF7D2
:104F20004CFB41EC100B1EF01BFF53EC1B2B51EC08
:104F3000100BFBF7D0FA53EC1A2BFBF7CCFA53EC1F
:104F4000192BFBF7C2FA49EC105BC4E9020153ECE0
:104F5000182B51EC100BFBF730FB41EC100B1FF042
:104F6000B3FF48EC116BB0EE409AF0EE609A53EC50
:104F7000182B51EC110BFBF720FB41EC100B1FF031
:104F8000A3FF53EC192B51EC100BFBF7A4FA49ECDF
:104F9000105B41EC190B53EC182B51EC100BFBF789
:104FA0000CFB41EC100B1EF0DBFE4AEC117BB0EE6B
:104FB00040AAF0EE60AA53EC182B51EC110BFBF752
:104FC000FCFA41EC100B1FF07FFF48EC116BB0EEC8
:104FD00040BAF0EE60BA53EC182B51EC110BFBF712
:104FE000ECFA41EC100B1EF0BBFE53EC1B2B51EC0A
:104FF000100BFBF770FA53EC1A2BFBF76CFA53EC1F
:10500000192BFBF7C1F94AEC107BC4E9040153ECFE
:10501000182B51EC100BFBF7D0FA41EC100B1EF0E3
:105020009FFE48EC116BB0EE409AF0EE609A53ECA4
:10503000182B51EC110BFBF7C0FA41EC100B1FF0D1
:1050400043FFB0EE401AF0EE601A53EC192B51EC0E
:10505000110BFBF740FA49EC105BC4E9060153EC75
:10506000182B51EC100BFBF7A8FA41EC100B1EF0BB
:1050700077FE48EC116BB0EE409AF0EE609A53EC7C
:10508000182B51EC110BFBF798FA41EC100B1EF0AA
:1050900067FEB0EE401AF0EE601A53EC192B51EC9B
:1050A000110BFBF718FA49EC105B41EC190B53ECB0
:1050B000182B51EC100BFBF780FA41EC100B1FF092
:1050C00003FF4AEC117BB0EE40AAF0EE60AA53EC6D
:1050D000182B51EC110BFBF770FA41EC100B1FF081
:1050E000F3FE48EC116BB0EE40BAF0EE60BA53EC50
:1050F000182B51EC110BFBF760FA41EC100B1FF071
:10510000E3FE53EC1B2B51EC100BFBF7E4F953ECD3
:105110001A2BFBF7E0F953EC192BFBF735F949ECA7
:10512000105BC4E9080153EC182B51EC100BFBF792
:1051300044FA41EC100B1FF0C7FEB0EE409AF0EEBF
:10514000609A48EC106B53EC182B51EC100BFBF7EA
:1051500034FA41EC100B1EF003FEB0EE401AF0EEF4
:10516000601A53EC192B51EC110BFBF7B4F949EC15
:10517000105B41EC190B53EC182B51EC100BFBF7A7
:105180001CFA41EC100B1EF0EBFD4AEC117BB0EE6B
:1051900040AAF0EE60AA53EC182B51EC110BFBF770
:1051A0000CFA41EC100B1FF08FFEB0EE40BAF0EE9F
:1051B00060BA48EC106B53EC182B51EC100BFBF75A
:1051C000FCF941EC100B1FF07FFEB0EE401AF0EE40
:1051D000601A53EC1B2B51EC110BFBF77CF953ECD1
:1051E0001A2BFBF778F953EC192BFBF76EF94AEC05
:1051F000107B53EC182BC4E90A0107E0112D44542D
:10520000FB210940000000000080664051EC100BBB
:10521000FBF7D3F941EC100B1FF056FE51EC100BCD
:1052200081F0004149EC105BC4E90C0153EC182BF0
:1052300051EC100BFBF7C1F941EC100B1FF044FED1
:10524000B0EE409AF0EE609A4AEC107B53EC182BCB
:1052500051EC100BFBF7B1F941EC100B1EF080FD87
:10526000B0EE401AF0EE601A53EC192B51EC110B12
:10527000FBF731F949EC105BC4E90E0153EC182B34
:1052800051EC100BFBF799F941EC100B1EF068FD87
:10529000B0EE409AF0EE609A4AEC107B53EC182B7B
:1052A00051EC100BFBF789F941EC100B1EF058FD87
:1052B000B0EE401AF0EE601A53EC192B51EC110BC2
:1052C000FBF709F9C4E910010020BDEC0A8BBDE829
:1052D000F08700002DE9F04F15462DED0A8BA7B0A1
:1052E000B0EE40AAF0EE60AA0C46DDE93A6B9FED05
:1052F000FD8B9FEDFE9B01F58067012806D005F12F
:10530000300802287ED0032866D18BE0002B64D0C1
:1053100094EDAC0B53EC1A2B51EC100BFBF74DF941
:105320000F4647EC100B064653EC192B51EC100BB3
:10533000FBF7D1F841EC1A0B47EC196B002653EC44
:10534000192B51EC180BFBF7C0F88246069153EC71
:105350001A2B51EC180BFBF7B8F88B464FEA0009F3
:1053600004EBC60751EC1A0B97ED3C0B53EC102BDA
:10537000FBF7B1F84BEC109B97ED001B41EC180BC1
:1053800053EC112B51EC100BFBF7A5F853EC182B39
:10539000FAF7FAFF05EBC602904603C297ED3C0B05
:1053A00051EC190B53EC102BFBF795F841EC180B53
:1053B000069997ED001B41EC10AB53EC112B51EC0F
:1053C000100BFBF788F853EC182BFAF7DDFF761C6F
:1053D000C8E90C01032EC3DBE1E297ED120B53EC9D
:1053E0001A2B51EC100BFBF7E8F80F4647EC100BAB
:1053F000064653EC182B51EC100BFBF769F841EC07
:105400001A0B00E02EE147EC106B53EC192B51EC1A
:10541000100BFBF760F853EC182BFBF759F841EC35
:10542000190B8BE704F5C47004F5D87B1290002BA0
:105430007DD094EDAC0B53EC1A2B51EC100BFBF719
:10544000BCF8002653EC1A2BFBF745F88A46814638
:105450004AEC109B94ED601B51EC100B53EC112B9C
:10546000FBF7ABF841EC100B1FF02EFD94ED608BB9
:1054700051EC100B53EC182BFBF72DF804EBC6077F
:1054800097ED781B53EC112BFBF725F84AEC109B9A
:1054900041EC1A0B53EC182B51EC100BFBF78DF869
:1054A00041EC100B1EF05CFC94ED601B51EC100BFA
:1054B00053EC112BFBF70FF897ED721B53EC112BEC
:1054C000FBF709F897ED621B53EC112BFAF75CFF21
:1054D00053EC1A2BFAF758FF05EBC602761CC2E90B
:1054E0000C01032EB4DB0CAA4146129807F0E2F936
:1054F00004AA0CA9584600F05DFA04A806F032FA96
:1055000000260DF1100800BF08EBC60094EDAC1B9F
:1055100090ED000B53EC112B51EC100BFAF7DBFF65
:1055200053EC192BFAF7D7FF05EBC60700E00BE0A9
:1055300097ED0C1B53EC112BFAF7CAFF761CC7E949
:105540000001032EE0DB2AE297ED120B53EC1A2B3D
:1055500051EC100BFBF731F853EC182BFAF7B8FFAE
:10556000002653EC1A2BFAF7B6FF8A464FEA0009D9
:105570004AEC109B94ED601B51EC100B53EC112B7B
:10558000FBF71BF841EC100B1FF09EFC94ED608BB9
:1055900051EC100B53EC182BFAF79DFF04EBC608E7
:1055A00098ED781B53EC112BFAF795FF4AEC109B02
:1055B00041EC1A0B53EC182B51EC100BFAF7FDFFD2
:1055C00041EC100B1EF0CCFB94ED601B51EC100B6A
:1055D00053EC112BFAF77FFF98ED721B53EC112B54
:1055E000FAF779FF98ED621B53EC112BFAF7CCFE1A
:1055F00053EC1A2BFAF7C8FE05EBC602761CC2E97B
:105600000001032EB4DB04AA2946129807F052F9D0
:105610000CAA04A9584600F0CDF90CA806F0A2F98E
:1056200000240DF1300800BF08EBC40097ED120B09
:1056300090ED001B53EC102B51EC110BFAF74BFFC4
:1056400053EC192BFAF747FF05EBC40696ED001B48
:1056500053EC112BFAF798FE641CC6E90C01032CDD
:10566000E2DB9CE19FED23BB5BB194EDAC0B53EC13
:105670001A2B51EC100BFAF7A0FF41EC1A0B002784
:10568000F7E097ED120B53EC1A2B51EC100BFAF7D5
:1056900094FF53EC182BFAF71BFF41EC1A0B002078
:1056A00030E000BF04EBC10951EC1A0B99ED480B37
:1056B00053EC102BFAF70FFF41EC1C0B53EC1A2B99
:1056C00051EC180BFAF701FF99ED0C1B53EC112B61
:1056D000FAF701FF53EC1C2BFAF756FE05EBC80254
:1056E0000CE00000000000000000F03F000000009F
:1056F0000000E03F0000000000002440C2E93C013F
:1057000008F101008046014604F1F0008146B045F1
:10571000C8DB03460021584605F1F00200951AF057
:10572000A3FE97ED120B51EC180B53EC102BFAF76C
:1057300044FF53EC1B2BFAF740FF53EC1A2BFAF7FC
:1057400023FE41EC1A0B53EC182BFBF727F803D27E
:10575000B0EE48AAF0EE68AA002022E004EBC80AE6
:1057600051EC1A0B9AED480B53EC102BFAF7B3FEE1
:1057700041EC1B0B53EC1A2B51EC180BFAF7A5FE5E
:105780009AED0C1B53EC112BFAF7A5FE53EC1B2BD7
:10579000FAF7FAFD18AB03EBC802C2E9000108F101
:1057A00001008046B042D9DB04AE4B4618AA002166
:1057B000584600961AF058FEB04600240DF14006F7
:1057C00005EBC40090ED000B08EBC40053EC102B6C
:1057D00090ED001B51EC110BFAF777FE06EBC402BB
:1057E000641CC2E90001032CEADB10A806F0BAF839
:1057F0000024B04608EBC40097ED120B90ED001B9F
:1058000053EC102B51EC110BFAF765FE53EC192BEE
:10581000FAF761FE05EBC40696ED001B53EC112B65
:10582000FAF7B2FD641CC6E90C01032CE2DBB6E01A
:1058300004EBC70951EC1A0B99ED480B53EC102BF4
:10584000FAF749FE41EC1C0B53EC1A2B51EC180BE8
:10585000FAF73BFE99ED0C1B53EC112BFAF73BFECC
:1058600053EC1C2BFAF790FD05EBC7027F1CC2E935
:1058700024019FED4ECBB742DADB234605F19002BF
:1058800000215846CDF800801AF0EEFD94EDAC0BE7
:1058900051EC180B53EC102BFAF78FFE53EC1B2B2B
:1058A000FAF78BFE53EC1A2BFAF712FEB0EE4CBA55
:1058B000F0EE6CBA41EC1A0B53EC1B2BFAF756FFC7
:1058C00003D2B0EE4BAAF0EE6BAA002722E000BF95
:1058D00004EBC70851EC1A0B98ED480B53EC102B56
:1058E000FAF7F9FD41EC1B0B53EC1A2B51EC180B9A
:1058F000FAF7EBFD98ED0C1B53EC112BFAF7EBFDCF
:1059000053EC1B2BFAF740FD18AA02EBC7027F1CD1
:10591000C2E90001B742DBDB0CAF234618AA002125
:10592000584600971AF0A0FDB84600260DF1100762
:1059300005EBC60090ED0C1B08EBC60053EC112BD9
:1059400090ED000B51EC100BFAF7BFFD07EBC60210
:10595000761CC2E90001032EEADB04A806F002F877
:105960000026B84608EBC60094EDAC0B90ED001B8A
:1059700053EC102B51EC110BFAF7ADFD53EC192B36
:10598000FAF7A9FD05EBC60797ED0C1B53EC112B9D
:10599000FAF7FAFC761CC7E90001032EE2DB27B018
:1059A0000020BDEC0A8BBDE8F08F00000000000075
:1059B0000000000070B516462DED028B0C4691EDEF
:1059C000020B90ED041B054653EC102B51EC110B10
:1059D000FAF781FD94ED040B95ED021B41EC180BD9
:1059E00053EC102B51EC110BFAF775FD53EC182BFF
:1059F000FAF76BFDC6E9000194ED041B95ED000B71
:105A000053EC112B51EC100BFAF765FD94ED001BD4
:105A100095ED040B41EC180B53EC112B51EC100BD2
:105A2000FAF759FD53EC182BFAF74FFDC6E90201BE
:105A300094ED000B95ED021B53EC102B51EC110B68
:105A4000FAF749FD94ED021B95ED000B41EC180BA4
:105A500053EC112B51EC100BFAF73DFD53EC182BC6
:105A6000FAF733FDC6E904010020BDEC028B70BDDE
:105A700010B500F029F800F0F5F80349012048704E
:105A8000BDE8104000F002B80000002010B520F082
:105A9000F9FF01211F2020F0FDFE4FF400410020FE
:105AA00020F050FF40F2E111042020F04BFF4FF4B2
:105AB0008051002020F046FF00211F2020F0EAFE48
:105AC000BDE8104020F022BF2DE9FC41012108462D
:105AD00007F020F901215D2007F010F9012188036A
:105AE00007F03CF95B4E0C220021304602F009FF22
:105AF0000C220121304602F004FF0C220421304622
:105B000002F0FFFE0C220521304602F0FAFE0C22C4
:105B10000821304602F0F5FE0C220921304602F041
:105B2000F0FE0C220A21304602F0EBFE0C220E2180
:105B3000304602F0E6FE0C220F21304602F0E1FE74
:105B40004CF23370009002208DF8040003258DF88C
:105B5000055000248DF806408DF807406946304610
:105B600002F07EFE3C4F0C220421384602F0C9FEB2
:105B70000C220521384602F0C4FE0C2207213846CB
:105B800002F0BFFE0C220821384602F0BAFE0C22B9
:105B90000921384602F0B5FE0C220A21384602F0EF
:105BA000B0FE0C220B21384602F0ABFE0C2211464F
:105BB000384602F0A6FE0C220D21384602F0A1FE66
:105BC0000C220E21384602F09CFE0C220F21384692
:105BD00002F097FE4FF6B07000906946384602F02A
:105BE0003FFE0C220D21304602F08BFE4FF4005098
:105BF00000906946304602F033FE184E0C220A210E
:105C0000304602F07EFE301500906946304602F0C4
:105C100027FE01208DF804008DF805508DF8064010
:105C20008DF807400E4C761500966946204602F026
:105C300017FE3146204602F07BFE142000F094FA55
:105C40003146204602F076FE642000F08DFABDE871
:105C5000FC810000000C02400010024000180240CD
:105C60000008024000B597B008200F9000200A21DC
:105C7000CDE91001149004211590CDE90010129087
:105C80001021CDE9020113900490059006900902BD
:105C90000790CDE908010A900B900C900FA80D9089
:105CA0000E90684602F070FC0121042002F05CFCBA
:105CB00017B000BD704700002DE9FF5F1D462DEDB8
:105CC000060B17460E4604462DED108B84B0B0EE41
:105CD00040AAF0EE60AA9FEDFDBB9FEDFECB90EDDC
:105CE0000C0B4FF0FF3A53EC102B51EC100BFAF762
:105CF000F2FB9FEDFA1B53EC112BFAF7E9FB41EC99
:105D0000100B1FF045F9B0EE40DAF0EE60DA94EDDA
:105D10000C0B51EC100B81F0004141EC100BB0EE7C
:105D20004D1AF0EE6D1A1DF023FF53EC1B2B51ECB6
:105D3000100BFAF7D0FB53EC1C2BFAF73EFC41ECAE
:105D4000190B51EC1D0B81F0004194ED0C0B41EC53
:105D5000180B51EC100B81F0004141EC100BB0EE30
:105D6000481AF0EE681A1DF003FF53EC1B2B51ECA0
:105D7000100BFAF7B0FB53EC1C2BFAF71EFC41ECAE
:105D8000180BB0EE4D0AF0EE6D0A1EF0F9F99FED1A
:105D9000D51B51EC100B53EC112BFAF7FFFC68D21A
:105DA00094ED001B94ED060B1DF0E2FE53EC1B2B53
:105DB00051EC100BFAF78FFB53EC1C2BFAF7FDFBA1
:105DC000CDE9000194ED000B51EC100B81F0004186
:105DD00094ED060B41EC1D0B51EC100B81F00041D2
:105DE00041EC100BB0EE4D1AF0EE6D1A1DF0C0FE36
:105DF00053EC1B2B51EC100BFAF76DFB53EC1C2BE7
:105E0000FAF7DBFB8B46824694ED101B94ED0E0BEC
:105E10001DF0AEFE53EC1B2B51EC100BFAF75BFBA5
:105E200053EC1C2BFAF7C9FB94ED100B41EC1D0B46
:105E300051EC100B81F0004194ED0E0B41EC1E0B68
:105E400051EC100B81F0004141EC100BB0EE4E1AFA
:105E5000F0EE6E1A1DF08CFE53EC1B2B51EC100B68
:105E6000FAF739FB53EC1C2BFAF7A7FB894680465F
:105E70004BE094ED0C0B59EC1A8BB0EE4ADAF0EED5
:105E80006ADA51EC100B81F000419FED98EB53EC76
:105E90001E2BFAF76BFC01D2504600E00120FAF706
:105EA000FBFB94ED021B53EC112BFAF714FB41ECB6
:105EB000100B94ED081B1DF05BFE53EC1B2B51ECFB
:105EC000100BFAF708FB53EC1C2BFAF776FB94ED5A
:105ED0000C0B41EC1B0B51EC100B81F0004153EC0F
:105EE0001E2BFAF743FC01D2504600E00120FAF7DE
:105EF000D3FB53EC1B2BFAF7EEFA53EC1A2BFAF701
:105F0000E7FA8B468246CDE90001B0EE4D0AF0EE8D
:105F10006D0AB0EE4A1AF0EE6A1A05F02FFCB0EEE8
:105F200040EAF0EE60EA49EC108BB0EE4A1AF0EE6F
:105F30006A1A05F023FCB0EE40DAF0EE60DA9DED6F
:105F4000000B9DED181B05F019FCB0EE40CAF0EEF9
:105F500060CA4BEC10AB9DED181B05F00FFCB0EECA
:105F600040BAF0EE60BA9DED180B51EC1C0B53ECEF
:105F7000102BFAF7AAFA41EC100B1EF001F9B0EE63
:105F800040FAF0EE60FA9DED161BB0EE490AF0EE15
:105F9000690A53EC112B51EC100BFAF796FA41EC0D
:105FA000100B1EF0EDF88DED000B53EC1A2B51EC9D
:105FB0001E0BFAF78AFA41EC100B1EF0E1F8B0EE76
:105FC000401AF0EE601A9DED000B51EC110B53ECF2
:105FD000102BFAF7D9F953EC1F2BFAF7D5F99DEDF1
:105FE000180B41EC1F0B53EC102B51EC1B0BFAF769
:105FF0006CFA41EC100B1EF0C3F88DED020B9DED19
:10600000161BB0EE480AF0EE680A53EC112B51EC67
:10601000100BFAF75AFA41EC100B1EF0B1F88DEDA7
:10602000000B53EC1A2B51EC1D0BFAF74EFA41EC16
:10603000100B1EF0A5F8B0EE401AF0EE601A9DEDC0
:10604000000B51EC110B53EC102BFAF79DF99DED61
:10605000020B53EC102BFAF797F99FED240B41EC50
:106060001A0B53EC102B9DED160B51EC100BFAF79D
:106070007DFB9FED1E0B51EC190B53EC102B39D20D
:10608000FAF774FB08D251EC180B9FED180B53EC88
:10609000102BFAF783FB60D951EC180B9FED130B13
:1060A00053EC102BFAF762FB08D251EC190B9FED61
:1060B0000F0B53EC102BFAF771FB39D953EC1A2B59
:1060C00051EC1F0BFAF752FB32D846E000000000FB
:1060D00000806640112D4454FB210940000000005F
:1060E0000000F03FF168E388B5F8E43E00000000EE
:1060F00000000000FAF752FB08D851EC180B1FED16
:10610000050B53EC102BFAF731FB26D351EC180B8F
:106110001FED0A0B53EC102BFAF740FBCED851ECD5
:10612000190B1FED0E0B53EC102BFAF71FFBC5D20A
:1061300086ED00DB87ED008B85ED00BB95ED000B58
:106140009DED181B05F01AFB85ED000B04B0002037
:10615000BDEC108B0AB0BDE8F09F86ED00EB87ED3B
:10616000009B85ED00CBE9E74BF6DF4302E01946E3
:10617000491EFDD2401EFAD2704702E02B21491E73
:10618000FDD2401EFAD270472DE9FF4F2DED108B46
:10619000ABB09FEDFE9B91ED00DB91ED02CB91ED5D
:1061A00004BB91ED06AB9FEDFB0B9FEDFC8B9FEDD0
:1061B000FDFB9FEDFEEB90ED001B53EC192B8DEDDD
:1061C000021B90ED021B8DED041B90ED041B8DED69
:1061D000061B90ED0A1B51EC100B8DED081BFAF716
:1061E000C5FA1FD99FEDE90B51EC180B53EC102B9E
:1061F000FAF7BCFA16D99FEDE58B51EC1F0B53EC67
:10620000182BFAF7B3FA0DD953EC182B51EC1E0BDF
:10621000FAF7ACFA06D953EC182B51EC190BFAF734
:10622000A5FA07D240F2FD302BB0BDEC108B04B0C4
:10623000BDE8F08F9FEDDF9B51EC1D0B53EC192B4C
:10624000FAF7BBF99FEDDDDB53EC1D2BFAF743F9B1
:10625000DC4C41EC1E0B53EC192B84ED08EB51EC9C
:106260001C0BFAF7AAF953EC1D2BFAF734F9C4E921
:106270000A0153EC192B51EC1B0BFAF79EF953EC66
:106280001D2BFAF728F9B0EE4E0AF0EE6E0AC4E9BB
:106290000C011DF065FD84ED0E0B94ED0A0B1DF055
:1062A0005FFD84ED100B94ED0C0B1DF059FD84ED9A
:1062B000120B94ED080B1EF007FE84ED140B94ED09
:1062C0000A0B1EF001FE84ED160B94ED0C0B1EF074
:1062D000FBFD84ED180B94ED0E0B94ED02BB53EC1B
:1062E000102B51EC1B0BFAF7F6F894ED009B53ECD6
:1062F000192BFAF749F8B44DC5E9000185ED028B79
:1063000051EC1B0B81F0004194ED141B53EC112B4D
:10631000FAF7E1F8C5E9040194ED100B51EC1B0B01
:1063200053EC102BFAF7D7F80F4647EC100B054645
:1063300053EC192B51EC100BFAF726F89FEDA3BB89
:1063400053EC1B2BFAF7C7F89F4E47EC105B18363F
:1063500053EC192BC6E9000151EC100BFAF714F8B5
:1063600041EC1C0B9FED9B0B1EF012FE9FED9B9BC7
:1063700051EC100B53EC192BFAF7ADF853EC1C2B26
:10638000FAF7A9F8C6E9020194ED02CB51EC1C0B17
:1063900081F0004194ED161B53EC112BFAF79BF89A
:1063A000C6E9040194ED120B51EC1C0B53EC102BBD
:1063B000FAF791F80E4646EC100B94ED00CB05462B
:1063C00053EC1C2B51EC100BF9F7DEFF53EC1B2B9D
:1063D000FAF781F87C4A46EC105B3032C2E90001E2
:1063E00053EC1C2B51EC100BF9F7CEFF41EC1C0BBE
:1063F0009FED780B1EF0CCFD53EC1B2B51EC100BDA
:10640000FAF769F853EC1C2BFAF765F86E4A30324C
:10641000C2E9020194ED02EB51EC1E0B81F0004148
:106420000F4647EC100B94ED181B054653EC112B4F
:1064300051EC100BFAF74FF8634A3032C2E904010D
:1064400094ED0E0B51EC1E0B53EC102BFAF743F8A6
:1064500094ED00DB53EC1D2BF9F796FF94ED06CB82
:1064600053EC1C2BFAF731F8574E48369FED470B8B
:10647000C6E9000186ED020B47EC105B94ED141B9E
:1064800051EC100B53EC112BFAF725F8C6E9040177
:1064900094ED100B51EC1E0B53EC102BFAF71BF87C
:1064A000884648EC100B074653EC1D2B51EC100BA3
:1064B000F9F76AFF53EC1C2BFAF707F853EC1B2B88
:1064C000FAF709F806F1180548EC107BC5E9000158
:1064D00053EC1D2B51EC100BF9F756FF53EC1C2B12
:1064E000F9F7F3FF41EC1C0B9FED3A0B1EF050FD4A
:1064F00053EC192B51EC100BF9F7EDFF53EC1C2B5F
:10650000F9F7E9FFC5E9020194ED02CB51EC1C0B50
:1065100081F0004194ED161B53EC112BF9F7DBFFD2
:10652000C5E9040194ED120B51EC1C0B53EC102B3C
:10653000F9F7D1FF8B464BEC100B94ED00CB804666
:1065400053EC1C2B51EC100BF9F71EFF94ED06DBFE
:1065500053EC1D2BF9F7B9FF53EC1B2BF9F7BBFFDD
:1065600005F118074BEC108BC7E9000105F1600A33
:1065700005F1780953EC1C2B51EC100BF9F704FFD3
:1065800053EC1D2BF9F7A1FF2CE0000000000000E8
:10659000000000000000000000004E40000000006D
:1065A0000000594000000000008041400000000051
:1065B00000E075400000000000806640112D44544A
:1065C000FB210940B8030020E0B7002000000000D4
:1065D0000000E0BF000000000000084000000000D4
:1065E0000000E03F41EC1B0B1FED060B1EF0D0FC42
:1065F0001FED0A1B51EC100B53EC112BF9F76BFF3D
:1066000053EC1B2BF9F767FF41EC1C0BB84687EDE9
:1066100002CB94ED020B51EC100B81F0004194ED94
:10662000181B53EC112BF9F756FF41EC1F0BB34627
:1066300088ED04FB96ED00BB95ED000B53EC1B2B96
:1066400051EC100BF9F741FF1837C7E9000196ED3F
:1066500002EB95ED020B53EC1E2B51EC100BF9F7EE
:1066600034FFC7E9020196ED04DB95ED040B53EC12
:106670001D2B51EC100BF9F728FFC7E9040198ED29
:10668000000B53EC1B2B51EC100BF9F71EFF60367F
:1066900053EC1E2BC6E9000151EC1C0BF9F715FF5A
:1066A000C6E9020153EC1D2B51EC1F0BF9F70DFF4E
:1066B000C6E9040138461FF0C2FF84ED1A0B97EDBE
:1066C000001BB0EE40BAF0EE60BA53EC1B2B51EC5D
:1066D000110BF9F772FF554653EC1B2BC5E900016E
:1066E00097ED021B51EC110BF9F767FFC5E90201A9
:1066F00097ED041B53EC1B2B51EC110BF9F75DFFCD
:10670000C5E90401314650461FF065FF84ED1C0BBE
:10671000B0EE40BAF0EE60BA95ED000B51EC1B0BF9
:1067200053EC102BF9F7D7FE96ED001B53EC112B11
:10673000F9F7CEFE6037C7E9000195ED020B51EC89
:106740001B0B53EC102BF9F7C6FE96ED021B53EC16
:10675000112BF9F7BDFEC7E9020195ED040B51ECD1
:106760001B0B53EC102BF9F7B6FE96ED041B53EC04
:10677000112BF9F7ADFEC7E9040138461FF05FFFA2
:1067800084ED1E0BB0EE40BAF0EE60BA95ED000B52
:1067900094ED1CCB53EC102B51EC1C0BF9F79BFE2A
:1067A00096ED001B53EC112BF9F792FE53EC1B2BCB
:1067B000F9F703FF4F46C7E9000195ED020B51ECD5
:1067C0001C0B53EC102BF9F786FE96ED021B53ECD5
:1067D000112BF9F77DFE53EC1B2BF9F7EEFEC7E901
:1067E000020195ED040B51EC1C0B53EC102BF9F747
:1067F00072FE96ED041B53EC112BF9F769FE53EC76
:106800001B2BF9F7DAFEC7E9040106F160024946DD
:1068100050461FF091FE314648461FF0DCFE04F161
:106820008005B0EE40CA85ED000BF0EE60CA94ED35
:106830001A0B53EC192B51EC100BF9F74CFE41ECF1
:106840001B0B85ED02BB9FED9C0B94ED1CDB53EC09
:10685000102B51EC1D0BF9F73EFE53EC1B2BF9F7F7
:106860003AFE41EC1E0B53EC1C2B51EC1C0BF9F7C0
:1068700032FE41EC1F0B53EC1D2B51EC1D0BF9F7B5
:106880002AFE53EC1F2BF9F77FFD53EC1E2BF9F773
:106890001CFE53EC192BF9F71EFE53EC1C2BF9F7D9
:1068A0008CFE41EC100B85ED040B53EC102BF9F72B
:1068B00012FE41EC190B53EC1B2B51EC1B0BF9F79F
:1068C0000AFE94ED040B41EC1B0B53EC102B51EC26
:1068D000100BF9F700FE53EC1B2BF9F7F6FD53EC08
:1068E000192BF9F7F2FD53EC182BF9F73FFF05D2FE
:1068F00073A01CF0E3FD40F2FE3095E495ED040B2F
:1069000053EC102B51EC100BF9F7E5FD95ED020B54
:1069100041EC180B53EC102B51EC100BF9F7DBFD8D
:1069200094ED040B41EC190B53EC102B51EC100BB4
:10693000F9F7D1FD53EC192BF9F7C7FD53EC182BE0
:10694000F9F7C3FD41EC100B1EF022FB51EC100BCC
:1069500081F0004141EC180B5E4885ED068B90ED0F
:10696000000B51EC180B53EC102BF9F7B4FD97ED1D
:10697000000B95ED04BB41EC1D0BB94653EC102BFD
:1069800051EC1B0BF9F7A7FD9AED000B95ED029B5F
:1069900041EC1C0B53EC102B51EC190BF9F79BFD40
:1069A0009BED001BD84653EC112BF9F7EDFC53EC93
:1069B0001C2BF9F7E9FC53EC1D2BF9F7E5FCDFF88C
:1069C00014B104460BF1180B0D46CBE90001414808
:1069D00090ED020B51EC180B53EC102BF9F77BFDEB
:1069E00099ED020B41EC1D0B53EC102B51EC1B0BE2
:1069F000F9F771FD9AED020B41EC1C0B53EC102BD7
:106A000051EC190BF9F767FD98ED021B53EC112BB4
:106A1000F9F7BAFC53EC1C2BF9F7B6FC53EC1D2B21
:106A2000F9F7B2FC0646CBE902012A480F4690ED81
:106A3000040B51EC180B53EC102BF9F74CFD99EDAE
:106A4000040B41EC180B53EC102B51EC1B0BF9F71A
:106A500042FD9AED040B41EC1B0B53EC102B51EC57
:106A6000190BF9F738FD98ED041B53EC112BF9F7CE
:106A70008BFC53EC1B2BF9F787FC53EC182BF9F725
:106A800083FCCBE90401CDE912010EA8B0EE4A0A5D
:106A900080E8F000F0EE6A0A8DED140B3D9890ED61
:106AA000061B04F06BFE8DED140B02A90EA83E9A96
:106AB00018F02CFC002020E700000000000000403F
:106AC00044656C7461446972656374206572726FA9
:106AD000720D0A00E8B800202DE9FF4F2DED108B54
:106AE0001E46B3B00B46FE4C04F1180504F1480AEB
:106AF0009FEDFC8BA4F118079FEDFCBB90ED000B04
:106B000012AA8DED060B90ED020B06A98DED080B78
:106B100090ED040B8DED0A0B90ED0A0B18468DEDF0
:106B20000C0BFAF7DFF812A953EC1B2B91EC080BB6
:106B300051EC100B8DED203B87EC060BF9F7CBFCED
:106B400041EC1A0B9FEDEB0B1EF022FA97ED029B26
:106B500051EC100B53EC192BF9F7BDFC9FEDE31B27
:106B600053EC112BF9F7B7FC53EC1A2BF9F7ADFCEA
:106B7000A1469FEDDE0B03C453EC102B51EC190B17
:106B8000F9F7A9FC41EC190B9FEDDA0B1EF000FAA6
:106B900097ED001B51EC100B53EC112BF9F79BFCFC
:106BA0009FEDD61B53EC112BF9F795FC53EC192BE9
:106BB000F9F78BFCCA4AC2E9020197ED040B1046B3
:106BC00080ED040B9FEDCB0B1EF0E2F997ED029BDD
:106BD00051EC100B53EC192BF9F77DFC9FEDC31B07
:106BE00053EC112BF9F777FC41EC1A0B97ED000BE6
:106BF0009FEDC21B51EC100B53EC112BF9F76BFC02
:106C000053EC1A2BF9F761FCAB469FEDB80B03C5AB
:106C100053EC102B51EC190BF9F75DFC41EC1A0BFE
:106C20009FEDB40B1EF0B4F997ED009B51EC100BE7
:106C300053EC192BF9F74FFC9FEDAC1B53EC112BC8
:106C4000F9F749FC53EC1A2BF9F73FFC04F1100259
:106C5000C2E9020197ED04AB104680ED04ABA948F0
:106C600090ED00CB8AED00CB9FEDA70B504680ED59
:106C7000020BA44890ED060B51EC190B53EC102BB2
:106C8000F9F782FB41EC190B04F1500853EC182B77
:106C900088ED009B88ED02ABF9F71DFC41EC1D0B64
:106CA00053EC182B51EC1C0BF9F715FC53EC1D2B76
:106CB000F9F70BFC934C41EC1E0B803453EC1A2B70
:106CC00084ED08EB51EC1A0BF9F705FC41EC100BC5
:106CD0008DED2E0B97ED020B53EC102B51EC100B9E
:106CE000F9F7F9FB41EC100B86488DED2C0B90ED7C
:106CF000040B53EC102B51EC100BF9F7ECFB41ECAF
:106D0000100B53EC1C2B8DED2A0B51EC1C0BF9F7DF
:106D1000E2FBCDE91E0141EC1D0B7A4890ED020B20
:106D200053EC102B51EC100BF9F7D5FBCDE9030117
:106D300041EC1F0B53EC192B51EC190BF9F7CBFB62
:106D400053EC1F2BF9F720FB53EC1D2BF9F7BDFB80
:106D50009DED2A0B53EC102BF9F7B7FB9DED2C0B97
:106D600053EC102BF9F710FB9DED2E0B53EC102B71
:106D7000F9F70AFB41EC1D0B204680ED0ADB9FED85
:106D8000649B51EC1A0B53EC192BF9F7A4FB054645
:106D900053EC1A2B0291F9F79EFB41EC1F0B53ECBD
:106DA0001E2B51EC1E0BF9F796FB53EC1F2BF9F73A
:106DB000EBFA41EC1F0B204680ED0CFB9FED560BD0
:106DC00051EC1C0B53EC102BF9F785FB53EC1A2BF1
:106DD000F9F781FB53EC1A2BF9F77DFB41EC1C0B07
:106DE00053EC182B51EC1E0BF9F775FB53EC1D2BD4
:106DF000F9F771FB53EC1C2BF9F767FB41EC1C0B0B
:106E0000204680ED0ECBDDE91E0141EC100BDDE9E3
:106E1000030153EC102BF9F758FB41EC1E0B0299C0
:106E200053EC1A2B41EC105B51EC100BF9F753FBB0
:106E300053EC1E2BF9F74FFB41EC1A0B53EC1D2BB7
:106E400051EC1D0BF9F747FB53EC1A2BF9F73DFBFF
:106E500041EC1A0B204653EC192B80ED10AB51EC92
:106E60001F0BF9F738FB53EC1A2BF9F734FB41EC05
:106E70001A0B53EC1C2B51EC1C0BF9F72CFB53ECAD
:106E80001A2BF9F722FB9FED200B41EC1A0B53EC68
:106E9000102BF9F76BFC7DD221A01CF00FFB97EDB6
:106EA000040B24A08DED020B97ED020B8DED000B72
:106EB00097ED000B53EC102B1CF000FB99ED040B2D
:106EC00020A08DED020B99ED020B8DED000B99EDDD
:106ED000000B53EC102B1CF0F1FA9BED040B3BE084
:106EE00018B9002000000000000000400000000071
:106EF0000000E03F0000000000000840000000002B
:106F00000000E0BFB8030020000000000000000007
:106F100000000000000010400000000000002040C1
:106F2000646973637269206E656761746976652050
:106F3000310D0A005750203D2025662C25662C2552
:106F4000660D0A00575032203D2025662C25662C00
:106F500025660D0A000000008DED020B9BED020B73
:106F60008DED000B9BED000B53EC102BFEA01CF0E5
:106F7000A5FA98ED020B8DED040B98ED000B8DED4D
:106F8000020B9AED020B8DED000B9AED000B53EC0A
:106F9000102B00E01FE0F9A01CF090FA94ED0A0B12
:106FA000FEA08DED000B94ED080B53EC102B1CF0A4
:106FB00085FA94ED100B53EC1A2B8DED040B94ED28
:106FC0000C0BFBA08DED020B94ED0E0B8DED000B69
:106FD0001CF074FAC5E394ED0C0B53EC192B51EC37
:106FE000100BF9F778FA94ED101B53EC112BF9F70D
:106FF00072FA94ED0E0B41EC1A0B53EC102B51EC82
:10700000100BF9F768FA53EC1A2BF9F75EFA41EC1A
:10701000100B1DF0BDFF94ED0E1B51EC100B53EC4B
:10702000112BF9F752FA53EC1B2BF9F754FA94EDA4
:107030000C1B53EC112BF9F7C0FA41EC1C0B84ED3F
:1070400012CB94ED080B53EC1C2B51EC100BF9F701
:1070500042FA94ED0A1B53EC112BF9F795F91FED49
:107060005D1B53EC112BF9F736FA97ED041B53EC2B
:10707000112BF9F7A2FA41EC1A0BD54D84ED14ABA4
:1070800051EC1C0B95ED000B53EC102BF9F71DFA8E
:10709000CDE9001041EC110B51EC1A0B53EC112B04
:1070A000F9F78BFA41EC100B1CF0F6FB51EC100BCE
:1070B00081F00041C5E90801DDE9000140EC111B48
:1070C000B0EE4A0AF0EE6A0A1CF052FD51EC100BC9
:1070D00081F0004141EC100B85ED080B9FEDBD1BCD
:1070E00053EC112BF9F7F7F99FEDBC1B53EC112B67
:1070F000F9F763FABB4AC2E9000199ED000B02F10E
:10710000180087ED000B99ED02FB87ED02FB99ED6E
:1071100004AB87ED04AB95ED00CB80ED00CB1FED0C
:10712000861B80ED021B95ED061B51EC100B53ECFA
:10713000112BF9F729F941EC1E0BC24688ED00EB43
:1071400088ED02AB53EC182BF9F7C5F941EC1D0B98
:1071500053EC182B51EC1C0BF9F7BDF953EC1D2B1C
:10716000F9F7B3F941EC1D0B53EC1A2B84ED08DB56
:1071700051EC1A0BF9F7AFF941EC100B53EC1F2B44
:107180008DED2A0B51EC1F0BF9F7A5F941EC100B13
:107190008DED300B95ED040B53EC102B51EC100BD7
:1071A000F9F799F941EC100B53EC1C2B8DED280BE2
:1071B00051EC1C0BF9F78FF941EC100B00918DEDA0
:1071C0002C0B95ED020B814653EC102B51EC100B60
:1071D000F9F781F9804641EC1F0B029153EC1E2B0D
:1071E00051EC1E0BF9F777F953EC1F2BF9F7CCF89C
:1071F0009DED2C0B53EC102BF9F767F99DED280B47
:1072000053EC102BF9F761F99DED300B53EC102B7B
:10721000F9F7BAF89DED2A0B53EC102BF9F7B4F8F7
:1072200041EC1E0B84ED0AEB1FEDC70B51EC1A0B62
:1072300053EC102BF9F74FF9054653EC1A2B1E911E
:10724000F9F749F941EC1F0B53EC1D2B51EC1D0BC9
:10725000F9F741F953EC1F2BF9F796F841EC1F0BA6
:1072600084ED0CFB1FEDD40B51EC1C0B53EC102BDD
:10727000F9F731F953EC1A2BF9F72DF953EC1A2BD6
:10728000F9F729F941EC1C0B53EC182B51EC1D0BB1
:10729000F9F721F953EC1E2BF9F71DF953EC1C2BD0
:1072A000F9F713F941EC1C0B84ED0ECB009941EC7E
:1072B000109B029953EC102B41EC118B51EC110BEC
:1072C000F9F703F941EC1D0B1E9953EC1A2B41EC15
:1072D000105B51EC100BF9F7FEF853EC1D2BF9F78E
:1072E000FAF841EC1A0B53EC1E2B51EC1E0BF9F77C
:1072F000F2F853EC1A2BF9F7E8F841EC1A0B9FED72
:107300003A0B84ED10AB53EC102B51EC1F0BF9F73B
:10731000E2F853EC1A2BF9F7DEF841EC1A0B53ECB8
:107320001C2B51EC1C0BF9F7D6F853EC1A2BF9F780
:10733000CCF89FED2F1B53EC112BF9F717FA01D264
:107340002DA00CE294ED0C0B53EC192B51EC100B0F
:10735000F9F7C1F894ED101B53EC112BF9F7BBF8BA
:1073600041EC1A0B52E00000575033203D202566B7
:107370002C25662C25660D0A00000000706F7341F5
:10738000203D2025662C256620706F735F43646F57
:1073900074203D2025662C25660D0A0041203D20E5
:1073A000256620426172203D2025660D0A000000FE
:1073B000646973637269203D202566204544204638
:1073C0003D2025662C25662C25660D0A0000000050
:1073D000B80300200000000000806640112D4454D6
:1073E000FB21094048B900200000000000001040C7
:1073F0000000000000000000646973637269206E81
:107400006567617469766520320D0A0094ED0E0B94
:1074100053EC102B51EC100BF9F75DF853EC1A2BD1
:10742000F9F753F841EC100B1DF0B2FD94ED0E1B73
:1074300051EC100B53EC112BF9F747F89FEDFE1BA5
:1074400053EC112BF9F747F894ED0C1B53EC112B6F
:10745000F9F7B3F841EC1B0B84ED12BB94ED080B6C
:1074600053EC1B2B51EC100BF9F735F894ED0A1B7C
:1074700053EC112BF8F788FF9FEDEF1B53EC112B0A
:10748000F9F729F8EE4D95ED041B53EC112BF9F7A4
:1074900094F841EC1A0BEB4884ED14AB90ED000B23
:1074A00051EC1B0B53EC102BF9F70FF8884648EC06
:1074B000110B074653EC112B51EC1A0BF9F77DF821
:1074C00041EC100B1CF0E8F951EC100B81F000417D
:1074D000DC4A48EC117BB0EE4A0AC2E90801F0EE42
:1074E0006A0A1CF045FB51EC100B81F0004141ECA5
:1074F000100BD44880ED080B1FED4A1B51EC100B0C
:1075000053EC112BF8F7E7FF1FED4C1B53EC112B3D
:10751000F9F753F805F14809C9E902019BED000BA1
:10752000C84885ED000B9BED02EB85ED02EB9BED72
:1075300004AB85ED04AB90ED00BB05F1600080ED80
:1075400000BB1FED551B80ED021BBE4890ED061BD6
:1075500051EC100B53EC112BF8F716FF41EC1D0BFF
:1075600053EC182B8AED00DB8AED02ABF8F7B3FF82
:1075700041EC1C0B53EC182B51EC1B0BF8F7ABFF39
:1075800053EC1C2BF8F7A1FF41EC1C0B53EC1A2B0E
:1075900084ED08CB51EC1A0BF8F79DFF41EC100B72
:1075A00053EC1E2B8DED2E0B51EC1E0BF8F793FFB9
:1075B00041EC110BA3488DED2C1B90ED040B53EC0B
:1075C000102B51EC100BF8F786FF41EC100B53EC2D
:1075D0001B2B8DED2A0B51EC1B0BF8F77CFF804623
:1075E00041EC1E0B9748059190ED020B53EC102BCC
:1075F00051EC100BF8F76FFF8B4605464BEC1F0B59
:1076000053EC1D2B51EC1D0BF8F765FF53EC1F2BB2
:10761000F8F7BAFE53EC1E2BF8F757FF9DED2A0B37
:1076200053EC102BF8F751FF9DED2C1B53EC112B55
:10763000F8F7AAFE9DED2E0B53EC102BF8F7A4FEE5
:1076400041EC1D0B53EC192B84ED0ADB51EC1A0BAA
:10765000F8F741FF8A464AEC100B074653EC1A2B09
:1076600051EC100BF8F737FF41EC1E0B53EC1C2BC1
:1076700051EC1C0BF8F72FFF53EC1E2BF8F784FE90
:1076800041EC1E0B84ED0CEB9FED6F0B51EC1B0BD3
:1076900053EC102BF8F71FFF53EC1A2BF8F71BFFD6
:1076A00053EC1A2BF8F717FF41EC1B0B53EC182B7C
:1076B00051EC1C0BF8F70FFF53EC1D2BF8F70BFFE9
:1076C00053EC1B2BF8F701FF41EC180B4BEC105B54
:1076D00084ED0E8B059941EC118B51EC100B53ECA2
:1076E000112BF8F7F2FE4AEC107B41EC1B0B53EC2C
:1076F0001A2B51EC100BF8F7EEFE53EC1B2BF8F79E
:10770000EAFE41EC1A0B53EC1D2B51EC1D0BF8F764
:10771000E2FE53EC1A2BF8F7D8FE41EC1A0B53ECAF
:10772000192B84ED10AB51EC1E0BF8F7D4FE53EC83
:107730001A2BF8F7D0FE41EC1A0B53EC182B51EC36
:10774000180BF8F7C8FE53EC1A2BF8F7BEFE1FED26
:10775000D81B53EC112BF9F709F80AD23CA01BF007
:10776000ADFE40F2FE3033B0BDEC108B04B0BDE88E
:10777000F08F94ED0C0B53EC192B51EC100BF8F728
:10778000AAFE94ED101B53EC112BF8F7A4FE94ED18
:107790000E0B41EC180B53EC102B51EC100BF8F7BF
:1077A0009AFE53EC182BF8F790FE41EC100B1DF0ED
:1077B000EFFB94ED0E1B51EC100B53EC112BF8F773
:1077C00084FE9FED1D8B53EC182BF8F784FE94ED8F
:1077D0000C1B53EC112BF8F7F0FE41EC190B84ED68
:1077E000129B94ED080B53EC192B51EC100BF8F78E
:1077F00072FE94ED0A1B53EC112BF8F7C5FD53EC08
:10780000182BF8F768FE41EC100B0D4890ED041BA7
:1078100051EC100B53EC112BF8F7CFFE41EC180B89
:10782000084D84ED148B51EC190B95ED000B53ECC6
:10783000102BF8F74AFE15E0000000000000E03FC2
:1078400000B90020B8030020000000000000204024
:10785000646973637269206E656761746976652017
:10786000330D0A000F4647EC110B044653EC112B65
:1078700051EC180BF8F7A1FE41EC100B1CF00CF8C2
:1078800051EC100B81F0004147EC114BB0EE480A6F
:10789000F0EE680AC5E908011CF06AF951EC100B1A
:1078A00081F0004141EC100B9FED131B85ED080B9F
:1078B00053EC112BF8F70FFE9FED111B53EC112B1E
:1078C000F8F77BFE4A46C2E9040199ED000B86ED0C
:1078D000000B99ED020B86ED020BC6E904019DED4C
:1078E000200B86ED060B459890ED061B03F046FF36
:1078F00086ED060B002036E70000000000806640A1
:10790000112D4454FB2109402DE9F04314462DED7F
:10791000108BA3B006469FEDB98B91ED000B91ED56
:1079200002CB91ED04BB9FEDB7AB51EC100B53ECC8
:107930001A2BF8F7D0FD0F4647EC100B05469FEDCC
:10794000B39B51EC100B53EC192BF8F736FE41ECBE
:10795000100B1CF005FA8DED1C0B47EC105B53EC83
:10796000192B51EC100BF8F728FE41EC100B1DF011
:10797000ABFA8DED020B53EC1A2B51EC1C0BF8F704
:10798000AAFD0F4647EC100B054653EC192B51ECA2
:10799000100BF8F712FE41EC100B1CF0E1F98DED25
:1079A0001E0B47EC105B53EC192B51EC100BF8F746
:1079B00004FE41EC100B1DF087FAB0EE40FAF0EE39
:1079C00060FA53EC1A2B51EC1B0BF8F784FD0F46B1
:1079D00047EC100B054653EC192B51EC100BF8F744
:1079E000ECFD41EC100B1CF0BBF9B0EE40EAF0EE00
:1079F00060EA47EC105B53EC192B51EC100BF8F7D5
:107A0000DCFD41EC100B1DF05FFAB0EE40DAF0EE59
:107A100060DA9FED809BB0EE490AF0EE690A1CF037
:107A20009FF9B0EE40CAF0EE60CAB0EE490AF0EE3F
:107A3000690A1DF049FA96ED0C9BB0EE40BAF0EEE3
:107A400060BA96ED10AB53EC182B51EC190BF8F70C
:107A50008DFE06D953EC182B51EC1A0BF8F786FE65
:107A600006D840F2FD3023B0BDEC108BBDE8F083AA
:107A700084ED008B84ED028B84ED048B9DED1C0B5B
:107A800051EC1A0B53EC102B2834F8F724FD53EC6F
:107A9000192BF8F779FCC4E9020184ED048B51EC51
:107AA0001A0B81F00041884648EC100B9DED021B3B
:107AB000054653EC112B51EC100BF8F70CFDC4E903
:107AC00006019DED1E0B51EC1A0B53EC102BF8F731
:107AD00002FD894649EC100B074653EC192B51EC7B
:107AE000100BF8F751FC53EC1C2BF8F7F4FC49ECA5
:107AF000107BC4E90E0153EC192B51EC100BF8F775
:107B000043FC53EC1B2BF8F7E6FC48EC105BC4E994
:107B1000100153EC1F2B51EC100BF8F7DCFCC4E9FF
:107B2000120153EC1E2B51EC1A0BF8F7D4FC8946CA
:107B300049EC100B074653EC192B51EC100BF8F7DE
:107B400023FC53EC1C2BF8F7C6FC49EC107BC4E972
:107B50001A0153EC192B51EC100BF8F715FC41EC02
:107B6000190B51EC1B0B81F0004153EC192BF8F76A
:107B7000B2FC48EC105BC4E91C0153EC1D2B51EC2A
:107B8000100BF8F7A8FCC4E91E0196ED000B0025C8
:107B90008DED0E0B96ED020B283C8DED100B96ED46
:107BA000040B8DED120B96ED0A0B6E468DED140B4A
:107BB00005EB4501002004EB011200BF02EBC00100
:107BC00091ED000B06EBC001401C81ED000B03287A
:107BD000F4DB032006EBC001B0EE480AF0EE680AC1
:107BE000401C81ED000B0628F4DB0EA9684617F057
:107BF0008DFB6D1C042DDBDB002034E70000000052
:107C000000000000112D4454FB2109400000000039
:107C10000080664061732D3852C1004070B50C463B
:107C20002DED048B054691ED041B90ED040B53ECF8
:107C3000112B51EC100BF8F74EFC94ED021B95ED57
:107C4000020B41EC190B53EC112B51EC100BF8F714
:107C500042FC94ED000B95ED001B41EC180B53EC2E
:107C6000102B51EC110BF8F736FC53EC182BF8F7EE
:107C70008BFB53EC192BF8F787FBBDEC048B41EC25
:107C8000100B70BD2DE9F04F2DED0C8B83B0B0EED5
:107C900040BAF0EE60BA9B461746884681469FED93
:107CA0004B9B00252C469FED4BCB0126DDF860A0B9
:107CB00080E000BF09EBC40090ED001B08EBC4009E
:107CC00053EC112B90ED000B51EC100BF8F7FDFB72
:107CD00053EC1B2BF8F771FCB0EE4CAAF0EE6CAA3B
:107CE00041EC180B53EC1A2BF8F740FD61D053EC24
:107CF0001A2B51EC180BF8F751FD27D20BEB84101F
:107D0000009090ED040B53EC182B51EC100BF8F78E
:107D100054FC53EC192BF8F729FD17D2009853ECBB
:107D2000182B90ED04DB51EC1D0BF8F746FC41ECF1
:107D3000190B611C06FA01F0284385B28DED008B0A
:107D400053EC1D2B214625A01BF0B8FB53EC1A2B3E
:107D500051EC180BF8F70AFD2BD20BEB84100090B6
:107D600090ED060B51EC100B81F0004153EC182BF9
:107D7000F8F723FC53EC192BF8F7F8FC19D200980C
:107D800090ED06AB51EC1A0B81F0004153EC182B2F
:107D9000F8F713FC41EC190B611C06FA01F02843BB
:107DA00085B28DED008B53EC1A2B21460FA01BF0F2
:107DB00085FB641CBC42FFF67DAF8AED009B03B0DF
:107DC0002846BDEC0C8BBDE8F08F000000000000E1
:107DD0000000F03F0000000000000000706F732002
:107DE00025642C25662C25660D0A00006E6567202B
:107DF00025642C25662C25660D0A000010B592B06E
:107E000004466846FCF7F0FF2146684601F09CFEF8
:107E100012B0002010BD00002DE9F04F04462DEDFA
:107E2000108B9BB09FEDF9CB9FEDFAAB00F5FC7981
:107E300000F5E47800F5D87B00F1900AF0300146B7
:107E400000904FF0FF36504601F0CEFDB0EE40BA44
:107E5000F0EE60BA2046009901F0C6FDB0EE409AFF
:107E6000F0EE609A5146204601F0BEFDB0EE40DAD9
:107E7000F0EE60DA08AA5046009904F01BFD14AA3F
:107E80002046009904F016FD0EAA5146204604F043
:107E900011FD5A4608A90EA8FDF78CFD58461BF0A7
:107EA0006CF9B0EE408AF0EE608A9FEDDC0B51EC8D
:107EB000180B53EC102BF8F759FC06D240F27E4019
:107EC0001BB0BDEC108BBDE8F08F53EC1C2B51ECBC
:107ED000180BF8F700FB0F46054647EC1E0B53EC5A
:107EE000192B51EC1B0BF8F7F6FA53EC1D2BF8F796
:107EF000F2FA53EC1E2BF8F760FBE4E960015846F8
:107F000003F030FD47EC105B53EC182B51EC100BD9
:107F1000F8F7E1FA41EC1E0B0EA914A8FFF77EFE5C
:107F2000B0EE40FAF0EE60FA53EC1B2B51EC1B0B59
:107F3000F8F7D1FA53EC1F2BF8F7CDFA53EC1E2BC0
:107F4000F8F73BFB47EC105B41EC1B0B53EC182B99
:107F500051EC100BF8F7BFFA41EC1E0B0EA908A864
:107F6000FFF75CFE51EC100B81F0004141EC1F0B60
:107F700053EC192B51EC190BF8F7ADFA53EC1F2BFE
:107F8000F8F7A9FA53EC1E2BF8F717FB47EC105B38
:107F900041EC190B53EC182B51EC100BF8F79BFA32
:107FA00041EC180B08A914A8FFF738FEB0EE40EA20
:107FB000F0EE60EA53EC1D2B51EC1D0BF8F78BFA39
:107FC00053EC1E2BF8F787FA53EC182BF8F7F5FA59
:107FD00014ED240B41EC180B53EC102BF8F77BFA43
:107FE00014ED3C0B41EC1D0B53EC102B51EC190B19
:107FF000F8F771FA14ED600B41EC1E0B53EC102BEB
:1080000051EC1B0BF8F767FA53EC1E2BF8F7BCF991
:1080100053EC1D2BF8F7B8F9C4E9020114ED220B5B
:1080200051EC180B53EC102BF8F755FA14ED3A0BF2
:1080300041EC1D0B53EC102B51EC190BF8F74BFADC
:1080400014ED5E0B41EC1E0B53EC102B51EC1B0B93
:10805000F8F741FA53EC1E2BF8F796F953EC1D2B69
:10806000F8F792F9C4E9040114ED200B51EC180B58
:1080700053EC102BF8F72FFA14ED380B41EC1D0BD5
:1080800053EC102B51EC190BF8F725FA14ED5C0B9F
:1080900041EC180B53EC102B51EC1B0BF8F71BFAAF
:1080A00053EC182BF8F770F953EC1D2BF8F76CF91B
:1080B000C4E90601A4F5C07404F5C4704246214623
:1080C000074604F0F7FB404603F04CFC4A46514695
:1080D000384604F0EFFB484603F044FC04F5047214
:1080E00015463846009904F0E5FB284603F03AFCB3
:1080F00004F5F072174641465846FDF75BFC3846DA
:1081000003F030FC02AA29464046FDF753FC2946FD
:108110004046FFF783FDB0EE408AF0EE608A9FEDA7
:1081200041BB51EC180B53EC1B2BF8F737FB04D277
:10813000B0EE4B8AF0EE6B8A0AE053EC1A2B51EC4E
:10814000180BF8F713FB03D2B0EE4A8AF0EE6A8AF6
:10815000B0EE480AF0EE680A1BF0F2F994ED601BED
:1081600051EC100B53EC112BF8F7B5F9C4E9680189
:1081700094ED700B9FED2D9B51EC100B53EC192BD4
:10818000F8F7F4FA01D2354600E001259DED060B23
:1081900053EC192B51EC100BF8F7E8FA01D23046EA
:1081A00000E0012015FB00F09FED22DB002813DA30
:1081B00094ED600B53EC1C2B51EC100BF8F78BF982
:1081C00053EC1D2BF8F787F994ED681B53EC112B3A
:1081D000F8F77BF9C4E9680102AA49464046FDF771
:1081E000E9FB49464046FFF719FDB0EE408AF0EE44
:1081F000608A53EC1B2B51EC180BF8F7CFFA1DD209
:10820000B0EE4B8AF0EE6B8A23E000000000000025
:1082100000000040000000000000F0BFF168E388AB
:10822000B5F8E43E000000000000F03F0000000050
:1082300000000000112D4454FB21094053EC1A2B7F
:1082400051EC180BF8F792FA03D2B0EE4A8AF0EE2E
:108250006A8AB0EE480AF0EE680A1BF071F994EDF4
:10826000601B51EC100B53EC112BF8F734F9C4E9F7
:108270006A0194ED700B53EC192B51EC100BF8F7CD
:1082800075FA01D2354600E001259DED060B53EC51
:10829000192B51EC100BF8F769FA00D3012615FBE6
:1082A00006F0002813DA94ED600B53EC1C2B51EC14
:1082B000100BF8F710F953EC1D2BF8F70CF994EDAF
:1082C0006A1B53EC112BF8F700F9C4E96A0194ED2D
:1082D000680B53EC192B51EC100BF8F747FA08D93F
:1082E00094ED6A0B53EC192B51EC100BF8F73EFA96
:1082F00002D840F27F40E3E50020E1E52DE9FF5F91
:108300001E462DED020B904605462DED068BB0EE78
:10831000408AF0EE608ABCB09FED3C0B9FED399B2C
:1083200053EC102B51EC180BF8F720FA06D353EC52
:10833000192B51EC180BF8F731FA06D2FF203CB09C
:10834000BDEC068B06B0BDE8F09F0024EB460AE0CA
:1083500004EB440005EB00110BEB00103022F7F7A3
:1083600060FF641CE4B2B442F2DD012033E000257A
:10837000A6EB090A2AE0002424E000BF05EB450132
:108380000BEB011000EBC40751EC180B97ED0C0B35
:1083900053EC102BF8F79FF841EC1A0B53EC182B09
:1083A00051EC190BF8F791F897ED001B53EC112BDA
:1083B000F8F791F853EC1A2BF7F7E6FF641CC7E9BE
:1083C0000001E4B24445D9DB6D1CEDB2AA45D2DA16
:1083D00009F10100C0B28146B042C8DD0020594613
:1083E0000BE000BF01EBC00292ED000B459A02EBDF
:1083F000C002401C82ED000BC0B24045F2DB002001
:108400009DE70000000000000000F03F00000000B9
:108410000000000005490028086802D040F4806090
:1084200001E020F48060086070470000003C0240DA
:1084300070B50646002529B1012927D0022928D088
:108440004FF4407500F080F809281ED1124C2068C6
:1084500020F440702060206828432060206820F0CD
:10846000F8002060206846F0020108432060206880
:1084700040F48030206000F067F8216821F00201AC
:108480002160216821F0F801216070BD4FF48075F2
:10849000D8E74FF40075D5E7103C02400D4909209C
:1084A0000A68D20301D5012070470A68D20601D5B7
:1084B000062070470A68D20501D5022070470A6875
:1084C00012F0EF0F01D00720704709688907FBD52C
:1084D000082070470C3C02400248016841F000410E
:1084E00001607047103C024070B50D46064600F032
:1084F0002BF8092813D10A4C206820F44070206022
:10850000206840F400702060206840F00100206086
:10851000356000F019F8216821F00101216070BD7B
:10852000103C024005480068002805DA0348044969
:108530000C3801600349016070470000103C0240A4
:1085400023016745AB89EFCD08B509208DF8000000
:10855000FFF7A4FF8DF800009DF800000128F7D078
:108560009DF8000008BD00008000A0F1C040002977
:10857000016802D041F0010101E0024A11400160AE
:1085800070470000FEFF0F0010B5D0E90112114343
:10859000D0E903231A43114342691143826911430D
:1085A000C2691143026A1143426A1143826A11434C
:1085B000C26A1143026B114302689200A2F1C042E9
:1085C00011608168082907D101688900A1F1C041C3
:1085D0000A6842F040020A60416BD1E9002342EA96
:1085E00003128B688C891B0243EA04431A430B8AEB
:1085F00042EA03520B7D896942EA03620A43016839
:108600008900A1F1C0414A60C16AB1F5804F08D02C
:1086100000686FF070418000A0F1C040C0F8041104
:1086200010BD816BD1E9002342EA03128B680C8AEA
:108630001B0243EA04531A430B7D896942EA036231
:1086400000680A438000A0F1C040C0F8042110BDBA
:108650002DE9F0430D462DED048BCDB040F20649D7
:108660009FED7B9B90ED000B26AA8DED1A0B90EDF4
:10867000020B2EA98DED1C0B90ED040B8DED1E0B46
:1086800090ED060B8DED2E0B90ED080B8DED300B64
:1086900090ED0A0B8DED320B90ED0C0B8DED200B58
:1086A00090ED0E0B8DED220B90ED100B1AA88DEDB9
:1086B000240B04F0FFF826A81AF05FFD53EC192BE9
:1086C00051EC100BF8F752F84AD326A803F04AF9F8
:1086D00046AA20A91AA804F0EDF846A81AF04DFD04
:1086E00053EC192B51EC100BF8F740F838D346A98E
:1086F00026A8FFF793FAB0EE408AF0EE608A0024D5
:108700001AAF0DF1080826AE06EBC40090ED000B81
:1087100051EC180B53EC102BF7F7DDFE41EC100B6E
:1087200007EBC40090ED001B51EC100B53EC112B28
:10873000F7F72AFE08EBC402641CC2E90001032C0F
:10874000E2DB34AA20A902A804F0B4F834A81AF095
:1087500014FD53EC192B51EC100BF8F707F805D268
:1087600048464DB0BDEC048BBDE8F08334A803F05F
:10877000F9F83EAA34A926A8FDF71CF93EA803F093
:10878000F1F800200DF1200106EBC00292ED000B84
:1087900000EB400201EBC202401C82ED000B0328FB
:1087A000F2DB00200DF1D00202EBC00393ED000BD1
:1087B00000EB400301EBC303401C83ED020B0328D5
:1087C000F2DB00200DF1F80202EBC00393ED000B89
:1087D00000EB400301EBC303401C83ED040B0328B3
:1087E000F2DB3CAB9FED1C0B2CAA3AA9B0EE402A61
:1087F000F0EE602AB0EE401AF0EE601A08A8FDF71D
:108800005BFA9DED020B15F071FC85ED000B9DED03
:10881000040B15F06BFC85ED020B9DED060B15F0BE
:1088200065FC85ED040B9DED3A0B15F05FFC85EDC5
:10883000060B9DED2C0B15F059FC85ED080B9DEDFD
:108840003C0B15F053FC85ED0A0B002089E7000076
:10885000F168E388B5F8E43E000000000000000085
:10886000F0B50023012403270D6804FA03F2154034
:10887000954242D1D0F800C05E0007FA06F52CEA16
:10888000050CC0F800C091F804C0D0F800E00CFA64
:1088900006FC4CEA0E0CC0F800C091F804C0BCF114
:1088A000010F02D0BCF1020F1FD1D0F808C02CEA92
:1088B000050CC0F808C091F805C0D0F808E00CFA23
:1088C00006FC4CEA0E0CC0F808C0D0F804C02CEA34
:1088D000020CC0F804C0426891F806C00CFA03FC10
:1088E0001FFA8CFC42EA0C024260C268AA43C260D2
:1088F000CA79C568B2402A43C2605B1C102BB3D34F
:10890000F0BD4B07DB0E9A40C90810B500EB8100A3
:10891000016A0F249C40A1430162016A1143016274
:1089200010BD0246002012690A4200D001207047A3
:1089300041837047018370470AB1018370474183C7
:10894000704700002DE9F04104462DED088B9FEDA6
:10895000569B007A0022B0EE498AF0EE698A4FF405
:108960007A7104F5805520B16089884214D96181FB
:1089700015E004EBC00394ED000B401C83ED060BE7
:108980008842F6DBA5F8582F94ED000B84ED040B1C
:10899000BDEC088BBDE8F08108B901206081B5F815
:1089A000580F401C80B2A5F8580F6189884201D346
:1089B000A5F8582FB5F8580F94ED000B04EBC00044
:1089C000002680ED060B63E0F7F777FE884648EC5B
:1089D000100B9FED371B074653EC112B51EC100B7E
:1089E000F7F779FD9FED34BB53EC1B2BF7F773FDC5
:1089F00048EC107B41EC1A0B53EC1B2B51EC100B89
:108A0000F7F769FD41EC1B0B3046F7F745FE53ECD9
:108A10001B2BF7F75AFD53EC1A2BF7F7CEFD9FED02
:108A2000280B41EC1A0B53EC102BF7F754FD53ECC9
:108A30001A2BF7F750FD41EC100B1BF0F5F9B0EED7
:108A400040AAF0EE60AA53EC1A2B51EC180BF7F782
:108A50009BFC41EC180BB5F8581F701C6789084443
:108A6000874200DCC01B04EBC00053EC1A2B90EDD6
:108A7000060B51EC100BF7F72EFD53EC192BF7F703
:108A800083FC41EC190B64206337B7FBF0F006441C
:108A90006089B04298DC53EC182B51EC190BF7F7B6
:108AA0008CFDC4E9040173E7000000000000000031
:108AB0009A9999999999D93F000000000000E03FE8
:108AC000000000000000E0BF0E4810B50268001D65
:108AD0000168001D03680C48140A02704470140CED
:108AE0008470120EC27001710A0A42710A0C8271FE
:108AF000090EC1710372190A4172190C8172190EA3
:108B0000C17210BD107AFF1FB8960020114906A24D
:108B10000020135C8B800B885B06FCD5401CC0B228
:108B20002A28F6D3FEE700000D0A456E7465722010
:108B3000486172644661756C745F48616E646C650F
:108B4000722C2053797374656D2048616C742E0DFE
:108B50000A000000001001402DE9F04F2DED048BBC
:108B6000804681B00C4691ED0C9B91F83800F7F7E8
:108B7000A4FD41EC180B4FF403612046F7F76AFBA4
:108B800084ED0C9B51EC180BF7F7C3FD84F838000B
:108B9000FEA14046F7F769FB4FF0000908B180F8E5
:108BA0000090FBA14046F7F760FB00282DD1F9A10A
:108BB000404626F0CBFA04F2447638B321780029F7
:108BC0007ED109212170451D00E06D1C28782028E8
:108BD000FBD0012700E07F1CE85D08B12028FAD116
:108BE000294605F8079032223046F7F750FBE8197E
:108BF000012102E0202A2CD1491C425C002AF9D133
:108C0000401CF7F7B4FBC4F860076AE2E3A14046F2
:108C100026F09CFA38B321780029D1D107212170A0
:108C2000051D00E06D1C28782028FBD0012700E0FE
:108C30007F1CE85D08B12028FAD1294605F8079085
:108C400032223046F7F723FBE819012107E0202AFA
:108C500004D0D1B23139092970D2D1E7491C425C24
:108C6000002AF4D1CCE7CFA1404626F06FFA0126C6
:108C700018B120780028A3D12670CBA1404626F059
:108C800065FA4FF0020A20B12078002898D184F8C4
:108C900000A0C6A1404626F059FA032718B1207853
:108CA00000288DD12770C2A1404626F04FFA20B18E
:108CB0002078002884D10C202070BEA1404600E01E
:108CC0008BE226F043FA20B120780028A5D10620B7
:108CD0002070BAA1404626F039FA40F25345B0B1AF
:108CE000012110E0202A0DD0D1B230390A29B3D2A7
:108CF000002A0BD0401CF7F73AFB80B260801428A2
:108D000004D20DE0491C425C002AEBD1D6E2207867
:108D100001280CD002280AD0032808D00C2806D03D
:108D2000A7A1404626F012FAF0B1012118E04FF455
:108D30008A6001B0BDEC048BBDE8F08F36E0202ADC
:108D40000DD0D1B230390A2986D2002ADED0401C9B
:108D5000F7F70DFB80B2A0801428D7D207E0491C9A
:108D6000425C002AEBD1A9E2207803280AD095A121
:108D7000404626F0EBF904F5806508B32178022916
:108D800084D102E040F25140D3E703220BE02029D6
:108D900008D0CAB2303A0A2A09D32E2909D02D297F
:108DA00004D106E0521C815C0029F0D186E3002941
:108DB000FCD084F82067C01C26F092FF85EDBC0B28
:108DC00081A1404626F0C2F9E8B121780229D7D125
:108DD00003220BE0202908D0CAB2303A0A2A09D36C
:108DE0002E2909D02D29E1D106E0521C815C0029F1
:108DF000F0D163E30029D9D084F82167C01C26F0A4
:108E00006FFF85EDBE0B71A1404626F09FF9E8B1DA
:108E100021780229B4D103220BE0202908D0CAB25C
:108E2000303A0A2A09D32E2909D02D29BED106E0CD
:108E3000521C815C0029F0D140E30029B6D084F8AF
:108E40002267C01C26F04CFF85EDC00B60A1404698
:108E500026F07CF9E8B12178022991D103220BE0B8
:108E6000202908D0CAB2303A0A2A09D32E2909D0BB
:108E70002D299BD106E0521C815C0029F0D11DE315
:108E8000002993D084F82367C01C26F029FF85EDC4
:108E9000C20B50A1404626F059F9E8B121780229C9
:108EA00095D103220BE0202908D0CAB2303A0A2A11
:108EB00009D32E2909D02D299BD106E0521C815CB3
:108EC0000029F0D1FAE2002993D084F82467C01C6D
:108ED00026F006FF85EDC40B3FA1404626F036F98B
:108EE000E8B12178022995D103220BE0202908D08E
:108EF000CAB2303A0A2A09D32E2909D02D299BD18A
:108F000006E0521C815C0029F0D1D7E2002993D001
:108F100084F82567C01C26F0E3FE85EDC60B2FA163
:108F2000404626F013F940B32378002B95D1042155
:108F300015E0202A12D0D3B2303B092B04D92E2AB7
:108F400002D0442A03D0B9E2052222704FE0421831
:108F50005278492A93D11022227005E0491C425CC4
:108F6000002AE6D1052B42D008448178002986D01A
:108F7000801CF7F7FCF984F822001AA1404626F07D
:108F8000E5F898B3207800288AD13AE02F2F000026
:108F90003A000000474F544F200000005355422034
:108FA000000000004D4C20004D4A20004D432000A1
:108FB0004D532000484F4D45200000005000000058
:108FC000510000004A313D004A323D004A333D0025
:108FD0004A343D004A353D004A363D005741495428
:108FE00000000000454E4449460000000BE0425C92
:108FF000002A8AD00844401E26F072FE84ED0A0B37
:10900000BBE714206CE0F9A1404626F09FF84FF032
:10901000040BE8B32178002988D1122121700221A4
:1090200052E0202A4FD0D3B2442B06D0212A15D0AB
:10903000522A30D0212A15D040E2451868784928B4
:10904000FAD184F823603AE0A81C0A226946F7F7AF
:1090500056F984F82200AD1C00982BE045186A7878
:10906000442A04D045186878522826D026E2A878E9
:109070004928E1D184F82370E8780028DCD0E81C86
:109080000A226946F7F73BF984F82200ED1C00E05C
:109090001DE000980EE0451884F823A068780028A9
:1090A000CAD0681C0A226946F7F729F984F8220019
:1090B00000986D1C8542BFD009E084F823B0A878E1
:1090C0000028B9D0C0E7491C425C002AA9D1C8A138
:1090D000404626F03BF828B1207800289CD1132088
:1090E0002070E9E1C4A1404626F030F805001BD00D
:1090F0002078002890D10B202070032707E020283B
:1091000004D0C0B230380A2896D203E07F1CE85D54
:109110000028F4D1E81CF7F72AF980B2A4F828084F
:1091200002280BD8E85D48B1B4A1404626F00EF8FD
:1091300005001CD0207800284FD102E040F25A40B0
:10914000F7E50D202070042707E0202804D0C0B2E6
:109150003038022860D203E07F1CE85D0028F4D19B
:10916000281DF7F704F9A4F82A08E85D38B1A5A18D
:10917000404625F0EBFF38B1207870BB02E040F2AA
:109180005D40D6E50F202070A0A1404625F0DEFF0F
:1091900028B120780F2802D0F8B90E2020709CA1A9
:1091A000404625F0D3FF40F25E45B8B1022110E001
:1091B000202A0DD0D1B230390A292DD2F2B3801C29
:1091C000F7F7D5F8C0B284F82200012876D80AE073
:1091D000491C425C002AEBD170E0CDE020780F28DA
:1091E0006CD00E286AD08BA1404625F0AFFFD0B1DD
:1091F0002178062917D001220BE0202908D0CAB215
:10920000303A0A2A09D32E2908D02D2904D105E0A5
:10921000521C815C0029F0D150E181B3401C26F042
:109220005FFD84ED9A0B78A1404625F08FFF010089
:109230002DD0207805282AD0092800E03EE026D04D
:109240000B2824D00D2822D00F2820D00E281ED085
:1092500010281CD0012040F2544512E0202A0FD0E3
:10926000D0B230380A280AD242B3481CF7F77FF848
:1092700080B220810A2821D2207830B107E043E073
:10928000401C0A5C002AE9D118E01120207062A17C
:10929000404625F05BFFC0B1012140F2554510E08A
:1092A000202A0DD0D1B230390A292DD232B1401C3A
:1092B000F7F75DF880B2E0800A2806D3284638E543
:1092C000491C425C002AEBD1F8E79FED540B55A1F5
:1092D00084ED040B404625F039FFE0B121780B29DD
:1092E00019D00F2917D0122915D0012109E0202A01
:1092F00006D0D1B230390A2907D32E2A04D105E08D
:10930000491C425C002AF2D1D8E0A2B3401C26F0EE
:10931000E7FC84ED040B44A1404625F017FF18B18B
:10932000207848BB08202070AFF24431404625F039
:109330000DFF9FED3E8B40F25745A0B321781229D7
:109340004CD04178432906D0412907D084F8389081
:1093500001210A4612E084F8386001E084F838A060
:109360000221F6E7202B08D0DAB2303A0A2A08D3D5
:109370002E2B00D105E0A1E077E0521C835C002B8E
:10938000F0D1084426F0ACFC84ED0C0B53EC182B08
:1093900051EC100BF7F7EAF920D894ED0C0B25A04F
:1093A00053EC102B17E0FFE72078012805D00228A6
:1093B00003D0032801D0062810D194ED0C0B53ECF8
:1093C000182B51EC100BF7F7D1F907D894ED0C0BD3
:1093D0001CA053EC102B1AF071F86FE700261DA1AA
:1093E000404625F0B3FE05465F4656E0494600007C
:1093F000454C53450000000054524B0054414E4729
:1094000000000000524553455400000053455400ED
:10941000444F0000480000005A0000000000000017
:109420000000F0BF52000000454E44000000000064
:1094300000000000302D46656564726174653D254D
:10944000660D0A00312D46656564726174653D25BF
:10945000660D0A004D000000681CF6F788FF002822
:1094600015DD217821B1042902D040F24F4060E49B
:109470000A2E02DB40F252405BE4012802DB40F29C
:10948000564056E4A119277081F82000761C681C0C
:10949000AFF2400125F05AFE0546002DDCD101E077
:1094A00008F1010898F800002028F9D04046F6F7A6
:1094B000FAFE08B1207808B100203AE440F24E40AC
:1094C00037E400002DE9F04F90462DED088B95B064
:1094D0001F4681460EAA03F0EDF99FEDFE8B002496
:1094E0009FEDFEAB0DF1380B4FEA0D0A0BEBC405F7
:1094F00053EC1A2B95ED000B51EC100BF7F736F9E6
:1095000026D009EBC40090ED009B08EBC40053EC9F
:10951000192B90ED000B51EC100BF6F7D6FF95EDE3
:1095200000BB53EC1B2BF7F748F80AEB041553EC80
:10953000192BC5E9000107EBC40090ED000B51ECBD
:10954000100BF6F7C2FF53EC1B2BF7F736F841E090
:1095500007EBC40608EBC40596ED000B95ED001B68
:1095600053EC102B51EC110BF7F700F902D295EDEB
:10957000000B01E096ED000B09EBC4000C9090EDA0
:10958000001B53EC102B51EC110BF7F707F924D803
:1095900096ED001B95ED000B53EC112B51EC100BCD
:1095A000F7F7FCF802D895ED000B01E096ED000B03
:1095B0000C9853EC102B90ED001B51EC110BF7F7AE
:1095C000D5F80AD80AEB041551EC180B85ED008B81
:1095D00081F00041C5E9020105E00AEB041080EDCD
:1095E000008B80ED028B641C032CFFF67FAF9DED9A
:1095F0000A1B9DED080B53EC112B51EC100BF7F7E8
:10960000B5F802D29DED088B01E09DED0A8B9DED32
:10961000061B9DED040B53EC112B51EC100BF7F7CF
:10962000A5F802D29DED049B01E09DED069B9DEC0B
:10963000040B51EC100B53EC112BF7F797F802D2F7
:109640009DED000B01E09DED020B53EC192B51EC4D
:10965000100BF7F7A3F80ED89DEC040B51EC100B90
:1096600053EC112BF7F782F802D29DED000B12E0BC
:109670009DED020B0FE09DED061B9DED040B53ECE1
:10968000112B51EC100BF7F771F802D29DED040B82
:1096900001E09DED060B53EC182B51EC100BF7F786
:1096A0007DF844D89DED061B9DED040B53EC112B6A
:1096B00051EC100BF7F75AF802D29DED048B01E044
:1096C0009DED068B9DEC040B51EC100B53EC112B14
:1096D000F7F74CF802D29DED000B01E09DED020B77
:1096E00053EC182B51EC100BF7F758F80ED89DECF3
:1096F000040B51EC100B53EC112BF7F737F802D297
:109700009DED008B23E09DED028B20E09DED061B7F
:109710009DED040B53EC112B51EC100BF7F726F8D1
:1097200002D29DED048B12E09DED068B0FE09DEDC6
:109730000A1B9DED080B53EC112B51EC100BF7F7A6
:1097400015F802D29DED088B01E09DED0A8B9DED91
:109750000A1B9DED080B53EC112B51EC100BF7F786
:109760001DF802D89DED08BB01E09DED0ABB9DED03
:10977000061B9DED040B53EC112B51EC100BF7F76E
:109780000DF802D89DED049B01E09DED069B9DEC3C
:10979000040B51EC100B53EC112BF6F7FFFF02D822
:1097A0009DED000B01E09DED020B53EC192B51ECEC
:1097B000100BF6F7DBFF0ED29DEC040B51EC100BF7
:1097C00053EC112BF6F7EAFF02D89DED000B12E0E7
:1097D0009DED020B0FE09DED061B9DED040B53EC80
:1097E000112B51EC100BF6F7D9FF02D89DED040BAD
:1097F00001E09DED060B53EC1B2B51EC100BF6F723
:10980000B5FF44D29DED061B9DED040B53EC112BCF
:1098100051EC100BF6F7C2FF02D89DED049B01E05E
:109820009DED069B9DEC040B51EC100B53EC112BA2
:10983000F6F7B4FF02D89DED000B01E09DED020BA1
:1098400053EC192B51EC100BF6F790FF0ED29DEC58
:10985000040B51EC100B53EC112BF6F79FFF02D8C1
:109860009DED009B23E09DED029B20E09DED061BFE
:109870009DED040B53EC112B51EC100BF6F78EFF02
:1098800002D89DED049B12E09DED069B0FE09DED3F
:109890000A1B9DED080B53EC112B51EC100BF6F746
:1098A0007DFF02D89DED089B01E09DED0A9B53ECE6
:1098B0001A2B51EC190BF6F759FF1CD351EC180B6E
:1098C0009FED080B53EC102BF6F768FF13D353EC06
:1098D000192B0BE0000000205FA0024200000000F6
:1098E00000000000000000000000F03F51EC180BE9
:1098F000F6F754FF05D2002015B0BDEC088BBDE88B
:10990000F08F0120F8E770B50C4606461546142185
:109910002046F6F79FFC0121304608E002780D2A28
:1099200002D142780A2A07D0401C02783AB1A942F3
:10993000F4D30022014608E0801C491CF5E740F200
:109940001D4070BD521C92B2401C03780D2B02D1F9
:1099500043780A2B01D0142AF4D32046F6F761FC91
:10996000002070BD2DE9F04115462DED048B0E460B
:1099700007469FED198B00249FED199B1FE000BF48
:1099800007EBC40090ED000B06EBC40053EC102B6A
:1099900090ED002B51EC120BF6F797FD41EC100BFC
:1099A000B0EE491AF0EE691A1AF0F6FB53EC182BD8
:1099B00051EC100BF6F7E8FC41EC180B641CAC42C0
:1099C000DEDBB0EE480AF0EE680ABDEC048BBDE8C1
:1099D000F0411BF0DDBA00000000000000000000B4
:1099E000000000000000004070B50C462DED068B15
:1099F000054690ED041B91ED040B53EC112B51EC3B
:109A0000100BF6F762FD9FED269B41EC100BB0EEBC
:109A1000491AF0EE691A1AF0BFFBB0EE408AF0EE78
:109A2000608A95ED021B94ED020B53EC112B51EC67
:109A3000100BF6F74AFD41EC100BB0EE491AF0EEB0
:109A4000691A1AF0A9FBB0EE40AAF0EE60AA95EDF3
:109A5000000B94ED001B53EC102B51EC110BF6F79F
:109A600034FD41EC100BB0EE491AF0EE691A1AF011
:109A700093FBB0EE401AF0EE601A53EC1A2B51EC47
:109A8000110BF6F781FC53EC182BF6F77DFCBDECBF
:109A9000068B41EC100BBDE870401BF079BA00005A
:109AA00000000000000000402DE9F74F8B469FEDBD
:109AB000241B9246002101EB41030020B0EE410A35
:109AC000F0EE610A0AEBC30202EBC003401C83ED17
:109AD000000B0328F8DB491C0329ECDB002707EB0C
:109AE00047000099002501EBC0080AEBC0090024DB
:109AF00009EBC50604EB44010BEBC10000EBC5000C
:109B000090ED000B08EBC40053EC102B90ED001B04
:109B100051EC110BF6F7DFFC96ED001B53EC112B0B
:109B2000F6F732FC641C032CC6E90001E2DB6D1C75
:109B3000032DDCDB7F1C032FD1DB0020BDE8FE8F73
:109B40000000000000000000F0B50D462DED068B72
:109B500085B004469FEDA88B9FEDA9AB9FEDAA9B16
:109B600090ED000B53EC182B51EC100BF6F70CFC9E
:109B700094ED081B53EC112BF6F706FC94ED101B2B
:109B800053EC112BF6F700FC53EC1A2BF6F7EEFD15
:109B900004D2B0EE4A0AF0EE6A0A15E094ED000B2A
:109BA00053EC182B51EC100BF6F7EEFB94ED081B61
:109BB00053EC112BF6F7E8FB94ED101B53EC112B33
:109BC000F6F7E2FB41EC100B1BF0E2F953EC192B1A
:109BD00051EC100BF6F77FFCC5E9000194ED000B8A
:109BE00053EC182B51EC100BF6F7CEFB94ED081B41
:109BF00053EC112BF6F769FC94ED101B53EC112B71
:109C0000F6F763FC53EC1A2BF6F7B0FD04D2B0EE76
:109C10004A0AF0EE6A0A15E094ED000B53EC182B9B
:109C200051EC100BF6F7B0FB94ED081B53EC112B25
:109C3000F6F74BFC94ED101B53EC112BF6F745FC9B
:109C400041EC100B1BF0A4F953EC192B51EC100B49
:109C5000F6F741FCC5E9020194ED000B51EC180B3D
:109C600053EC102BF6F731FC94ED081B53EC112B41
:109C7000F6F78AFB94ED101B53EC112BF6F725FC3D
:109C800053EC1A2BF6F772FD04D2B0EE4A0AF0EE4E
:109C90006A0A15E094ED000B51EC180B53EC102BF5
:109CA000F6F713FC94ED081B53EC112BF6F76CFB45
:109CB00094ED101B53EC112BF6F707FC41EC100B45
:109CC0001BF066F953EC192B51EC100BF6F703FC63
:109CD000C5E9040194ED000B51EC180B53EC102B6B
:109CE000F6F7F3FB94ED081B53EC112BF6F7EDFBA5
:109CF00094ED101B53EC112BF6F746FB53EC1A2B8B
:109D0000F6F734FD04D2B0EE4A0AF0EE6A0A15E026
:109D100094ED000B51EC180B53EC102BF6F7D5FB20
:109D200094ED081B53EC112BF6F7CFFB94ED101BB1
:109D300053EC112BF6F728FB41EC100B1BF028F924
:109D400053EC192B51EC100BF6F7C5FBC5E90601D6
:109D500095ED020B0F468DED020B94ED0A1B94ED71
:109D60000E0B064653EC112B51EC100BF6F7ADFB26
:109D7000CDE900010399019861F31E0003909DED68
:109D8000020B85ED020B95ED040B8DED020B94EDAE
:109D90000C1B94ED040B53EC112B51EC100BF6F74C
:109DA00094FBCDE900010399019861F31E00039033
:109DB0009DED020B85ED040BCDE9026794ED021BCE
:109DC00094ED060B53EC112B51EC100BF6F77DFBC9
:109DD000CDE900010399019861F31E0003909DED08
:109DE000020B284685ED060B01F0F6FD05B00020BC
:109DF000BDEC068BF0BD0000000000000000F03F4D
:109E00000000000000000000000000000000E03F33
:109E100070B505462DED0E8BB0EE43AAF0EE63AAA9
:109E2000B0EE428AF0EE628AB0EE419AF0EE619AAC
:109E3000B0EE40BAF0EE60BA9FEDA1DB9FEDA2EB71
:109E40009FEDA3CB53EC1E2B51EC1B0BF6F78EFCB6
:109E500014D353EC1E2B51EC1A0BF6F787FC0DD3E1
:109E600053EC1E2B51EC190BF6F780FC06D953EC82
:109E70001E2B51EC180BF6F779FC03D8FF20BDEC34
:109E80000E8B70BD53EC1E2B51EC1B0BF6F76EFCCA
:109E900002D185ED00AB10E153EC192B51EC190BFD
:109EA000F6F719FB0E4646EC100B044653EC192B43
:109EB00051EC100BF6F70FFB53EC182BF6F77DFB6C
:109EC00053EC182BF6F779FB41EC1E0B53EC1C2BD3
:109ED00051EC190BF6F7FFFA53EC1A2BF6F7FBFAD5
:109EE00053EC182BF6F769FB53EC1E2BF6F74CFAE4
:109EF00041EC100B51EC1B0B53EC102BF6F736FC1E
:109F000079D853EC1C2B51EC1A0BF6F7E4FA53EC0E
:109F1000182BF6F7E0FA9FED701B53EC112BF6F7B8
:109F20004CFB41EC1C0B51EC1B0B81F0004153EC42
:109F3000182BF6F7D0FA53EC182BF6F7CCFA53ECB3
:109F40001D2BF6F7C8FA41EC190B53EC192BF6F759
:109F5000C2FA41EC1B0B53EC1C2B51EC1C0BF6F71B
:109F6000BAFA53EC1C2BF6F7B6FA53EC1B2BF6F7A8
:109F70000BFA41EC1B0BB0EE4B0AF0EE6B0A1BF038
:109F800007F853EC192B51EC100BF6F79EFA41EC45
:109F9000100B1CF0C9FBB0EE40CAF0EE60CAB0EE88
:109FA0004B0AF0EE6B0A1AF0F3FFB0EE40BAF0EE97
:109FB00060BA51EC190B81F0004153EC1B2BF6F702
:109FC00084FA41EC100B1CF0AFFB53EC102B51EC5E
:109FD0001C0BF6F7D9F941EC100B53EC102BF6F7EC
:109FE0007AFA53EC182BF6F7E8FA53EC1A2BF6F73B
:109FF000CBF960E0FFE753EC182B51EC1A0BF6F7A6
:10A00000DCFA41EC1E0B53EC1A2B51EC1A0BF6F751
:10A0100062FA53EC192BF6F7D0FA53EC192BF6F73A
:10A02000CCFA41EC1A0B53EC1C2B51EC1B0BF6F742
:10A0300052FA53EC192BF6F7C0FA46EC104B41ECF0
:10A040001B0B53EC182B51EC100BF6F7B6FA53EC34
:10A05000182BF6F7B2FA9FED221B53EC112BF6F7F3
:10A060003AFA53EC1B2BF6F78FF953EC1A2BF6F751
:10A070008BF953EC1E2BF6F728FA41EC1A0B53EC34
:10A08000182B51EC190BF6F798FA53EC1D2BF6F739
:10A0900022FA41EC180BB0EE4A0AF0EE6A0A1AF006
:10A0A00077FF53EC182B51EC100BF6F70EFA53EC2C
:10A0B000192BF6F710FAC5E900010020DFE60000D1
:10A0C000000000000000E03F000000000000000071
:10A0D00000000000000000400000000000000840F8
:10A0E000000000000000D03F2DE9FF5F1E462DED6F
:10A0F0000E0B17460D4680464FF0FF342DED108BAA
:10A10000A0B0B0EE45CAF0EE65CAB0EE44BAF0EECB
:10A1100064BAB0EE43AAF0EE63AAB0EE429AF0EE53
:10A12000629AB0EE418AF0EE618A9FEDFEEB9DED02
:10A13000300B53EC1E2B51EC100BF6F717FB7DD3B5
:10A1400053EC1E2B51EC1C0BF6F710FBF7D353EC22
:10A150001A2B51EC1C0BF6F721FBF0D353EC1E2B02
:10A1600051EC1B0BF6F702FBE9D353EC1E2B51EC21
:10A17000180BF6F7FBFA61D953EC1E2B51EC190BB7
:10A18000F6F7F4FAF7D953EC1E2B51EC1A0BF6F74D
:10A19000EDFAF0D99FEDE50B51EC180B53EC102BB9
:10A1A000F6F7F2F841EC1F0B9DED3C0B19F0E8FFC0
:10A1B0008DED020B53EC1F2B51EC100BF6F7EEFA62
:10A1C000BDD39DED300B53EC1E2B51EC100BF6F76D
:10A1D000CDFA16D153EC1C2B51EC1B0BF6F7C6FA3B
:10A1E00006D0FA2020B0BDEC108B12B0BDE8F09F75
:10A1F00088ED00BB85ED00EB87ED00EB86ED00EB15
:10A20000F3E353EC1B2B51EC1C0BF6F75EF941EC1E
:10A21000100B8DED040B9FEDC70B53EC102B9DED38
:10A220003C0B51EC100BF6F756F90D919DED3C1BD4
:10A23000824653EC112BF6F74EF900E0FEE341ECB9
:10A240001D0B9DED040B19F09BFF8DED0A0B53ECDC
:10A25000192B51EC100BF6F73EF953EC1D2BF6F7CA
:10A2600093F841EC100B1AF093FEB0EE40DAF0EEEA
:10A2700060DA9DED020B53EC1D2BB0EE401AF0EEB0
:10A28000601A51EC110BF6F789FA05D29DED020B1D
:10A29000B0EE40DAF0EE60DA53EC182B51EC1D0B07
:10A2A000F6F77CFA03D2B0EE48DAF0EE68DA9FED0A
:10A2B0009D0B51EC1D0B53EC102BF6F757FA7DD08C
:10A2C0009DED020B53EC1D2B51EC100BF6F700F932
:10A2D0008B464BEC100B814653EC192B51EC100BB9
:10A2E000F6F76BF941EC1E0B9FED8E0B53EC102B28
:10A2F000F6F73CFA01D29FED8BEB4BEC1F9B9FEDE9
:10A300008D0B51EC1F0B53EC102BF6F7E4F853ECCC
:10A310001F2BF6F7E0F853EC192BF6F74EF94BEC40
:10A32000119B9DED020B41EC1F0B53EC112B51ECDB
:10A33000100BF6F7D0F853EC192BF6F73EF941EC79
:10A34000100B8DED120B9FED7B0B51EC1D0B53ECA5
:10A35000102BF6F7C0F88B464BEC100B814653ECF4
:10A360001D2B51EC100BF6F7B6F853EC192BF6F742
:10A3700024F941EC110B9DED0A0B53EC112B51EC20
:10A38000100BF6F7A2F89DED120B53EC102BF6F71D
:10A390009CF853EC1F2BF6F798F853EC1D2B41EC6F
:10A3A0001F0B9FED660B51EC100BF6F706F953EC03
:10A3B0001F2BF6F790F841EC1F0B00E08DE19FEDAD
:10A3C000590B53EC102BF6F7D1F901D29FED55FB49
:10A3D00053EC192B51EC1D0BF6F7EFF841EC100B79
:10A3E0008DED140B9FED4F0B53EC102B9DED040BDB
:10A3F00051EC100BF6F7BAF901D2204600E001202B
:10A40000F6F74AF941EC100B8DED100B9FED490B5F
:10A4100051EC190B53EC102BF6F75DF853EC1E2B97
:10A42000F6F759F853EC1E2BF6F755F841EC100BE4
:10A4300053EC1E2B8DED0A0B9DED020B51EC100B16
:10A44000F6F749F89DED0A0B53EC102BF5F79CFF3E
:10A450009DED100B53EC102BF6F73DF853EC1B2B36
:10A46000F5F792FF41EC100B8DED0A0B9FED2D0BD4
:10A4700053EC102B9DED040B51EC100BF6F776F915
:10A4800001D2204600E00120F6F706F941EC100B5E
:10A4900053EC1F2B8DED120B51EC1D0BF6F71BF837
:10A4A0009DED120B53EC102BF6F715F89DED0A1BE2
:10A4B00053EC112BF5F768FF41EC100B8DED100BF1
:10A4C0009FED180B53EC102B9DED040B51EC100B72
:10A4D000F6F74CF901D2204600E00120F6F7DCF84F
:10A4E00041EC100B9FED131B8DED120B9DED020B3C
:10A4F00053EC112B51EC100BF5F7EDFF53EC1E2B29
:10A50000F5F7E9FF53EC1E2BF5F7E5FF41EC100BD7
:10A5100053EC1E2B8DED160B51EC190BF5F7DBFFF1
:10A5200010E000000000000000000000F168E38877
:10A53000B5F8E43E000000000000E03F000000002D
:10A540000000F03F53EC1E2BF5F7C5FF53EC1E2B1C
:10A55000F5F7C1FF9FEDFE1B53EC112BF6F72DF81D
:10A560009DED160B53EC102BF5F70EFF9DED120B26
:10A5700053EC102BF5F7AFFF41EC100B53EC1E2BF7
:10A580008DED120B51EC1B0BF5F7A5FF9DED120B9A
:10A5900053EC102BF5F7F8FE1FED1E0B41EC1E0BD4
:10A5A00053EC102B9DED040B51EC100BF6F7DEF87D
:10A5B00001D2204600E00120F6F76EF841EC100BC6
:10A5C00053EC1F2B8DED120B4BEC109B51EC100B31
:10A5D000F5F781FF53EC1F2BF5F77DFF9DED120B77
:10A5E00053EC102BF5F777FF41EC100B53EC1F2BBE
:10A5F0008DED120B9DED0A0B51EC100BF5F76BFF77
:10A600009DED120B53EC102BF5F7BEFE53EC1E2BF9
:10A61000F5F7BAFE1FED3D0B41EC1F0B53EC102B71
:10A620009DED040B51EC100BF6F7A0F801D220467B
:10A6300000E00120F6F730F841EC110B51EC190B5A
:10A640008DED0A1B9DED140B53EC102BF5F743FF1A
:10A650009DED141B53EC112BF5F73DFF9DED141BE5
:10A6600053EC112BF5F737FF9FEDB91B53EC112B72
:10A67000F5F7A3FF4BEC109B9DED141B41EC1E0B5B
:10A6800053EC112B51EC100BF5F725FF9DED141B2E
:10A6900053EC112BF5F71FFF53EC1E2BF5F715FFAD
:10A6A0009DED0A1B53EC112BF5F715FF9DED140BD7
:10A6B00041EC1E0B53EC102B9DED100B51EC100BCD
:10A6C000F5F709FF53EC1E2BF5F75EFE53EC1F2B3D
:10A6D000F5F75AFE41EC1F0B01E01FED6EFB1FED7D
:10A6E0006DEB9DED300B53EC1E2B51EC100BF5F781
:10A6F0004BFE53EC1F2BF6F739F81BD288ED00CB3D
:10A700001FED788B9DED040B53EC182B51EC100BC7
:10A71000F6F72CF800D301242046F5F7BDFF53ECE3
:10A720001D2BF5F7D8FEC5E9000187ED008B86EDFE
:10A73000008B65E553EC1B2B51EC1A0BF5F7C5FEAE
:10A7400041EC100B8DED040B0D999DED3C1B41EC84
:10A7500010AB53EC112B51EC100BF5F7BCFE41EC98
:10A760001D0B9DED040B19F00BFD8DED100B53EC43
:10A77000192B51EC100BF5F7AEFE53EC1D2BF5F732
:10A7800003FE41EC100B1AF003FCB0EE40DAF0EEE1
:10A7900060DA1FED9A0B51EC1D0B53EC102BF5F703
:10A7A000F3FD41EC110B9DED020B53EC112B51EC21
:10A7B000100BF5F7F3FF01D2FC2013E553EC182B37
:10A7C00051EC1D0BF5F7EAFF03D2B0EE48DAF0EEDC
:10A7D00068DA1FEDAC0B51EC1D0B53EC102BF5F7A9
:10A7E000C5FF7CD09DED020B53EC1D2B51EC100BE3
:10A7F000F5F76EFE8B464BEC100B814653EC192B94
:10A8000051EC100BF5F7D9FE41EC1E0B4BEC1F9BE6
:10A810001FEDB80B51EC1F0B53EC102BF5F75BFE43
:10A8200053EC1F2BF5F757FE53EC192BF5F7C5FE2C
:10A8300041EC100B4BEC119B8DED0E0B9DED020BC3
:10A8400053EC112B51EC100BF5F745FE53EC192B83
:10A85000F5F7B3FE41EC1F0B1FEDCA0B51EC1D0BBE
:10A8600053EC102BF5F737FE8B464BEC100B814663
:10A8700053EC1D2B51EC100BF5F72DFE53EC192B5F
:10A88000F5F79BFE41EC110B9DED100B53EC112BDA
:10A8900051EC100BF5F719FE53EC1F2BF5F715FED5
:10A8A0009DED0E0B53EC102BF5F70FFE53EC1D2B0B
:10A8B00041EC1F0B1FEDDF0B51EC100BF5F77DFE8C
:10A8C00053EC1F2BF5F707FE41EC100B53EC192B43
:10A8D0008DED140B51EC1D0BF5F76FFE00E0EFE171
:10A8E00041EC1F0B1FEDF10B53EC102B9DED040BF6
:10A8F00051EC100BF5F73AFF01D2204600E00120A1
:10A90000F5F7CAFE41EC100B8DED0E0B1FEDF70BAA
:10A9100051EC190B53EC102BF5F7DDFD53EC1E2B0E
:10A92000F5F7D9FD53EC1E2BF5F7D5FD41EC100BD7
:10A9300053EC1E2B8DED060B9DED020B51EC100B15
:10A94000F5F7C9FD9DED060B53EC102B04E000005C
:10A950000000000000001840F5F716FD9DED0E0BFD
:10A9600053EC102BF5F7B7FD53EC1B2BF5F70CFD53
:10A9700041EC100B8DED120B9FEDFD0B53EC102BEA
:10A980009DED040B51EC100BF5F7F0FE01D22046C3
:10A9900000E00120F5F780FE41EC100B51EC1D0B9F
:10A9A0008DED0E0B9DED140B53EC102BF5F793FD75
:10A9B0009DED0E0B53EC102BF5F78DFD9DED121B4D
:10A9C00053EC112BF5F7E0FC41EC100B8DED0E0B69
:10A9D0009FEDE70B53EC102B9DED040B51EC100B8E
:10A9E000F5F7C4FE02D2204601E03DE20120F5F772
:10A9F00053FE41EC100B8DED160B9DED020B9FED00
:10AA0000DE1B51EC100B53EC112BF5F764FD53ECEE
:10AA10001E2BF5F760FD53EC1E2BF5F75CFD41ECAA
:10AA2000100B53EC1E2B8DED060B51EC190BF5F7AB
:10AA300052FD53EC1E2BF5F74EFD00E0ABE253EC5C
:10AA40001E2BF5F748FD1FED3E1B53EC112BF5F7C0
:10AA5000B4FD9DED060B53EC102BF5F795FC9DED29
:10AA6000160B53EC102BF5F736FD41EC110B53ECA4
:10AA70001E2B8DED061B51EC1B0BF5F72CFD9DEDF0
:10AA8000061B53EC112BF5F77FFC41EC100B8DED01
:10AA9000060B9FEDB70B53EC102B9DED040B51EC07
:10AAA000100BF5F763FE01D2204600E00120F5F718
:10AAB000F3FD4BEC109B9DED141B41EC1E0B53EC76
:10AAC000112B51EC100BF5F706FD9DED141B53EC0B
:10AAD000112BF5F700FD53EC1E2BF5F7FCFC9DED5B
:10AAE000140B41EC1E0B53EC102B9DED120B51EC93
:10AAF000100BF5F7F0FC53EC1E2BF5F745FC9DED24
:10AB0000061B53EC112BF5F73FFC41EC100B8DEDC0
:10AB1000060B9FED970B53EC102B9DED040B51ECA6
:10AB2000100BF5F723FE01D2204600E00120F5F7D7
:10AB3000B3FD41EC100B53EC1F2B8DED0A0B51ECC8
:10AB4000190BF5F7C8FC53EC1F2BF5F7C4FC53ECBD
:10AB50001F2BF5F7C0FC1FED821B53EC112BF5F7F3
:10AB60002CFD4BEC109B41EC1E0B53EC1F2B51ECBE
:10AB7000100BF5F7B0FC53EC1F2BF5F7ACFC53ECC6
:10AB80001E2BF5F7A2FC9DED0A0B53EC102BF5F7ED
:10AB9000A2FC9DED0E0B41EC1E0B53EC1F2B51EC58
:10ABA000100BF5F798FC53EC1E2BF5F7EDFB9DED24
:10ABB000061B53EC112BF5F7E7FB41EC100B00BF24
:10ABC0008DED060B53EC1C2B51EC1A0BF5F77DFCAD
:10ABD00041EC100B19F0D4FAB0EE40EAF0EE60EA66
:10ABE00053EC1E2B51EC190BF5F775FC41EC100BD7
:10ABF0001AF0CEF9B0EE40FAF0EE60FA53EC182BF2
:10AC000051EC1F0BF5F7CAFD03D2B0EE48FAF0EE97
:10AC100068FA9FED570B51EC1F0B53EC102BF5F717
:10AC2000A5FD5BD053EC192B51EC1F0BF5F7C5FCC0
:10AC300041EC100B53EC1F2B8DED100B51EC1E0B48
:10AC4000F5F7BBFC9DED100B53EC102BF5F79CFBBF
:10AC500041EC100B53EC1F2B8DED0E0B51EC1E0B2A
:10AC6000F5F739FC53EC192BF5F7A7FC41EC100B69
:10AC700053EC1E2B8DED100B51EC1E0BF5F72BFC3E
:10AC800053EC1F2BF5F799FC9DED100B53EC102B9B
:10AC9000F5F77AFB9FED381B53EC112BF5F71BFCF6
:10ACA00041EC1E0B53EC1C2B51EC1A0BF5F75EFD1F
:10ACB0009DED0E0B53EC102B05D251EC1A0B04E05A
:10ACC0009FED2B0B7CE751EC1C0BF5F704FC53ECD0
:10ACD0001E2BF5F759FB41EC1E0B01E09FED24EB19
:10ACE0009DED060B53EC102B9DED300B51EC100B32
:10ACF000F5F7EBFB53EC1E2BF5F7E7FB9FED1C0B79
:10AD000041EC1E0B53EC102BF5F748FD3CD888EDB9
:10AD100000AB9FED170B53EC102B9DED040B51EC8A
:10AD2000100BF5F723FD00D301242046F5F7B4FC02
:10AD300053EC1D2BF5F7CFFBC5E900019FED100B80
:10AD400087ED00FB86ED00EB53EC102B51EC1D0B57
:10AD5000F5F71AFB41EC110B9DED020B53EC112B97
:10AD600051EC100BF5F71AFD7ED2FD2025E5000011
:10AD70000000000000000000000000000000E03FB4
:10AD8000F168E388B5F8E43E53EC1A2B51EC1B0B49
:10AD9000F5F704FD69D288ED00CB9DED020B51EC77
:10ADA000100BB0EE401AF0EE601A53EC112BF5F7D1
:10ADB00092FB894649EC100B044653EC192B51ECDD
:10ADC000100BF5F7FAFB53EC192BF5F7F6FB9DED9D
:10ADD000020B41EC180B53EC192B51EC100BF5F74F
:10ADE000ECFB53EC192BF5F7E8FB41EC1A0B53EC99
:10ADF0001C2B51EC1B0BF5F7C7FA8A464AEC100BDB
:10AE0000804653EC192B51EC100BF5F7D6FB53ECA5
:10AE10001A2BF5F7B9FA53EC182BF5F756FB9DED05
:10AE2000020B49EC114B41EC1A0B53EC102B51EC7B
:10AE3000110BF5F750FB9FEDFE1B53EC112BF5F7B3
:10AE4000BCFB53EC192BF5F7B8FB53EC192BF5F7BA
:10AE5000B4FB9DED020B41EC180B53EC1B2B51EC9A
:10AE6000100BF5F738FB01E014E196E053EC192BD9
:10AE7000F5F7A3FB9DED301B53EC112BF5F784FA8E
:10AE800053EC182BF5F721FB49EC104B41EC180B58
:10AE900053EC192B51EC100BF5F78FFB41EC110B18
:10AEA0004AEC108B53EC112B51EC100BF5F76CFAAC
:10AEB00041EC1D0B49EC104B1FED511B51EC100BDD
:10AEC00053EC112BF5F707FB53EC192BF5F775FB3A
:10AED00041EC190B53EC1C2B51EC1B0BF5F7F5FA5D
:10AEE00053EC192BF5F750FA53EC1D2BF5F7F3FA49
:10AEF00041EC100B51EC1A0B53EC102BF5F7EBFA5D
:10AF000041EC190B53EC182B51EC180BF5F7E3FA45
:10AF100053EC192BF5F7D9FA41EC1B0B1FED6C9B89
:10AF200053EC192BF5F722FC06D353EC192B51ECFB
:10AF30001A0BF5F71BFC01D1FE203EE4B0EE4B0AE4
:10AF4000F0EE6B0A1AF024F853EC182B51EC100BAE
:10AF5000F5F7BBFA53EC1A2BF5F72FFBC5E9000107
:10AF600087ED009B86ED009B95ED000B19F008F92D
:10AF70001FED7D1B51EC100B53EC112BF5F704FA70
:10AF800041EC110B9DED020B53EC112B51EC100B0E
:10AF9000F5F704FC7ED2FF200FE41FED8BDB53ECB2
:10AFA0001C2B8DED10DB8DED14AB51EC1B0BF5F76D
:10AFB000F5FB04D8B0EE4B0AF0EE6B0A03E0B0EEFE
:10AFC0004C0AF0EE6C0A8DED120B9FED9B0B53ECCF
:10AFD000102B9DED100B51EC100BF5F7D5F941EC52
:10AFE000100B8DED100B1FED9EFB51EC1E0B53EC67
:10AFF0001F2BF5F7BBFB08D28DED14AB9DED120BAB
:10B0000051EC1A0B53EC102B0EE053EC1F2B51ECB0
:10B010001E0BF5F7C3FB12D28DED12AB9DED140B99
:10B0200053EC1A2B51EC100BF5F7AEF91FEDAE1BDC
:10B0300053EC112BF5F74FFA41EC1A0B0EE0B0EE82
:10B040004F0AF0EE6F0A53EC102B51EC1E0BF5F784
:10B050008DFB03D19FED7A0B8DED100B53EC1B2B69
:10B0600051EC1A0BF5F731FA41EC100B8DED040B96
:10B070000D999DED3C1B41EC10AB53EC112B51ECA9
:10B08000100BF5F728FA41EC1D0B9DED040B19F0A0
:10B0900077F800E0E5E28DED160B53EC192B51EC3F
:10B0A000100BF5F718FA53EC1D2BF5F76DF941EC81
:10B0B000100B19F06DFFB0EE40DAF0EE60DA53ECF1
:10B0C000182B51EC1D0BF5F769FB03D2B0EE48DAF3
:10B0D000F0EE68DA1FEDDA0B51EC1D0B53EC102B80
:10B0E000F5F744FB7ED09DED020B53EC1D2B51EC8C
:10B0F000100BF5F7EDF98B464BEC100B814653EC3A
:10B10000192B51EC100BF5F758FA41EC1E0B4BECD8
:10B110001F9B1FEDE70B51EC1F0B53EC102BF5F7AA
:10B12000DAF953EC1F2BF5F7D6F953EC192BF5F799
:10B1300044FA41EC110B8DED0E1B4BEC119B9DED78
:10B14000020B53EC112B51EC100BF5F7C4F953EC37
:10B15000192BF5F732FA41EC1F0B1FEDF90B51ECEF
:10B160001D0B53EC102BF5F7B6F98B464BEC100B7F
:10B17000814653EC1D2B51EC100BF5F7ACF953EC59
:10B18000192BF5F71AFA41EC110B9DED160B53EC48
:10B19000112B51EC100BF5F798F953EC1F2BF5F729
:10B1A00094F99DED0E1B53EC112BF5F78EF99FEDE5
:10B1B000240B41EC1F0B53EC1D2B51EC100BF5F73E
:10B1C000FCF953EC1F2BF5F786F941EC100B53EC0F
:10B1D000192B8DED160B51EC1D0BF5F7EEF941EC2B
:10B1E0001F0B00E0F2E19FED180B53EC102B9DEDCF
:10B1F000040B51EC100BF5F7B9FA01D2204600E030
:10B200000120F5F749FA41EC100B51EC190B8DEDCB
:10B21000180B9FED0F0B53EC102BF5F75CF953EC6B
:10B220001E2BF5F758F953EC1E2BF5F754F913E0E4
:10B2300000000000000008409A9999999999B93F37
:10B24000000000000000F03F0000000000000000CF
:10B25000000000000000E03F41EC100B53EC1E2BFF
:10B260008DED060B9DED020B51EC100BF5F733F94C
:10B270009DED060B53EC102BF5F786F89DED180BA2
:10B2800053EC102BF5F727F953EC1B2BF5F77CF853
:10B2900041EC100B8DED1A0B1FED150B53EC102B21
:10B2A0009DED040B51EC100BF5F760FA01D220462E
:10B2B00000E00120F5F7F0F941EC110B51EC1D0B0A
:10B2C0008DED181B9DED160B53EC102BF5F703F9C4
:10B2D0009DED181B53EC112BF5F7FDF89DED1A1B96
:10B2E00053EC112BF5F750F841EC100B8DED180BCA
:10B2F0001FED2B0B53EC102B9DED040B51EC100BA1
:10B30000F5F734FA01D2204600E00120F5F7C4F940
:10B3100041EC100B1FED321B8DED1C0B9DED020B54
:10B3200053EC112B51EC100BF5F7D5F853EC1E2B09
:10B33000F5F7D1F853EC1E2BF5F7CDF841EC100BD7
:10B3400053EC1E2B8DED060B51EC190BF5F7C3F8E2
:10B3500053EC1E2BF5F7BFF853EC1E2BF5F7BBF89B
:10B360009FEDC11B53EC112BF5F727F99DED060B53
:10B3700053EC102BF5F708F89DED1C0B53EC102B3C
:10B38000F5F7A9F841EC110B53EC1E2B8DED061BC4
:10B3900051EC1B0BF5F79FF89DED061B53EC112BA1
:10B3A000F4F7F2FF41EC100B8DED060B1FED5A0B7D
:10B3B00053EC102B9DED040B51EC100BF5F7D6F967
:10B3C00001D2204600E00120F5F766F94BEC109B16
:10B3D0009DED161B41EC1E0B53EC112B51EC100B89
:10B3E000F5F779F89DED161B53EC112BF5F773F873
:10B3F00053EC1E2BF5F76FF89DED160B41EC1E0B71
:10B4000053EC102B9DED1A0B51EC100BF5F763F874
:10B4100053EC1E2BF4F7B8FF9DED061B53EC112BDC
:10B42000F4F7B2FF41EC100B8DED060B1FED7A0B1C
:10B4300053EC102B9DED040B51EC100BF5F796F926
:10B4400001D2204600E00120F5F726F941EC100B6F
:10B4500053EC1F2B8DED0A0B51EC190BF5F73BF854
:10B4600053EC1F2BF5F737F853EC1F2BF5F733F898
:10B470009FED7D1B53EC112BF5F79FF84BEC109BC8
:10B4800041EC1E0B53EC1F2B51EC100BF5F723F87E
:10B4900053EC1F2BF5F71FF853EC1E2BF5F715F89F
:10B4A0009DED0A0B53EC102BF5F715F89DED180BDD
:10B4B00041EC1E0B53EC1F2B51EC100BF5F70BF866
:10B4C00053EC1E2BF4F760FF9DED061B53EC112B84
:10B4D000F4F75AFF41EC100B53EC1C2B8DED060BCF
:10B4E00051EC1A0BF4F7F1FF41EC1E0B51EC190B68
:10B4F00053EC1E2BF4F7EFFF41EC100B19F048FD55
:10B50000B0EE40FAF0EE60FA53EC182B51EC1F0B42
:10B51000F5F744F903D2B0EE48FAF0EE68FA1FED01
:10B52000B60B51EC1F0B53EC102BF5F71FF95BD04A
:10B5300053EC192B51EC1F0BF5F73FF841EC100BB6
:10B5400053EC1F2B8DED0E0B51EC1E0BF5F735F860
:10B550009DED0E0B53EC102BF4F716FF41EC100B86
:10B5600053EC1F2B8DED0E0B51EC1E0BF4F7B3FFBC
:10B5700053EC192BF5F721F841EC110B53EC1E2B72
:10B580008DED041B51EC1E0BF4F7A5FF53EC1F2BA4
:10B59000F5F713F89DED041B53EC112BF4F7F4FEB3
:10B5A0001FEDD51B53EC112BF4F795FF41EC1E0B4F
:10B5B00053EC1C2B51EC1A0BF5F7D8F89DED0E0B44
:10B5C00053EC102B05D251EC1A0B04E01FEDE20BEB
:10B5D00082E751EC1C0BF4F77EFF53EC1E2BF4F7C3
:10B5E000D3FE41EC1E0B01E01FEDE9EB9DED060BD8
:10B5F00053EC102B9DED300B51EC100BF4F765FF65
:10B6000053EC1E2BF4F761FF41EC1E0B1FEDF40B06
:10B6100053EC102B9DED100B51EC100BF5F7A6F829
:10B62000FFF4D3AC88ED00AB85ED00DB87ED00FBCC
:10B630001FEDFB0B51EC1D0B86ED000B9FED0C0B72
:10B6400053EC102BF4F7A0FE41EC110B9DED020B17
:10B6500053EC112B51EC100BF5F7A0F801D2F920A7
:10B660006BE4002069E400000000000000001840C6
:10B67000F168E388B5F8E43EFEE700002DE9F05FED
:10B680009A462DED068B1746884681469FED39ABCD
:10B690000024B0EE4A8AF0EE6A8A60E009EBC40644
:10B6A00008EBC40596ED000B95ED001B53EC102B39
:10B6B00051EC110BF5F772F819D80AEB841B53EC17
:10B6C0001A2B9BED040B51EC100BF5F74FF80ED035
:10B6D00096ED000B95ED001B53EC102B51EC110B6C
:10B6E000F4F7F3FE41EC100B9BED041B23E096ED09
:10B6F000001B95ED000B53EC112B51EC100BF5F7E3
:10B7000035F820D20AEB841B53EC1A2B9BED060B69
:10B7100051EC100BF5F72AF815D095ED000B96EDCE
:10B72000001B53EC102B51EC110BF4F7CEFE41EC47
:10B73000100B9BED061B51EC100B53EC112BF4F787
:10B740003CFF41EC190B53EC182B51EC190BF5F79E
:10B7500025F803D2B0EE498AF0EE698A641CBC4237
:10B760009CDBB0EE480AF0EE680ABDEC068BBDE843
:10B77000F09F0000000000000000000010B553EC36
:10B78000112B2DED048BB0EE409AF0EE609A51EC47
:10B79000190BF4F79AFE41EC180BF4F79BFF9FEDA1
:10B7A000140B044653EC102B51EC180BF4F7DEFF8E
:10B7B00002D24FF0FF3000E00120C0EB001000EBA0
:10B7C000400004EB80004FF4B47190FBF1F0F4F70B
:10B7D00063FF9FED091B53EC112BF4F77CFE53EC38
:10B7E000192BF4F775FEBDEC048B41EC100B10BD6A
:10B7F0000000000000000000000000000080764013
:10B8000010B52DED068BB0EE419AF0EE619A9FEDEA
:10B810001BABFFF7B3FFB0EE408AF0EE608A53EC4B
:10B82000192B51EC180BF4F750FE9FED160B41EC61
:10B83000190B53EC102BF4F7B1FF07D253EC1A2B72
:10B8400051EC180BF4F741FE41EC180B9FED0F0B78
:10B8500051EC190B53EC102BF4F788FF07D253EC83
:10B860001A2B51EC180BF4F78FFD41EC180BB0EECE
:10B87000480AF0EE680ABDEC068B10BD000000001F
:10B88000008066400000000000805640000000007C
:10B89000008056C07047000030B50F22C478017890
:10B8A0000123FCB1144C246801F1E02104F4E064AC
:10B8B000C4F5E064C4F30724C4F10405E24044780D
:10B8C000AC408578154025432A0181F80024007892
:10B8D00000F01F018B404009800000F1E020C0F81B
:10B8E000003130BD01F01F0083404809800000F1A5
:10B8F000E020C0F8803130BD0CED00E00249084383
:10B9000002490860704700000000FA050CED00E0F5
:10B9100070B505462DED028B0C469FED108B10E0A7
:10B9200005EBC40090ED000B53EC102B51EC100B09
:10B93000F4F7D1FD53EC182BF4F726FD41EC180B6E
:10B94000641C042CECDBB0EE480AF0EE680ABDEC97
:10B95000028BBDE8704019F01BBB00000000000026
:10B960000000000010B504462DED028B17F005FC19
:10B97000B0EE408AF0EE608A9FED150B51EC180B8B
:10B9800053EC102BF4F7F2FE1DD094ED000B53ECAA
:10B99000182B51EC100BF4F710FEC4E9000194EDE4
:10B9A000020B53EC182B51EC100BF4F706FEC4E914
:10B9B000020194ED040B53EC182B51EC100BF4F72F
:10B9C000FCFDC4E904010020BDEC028B10BD0000A9
:10B9D000000000000000000010B504462DED068BAD
:10B9E00090ED060B53EC102B51EC100BF4F773FD9C
:10B9F00094ED040B41EC190B53EC102B51EC100B94
:10BA0000F4F769FD94ED020B41EC180B53EC102B8D
:10BA100051EC100BF4F75FFD94ED000B41EC1A0BA9
:10BA200053EC102B51EC100BF4F755FD53EC1A2B83
:10BA3000F4F7AAFC53EC182BF4F7A6FC53EC192BE3
:10BA4000F4F7A2FC41EC100B19F0A2FAB0EE408A18
:10BA5000F0EE608A9FED1A0B51EC180B53EC102B93
:10BA6000F4F79CFE27D894ED000B53EC182B51EC07
:10BA7000100BF4F7A2FDC4E9000194ED020B53ECA6
:10BA8000182B51EC100BF4F798FDC4E9020194ED6A
:10BA9000040B53EC182B51EC100BF4F78EFDC4E99A
:10BAA000040194ED060B53EC182B51EC100BF4F73A
:10BAB00084FDC4E906010020BDEC068B10BD00002A
:10BAC000F168E388B5F8E43E2DE9F74F89462DED9E
:10BAD000048BA6B04FF0010A9FED3A8B302202A8EA
:10BAE0002A99F4F79EFB0125002443E05046F4F721
:10BAF000D3FD074641EC190B28460091F4F7CCFD25
:10BB00008B464BEC100B064653EC192B51EC100BEB
:10BB1000F4F753FD41EC100B2A9800EBC40851ECEC
:10BB2000100B98ED481B53EC112BF4F7D4FC41ECAF
:10BB3000190B00994BEC116B41EC107B51EC110B84
:10BB400053EC102BF4F739FD9FED201B53EC112B18
:10BB5000F4F7BEFC98ED0C1B53EC112BF4F7BBFC77
:10BB600053EC192BF4F710FC1AAA02EBC402641C64
:10BB7000C2E900014C45B9DB0EAC02AB1AAA0021A8
:10BB800000942C9814F070FC0322214602A8FDF7C3
:10BB9000E9FE53EC182B51EC100BF4F7F5FB41ECDC
:10BBA000180B3022214602A8F4F73BFB6D1C5545CB
:10BBB0009ADD26B0B0EE480AF0EE680ABDEC048BC0
:10BBC000BDE8FE8F00000000000000000000000043
:10BBD0000000F03F2DE9F04F9B462DED108BAFB0EC
:10BBE000924691ED060B91ED00FB91ED02EB91ED8C
:10BBF000048B8DED240B90ED0C0B8DED2A0B90ED4D
:10BC0000000B90ED10DB90ED1CAB90ED249B90EDC4
:10BC100030CB90ED34BB8DED0A0B90ED020B8DED2A
:10BC20000C0B90ED040B8DED0E0B90ED0A0B8DEDD2
:10BC3000100B9FED860B51EC1D0B53EC102BF4F702
:10BC400095FD23D39FED810B51EC1A0B53EC102B78
:10BC5000F4F78CFD1AD99FED7D0B51EC190B53ECC9
:10BC6000102BF4F783FD11D99FED780B51EC1C0BD1
:10BC700053EC102BF4F77AFD08D39FED740B51ECC5
:10BC80001B0B53EC102BF4F771FD06D240F2FD3084
:10BC90002FB0BDEC108BBDE8F08F53EC182B51EC9E
:10BCA0001E0BF4F771FB894649EC100B06469FED1D
:10BCB000691B51EC100B53EC112BF4F70CFC9FEDAE
:10BCC000678B53EC182BF4F778FC41EC100B18F051
:10BCD00047F853EC192B51EC100BF4F7FCFB41EC3B
:10BCE000100B8DED2C0B9FED5B0B51EC1E0B53ECF1
:10BCF000102BF4F7F0FB884648EC100B054653EC8C
:10BD0000182B51EC100BF4F758FC41EC100B19F008
:10BD1000DBF853EC1A2B51EC100BF4F7DCFB9DED28
:10BD20002A1B53EC112BF4F72FFB9DED2C0B53EC3E
:10BD3000102BF4F729FB53EC1C2BF4F725FB41ECFB
:10BD40001C0B9FED440B51EC1F0B53EC102BF4F725
:10BD5000C2FB0F4647EC100B044653EC182B51EC7A
:10BD6000100BF4F72AFC41EC100B17F0F9FF53EC21
:10BD70001C2B51EC100BF4F7AEFB47EC104BCDE94C
:10BD8000180153EC182B51EC100BF4F716FC41EC96
:10BD9000100B19F099F853EC1C2B51EC100BF4F725
:10BDA0009AFB49EC106B9FED2B1BCDE91A0153EC6C
:10BDB000112B51EC100BF4F78EFB53EC182BF4F70E
:10BDC000FCFB41EC100B19F07FF853EC192B51ECF4
:10BDD000100BF4F780FB48EC105B41EC190B53ECB3
:10BDE000182B51EC100BF4F7E8FB41EC100B17F09B
:10BDF000B7FF53EC1A2B51EC100BF4F76CFB53EC20
:10BE00001D2BF4F7C1FA53EC192BF4F75EFB53EC3E
:10BE10001B2BF4F75AFBCDE91C019DED240B51ECD3
:10BE20001F0B53EC102BF4F7AFFA41EC100B8DED18
:10BE30001E0B9AED061BFFF7A1FC8DED1E0B5A465B
:10BE40000AA918A813F062FA002021E700000000F8
:10BE500000000000112D4454FB21094000000000A7
:10BE6000008066402DE9F04F1D462DED108BB3B0DC
:10BE700016460B4604469FEDFEBB90ED000B06AA4E
:10BE80008DED140B90ED020B14A98DED160B90EDBA
:10BE9000040B8DED180B90ED0A0B18468DED1A0B67
:10BEA000F4F720FF9DED0A0B9DED068B9DED08CB71
:10BEB0008DED2C0B9DED0C0B53EC1B2B8DED240B02
:10BEC00094ED0C0B8DED2A0B94ED10FB94ED1CAB57
:10BED00094ED249B94ED30EB94ED34DB51EC1F0B8F
:10BEE000F4F744FC1DD353EC1B2B51EC1A0BF4F765
:10BEF0003DFC16D953EC1B2B51EC190BF4F736FC17
:10BF00000FD953EC1B2B51EC1E0BF4F72FFC08D36D
:10BF10009FEDD70B51EC1D0B53EC102BF4F726FCC7
:10BF200006D240F2FD3033B0BDEC108BBDE8F08F8F
:10BF3000B0EE480AF0EE680A18F022F99FEDCEBB89
:10BF400051EC100B53EC1B2BF4F710FC11D2B0EE9C
:10BF50004C0AF0EE6C0A18F013F953EC1B2B51EC61
:10BF6000100BF4F703FC04D296ED000B85ED000BEB
:10BF700019E0B0EE481AF0EE681AB0EE4C0AF0EE96
:10BF80006C0A17F0F5FD9FEDBE1B51EC100B53EC46
:10BF9000112BF4F7A0FA9FEDBC1B53EC112BF4F717
:10BFA0000CFBC5E9000196ED001B95ED000BFFF7BA
:10BFB00027FC85ED000B8DED260B9DED2C0B53EC36
:10BFC0001F2B51EC100BF4F780FA53EC1D2BF4F7F8
:10BFD000DBF941EC1D0B53EC1C2B51EC1C0BF4F763
:10BFE0007AFA41EC1F0B53EC182B51EC180BF4F7B9
:10BFF00072FA53EC1F2BF4F7C7F941EC100B18F051
:10C00000C7FFB0EE40FAF0EE60FAB0EE481AF0EE7C
:10C01000681AB0EE4C0AF0EE6C0A17F0A9FD9FED1D
:10C02000981B51EC100B53EC112BF4F754FA9FEDC5
:10C03000961B53EC112BF4F7C0FA95ED001B53EC53
:10C04000112BF4F745FA41EC100B9FED891BFFF71C
:10C0500095FB18F095F89FED8E1B51EC100B53ECEF
:10C06000112BF4F79BFB05D251EC1F0B81F0004123
:10C0700041EC1F0B9DED2A0B53EC1E2B51EC100BCA
:10C08000F4F782F953EC1F2BF4F722FA41EC1C0B66
:10C0900053EC1D2B51EC1D0BF4F71DFA41EC180B62
:10C0A00053EC1C2B51EC1C0BF4F715FA53EC182B2A
:10C0B000F4F76AF941EC100B18F06AFFB0EE408A11
:10C0C000F0EE608A53EC192B51EC1A0BF4F75CF983
:10C0D000884648EC100B044653EC1B2B51EC100B1C
:10C0E000F4F752F953EC182BF4F740FB16D353EC4A
:10C0F000192B51EC1A0BF4F7E8F98946074649EC7D
:10C10000100B18F03DF853EC1B2B51EC100BF4F70F
:10C11000DCF953EC182BF4F741FB02D240F2FE306D
:10C1200001E748EC104B53EC182B51EC100BF4F7D3
:10C130001DFB02D248EC184B12E049EC107B18F0C2
:10C140001FF853EC182B51EC100BF4F727FB07D218
:10C1500049EC107B18F014F8B0EE408AF0EE608ADB
:10C16000B0EE4C1AF0EE6C1AB0EE4D0AF0EE6D0A1D
:10C1700017F0FEFC9FED42BB51EC100B53EC1B2B58
:10C18000F4F7A9F99FED40DB53EC1D2BF4F715FAFA
:10C1900041EC1E0B9FED400B51EC1A0B53EC102B96
:10C1A000F4F799F9814653EC182B0391F4F793F9BE
:10C1B00041EC1F0B53EC192B51EC190BF4F78BF9D5
:10C1C0008B4680464BEC1C0B53EC1A2B51EC1A0B94
:10C1D000F4F781F9074641EC1A0B129153EC182B36
:10C1E00051EC180BF4F777F98A464AEC100B044629
:10C1F00053EC1A2B51EC100BF4F7C6F853EC1C2B34
:10C20000F4F763F953EC1F2BF4F7D7F941EC180B53
:10C2100053EC182BF4F75FF99FED21CB53EC1C2B5B
:10C22000F4F756F941EC100B18F0B2FEB0EE481AD4
:10C23000F0EE681A17F09CFC53EC1B2B51EC100B22
:10C24000F4F749F953EC1D2BF4F7B7F941EC1A0B4D
:10C25000039953EC192B41EC109B51EC100BF4F7A4
:10C260003AF941EC190B4AEC184B4BEC118B1BE0E3
:10C270000000000000000000F168E388B5F8E43E2B
:10C280000000000000806640112D4454FB2109404D
:10C290000000000000805640000000000000004048
:10C2A000000000000000F03F129953EC112B41EC0C
:10C2B000107B51EC100BF4F767F853EC182BF4F7E4
:10C2C00004F953EC192BF4F778F941EC180B53EC03
:10C2D000182BF4F700F953EC1C2BF4F7F9F841ECA8
:10C2E000100B18F055FEB0EE481AF0EE681A17F071
:10C2F0003FFC53EC1B2B51EC100BF4F7ECF853EC18
:10C300001D2BF4F75AF953EC1B2BF4F7E1F81FED52
:10C31000208B41EC190B53EC1E2B51EC180BF4F74E
:10C32000D4F853EC1A2BF4F7D0F8C5E9020153EC1A
:10C33000182B51EC190BF4F7C8F8C5E904019DED71
:10C34000260B53EC102B9DED240B51EC100BF4F746
:10C35000BCF841EC100B85ED060B96ED061BFFF7C4
:10C360000DFA85ED060B0020DDE50000F0B5144662
:10C370002DED108BA5B0054691ED000B91ED02ABB4
:10C3800091ED04EB9FEDD69B51EC100B53EC192B68
:10C39000F4F7A1F80F4647EC100B06469FEDD28B41
:10C3A00051EC100B53EC182BF4F707F941EC100B80
:10C3B00017F0D6FCB0EE40DAF0EE60DA47EC106B26
:10C3C00053EC182B51EC100BF4F7F7F841EC100B71
:10C3D00018F07AFDB0EE40CAF0EE60CA53EC192BAB
:10C3E00051EC1A0BF4F777F80F4647EC100B0646A2
:10C3F00053EC182B51EC100BF4F7DFF841EC100B59
:10C4000017F0AEFCB0EE40BAF0EE60BA47EC106B3D
:10C4100053EC182B51EC100BF4F7CFF841EC100B48
:10C4200018F052FDB0EE40AAF0EE60AA53EC192BC2
:10C4300051EC1E0BF4F74FF80E4646EC100B074676
:10C4400053EC182B51EC100BF4F7B7F841EC100B30
:10C4500017F086FC8DED060B46EC107B53EC182B89
:10C4600051EC100BF4F7A9F841EC100B18F02CFD6F
:10C470008DED200B95ED300B95ED0C9B95ED10FBA4
:10C4800095ED1C8B95ED24EB8DED220B95ED340B8A
:10C490008DED000B9FED960B51EC1F0B53EC102B09
:10C4A000F4F764F927D39FED920B51EC180B53EC82
:10C4B000102BF4F75BF91ED99FED8D0B51EC1E0B81
:10C4C00053EC102BF4F752F915D99FED890B53EC6F
:10C4D000102B9DED220B51EC100BF4F747F90AD30A
:10C4E0009FED830B53EC102B9DED000B51EC100BCB
:10C4F000F4F73CF905D240F2FD3025B0BDEC108BCD
:10C50000F0BD9FED7B0B53EC192B84ED000B84EDFC
:10C51000020B84ED040B51EC1D0B2834F3F7DBFF09
:10C52000C4E9020153EC192B51EC1C0BF3F7D3FFB8
:10C53000C4E9040184ED06FB53EC182B51EC1A0BF3
:10C54000F3F7C9FF0F4647EC100B064653EC192BC7
:10C5500051EC100BF3F718FF53EC1D2BF3F7BBFF57
:10C5600047EC106BC4E90E0153EC192B51EC100B86
:10C57000F3F70AFF53EC1C2BF3F7ADFFC4E91001EE
:10C5800053EC182B51EC1B0BF3F7A5FF53EC1F2BAF
:10C59000F3F7FAFEC4E912019DED200B53EC1E2BBC
:10C5A00051EC100BF3F797FF0F4647EC100B0646C4
:10C5B00053EC182B51EC100BF3F78AFF53EC1A2BAA
:10C5C000F3F789FF41EC100B51EC1B0B8DED200BA9
:10C5D0009DED060B53EC102BF3F77DFF53EC1E2B58
:10C5E000F3F779FF9DED200B53EC102BF3F7CCFE06
:10C5F00053EC192BF3F7C8FE47EC106B41EC190B09
:10C6000053EC182B51EC100BF3F762FF53EC1B2B80
:10C61000F3F761FF41EC180B51EC1A0B81F000416C
:10C620009DED061B53EC112BF3F755FF53EC1E2B1E
:10C63000F3F751FF53EC182BF3F7A6FE53EC1F2B27
:10C64000F3F7A2FE0F46064653EC192B51EC1D0BD7
:10C65000F3F741FFC4E91A0153EC192B51EC1C0B01
:10C66000F3F739FF70349FED228B84E8C30095ED1A
:10C67000000B6E468DED0C0B95ED020B8DED0E0B48
:10C6800095ED040B8DED100B95ED0A0B00258DED4E
:10C69000120B983C05EB4501002004EB011200BF92
:10C6A00002EBC00191ED000B06EBC001401C81EDD7
:10C6B000000B0328F4DB0320B0EE480AF0EE680A12
:10C6C00006EBC001401C81ED000B0628F8DB0CA92D
:10C6D000684612F01BFE6D1C042DDBDB00200CE70E
:10C6E000112D4454FB2109400000000000806640E9
:10C6F0000000000000000000704700002DE9F05F1E
:10C70000012591468A4683465FF0000409EBC40781
:10C710000AEBC40697ED001B96ED000B53EC112BB2
:10C7200051EC100BF4F73AF802D896ED000B01E04B
:10C7300097ED000B0BEBC40853EC102B98ED001B8E
:10C7400051EC110BF4F712F81AD897ED000B96ED97
:10C75000001B53EC102B51EC110BF4F707F802D22D
:10C7600096ED000B01E097ED000B98ED001B53ECEC
:10C77000102B51EC110BF4F711F801D8012000E057
:10C7800000206843641C85B2032CBFDB2846BDE84B
:10C79000F09F000070B50D462DED028B92B000F1B8
:10C7A0001806044606AA314600F084F80CAA294669
:10C7B000204600F07FF806A816F0DFFCB0EE408AB5
:10C7C000F0EE608A9FED350B51EC180B53EC102BFB
:10C7D000F3F7CCFF02D22946204658E053EC182B41
:10C7E00051EC180BF3F777FE41EC180B06A90CA8D7
:10C7F000FBF714FA53EC182B51EC100BF3F7DDFE9A
:10C800009FED280B41EC180B53EC102BF3F7AEFF08
:10C81000E1D351EC180B9FED250B53EC102BF3F7E4
:10C82000BDFF02D22946304631E09DED060B51ECAA
:10C83000180B53EC102BF3F74EFE94ED001B53EC4A
:10C84000112BF3F7A1FDCDE900019DED080B51EC93
:10C85000180B53EC102BF3F73EFE94ED021B53EC38
:10C86000112BF3F791FDCDE902019DED0A0B51EC7F
:10C87000180B53EC102BF3F72EFE94ED041B53EC26
:10C88000112BF3F781FDCDE9040129466846FDF738
:10C89000ABF812B0BDEC028B70BD0000F168E3880C
:10C8A000B5F8E43E000000000000000000000000B9
:10C8B0000000F03F70B590ED001B91ED000B1446A9
:10C8C0000D46064653EC112B51EC100BF3F7FDFD12
:10C8D000C4E9000196ED021B95ED020B53EC112B00
:10C8E00051EC100BF3F7F1FDC4E9020196ED040BD6
:10C8F00095ED041B53EC102B51EC110BF3F7E5FDF8
:10C90000C4E90401002070BDF7B506462DED0E0BFD
:10C9100014460D462DED068B92B0B0EE468AF0EE31
:10C92000668AB0EE459AF0EE659AB0EE44AAF0EE53
:10C9300064AA18A8FFF750F818A9684691EC080BEC
:10C9400000F018F823462A463146B0EE482AF0EEA9
:10C95000682AB0EE491AF0EE691AB0EE4A0AF0EE13
:10C960006A0A6846F9F7A8F912B00020BDEC068BF8
:10C9700011B0F0BD2DE9F04104462DED108BB0EE65
:10C98000438AF0EE638A84B0B0EE40CAF0EE60CA2B
:10C99000B0EE41BAF0EE61BAB0EE429AF0EE629AB1
:10C9A00053EC182B51EC180BF3F795FD41EC1D0BD4
:10C9B00053EC192B51EC190BF3F78DFD41EC1A0BCD
:10C9C00053EC1B2B51EC1B0BF3F785FD41EC1E0BBD
:10C9D00053EC1C2B51EC1C0BF3F77DFD53EC1E2B81
:10C9E000F3F7D2FC53EC1A2BF3F7CEFC53EC1D2BD0
:10C9F000F3F7CAFC41EC1A0BB0EE4A0AF0EE6A0AF1
:10CA000017F0BEFB9FED941B51EC100B53EC112B58
:10CA1000F3F7ACFE02D29FED92AB09E053EC1A2B78
:10CA20009FED910B51EC100BF3F7C7FD41EC1A0B86
:10CA300053EC1C2B51EC1A0BF3F74DFD0E4646EC54
:10CA4000100B054653EC1B2B51EC100BF3F743FD79
:10CA500041EC100B53EC192B8DED020B46EC105BE7
:10CA600051EC100BF3F737FD41EC100B53EC182B86
:10CA70008DED000B46EC105B51EC100BF3F72BFD2A
:10CA800041EC1E0B53EC1B2B51EC1A0BF3F723FD5F
:10CA90000E4646EC100B054653EC1B2B51EC100BCD
:10CAA000F3F719FD46EC105B41EC1D0B53EC192B11
:10CAB00051EC100BF3F70FFD46EC105B41EC1C0B37
:10CAC00053EC182B51EC100BF3F705FD41EC1B0B4D
:10CAD00053EC192B51EC1A0BF3F7FDFC0E4646EC08
:10CAE000100B054653EC192B51EC100BF3F7F3FC2C
:10CAF00046EC105B41EC1F0B53EC182B51EC100B68
:10CB0000F3F7E9FC41EC190B53EC182B51EC1A0B21
:10CB1000F3F7E1FC53EC182BF3F7DDFC41EC1A0BB7
:10CB200051EC1F0B53EC1A2BF3F72EFC9FED508B9F
:10CB300053EC182BF3F7CCFCC4E9000153EC1E2B8B
:10CB400051EC1C0BF3F7C1FCC4E902019DED000B95
:10CB500051EC1B0B53EC102BF3F716FCC4E904014A
:10CB600053EC1E2B51EC1C0BF3F70EFCC4E9060131
:10CB700053EC1A2B51EC1D0BF3F706FC53EC182B5E
:10CB8000F3F7A6FCC4E908019DED020B51EC190B6B
:10CB900053EC102BF3F799FCC4E90A019DED000B4F
:10CBA00051EC1B0B53EC102BF3F78FFCC4E90C0179
:10CBB0009DED020B51EC190B53EC102BF3F7E4FB3A
:10CBC000C4E90E0153EC1D2B51EC1F0BF3F7DCFBFA
:10CBD00053EC182BF3F77CFC9FED27BB0026C4E930
:10CBE000100106EB46000025B0EE489AF0EE689A78
:10CBF00004EBC008B0EE4BAAF0EE6BAA08EBC50739
:10CC000053EC192B97ED000B51EC100BF3F7C6FD0D
:10CC100002D397ED000B05E0B0EE490AF0EE690A89
:10CC200087ED000B53EC1A2B51EC100BF3F79EFD24
:10CC300005D2B0EE4A0AF0EE6A0A87ED000B6D1CD1
:10CC4000032DDBDB761C032ECBDB04B00020BDEC18
:10CC5000108BBDE8F0810000F168E388B5F8E43E90
:10CC60000000000000000000000000000000004084
:10CC7000000000000000F03F000000000000F0BFD6
:10CC800010B500F500421446D2F8A42C02EBC20203
:10CC900000EB82002422F3F7C4FAD4F8A40C4FF47A
:10CCA0007A71401C90FBF1F201FB1200C4F8A40C55
:10CCB000002010BD00F500400021C0F8A01CC0F805
:10CCC000A41C08467047F0B585B0054600244FF413
:10CCD0007A7604EBC40005EB800707F110011422FB
:10CCE0006846F3F79EFA97E80F0022F011FC641CE7
:10CCF000A4B2B442EDD305B00020F0BD044A00292F
:10CD0000116801D0014300E08143116070470000C9
:10CD100030380240044A0029116801D0014300E084
:10CD2000814311607047000038380240044A0029EE
:10CD3000116801D0014300E0814311607047000099
:10CD400040380240044A0029116801D0014300E044
:10CD5000814311607047000020380240044A0029D6
:10CD6000116801D0014300E0814311607047000069
:10CD70004438024070B5204A1168204C11F00C0173
:10CD800004D01F4E042903D0082903D004601BE0FF
:10CD9000066019E01849091F0B68C3F380550B683A
:10CDA00003F03F0315B1B6FBF3F301E0B4FBF3F37B
:10CDB0000C680968C4F388146343C1F30141491C3A
:10CDC0004900B3FBF1F1016011680F2303EA11116F
:10CDD0000C4B5C5C0168E14041601468072505EA82
:10CDE00094241C5D21FA04F48460126805EA52322E
:10CDF0009A5CD140C16070BD083802400024F40044
:10CE000040787D01840000202DE9F04F04462DED8F
:10CE1000108BA1B0B0F890019FEDFC9B002520B1D4
:10CE2000B4F8D000632813D014E0632024F8D00FA6
:10CE3000A570A4F8C250A4F8C450A4F8C65004EDDC
:10CE4000049B04ED029B21B0BDEC108BBDE8F08F7C
:10CE5000A4F8D05094ED2E1B8DED1A1B94ED541BAD
:10CE60008DED101B94ED5A1B8DED0E1B94ED5C1B8C
:10CE70008DED061B94ED5E8B94ED60BB94ED62AB83
:10CE80009FEDE40B84ED680B94ED2A1B53EC102B03
:10CE900051EC110BF3F71FFB41EC1D0B53EC192B5D
:10CEA000F3F764FC07D240F2B140B0EE49DAF0EE9D
:10CEB00069DAA4F8D00094ED2CEB53EC192B51EC6B
:10CEC0001E0BF3F753FC07D240F2B240B0EE49EA32
:10CED000F0EE69EAA4F8D000B4F892019FEDCFCB50
:10CEE0004FF0FF364FF0010800287CD094F8D200B4
:10CEF000002878D1A4F89251A4F8D05094ED020BF8
:10CF000084ED2E0B84ED360B8DED1A0B94ED001B8A
:10CF100053EC102B51EC110BF3F7D7FA53EC192B00
:10CF2000F3F724FC01D2304600E0012084F8D4005D
:10CF300040F2B64740F2B7494FF4976A40F2B54B1A
:10CF400000285BDD94ED1E0BB0EE49FA8DED100B61
:10CF500094ED220BF0EE69FA8DED0E0B8DED060BC4
:10CF60009DED100B94ED268B53EC1F2B51EC100B09
:10CF7000F3F7FCFB0AD994ED0E0B53EC102B9DED4F
:10CF8000100B51EC100BF3F709FC01D2A4F8D07090
:10CF90009DED0E0B53EC1F2B51EC100BF3F7E6FB42
:10CFA0001ED994ED120B53EC102B9DED0E0B51EC92
:10CFB000100BF3F7F3FB13D39DED060B53EC1F2B74
:10CFC00051EC100BF3F7D2FB0AD994ED120B53EC92
:10CFD000102B9DED060B51EC100BF3F7DFFB01D28C
:10CFE000A4F8D09000E0E1E053EC1F2B51EC180BBB
:10CFF000F3F7BCFB62D994ED160B58E094ED200BCF
:10D00000B0EE49FA8DED100B94ED240BF0EE69FAB9
:10D010008DED0E0B8DED060B9DED100B94ED288B19
:10D0200053EC1F2B51EC100BF3F7A0FB0AD994ED36
:10D03000100B53EC102B9DED100B51EC100BF3F774
:10D04000ADFB01D2A4F8D0709DED0E0B53EC1F2B5D
:10D0500051EC100BF3F78AFB1ED994ED140B53EC33
:10D06000102B9DED0E0B51EC100BF3F797FB13D328
:10D070009DED060B53EC1F2B51EC100BF3F776FBD9
:10D080000AD994ED140B53EC102B9DED060B51ECCB
:10D09000100BF3F783FB01D2A4F8D09053EC1F2BB5
:10D0A00051EC180BF3F762FB08D994ED180B51EC17
:10D0B000180B53EC102BF3F771FB01D2A4F8D0A09E
:10D0C00094ED060B9DED101B51EC100B53EC112B46
:10D0D000F3F764FB03D29DED100B84ED060B94ED8A
:10D0E0000A0B94ED0C1B53EC102B51EC110BF3F7C6
:10D0F00055FB01D8A4F8D0B094ED0A1B94ED360B83
:10D1000053EC112B51EC100BF3F748FB0AD394EDC1
:10D110000C0B94ED361B53EC102B51EC110BF3F769
:10D1200025FB01D2A4F8D0B094ED0A0B94ED001BBE
:10D1300053EC102B51EC110BF3F730FB02D294EDB2
:10D140000A0B0CE094ED0C0B94ED001B53EC102B30
:10D1500051EC110BF3F70AFB06D294ED0C0B84EDA6
:10D160003C0BA4F89A8105E094ED000B84ED3C0B98
:10D17000A4F89A5194F9D400F3F78EFA94ED2E1B8B
:10D1800094ED3C0B41EC1F0B53EC112B51EC100BAD
:10D19000F3F79BF953EC1F2BF3F79DF941EC100BC0
:10D1A000B4F8D0000427E8B384F8D270B4F894013E
:10D1B000022700287ED0A4F8945194F8D2000228C7
:10D1C000F8D00328F6D0002875D094ED2E0B84ED0E
:10D1D000360B00BFA4F8985184F8D27053EC192B89
:10D1E00051EC1E0BF3F7DAFA66D294ED681B94ED5E
:10D1F000300B53EC112B51EC100BF3F76CF953EC93
:10D200001E2BF3F7DAF9C4E9380115E2000000003B
:10D2100000000000000000000000F03F00000000DF
:10D220000000E03FFFE794F8D2000028BED1A4F848
:10D23000985184F8D280B0EE49FAF0EE69FA84EDA4
:10D240003EFB04F1100004F5A07390EC064B06AA17
:10D250000EA910A89DED103BB0EE482AF0EE682A0A
:10D260009DED0E1BFCF740FFF3F727FA53EC1F2B45
:10D27000F3F77CFA05D040F2B440A4F8D00084F86B
:10D28000D2701FED1E0B84ED420B84ED440B84ED38
:10D29000460B84ED480B84ED4A0B84ED4C0B84ED7A
:10D2A0004E0B53EC102B9DED0E0B51EC100BF3F7C6
:10D2B0005DFA02E052E2AEE1B8E17CD09DED0E0BEA
:10D2C00016F05EFF8DED0E0BB0EE40FAF0EE60FA58
:10D2D00094ED080B16F054FF84ED080B8DED0C0B4C
:10D2E00053EC102B51EC1F0BF3F7EFF8894649EC88
:10D2F000100B074653EC182B51EC100BF3F75DF9AC
:10D3000041EC110B49EC107B84ED421B8DED1E1B93
:10D310008DED040B49EC107B53EC1C2B51EC100BE6
:10D32000F3F7D9F89DED040B53EC102BF3F7D3F87A
:10D3300053EC182BF3F741F941EC100B49EC117B3E
:10D340008DED040B9DED0C0B51EC110B53EC102BE0
:10D35000F3F7C1F853EC182BF3F72FF941EC100B4E
:10D3600053EC1C2B8DED120B51EC1F0BF3F7B3F8A4
:10D3700053EC1F2BF3F7AFF853EC182BF3F71DF911
:10D3800041EC110B8DED0C1B94ED040B53EC102BA9
:10D390009DED100B51EC100BF3F797F889460746FB
:10D3A00049EC100B16F0ECFE9DED0C1B51EC100B34
:10D3B00053EC112B00E0B3E0F3F787F89DED120B6F
:10D3C00053EC102BF3F781F89DED040B53EC102B6D
:10D3D000F3F77BF841EC100B53EC1F2B8DED040B96
:10D3E0001FED740B51EC100BF3F7E7F89DED040BF8
:10D3F00053EC102BF3F76FF89DED1E1B53EC112B24
:10D40000F2F7C2FF41EC100B53EC182B84ED440BE8
:10D410008DED040B51EC1F0BF3F7CFF89DED040BD2
:10D4200053EC102BF2F7B0FF49EC107B1FED891B7A
:10D43000C4E9460153EC112B51EC100BF3F796F9AC
:10D4400001D2304600E00120F3F726F941EC100B41
:10D4500051EC180B8DED040BB0EE4C0AF0EE6C0A9B
:10D4600053EC102BF3F737F894ED42FB53EC1F2BE2
:10D47000F3F731F853EC1F2BF3F72DF841EC110BB8
:10D4800053EC1F2B8DED021B94ED080B51EC100B90
:10D49000F3F721F89DED021B53EC112BF2F774FF0B
:10D4A0009DED040B53EC102BF3F715F894ED04FBF2
:10D4B00053EC1F2BF2F768FFC4E956019DED100BEA
:10D4C00053EC1F2B51EC100BF2F7FFFF1FEDB11BBC
:10D4D00053EC112BF3F74AF901D2304600E001205A
:10D4E000F3F7DAF894ED420B94ED441B41EC1F0B7B
:10D4F00053EC102B51EC110BF2F7E7FF9DED0E1BD7
:10D5000053EC112BF2F7E7FF53EC1F2BF2F7E3FF7D
:10D5100094ED561B53EC112BF2F736FFC4E958017A
:10D520001FEDC6FB9DED100B53EC1F2B51EC100BA8
:10D53000F3F71CF912D094ED500B9DED101B51EC3C
:10D54000100B53EC112BF3F738F894ED461B53EC0A
:10D55000112BF2F719FFC4E9480103E094ED460BE3
:10D5600084ED480B9DED060B53EC1F2B51EC100B7B
:10D57000F3F7FCF846D09DED061B53EC182B8DED10
:10D580000C1B51EC110BF3F718F8894649EC100B02
:10D5900094ED481B074653EC112B51EC100BF2F79E
:10D5A000F3FE41EC110B49EC1F7B84ED4A1B8DED22
:10D5B000021B94ED060B53EC102B9DED100B51EC60
:10D5C000100BF2F782FF9DED0C1B53EC112BF2F7C1
:10D5D000F4FF9DED021B53EC112BF2F7D5FE53EC3B
:10D5E0001F2BF2F772FF41EC100B49EC117B84ED1D
:10D5F0004C0B53EC102B51EC110BF2F7C5FEC4E9A8
:10D600004E01D3E594ED480B84ED4A0B84ED4C0BB1
:10D6100084ED4E0BCAE594ED020B84ED360B8DEDD7
:10D620001A0B94ED000B84ED3C0BD3E5B0EE490AE8
:10D63000F0EE690A84ED380B94ED320B16F0A0FD84
:10D6400084ED3A0BB0EE40FAF0EE60FA9FEDFE0B7F
:10D6500084ED3E0B94F8D30000287DD001287CD0C7
:10D660007CD99FEDF9BB84ED42BB94ED380B16F0ED
:10D6700087FD8DED100B8DED120BB0EE4FAAF0EE85
:10D680006FAA53EC1C2B51EC1F0BF2F724FF53EC49
:10D690001F2BF2F720FF9DED120B41EC1F0B53ECFB
:10D6A000102B51EC180BF2F716FF53EC1F2BF2F76F
:10D6B0006BFE41EC100B17F06BFC8DED0E0B94ED37
:10D6C0003A1B51EC100B53EC112BF3F74FF803D22C
:10D6D00094ED3A0B8DED0E0B94ED220B53EC102BC9
:10D6E0009DED0E0B51EC100BF3F758F803D294EDAF
:10D6F000220B8DED0E0B9DED0E0BB0EE4BFAF0EE06
:10D700006BFA53EC1F2B51EC100BF3F72FF87DD075
:10D7100094ED3A0BE8348DED120B53EC102B9DED8C
:10D720000E0B8DED040B51EC100BF2F7CEFE8A467A
:10D730004AEC100B814653EC182B51EC100BF2F70E
:10D740003CFF41EC1F0B4AEC109B84ED0AFB8DED76
:10D750001C0B4AEC109B02E0C5E0CAE1A2E29FED7F
:10D76000BC1B51EC100B53EC112BF2F7B4FE9DEDEA
:10D770001C0B53EC102BF2F7AEFE53EC182BF2F708
:10D780001CFF41EC100B4AEC119B8DED0C0B9DED39
:10D79000120B51EC110B53EC102BF2F79CFE53ECD7
:10D7A000182BF2F70AFF41EC110B8DED121B9FEDC8
:10D7B000A80B53EC102B9DED040B51EC100BF2F762
:10D7C0008AFE9DED040B53EC102BF2F784FE53EC14
:10D7D000182BF2F7F2FE9DED101B8DED001B53ECA4
:10D7E000112BF2F775FE9DED121B53EC112BF2F786
:10D7F0006CFE9DED0C0B53EC102BF2F766FE41EC2A
:10D80000110B8DED0C1B9DED040B00E065E153EC5D
:10D81000102B9FED910B51EC100BF2F7CEFE9DED0E
:10D820000C1B53EC112BF2F756FE53EC1F2BF2F7A7
:10D83000ABFD41EC100B53EC182B84ED0C0B8DED74
:10D840000C0B9DED040B51EC100BF2F7B6FE9DEDA9
:10D850000C0B53EC102BF2F797FD9FED7D0BC4E9F9
:10D860000E0153EC102B51EC180BF2F734FE53EC75
:10D870001F2BF2F730FE53EC1F2BF2F72CFE41EC7E
:10D88000110B53EC1F2B8DED121B51EC1A0BF2F701
:10D8900022FE9DED121B53EC112BF2F775FD9DED51
:10D8A000001B53EC112BF2F713FE41EC110B53EC60
:10D8B0001F2B84ED1C1B8DED001B9DED0C0B51EC03
:10D8C000100BF2F702FE9DED040B53EC102BF2F758
:10D8D00002FE9DED001B53EC112BF2F7F9FDC4E99C
:10D8E0001E01E83CE9E153EC182B51EC1F0BF2F759
:10D8F00064FE41EC1A0B53EC1C2B84ED42AB51EC53
:10D90000180BF2F7E8FD53EC1A2BF2F7E4FD53EC99
:10D910001A2BF2F7E0FD41EC1B0B53EC1A2B51ECE8
:10D920001F0BF2F7D8FD53EC1B2BF2F7CEFD94ED55
:10D93000381B53EC112BF2F727FDCDE9100194EDC4
:10D94000220BB0EE4FBA8DED0E0BF0EE6FBA9FEDDD
:10D950003EAB9DED100B16F013FC8DED100B8DED15
:10D96000120B9DED0E0B53EC182B8DED020B51ECB1
:10D97000100BF2F722FE9DED020B41EC1F0B53EC56
:10D98000102B9DED120B51EC100BF2F716FE53EC21
:10D990001F2BF2F79AFD41EC100B53EC1A2B84ED80
:10D9A000460BF2F7E3FE0DD89DED100B53EC182B50
:10D9B00051EC100BF2F78FFD41EC100B17F0E8FA69
:10D9C0008DED0E0B9DED0E0BB0EE4AFAF0EE6AFAFD
:10D9D00053EC1F2B51EC100BF2F7C8FE7DD09DEDE0
:10D9E000100B53EC1F2B51EC100BF2F7BFFEF5D0D0
:10D9F0009DED0EFB53EC182B51EC1F0BF2F7DDFDE8
:10DA00008A464AEC100B94ED421B814653EC112BD5
:10DA100051EC100BF2F7B8FC41EC100B53EC1F2B40
:10DA200084ED440B8DED120B4AEC109B8DED0C0B2D
:10DA30009DED100B8DED020B51EC100BF2F7BDFDBF
:10DA40009DED120B0CE00000000000000000000043
:10DA5000000000000000E03F000000000000F03F78
:10DA600053EC102BF2F790FC9DED0C0B53EC102BAC
:10DA7000F2F72BFD41EC100B4AEC119B84ED460BA9
:10DA800053EC102B51EC110BF2F77EFCB0EE4C0A6C
:10DA9000F0EE6C0AC4E9480153EC102B51EC1F0B5B
:10DAA000F2F719FD53EC1F2BF2F715FD53EC182B71
:10DAB000F2F783FD9DED020B53EC102BF2F708FDFE
:10DAC00041EC100B53EC1F2B84ED560B8DED000B2E
:10DAD00051EC1F0BF2F7FFFC00E0DEE053EC182BDB
:10DAE000F2F76BFD9DED020B41EC1F0B53EC102B7D
:10DAF000CAE01FED2BAB84ED42AB94ED220BB0EEF0
:10DB00004ABA8DED0E0BF0EE6ABA94ED380B16F0B2
:10DB100037FB8DED100BB0EE40FAF0EE60FA9DEDA4
:10DB20000E0B53EC182B8DED020B51EC100BF2F792
:10DB300044FD41EC100B51EC1F0B8DED000B9DEDE6
:10DB4000020B53EC102BF2F738FD9DED000B53EC5C
:10DB5000102BF2F7BAFC41EC100B53EC1A2B84EDAE
:10DB6000460BF2F703FE0DD89DED100B53EC182B6E
:10DB700051EC100BF2F7AFFC41EC100B17F008FA68
:10DB80008DED0E0B9DED0E0BB0EE4AFAF0EE6AFA3B
:10DB900053EC1F2B51EC100BF2F7E8FD7DD09DEDFF
:10DBA000100B53EC1F2B51EC100BF2F7DFFD7AD06A
:10DBB0009DED0EFB53EC182B51EC1F0BF2F7FDFC07
:10DBC0008A464AEC100B94ED421B814653EC112B14
:10DBD00051EC100BF2F7D8FB41EC100B53EC1F2B60
:10DBE00084ED440B8DED120B4AEC109B8DED0C0B6C
:10DBF0009DED101B8DED021B51EC110BF2F7DDFCBE
:10DC00009DED120B53EC102BF2F7BEFB9DED0C0BB0
:10DC100053EC102BF2F759FC41EC110B4AEC109B22
:10DC200084ED461B53EC112B51EC100BF2F7ACFBBF
:10DC3000C4E9480153EC1C2B51EC1F0BF2F74BFCD1
:10DC400053EC1F2BF2F747FC53EC182BF2F7B5FC03
:10DC50009DED021B53EC112BF2F73AFC41EC100B3B
:10DC600053EC1F2B84ED560B8DED000B51EC1F0B6D
:10DC7000F2F731FC53EC182BF2F79FFC9DED021BE1
:10DC800041EC1F0B53EC112B9DED000B51EC100BD5
:10DC9000F2F71BFC53EC1F2B00E004E0F2F774FBDF
:10DCA000C4E9580109E084ED44FB84ED46FB84EDB2
:10DCB00048FB84ED56FB84ED58FBB4F896014FF019
:10DCC0000309E8B394F8D200F0B194ED2E0B84ED83
:10DCD000360B00BFA4F89851A4F8965184F8D2905E
:10DCE00084ED3E9B53EC192B51EC1E0BF2F756FDC5
:10DCF00015D294ED300B53EC1E2B51EC100BF2F7B8
:10DD00005CFCCDE9100110E094ED020B84ED360BC4
:10DD10008DED1A0B94ED000B84ED3C0BDAE7B0EEC1
:10DD2000490AF0EE690A8DED100B94ED120B51ECDF
:10DD3000100B81F0004141EC1F0B8DED0EFB00E05C
:10DD40000BE09DED100B51EC100B81F0004153ECFA
:10DD50001F2BF2F732FCC4E9420194F8D2000528E7
:10DD600081F0B287DFE810F005000B00570A180FAA
:10DD7000AE0FA4F8D05084ED329B01F0A5BFA4F8FB
:10DD8000D08053EC1E2B51EC1D0BF2F7A4FB94ED4D
:10DD90003E1B53EC112BF2F7F7FA41EC100B84ED1C
:10DDA0003E0B94ED4E1B53EC112BF2F7F7FC0CD20B
:10DDB000A4F8D050A4F89881B4F89A01002803D0B0
:10DDC00040F2B340A4F8D000FDE394ED4C1B94ED79
:10DDD0003E0B53EC112B51EC100BF2F7DFFC7DD214
:10DDE00084F8D37094ED040B94ED42FB53EC102BAC
:10DDF0009DED100B51EC100BF2F767FB53EC192B58
:10DE0000F2F7B4FC01D2304600E00120F2F744FC06
:10DE100041EC100B8DED040B94ED080B1FEDF41B82
:10DE200051EC100B53EC112BF2F755FB53EC1F2B5D
:10DE3000F2F751FB53EC1F2BF2F74DFB41EC1C0B9F
:10DE400053EC1F2B51EC180BF2F745FB53EC1F2B37
:10DE5000F2F741FB53EC1F2BF2F73DFB9FEDFE1B4E
:10DE600053EC112BF2F7A9FB53EC1C2BF2F78CFAB5
:10DE70009DED040B53EC102BF2F72DFB41EC100B36
:10DE800053EC1F2B8DED040B94ED04CB51EC1C0BCC
:10DE9000F2F721FB9DED040B53EC102BF2F774FA13
:10DEA000C4E9400194ED420B94ED441B53EC102B5C
:10DEB00051EC110BF2F709FB9DED100B41EC1F0B20
:10DEC00053EC1C2B51EC100BF2F7FFFA9FEDE41B07
:10DED00053EC112BF2F74AFC03D200E0E6E13046A6
:10DEE00000E00120F2F7D8FB41EC1C0B9FEDDE0BAC
:10DEF00053EC102B9DED0E0B51EC100BF2F7EBFADF
:10DF000053EC1F2BF2F7E7FA53EC1F2BF2F7E3FA6F
:10DF100053EC1C2BF2F7DFFA94ED560B41EC1C0B83
:10DF200053EC1F2B51EC100BF2F7D5FA53EC1C2BD2
:10DF3000F2F72AFA94ED401B53EC112BF2F724FA76
:10DF4000C4E9400194ED440B94ED461B53EC102BB7
:10DF500051EC110BF2F7B9FA94ED040B41EC1C0BE8
:10DF600053EC102B9DED100B51EC100BF2F7ADFAAA
:10DF70009FEDBB1B53EC112BF2F7F8FB00D30126EE
:10DF80003046F2F789FB41EC1F0B53EC1C2B51EC94
:10DF9000180BF2F7A0FA53EC1C2BF2F79CFA53EC97
:10DFA0001C2BF2F798FA9FEDAC1B53EC112BF2F7F8
:10DFB00004FB41EC110B8DED021B9FEDAB0B53EC01
:10DFC000102B9DED0E0B51EC100BF2F784FA53EC75
:10DFD0001C2BF2F780FA53EC1C2BF2F77CFA9DED28
:10DFE000021B53EC112BF2F770FA53EC1F2BF2F7D4
:10DFF00072FA94ED580B41EC1F0B53EC1C2B51ECB7
:10E00000100B8834F2F767FA53EC1F2BF2F7BCF9C8
:10E0100094ED1E1B53EC112BF2F7B6F994ED240B83
:10E0200094ED26CB41EC1F0B53EC102B51EC1C0B49
:10E03000F2F74BFA41EC100B53EC102B9DED100B4B
:10E040008DED040B51EC100BF2F745FA53EC1F2B3E
:10E05000F2F79AF941EC100B53EC1C2B8DED120BDF
:10E0600094ED280B8DED020B51EC100BF2F72DFA0D
:10E0700041EC1C0B51EC180B53EC1C2BF2F72BFA58
:10E0800053EC1C2BF2F727FA53EC1C2BF2F723FA74
:10E090009FED711B53EC112BF2F78FFA9DED040BE2
:10E0A00041EC1F0B53EC1C2B51EC100BF2F713FA45
:10E0B00053EC1F2BF2F709FA9DED120B53EC102BCA
:10E0C000F2F762F941EC110B8DED1C1B94ED2AFB6C
:10E0D0009DED020B51EC1F0B53EC102BF2F7F5F9F1
:10E0E0009DED061B9FED600B41EC1C0B53EC102BC0
:10E0F0008DED0C1B51EC110BF2F7EDF90E4646ECD1
:10E10000100B9DED0C1B074653EC112B51EC100B23
:10E11000F2F7E1F953EC182BF2F74FFA53EC1C2B02
:10E12000F2F7D9F941EC100B53EC1C2B8DED1E0BC3
:10E1300046EC107B51EC100BF2F7CDF953EC1C2B95
:10E14000F2F7C9F99DED1E0B53EC102BF2F71CF9F9
:10E1500041EC110B53EC1C2B8DED1E1B9DED040BA4
:10E1600051EC100BF2F7B7F99DED1E1B53EC112B80
:10E17000F2F7ABF99DED1C1B53EC112BF2F704F9F0
:10E1800041EC100B53EC1F2B8DED1C0B94ED1C0B75
:10E1900051EC100BF2F799F946EC107B9DED0C1B3E
:10E1A00041EC1C0B53EC112B51EC100BF2F793F9D3
:10E1B00053EC182BF2F701FA14ED1C0B41EC1F0B7A
:10E1C00053EC102B9DED040B51EC100BF2F77DF985
:10E1D00053EC1F2BF2F779F953EC1C2BF2F77BF978
:10E1E00041EC100B53EC1C2B8DED120B46EC107B0D
:10E1F00051EC100BF2F76FF953EC1C2BF2F76BF9A3
:10E2000041EC1F0B51EC180B81F0004153EC1C2B1F
:10E21000F2F761F953EC1C2BF2F75DF953EC1C2B70
:10E22000F2F759F99FED0C1B53EC112BF2F7C5F9DE
:10E2300053EC1F2BF2F7A8F89DED120B53EC102BAB
:10E24000F2F7A2F89DED040B41EC1F0B53EC1C2BD5
:10E2500051EC100B0CE00000000000000000184022
:10E260000000000000000000000000000000E03F8F
:10E27000F2F731F953EC1F2BF2F727F99DED1C0B48
:10E2800053EC102BF2F780F8C4E91E0153EC1C2B61
:10E2900051EC180BF2F71FF99DED0C1B53EC112BF1
:10E2A000F2F713F9C4E91001883C8DE594ED4A1B9F
:10E2B00094ED3E0B53EC112B51EC100BF2F76EFA70
:10E2C0007ED284F8D37094ED040B94ED42FB53ECB2
:10E2D000102B9DED100B51EC100BF2F7F6F853ECF0
:10E2E000192BF2F743FA01D2304600E00120F2F791
:10E2F000D3F941EC100B1FED241B8DED040B94EDB5
:10E30000080B53EC112B51EC100BF2F7E4F853EC23
:10E310001F2BF2F7E0F853EC1F2BF2F7DCF841EC7F
:10E320001C0B53EC1F2B51EC180BF2F7D4F853ECE9
:10E330001F2BF2F7D0F853EC1F2BF2F7CCF81FEDA0
:10E340003A1B53EC112BF2F738F953EC1C2BF2F774
:10E350001BF89DED040B53EC102BF2F7BCF841ECCD
:10E36000100B53EC1F2B8DED040B94ED04CB51ECF3
:10E370001C0BF2F7B0F89DED040B53EC102BF2F7E9
:10E3800003F8C4E9400194ED420B94ED441B53ECB7
:10E39000102B51EC110BF2F798F89DED100B41EC9E
:10E3A0001F0B53EC1C2B51EC100BF2F78EF81FEDEA
:10E3B000541B53EC112BF2F7D9F902D2304601E08D
:10E3C00053E10120F2F768F941EC1C0B1FED5A0BE9
:10E3D00053EC102B9DED0E0B51EC100BF2F77BF86C
:10E3E00053EC1F2BF2F777F853EC1F2BF2F773F86F
:10E3F00053EC1C2BF2F76FF894ED560B41EC1C0B11
:10E4000053EC1F2B51EC100BF2F765F853EC1C2B5F
:10E41000F1F7BAFF94ED401B53EC112BF1F7B4FF69
:10E42000C4E9400194ED440B94ED461B53EC102BD2
:10E4300051EC110BF2F749F894ED040B41EC1C0B75
:10E4400053EC102B9DED100B51EC100BF2F73DF837
:10E450001FED7D1B53EC112BF2F788F900D3012639
:10E460003046F2F719F941EC1F0B53EC1C2B51EC21
:10E47000180BF2F730F853EC1C2BF2F72CF853EC96
:10E480001C2BF2F728F81FED8C1B53EC112BF2F725
:10E4900094F841EC110B8DED021B1FED8D0B53EC2D
:10E4A000102B9DED0E0B51EC100BF2F714F853EC02
:10E4B0001C2BF2F710F853EC1C2BF2F70CF89DED27
:10E4C000021B53EC112BF2F700F853EC1F2BF2F761
:10E4D00002F894ED580B41EC1F0B53EC1C2B51EC44
:10E4E000100BC834F1F7F7FF53EC1F2BF1F74CFF7B
:10E4F00094ED0E1B53EC112BF1F746FF94ED140B2A
:10E5000094ED16CB41EC1F0B53EC102B51EC1C0B74
:10E51000F1F7DBFF41EC100B53EC102B9DED100BD2
:10E520008DED0C0B51EC100BF1F7D5FF53EC1F2BBD
:10E53000F1F72AFF41EC100B53EC1C2B8DED040B73
:10E5400094ED18FB51EC1F0BF1F7BFFF41EC1C0BD6
:10E5500051EC180B53EC1C2BF1F7BDFF53EC1C2BAB
:10E56000F1F7B9FF53EC1C2BF1F7B5FF1FEDC61BFC
:10E5700053EC112BF2F721F841EC100B53EC1C2B50
:10E580008DED120B9DED0C0B51EC100BF1F7A3FF71
:10E590009DED120B53EC102BF1F797FF9DED040B43
:10E5A00053EC102BF1F7F0FE41EC110B53EC1F2B49
:10E5B0008DED041B94ED0C0B51EC100BF1F785FF66
:10E5C00041EC1C0B00E02EE31FEDD90B9DED06FB8B
:10E5D00053EC102B51EC1F0BF1F77DFF0E4646EC70
:10E5E000100B074653EC1F2B51EC100BF1F773FF88
:10E5F00053EC182BF1F7E1FF53EC1C2BF1F76BFFF9
:10E6000041EC100B53EC1C2B8DED1C0B46EC107BDE
:10E6100051EC100BF1F75FFF53EC1C2BF1F75BFF94
:10E620009DED1C0B53EC102BF1F7AEFE41EC100BE3
:10E6300053EC1C2B8DED020B9DED0C0B51EC100BD4
:10E64000F1F749FF9DED020B53EC102BF1F73DFF65
:10E650009DED041B53EC112BF1F796FEC4E90E015E
:10E6600051EC1F0B81F0004184E194ED481B94EDC7
:10E670003E0B53EC112B51EC100BF2F78FF87DD2BF
:10E6800084F8D37094ED040B94ED42FB53EC102B03
:10E690009DED100B51EC100BF1F717FF53EC192BFC
:10E6A000F2F764F801D2304600E00120F1F7F4FF00
:10E6B00041EC110B8DED041B94ED080B9FEDFE1B3F
:10E6C00051EC100B53EC112BF1F705FF53EC1F2B02
:10E6D000F1F701FF53EC1F2BF1F7FDFE41EC1C0B92
:10E6E00053EC1F2B51EC180BF1F7F5FE53EC1F2BDD
:10E6F000F1F7F1FE53EC1F2BF1F7EDFE9FEDF01B50
:10E7000053EC112BF1F759FF53EC1C2BF1F73CFEA6
:10E710009DED041B53EC112BF1F7DDFE41EC110BC9
:10E7200053EC1F2B8DED041B94ED04CB51EC1C0B13
:10E73000F1F7D1FE9DED041B53EC112BF1F724FEF4
:10E74000C4E9400194ED420B94ED441B53EC102BB3
:10E7500051EC110BF1F7B9FE9DED100B41EC1F0BC5
:10E7600053EC1C2B51EC100BF1F7AFFE9FEDD61BB9
:10E7700053EC112BF1F7FAFF03D200E0FDE0304635
:10E7800000E00120F1F788FF41EC1C0B9FEDCA0B64
:10E7900053EC102B9DED0E0B51EC100BF1F79BFE83
:10E7A00053EC1F2BF1F797FE53EC1F2BF1F793FE61
:10E7B00053EC1C2BF1F78FFE94ED560B41EC1C0B28
:10E7C00053EC1F2B51EC100BF1F785FE53EC1C2B77
:10E7D000F1F7DAFD94ED401B53EC112BF1F7D4FD6A
:10E7E000C4E9400194ED440B94ED461B53EC102B0F
:10E7F00051EC110BF1F769FE94ED040B41EC1C0B8D
:10E8000053EC102B9DED100B51EC100BF1F75DFE4E
:10E810009FEDAD1B53EC112BF1F7A8FF00D30126A0
:10E820003046F1F739FF41EC1F0B53EC1C2B51EC38
:10E83000180BF1F750FE53EC1C2BF1F74CFE53EC88
:10E840001C2BF1F748FE9FED9E1B53EC112BF1F7AB
:10E85000B4FE41EC110B8DED021B9FED970B53ECB9
:10E86000102B9DED0E0B51EC100BF1F734FE53EC19
:10E870001C2BF1F730FE53EC1C2BF1F72CFE9DED19
:10E88000021B53EC112BF1F720FE53EC1F2BF1F779
:10E8900022FE94ED580B41EC1F0B53EC1C2B51EC5A
:10E8A000100BC834F1F717FE53EC1F2BF1F76CFD7A
:10E8B00094ED0E1B53EC112BF1F766FD94ED140B48
:10E8C00094ED16CB41EC1F0B53EC102B51EC1C0BB1
:10E8D000F1F7FBFD41EC100B53EC102B9DED100BF1
:10E8E0008DED020B51EC100BF1F7F5FD53EC1F2BE6
:10E8F000F1F74AFD41EC100B53EC1C2B8DED0C0B8A
:10E9000094ED0C0B51EC100BF1F7DFFD41EC1C0BFF
:10E9100051EC180B53EC1C2BF1F7DDFD53EC1C2BC9
:10E92000F1F7D9FD53EC1C2BF1F7D5FD9FED641BDE
:10E9300053EC112BF1F741FE9DED020B41EC1F0B47
:10E9400053EC1C2B51EC100BF1F7C5FD53EC1F2BB6
:10E95000F1F7BBFD9DED0C0B53EC102BF1F714FD03
:10E96000C4E90E0151EC180B81F0004153EC1C2B53
:10E97000F1F7B1FD64E8320155E194ED461B94EDE9
:10E980003E0B53EC112B51EC100BF1F707FF7DD22E
:10E9900084F8D38094ED040B94ED42FB53EC102BE0
:10E9A0009DED100B51EC100BF1F78FFD53EC192B73
:10E9B000F1F7DCFE01D2304600E00120F1F76CFEF9
:10E9C00041EC100B9FED3C1B8DED040B94ED080BFF
:10E9D00053EC112B51EC100BF1F77DFD53EC1F2B79
:10E9E000F1F779FD53EC1F2BF1F775FD41EC1C0B92
:10E9F00053EC1F2B51EC180BF1F76DFD53EC1F2B53
:10EA0000F1F769FD53EC1F2BF1F765FD9FED2C1B12
:10EA100053EC112BF1F7D1FD53EC1C2BF1F7B4FCA7
:10EA20009DED040B53EC102BF1F755FD41EC110B50
:10EA300053EC1F2B8DED041B94ED04CB51EC1C0B00
:10EA4000F1F749FD9DED041B53EC112BF1F79CFCF4
:10EA5000C4E9400194ED420B94ED441B53EC102BA0
:10EA600051EC110BF1F731FD9DED100B41EC1F0B3B
:10EA700053EC1C2B51EC100BF1F727FD9FED121BF3
:10EA800053EC112BF1F772FE03D200E0CCE03046DC
:10EA900000E00120F1F700FE9FED070B41EC1C0B9D
:10EAA00053EC102B9DED0E0B51EC100BF1F713FDF9
:10EAB00053EC1F2B0CE00000000000000000E03FC2
:10EAC00000000000000018400000000000000000EE
:10EAD000F1F701FD53EC1F2BF1F7FDFC53EC1C2B60
:10EAE000F1F7F9FC94ED560B41EC1C0B53EC1F2B8A
:10EAF00051EC100BF1F7EFFC53EC1C2BF1F744FC3D
:10EB000094ED401B53EC112BF1F73EFCC4E940019E
:10EB100094ED440B94ED461B53EC102B51EC110B70
:10EB2000F1F7D3FC94ED040B41EC1C0B53EC102BD0
:10EB30009DED100B51EC100BF1F7C7FC1FED1E1BE8
:10EB400053EC112BF1F712FE00D301263046F1F7FA
:10EB5000A3FD41EC100B53EC1C2B8DED040B51EC81
:10EB6000180BF1F7B8FC53EC1C2BF1F7B4FC53EC89
:10EB70001C2BF1F7B0FC1FED2E1B53EC112BF1F702
:10EB80001CFD1FED330B41EC1F0B53EC102B9DEDC7
:10EB90000E0B51EC100BF1F79EFC53EC1C2BF1F714
:10EBA0009AFC53EC1C2BF1F796FC53EC1F2BF1F75E
:10EBB0008CFC9DED040B53EC102BF1F78CFC94EDC9
:10EBC000580B41EC1F0B53EC1C2B51EC100BF1F7C5
:10EBD00082FC53EC1F2BF1F7D7FB94ED401B53EC59
:10EBE000112BF1F7D1FB94ED461B94ED3E0B41EC5C
:10EBF0001C0B53EC112B51EC100BF1F766FC41ECA4
:10EC0000100B53EC102B9DED100B51EC100BF1F78A
:10EC100062FC53EC1C2BF1F7B7FB1FED550BC4E95D
:10EC2000400184ED320BB9E294ED441B94ED3E0BB0
:10EC300053EC112B51EC100BF1F7B0FD7ED284F8A0
:10EC4000D35094ED040B94ED42FB53EC102B9DED4F
:10EC5000100B51EC100BF1F738FC53EC192BF1F7BA
:10EC600085FD01D2304600E00120F1F715FD41ECB1
:10EC7000110B8DED041B94ED080B1FED711B51EC76
:10EC8000100B53EC112BF1F726FC53EC1F2BF1F773
:10EC900022FC53EC1F2BF1F71EFC41EC1C0B53EC38
:10ECA0001F2B51EC180BF1F716FC53EC1F2BF1F74F
:10ECB00012FC53EC1F2BF1F70EFC1FED7F1B53ECE6
:10ECC000112BF1F77AFC53EC1C2BF1F75DFB9DED5A
:10ECD000041B53EC112BF1F7FEFB41EC100B53EC32
:10ECE0001F2B8DED040B94ED04CB51EC1C0BF1F7B5
:10ECF000F2FB9DED040B53EC102BF1F745FBC4E93F
:10ED0000400194ED420B94ED441B53EC102B51EC5D
:10ED1000110BF1F7DAFB9DED100B41EC1F0B53ECDF
:10ED20001C2B51EC100BF1F7D0FB1FED991B53EC92
:10ED3000112BF1F71BFD02D2304601E0C7E00120A4
:10ED4000F1F7AAFC41EC1C0B1FEDA50B53EC102BAB
:10ED50009DED0E0B51EC100BF1F7BDFB53EC1F2B8F
:10ED6000F1F7B9FB53EC1F2BF1F7B5FB53EC1C2B60
:10ED7000F1F7B1FB94ED560B41EC1C0B53EC1F2B40
:10ED800051EC100BF1F7A7FB53EC1C2BF1F7FCFA3D
:10ED900094ED401B53EC112BF1F7F6FAC4E9400156
:10EDA00094ED441B94ED3E0B53EC112B51EC100BE6
:10EDB000F1F78BFB94ED040B41EC1C0B53EC102B87
:10EDC0009DED100B51EC100BF1F77FFB1FEDC21BFB
:10EDD00053EC112BF1F7CAFC01D2304600E00120C0
:10EDE000F1F75AFC41EC1F0B53EC1C2B51EC180BA8
:10EDF000F1F771FB8A464AEC100B074653EC1C2BCB
:10EE000051EC100BF1F767FB53EC1C2BF1F763FB94
:10EE10001FEDD51B53EC112BF1F7CFFB41EC100B81
:10EE20008DED040B1FEDDC0B53EC102B9DED0E0B49
:10EE300051EC100BF1F74FFB53EC1C2BF1F74BFB94
:10EE400053EC1C2BF1F747FB9DED040B53EC102BFF
:10EE5000F1F73BFB53EC1F2BF1F73DFB94ED580B07
:10EE600041EC1F0B53EC1C2B51EC100BF1F733FB57
:10EE700053EC1F2BF1F788FA94ED401B53EC112B48
:10EE8000F1F782FAC4E9400194ED040B53EC102B26
:10EE90009DED100B51EC100BF1F717FB1FEDF61B5E
:10EEA00053EC112BF1F762FC01D2304600E0012057
:10EEB000F1F7F2FB4AEC107B9DED0E1B41EC1C0BB5
:10EEC00053EC112B51EC100BF1F702FB5CE194EDCC
:10EED000420B94ED3E1B53EC102B51EC110BF1F750
:10EEE0005DFC84F8D3507CD294ED040B94ED42FB8E
:10EEF00053EC102B9DED100B51EC100BF1F7E5FAD4
:10EF000053EC192BF1F732FC01D2304600E001201E
:10EF1000F1F7C2FB41EC110B8DED041B94ED080BD6
:10EF20009FEDFE1B51EC100B53EC112BF1F7D3FAB4
:10EF300053EC1F2BF1F7CFFA53EC1F2BF1F7CBFA61
:10EF400041EC1C0B53EC1F2B51EC180BF1F7C3FADF
:10EF500053EC1F2BF1F7BFFA53EC1F2BF1F7BBFA61
:10EF60009FEDF01B53EC112BF1F727FB53EC1C2BFF
:10EF7000F1F70AFA9DED041B53EC112BF1F7ABFAF4
:10EF800041EC100B53EC1F2B8DED040B94ED04CBD7
:10EF900051EC1C0BF1F79FFA9DED040B53EC102B79
:10EFA000F1F7F2F9C4E9400194ED420B94ED3E1BF8
:10EFB00053EC102B51EC110BF1F787FA9DED100B70
:10EFC00041EC1F0B53EC1C2B51EC100BF1F77DFAAD
:10EFD0009FEDD61B53EC112BF1F7C8FB02D2304644
:10EFE00001E04CE00120F1F757FB41EC1C0B9FEDD9
:10EFF000CB0B53EC102B9DED0E0B51EC100BF1F7DE
:10F000006AFA53EC1F2BF1F766FA53EC1F2BF1F75A
:10F0100062FA53EC1C2BF1F75EFA94ED560B41ECBF
:10F020001C0B53EC1F2B51EC100BF1F754FA53EC63
:10F030001C2BF1F7A9F994ED401B53EC112BF1F7C0
:10F04000A3F9C4E9400194ED040B53EC102B9DEDA2
:10F05000100B51EC100BF1F738FA9FEDB41B53EC89
:10F06000112BF1F783FB00D301263046F1F714FB97
:10F070009DED0E1B41EC100B53EC112B88E094ED31
:10F08000040B94ED3EFB53EC102B9DED100B51EC5B
:10F09000100BF1F71AFA53EC192BF1F767FB01D2B9
:10F0A000304600E00120F1F7F7FA41EC100B53EC89
:10F0B0001C2B8DED0C0B94ED080B51EC100BF1F7A4
:10F0C0000AFA53EC1F2BF1F706FA53EC1F2BF1F75A
:10F0D00002FA41EC1C0B53EC1F2B51EC180BF1F70F
:10F0E000FAF98A464AEC100B074653EC1F2B51ECF9
:10F0F000100BF1F7F0F953EC1F2BF1F7ECF99FED42
:10F10000891B53EC112BF1F758FA53EC1C2BF1F738
:10F110003BF99DED0C0B53EC102BF1F7DCF941ECB6
:10F12000110B53EC1F2B8DED0C1B94ED04CB51EC0C
:10F130001C0BF1F7D0F99DED0C1B53EC112BF1F7E3
:10F1400023F9C4E940019DED100B53EC1C2B51EC4D
:10F15000100BF1F7BAF9B0EE491AF0EE691A53EC58
:10F16000112BF1F703FB00D301263046F1F794FA97
:10F170004AEC107B94ED081B41EC1C0B53EC112B5B
:10F1800051EC100BF1F700F953EC1C2B41EC100B78
:10F1900051EC100BF1F79FF9C4E9320194F9D40056
:10F1A000F1F77AFA94ED401B53EC112BF1F793F938
:10F1B00094ED361B53EC112BF1F7E6F841EC100BF4
:10F1C00084ED2E0BB4F8980120B194ED3C0B84ED46
:10F1D0002E0BFDE394ED3C1B51EC100B53EC112B6B
:10F1E000F1F7DCFA03D894F9D40000280EDC94ED92
:10F1F0003C1B94ED2E0B53EC112B51EC100BF1F743
:10F20000B5FAE6D894F9D4000028E2DAA4F8D09050
:10F21000A4F89881DCE3464624F8D08F53EC1E2BEB
:10F2200051EC1D0BF1F757F994ED0A1B53EC112B20
:10F23000F1F7AAF8C4E90A0153EC192B51EC1E0BA3
:10F24000D03CF1F793FA03D1A4F8D050A4F8986118
:10F2500094ED481B94ED3E0B53EC112B51EC100B2D
:10F26000F1F79CFA59D294ED42FB51EC180B53EC98
:10F270001F2BC834F1F72FF953EC1F2BF1F72BF9A3
:10F2800053EC1F2BF1F727F99FED261B53EC112BA5
:10F29000F1F793F941EC100B51EC1B0B8DED0C0BBE
:10F2A0009FED1E0B53EC102BF1F715F953EC1F2BB0
:10F2B000F1F711F953EC1F2BF1F70DF941EC1C0B91
:10F2C00094ED060B14F05CFF53EC1F2B51EC100B6C
:10F2D000F1F701F953EC1C2BF1F756F89DED0C0BEF
:10F2E00053EC102BF1F7F1F841EC100B53EC1F2B02
:10F2F0008DED040B94ED120B8DED0C0B51EC100BFE
:10F30000F1F7E3F89FED050B41EC1C0B53EC102BD0
:10F3100051EC1A0BF1F7DFF80CE0DCE00000000024
:10F320000000E03F00000000000018400000000066
:10F330000000000053EC1C2BF1F7CDF853EC1C2B14
:10F34000F1F7C9F841EC1F0B53EC1C2B51EC180BD7
:10F35000F1F7C1F853EC1C2BF1F7BDF853EC1C2B63
:10F36000F1F7B9F81FED111B53EC112BF1F725F94B
:10F3700041EC110B53EC1C2B8DED121B9DED100B72
:10F3800051EC100BF1F7A7F89DED121B53EC112B6C
:10F39000F1F79BF853EC1F2BF1F797F89DED040B59
:10F3A00053EC102BF0F7F0FF41EC110B8DED121B1D
:10F3B00094ED14FB9DED0C0B51EC1F0B53EC102B3B
:10F3C000F1F783F81FED2B0B41EC1C0B53EC102BCA
:10F3D0009DED0E0B51EC100BF1F77DF8884648ECD3
:10F3E000100B074653EC1C2B51EC100BF1F773F884
:10F3F00053EC1C2BF1F76FF841EC110B53EC1C2B69
:10F400008DED0C1B94ED240B51EC100BF1F763F810
:10F410009DED0C1B53EC112BF1F757F89DED121BD2
:10F4200053EC112BF0F7B0FF41EC100B53EC1F2BFA
:10F430008DED0C0B94ED160B51EC100BF1F745F81C
:10F4400041EC1C0B48EC107B53EC1C2B51EC100BCB
:10F45000F1F741F853EC1C2BF1F73DF841EC1F0B91
:10F4600051EC180B81F0004153EC1C2BF1F733F8F1
:10F4700053EC1C2BF1F72FF853EC1C2BF1F72BF866
:10F480001FED581B53EC112BF1F797F853EC1F2B82
:10F49000F0F77AFF94ED260B41EC1F0B53EC1C2B7D
:10F4A00051EC100BF1F717F853EC1F2BF1F70DF897
:10F4B0009DED0C0B53EC102BF0F766FFB0EE490AF4
:10F4C000F0EE690AC4E90E0184ED000B2581A4F871
:10F4D000D060C83C27E394ED460B94ED3E1B53EC03
:10F4E000102B51EC110BF1F759F97DD284F8D37040
:10F4F00094ED42FB51EC180B53EC1F2BC834F0F782
:10F50000EAFF53EC1F2BF0F7E6FF53EC1F2BF0F74D
:10F51000E2FF1FED7C1B53EC112BF1F74EF841EC91
:10F52000100B8DED0C0B1FED830B51EC1B0B53ECF3
:10F53000102BF0F7D0FF53EC1F2BF0F7CCFF53EC60
:10F540001F2BF0F7C8FF41EC1C0B94ED060B14F0D9
:10F5500017FE53EC1F2B51EC100BF0F7BCFF53ECD4
:10F560001C2BF0F711FF9DED0C0B53EC102BF0F75B
:10F57000ACFF41EC100B53EC1F2B8DED040B94ED05
:10F5800012CB51EC1C0BF0F7A0FF41EC1F0B1FED51
:10F590009D0B51EC1A0B53EC102BF0F79CFF53EC26
:10F5A0001F2BF0F798FF53EC1F2BF0F794FF41EC63
:10F5B000100B53EC1F2B8DED120B51EC180BF0F7C9
:10F5C0008AFF53EC1F2BF0F786FF53EC1F2BF0F74D
:10F5D00082FF1FEDAC1B53EC112BF0F7EEFF41EC5B
:10F5E000100B8DED020B00E0B2E09DED100B53EC23
:10F5F0001F2B51EC100BF0F76EFF9DED020B53EC3F
:10F60000102BF0F762FF9DED120B53EC102BF0F76F
:10F610005CFF9DED040B53EC102BF0F7B5FE41ECB5
:10F62000100B53EC1C2B8DED040B94ED140B8DED96
:10F63000120B51EC100BF0F748FF9DED0E1B1FED68
:10F64000C90B41EC1C0B53EC102B8DED0C1B51EC3A
:10F65000110BF0F740FF884648EC100B074653ECBF
:10F660001C2B51EC100BF0F736FF53EC1C2BF0F772
:10F6700032FF94ED240B41EC1F0B53EC1C2B51EC8F
:10F68000100BF0F728FF53EC1F2BF0F71EFF9DED3A
:10F69000040B53EC102BF0F777FE41EC110B8DEDC2
:10F6A000041B94ED0C1B9DED120B51EC110B53EC54
:10F6B000102BF0F70AFF41EC1C0B48EC107B53ECCD
:10F6C0001C2B51EC100BF0F706FF53EC1C2BF0F742
:10F6D00002FF41EC1F0B51EC180B81F0004153EC81
:10F6E0001C2BF0F7F8FE53EC1C2BF0F7F4FE53EC58
:10F6F0001C2BF0F7F0FE1FEDF51B53EC112BF0F770
:10F700005CFF53EC1F2BF0F73FFE94ED260B41EC12
:10F710001F0B53EC1C2B51EC100BF0F7DCFE53ECE1
:10F720001F2BF0F7D2FE9DED041B53EC112BF0F7CD
:10F730002BFEC4E90E0153EC1C2B51EC180BF0F717
:10F74000CAFE9DED0C1B41EC100B53EC112B92E10A
:10F7500094ED441B94ED3E0B53EC112B51EC100B2C
:10F76000F1F71CF87DD284F8D37094ED42FB51EC94
:10F77000180B53EC1F2BC834F0F7ADFE53EC1F2BC6
:10F78000F0F7A9FE53EC1F2BF0F7A5FE9FEDFE1B33
:10F7900053EC112BF0F711FF41EC100B8DED0C0B1E
:10F7A0009FEDFB0B51EC1B0B53EC102BF0F793FE72
:10F7B00053EC1F2BF0F78FFE53EC1F2BF0F78BFE53
:10F7C00041EC1C0B94ED060B14F0DAFC53EC1F2BF0
:10F7D00051EC100BF0F77FFE53EC1C2BF0F7D4FD2F
:10F7E0009DED0C0B53EC102BF0F76FFE41EC100B62
:10F7F00053EC1F2B8DED0C0B94ED12CB51EC1C0B2D
:10F80000F0F763FE41EC1F0B9FEDE10B51EC1A0B7F
:10F8100053EC102BF0F75FFE53EC1F2BF0F75BFE61
:10F8200053EC1F2BF0F757FE41EC100B53EC1F2B42
:10F830008DED120B51EC180BF0F74DFE53EC1F2B16
:10F84000F0F749FE53EC1F2BF0F745FE9FEDCE1B62
:10F8500053EC112BF0F7B1FE41EC100B8DED020BC8
:10F8600000E058E09DED100B53EC1F2B51EC100BFA
:10F87000F0F731FE9DED020B53EC102BF0F725FE57
:10F880009DED120B53EC102BF0F71FFE9DED0C0BB2
:10F8900053EC102BF0F778FD41EC100B53EC1C2BC4
:10F8A0008DED020B94ED0C0B51EC100BF0F70DFEEF
:10F8B00041EC1C0B9FEDB60B53EC102B9DED0E0B8A
:10F8C0008DED0C0B51EC100BF0F705FE53EC1C2BDF
:10F8D000F0F701FE53EC1C2BF0F7FDFD94ED240B2B
:10F8E00041EC1F0B53EC1C2B51EC100BF0F7F3FD0C
:10F8F00053EC1F2BF0F7E9FD9DED020B53EC102BA1
:10F90000F0F742FDC4E90E019DED0C0B51EC100B1C
:10F9100081F0004105E194ED420B94ED3E1B53EC68
:10F92000102B51EC110BF0F739FF7DD284F8D37016
:10F9300094ED42FB51EC180B53EC1F2BC834F0F73D
:10F94000CAFD53EC1F2BF0F7C6FD53EC1F2BF0F74D
:10F95000C2FD9FED8D1B53EC112BF0F72EFE41ECF9
:10F96000100B8DED0C0B9FED8A0B51EC1B0B53EC28
:10F97000102BF0F7B0FD53EC1F2BF0F7ACFD53EC60
:10F980001F2BF0F7A8FD41EC1C0B94ED060B14F0B7
:10F99000F7FB53EC1F2B51EC100BF0F79CFD53ECD5
:10F9A0001C2BF0F7F1FC9DED0C0B53EC102BF0F73A
:10F9B0008CFD41EC100B53EC1F2B8DED040B94EDE3
:10F9C0000C0B51EC100BF0F780FD41EC1C0B00E030
:10F9D000D8E09FED6F0B51EC1A0B53EC102BF0F7A6
:10F9E0007AFD53EC1C2BF0F776FD53EC1C2BF0F753
:10F9F00072FD41EC110B53EC1C2B8DED0C1B51ECEB
:10FA0000180BF0F768FD53EC1C2BF0F764FD53EC7A
:10FA10001C2BF0F760FD9FED5C1B53EC112BF0F7F6
:10FA2000CCFD41EC1F0B00E02AE09DED100B53ECE8
:10FA30001C2B51EC100BF0F74EFD53EC1F2BF0F785
:10FA400044FD9DED0C1B53EC112BF0F73EFD9DED9D
:10FA5000040B53EC102BF0F797FCC4E90E0151ECAA
:10FA6000180B81F0004153EC1C2BF0F734FD53ECE4
:10FA70001A2B41EC100B51EC100BF0F726FD50E067
:10FA800084F8D35094ED3EFB51EC180B53EC1F2B34
:10FA9000C834F0F720FD884648EC100B074653ECBD
:10FAA0001F2B51EC100BF0F716FD53EC1F2BF0F74A
:10FAB00012FD9FED351B53EC112BF0F77EFD41EC51
:10FAC000100B53EC1C2B8DED0C0B51EC1B0BF0F7BA
:10FAD00002FD53EC1F2BF0F7FEFC53EC1F2BF0F74D
:10FAE000FAFC41EC1C0B94ED060B14F049FB53ECB3
:10FAF0001F2B51EC100BF0F7EEFC53EC1C2BF0F726
:10FB000043FC9DED0C0B53EC102BF0F7DEFC48ECA6
:10FB1000107BC4E90E0153EC1B2B51EC100BF0F7DA
:10FB2000D7FC64E8320194F9D400F0F7B5FD94ED08
:10FB3000401B53EC112BF0F7CEFC94ED361B53EC2D
:10FB4000112BB3E094ED3C1B51EC100B53EC112B3B
:10FB5000F0F724FE03D894F9D40000280EDC94EDCD
:10FB60003C1B94ED2E0B53EC112B51EC100BF0F7CA
:10FB7000FDFD07D894F9D400002803DAA4F8D0904A
:10FB8000A4F89861A0E00000000000000000184008
:10FB9000000000000000E03F464624F8D08F53EC00
:10FBA0001E2B51EC1D0BF0F796FC94ED0A1B53EC49
:10FBB000112BF0F7E9FBC4E90A0153EC192B51ECC6
:10FBC0001E0BD03CF0F7D2FD03D1A4F8D050A4F81E
:10FBD000986194ED420B94ED3E1B53EC102B51ECCD
:10FBE000110BF0F7DBFD31D294ED42FB9DED100BD4
:10FBF00053EC1F2B51EC100BC834F0F76CFC41ECAC
:10FC0000100B53EC1C2B8DED020B9DED0E0B51ECEC
:10FC1000100BF0F760FC53EC1F2BF0F75CFC53EC7F
:10FC20001F2BF0F758FC9DED020B53EC102BF0F757
:10FC3000ABFBC4E90E012581A4F8D060B0EE490AFF
:10FC4000F0EE690A84ED000BC83C27E094ED3EFB22
:10FC50009DED100B53EC1F2B51EC100BF0F73BFC00
:10FC600041EC100B53EC1C2B8DED020B9DED0ECBDC
:10FC700051EC1C0BF0F72FFC53EC1F2BF0F72BFC77
:10FC800053EC1F2BF0F727FC9DED020B53EC102BD0
:10FC9000F0F77AFBC4E9400184ED32CB94ED400BE0
:10FCA00094ED361B53EC102B51EC110BF0F76CFB61
:10FCB00041EC100B84ED2E0BB4F8980100283FF4B2
:10FCC00041AF01E084F8D25053EC192B51EC1D0BDD
:10FCD000F0F74CFD31D094ED2E0B9DED1A1B51EC3D
:10FCE000100B53EC112BF0F7F0FB53EC1D2BF0F73E
:10FCF00064FCC4E93001B4F8980110B394F8D20060
:10FD0000032805D0022803D0B4F8D00030B111E0A8
:10FD1000B4F8D00070B984ED309B09E094ED060B87
:10FD200053EC1E2B51EC100BF0F7D5FBC4E930015E
:10FD300084ED329B84F8D25003E084ED309B84ED57
:10FD4000329BA4F89251A4F89451A4F896519DEDD9
:10FD5000100B84ED540B9DED0E0B84ED5A0B9DEDB5
:10FD6000060B84ED5C0B84ED5E8B84ED60BB84ED53
:10FD700062AB21B0BDEC108BBDE8F08F2DE9F04FE8
:10FD800015462DED108BADF53D7D04469FEDFD9B99
:10FD90009FEDFE8B91ED000B8DED8C0B91ED020B29
:10FDA0008DED8A0B91ED040B8DED800B91ED06BB73
:10FDB00091ED08EB9FEDF70B51EC1B0B53EC102B67
:10FDC000F0F789FB0E4646EC100B07469FEDF31B40
:10FDD00051EC100B53EC112BF0F7EFFB41EC100B37
:10FDE00013F0BEFF46EC107B9FEDEC1B51EC100BAB
:10FDF00053EC112BF0F7E1FB41EC100B15F064F81C
:10FE00009FEDE40B51EC1E0B53EC102BF0F763FB52
:10FE10000E4646EC100B07469FEDE01B51EC100B15
:10FE200053EC112BF0F7C9FB41EC100B13F098FFCA
:10FE300046EC107B9FEDD91B51EC100B53EC112BB2
:10FE4000F0F7BBFB41EC100B15F03EF894ED0C0BFA
:10FE50008DED900B94ED0E0B8DED8E0B94ED100B44
:10FE60008DED200B94ED180B8DED960B94ED1A0B88
:10FE70008DED940B94ED1C0B8DED920B94ED240BFA
:10FE80008DEDB40B94ED260B8DEDB20B94ED280B9C
:10FE90008DEDB00B94ED1E0B8DEDB80B94ED200B9A
:10FEA0008DEDB60B94ED221B8DEDA21B94ED2A0B6C
:10FEB0008DEDA00B94ED2C0B8DED9E0B94ED2E0B88
:10FEC0008DED9C0B9DEDB60B53EC102B9DEDB80BFF
:10FED00051EC100BF0F758FA9DEDA21B53EC112BCF
:10FEE000F0F752FA9FEDA71B53EC112BF0F73EFCF5
:10FEF00016D19DED9E0B53EC102B9DEDA00B51ECFC
:10FF0000100BF0F741FA9DED9C1B53EC112BF0F711
:10FF10003BFA9FED9C1B53EC112BF0F727FC07D00D
:10FF200040F203400DF53D7DBDEC108BBDE8F08F38
:10FF30009FED940B53EC102B9DEDB80B51EC100B77
:10FF4000F0F714FC0AD1B0EE48FAF0EE68FA8DED45
:10FF50007EBBB0EE4FAAF0EE6FAA2AE09FED890BB0
:10FF600053EC102B9DEDB60B51EC100BF0F7FEFB94
:10FF70000AD18DED7E8BB0EE4BFAF0EE6BFAB0EE5F
:10FF800048AAF0EE68AA14E09FED7E0B53EC102B0C
:10FF90009DEDA20B51EC100BF0F7E8FB09D18DEDB4
:10FFA0007E8BB0EE48FAF0EE68FAB0EE4BAAF0EEB7
:10FFB0006BAA9FED74BB9DEDA00B53EC1B2B51EC7A
:10FFC000100BF0F7D3FB0CD1B0EE48CAF0EE68CAC4
:10FFD000B0EE4EDAF0EE6EDAB0EE4C9AF0EE6C9ACD
:10FFE0002EE09DED9E0B53EC1B2B51EC100BF0F70C
:10FFF000BDFB0CD1B0EE489AF0EE689AB0EE49DA4B
:020000040801F1
:10000000F0EE69DAB0EE4ECAF0EE6ECA18E0B0EE6D
:100010004B0AF0EE6B0A53EC102B9DED9C0B51EC50
:10002000100BF0F7A3FB0BD1B0EE48DAF0EE68DA74
:10003000B0EE4DCAF0EE6DCAB0EE4E9AF0EE6E9A8A
:100040009DED960B8DED820B9DED940B8DED840B4C
:100050009DED920B8DED860B8DED88BB9DEDB40B68
:100060008DED6E0B9DEDB20B8DED700B9DEDB00B1C
:100070008DED720B8DED74BB9DED960B8DED300B00
:100080009DED940B8DED380B9DED920B8DED400B9E
:100090008DED48BB9DED8C0B53EC102B9DED900B23
:1000A00051EC100BF0F770F9CDE906019DED8A0BCC
:1000B00053EC102B9DED8E0B51EC100BF0F764F907
:1000C000CDE90E019DED800B53EC102B9DED200B27
:1000D00051EC100BF0F758F9CDE916018DED1EBB70
:1000E00000202AA94FEA0D0707EBC002894682EDDE
:1000F000188B01EBC002401C82ED188B0328F3DB48
:10010000B0EE4A2AF0EE6A2AB0EE4F1AF0EE6F1AFD
:100110009DED7E0B4AA8F4F767FE00214AAE01EB85
:10012000410206EBC203002007EB411203EBC00CB7
:10013000B8469CED000B02EBC00C401C8CED000B94
:100140000328F3DB491C0329E9DBB0EE492AF0EE72
:10015000692AB0EE4C1AF0EE6C1AB0EE4D0AF0EED1
:100160006D0A3046F4F740FE00204A4600EB40039B
:10017000002106EBC30302EB401700BF03EBC10CE9
:1001800010E00000000000000000F03F0000000050
:1001900000000000112D4454FB2109400000000024
:1001A000008066409CED000B07EBC10C491C8CEDF8
:1001B000000B0329E2DB401C0328D7DB9DED060B77
:1001C000002785ED000B9DED0E0BC24685ED020B61
:1001D0009DED160B85ED040B66A800EBC708002605
:1001E00088ED008B0AEB471909EBC60090ED001B68
:1001F00082A800EBC60090ED000B51EC110B53EC04
:10020000102BF0F768F998ED001B53EC112BF0F769
:10021000BBF8761CC8E90001042EE5DB7F1C042F27
:10022000DADB9DED660B002785ED0C0B9DED680B71
:100230000DF1880A85ED0E0B9DED6A0B85ED100B17
:100240000AEBC7082AA988ED008B00260DF5DC7B98
:1002500001EB471909EBC60090ED001B0BEBC60044
:1002600090ED000B51EC110B53EC102BF0F733F920
:1002700098ED001B53EC112BF0F786F8761CC8E9BB
:100280000001042EE6DB7F1C042FD9DB0027EB46A0
:100290005EA800EBC708002688ED008B0BEB471922
:1002A00009EBC60090ED001B0AEBC60090ED000BB9
:1002B00051EC110B53EC102BF0F70DF998ED000BEE
:1002C00053EC102BF0F760F8761CC8E90001042EFF
:1002D000E6DB7F1C042FDBDB9DED5E0B05F1900060
:1002E00085ED180B9DED601B76AE85ED1A1B9DED1F
:1002F000622B85ED1C2B80EC060B303080EC060B5E
:10030000303080EC060B94ED000B8DEDA40B94EDDA
:10031000020B8DEDA60B94ED040B8DEDA80B94ED67
:10032000060B8DEDAA0B94ED080B8DEDAC0B94ED47
:100330000A0B00248DEDAE0B04EB4401002005EB0D
:10034000011200BF02EBC00191ED000B06EBC001F2
:10035000401C81ED000B0328F4DB032006EBC001F9
:10036000B0EE480AF0EE680A401C81ED000B06284A
:10037000F4DBA4A976A80EF0C9FF641C062CDBDB15
:100380000020CFE52DE9FF4F93462DED108BADF505
:10039000397D9FEDFE8B91ED000B8DED9C0B91ED6A
:1003A000020B8DED980B91ED040B8DED940B90ED00
:1003B0000C0B91ED06EB91ED08FB8DED9A0B90ED9A
:1003C0000E0B8DED960B90ED100B8DED920B90EDCD
:1003D000180B8DEDA20B90ED1A0B8DEDA00B90ED8F
:1003E0001C0B8DED9E0B90ED240B8DEDB40B90ED61
:1003F000260B8DEDA60B90ED280B8DEDA40B90ED4B
:100400001E0B8DEDB20B90ED200B8DEDB00B90ED32
:10041000221B8DED701B90ED2A0B8DED400B90EDA6
:100420002C0B8DEDAE0B90ED2E0B8DEDAC0B90EDFE
:10043000000B8DED720B90ED020B8DED740B90EDBA
:10044000040B8DED760B90ED060B8DED780B90ED9A
:10045000080B8DED7A0B90ED0A0B8DED7C0B9DED6D
:10046000B00B53EC102B9DEDB20B51EC100BEFF7D2
:100470008BFF9DED701B53EC112BEFF785FF9FED6C
:10048000C31B53EC112BF0F771F916D19DEDAE0B98
:1004900053EC102B9DED400B51EC100BEFF774FF5C
:1004A0009DEDAC1B53EC112BEFF76EFF9FEDB71BCF
:1004B00053EC112BF0F75AF908D040F203400DF538
:1004C000397DBDEC108B04B0BDE8F08F9FEDAF0B14
:1004D00053EC102B9DEDB20B51EC100BF0F746F9DD
:1004E0000AD1B0EE4EDAF0EE6EDA9FEDAACBB0EEA6
:1004F0004C8AF0EE6C8A2AE09FEDA40B53EC102B93
:100500009DEDB00B51EC100BF0F730F90AD19FEDD7
:10051000A18BB0EE4ECAF0EE6ECAB0EE48DAF0EE45
:1005200068DA14E09FED990B53EC102B9DED700BE6
:1005300051EC100BF0F71AF909D19FED96DBB0EEF4
:100540004E8AF0EE6E8AB0EE4DCAF0EE6DCA9FEDA7
:100550008FEB9DED400B53EC1E2B51EC100BF0F785
:1005600005F90AD1B0EE4FBAF0EE6FBA9FED89AB44
:10057000B0EE4A9AF0EE6A9A2AE09DEDAE0B53EC8B
:100580001E2B51EC100BF0F7F1F80AD19FED819B77
:10059000B0EE4FAAF0EE6FAAB0EE49BAF0EE69BA2B
:1005A00016E0B0EE4E0AF0EE6E0A53EC102B9DED05
:1005B000AC0B51EC100BF0F7D9F809D19FED75BBDE
:1005C000B0EE4F9AF0EE6F9AB0EE4BAAF0EE6BAA37
:1005D0009DEDB40B8DED680B9DEDA60B8DED6A0BBB
:1005E0009DEDA40B8DED6C0B8DED6EEB9DEDA20BD7
:1005F0008DED260B9DEDA00B8DED2E0B9DED9E0B35
:100600008DED360B8DED3EEB9DED9C0B53EC102BE1
:100610009DED9A0B51EC100BEFF7B6FECDE90601FC
:100620009DED980B53EC102B9DED960B51EC100BA0
:10063000EFF7AAFECDE90E019DED940B53EC102BC4
:100640009DED920B51EC100BEFF79EFECDE91601DC
:100650008DED1EEB002020AC9FED4EEB4FEA0D061A
:1006600006EBC00181ED18EB04EBC001401C81EDED
:1006700018EB0328F4DBB0EE482AF0EE682AB0EE5F
:100680004C1AF0EE6C1AB0EE4D0AF0EE6D0A42A86C
:10069000F4F7AAFB002142AD01EB410205EBC203D6
:1006A000002006EB411200BF03EBC007B04697EDF8
:1006B000000B02EBC007401C87ED000B0328F3DBA7
:1006C000491C0329E8DBB0EE492AF0EE692AB0EEB6
:1006D0004A1AF0EE6A1AB0EE4B0AF0EE6B0A2846A0
:1006E000F4F782FB002000EB4002002105EBC20280
:1006F00004EB401302EBC10696ED000B03EBC106C1
:10070000491C86ED000B0329F4DB401C0328EADBBF
:1007100000250DF5D07A0DF50A7900BF09EBC50665
:1007200020A986ED00EB002401EB451707EBC40080
:1007300090ED000B0AEBC40090ED001B51EC100B88
:1007400053EC112BEFF7C7FE96ED001B53EC112B6A
:10075000EFF71AFE641C042CC6E90001E6DB6D1CF1
:10076000042DDBDBC246C84600250DF5C07900BF6D
:1007700009EBC506002486ED00EB0AEB451700BF28
:1007800007EBC40090ED000B08E000000000000043
:100790000000F03F000000000000000008EBC40073
:1007A00090ED001B51EC100B53EC112BEFF793FE67
:1007B00096ED001B53EC112BEFF7E6FD641C042CA7
:1007C000C6E90001DCDB6D1C042DD1DB9DED600B67
:1007D00053EC1B2B8DED7E0B9DED620B51EC1D0B35
:1007E0008DED800B9DED640B8DED820BEFF7CCFD55
:1007F000CDE9840153EC1A2B51EC1C0BEFF7C4FD2F
:10080000CDE9860153EC192B51EC180BEFF7BCFD29
:10081000CDE988010BF1180B72A99BEC060B7EA8A1
:10082000CC9A0EF029FE0024CC9800EBC40595ED7F
:10083000000B0DF05BFC641C85ED000B062CF3DB5C
:1008400000203CE62DE9F0471C462DED108BADF560
:100850001E7D0B4605465AAA6CA990ED000B8DED46
:100860006C0B90ED020B8DED6E0B90ED040B8DED8E
:10087000700B90ED060B8DED720B90ED080B8DED6E
:10088000740B90ED0A0B03F118008DED760B90ECD4
:10089000060B1846F0F748FB9DED5A0B8DED460B05
:1008A0009DED5C0B8DED660B9DED5E0B8DED440BB0
:1008B00095ED0C0B9DED60AB9DED629B9DED648B0A
:1008C0008DED8E0B95ED0E0B8DED8C0B95ED100BCC
:1008D0008DED8A0B95ED180B8DED9A0B95ED1A0B9E
:1008E0008DED980B95ED1C0B8DED960B95ED240B76
:1008F0008DED940B95ED260B8DED920B95ED280B60
:100900008DED900B95ED1E0B8DED6A0B95ED20FB9B
:1009100095ED22EB95ED2ADB95ED2CCB95ED2EBBDD
:1009200053EC1F2B51EC100BEFF72EFD53EC1E2B4D
:10093000EFF72AFD9FEDD91B53EC112BEFF716FFB4
:1009400010D153EC1C2B51EC1D0BEFF71DFD53EC9C
:100950001B2BEFF719FD9FEDD11B53EC112BEFF77C
:1009600005FF07D040F203400DF51E7DBDEC108B56
:10097000BDE8F0879FEDC90B53EC102B9DED6A0B82
:1009800051EC100BEFF7F2FE06D18DED0AAB9FEDA7
:10099000C50B8DED3C0B0EE09FEDC00B51EC1F0B1A
:1009A00053EC102BEFF7E2FE08D19FEDBE0B8DED5F
:1009B0000A0B8DED3C9B8DED060B10E09FEDB70B08
:1009C00051EC1E0B53EC102BEFF7D0FE07D19FED2F
:1009D000B50B8DED0A0B8DED3C0B8DED068B9FED70
:1009E000AF0B51EC1D0B53EC102BEFF7BFFE06D1F4
:1009F0008DED04AB9FEDAB0B8DED020B0EE09FED8B
:100A0000A70B51EC1C0B53EC102BEFF7AFFE08D1EA
:100A10009FEDA40B8DED040B8DED029B8DED000B76
:100A200010E09FED9E0B51EC1B0B53EC102BEFF7DE
:100A30009DFE07D19FED9B0B8DED040B8DED020B01
:100A40008DED008B9DED062B9DED3C1B9DED0A0B66
:100A500012A8F4F7C9F99DED002B9DED021B9DED49
:100A6000040B78A8F4F7C0F924AA78A912A8F9F71A
:100A70001BF89DED9A0B00268DED540B9DED980B08
:100A80000DF190088DED560B9DED960B0DF1F809CB
:100A90008DED580B9DED940B0DF1D80A8DED3E0BAD
:100AA0009DED920B8DED400B9DED900B8DED420B6E
:100AB0009FED7C0B0AEBC6075FF0000587ED000B8E
:100AC00005EB450108EBC10000EBC60090ED000B03
:100AD00009EBC50090ED001B51EC100B53EC112BF2
:100AE000EFF7F9FC97ED001B53EC112BEFF74CFCE3
:100AF0006D1C032DC7E90001E2DB761C032ED7DB5A
:100B000000260DF148080DF5A8790DF1300A9FED8A
:100B1000650B0AEBC607002587ED000B05EB4501C9
:100B200008EBC10000EBC60090ED000B09EBC5001F
:100B300090ED001B51EC100B53EC112BEFF7CBFC9D
:100B400097ED001B53EC112BEFF71EFC6D1C032DD2
:100B5000C7E90001E2DB761C032ED8DB9DED360BE6
:100B600053EC102B9DED460B51EC100BEFF7ADFC49
:100B70009DED0C1B53EC112BEFF7A7FC9DED8E1B8D
:100B800053EC112BEFF7A1FCC4E900019DED380BEC
:100B900053EC102B9DED660B51EC100BEFF795FC11
:100BA0009DED0E1B53EC112BEFF78FFC9DED8C1B75
:100BB00053EC112BEFF789FCC4E902019DED3A0BD0
:100BC00053EC102B9DED440B51EC100BEFF77DFC1B
:100BD0009DED101B53EC112BEFF777FC9DED8A1B5D
:100BE00053EC112BEFF771FC9FED2C0BC4E90401C2
:100BF00053EC102B9DED6A0B51EC100BEFF7B6FD8B
:100C000002D184ED06AB16E09FED240B51EC1F0BD7
:100C100053EC102BEFF7AAFD02D184ED069B0AE0FE
:100C20009FED1E0B51EC1E0B53EC102BEFF79EFDAE
:100C300001D184ED068B9FED19EB51EC1D0B53ECAC
:100C40001E2BEFF793FD02D184ED08AB12E053ECBD
:100C50001E2B51EC1C0BEFF789FD02D184ED089B94
:100C600008E053EC1E2B51EC1B0BEFF77FFD01D17D
:100C700084ED088B9FED0B0B5FF0000584ED0A0BF4
:100C800004EBC50696ED000B0DF030FA6D1C86EDF9
:100C9000000B052DF4DB002066E6000000000000DC
:100CA0000000F03F00000000000000002DE9F34FBD
:100CB0004FF0000B2DED108BADF5737D302108A8A2
:100CC000EFF7C8FA30217EA8EFF7C4FA30218AA8DE
:100CD000EFF7C0FA302196A8EFF7BCFAFE4801689A
:100CE000491C0160DDF8100401280FD942F2F81107
:100CF00010FB01F1DDF80C04EFF7ACFA0DF5737D94
:100D000040F2F230BDEC108BBDE8FC8F00240DF0FA
:100D100095B8F24814AE04FB00F1DDF80C0400EBCA
:100D2000811042F23E1146F82400014404EB4400D5
:100D3000C0EB8412EA4800EB021505F216302822B7
:100D4000AE95EFF76EFA56F8241042F266100144A1
:100D500005F23E302822EFF764FA56F8241042F2EA
:100D60008E10014405F266302822EFF75AFA56F841
:100D7000240000F5005191F8DF2185F8B72391F8A0
:100D8000F42122B9B1F83A21AE99A1F8122341F623
:100D9000286210444FF47472AE99EFF742FA56F895
:100DA000240000F5E05090ED80AB9FEDCE8B51EC30
:100DB0001A0B53EC182BEFF7D9FC12D856F8240075
:100DC00000F5005090F8F411FF290AD040F2ED31FF
:100DD000A0F8F01156F82410002001F50051A1F8F8
:100DE000F20156F8241041F2985008443021EFF7F0
:100DF00031FA56F8241041F6881008443021EFF7F4
:100E000029FA56F82400702100F6D840EFF722FAAC
:100E100056F8240053EC182B90ED640B51EC100B9A
:100E2000EFF7A4FC03D256F8240080ED648B56F84B
:100E3000240053EC182B90ED660B51EC100BEFF7E0
:100E400095FC03D256F8240080ED668B56F82400FA
:100E500053EC182B90ED680B51EC100BEFF786FC60
:100E600003D256F8240080ED688B56F8240053EC2A
:100E7000182B90ED6A0B51EC100BEFF777FC03D2B7
:100E800056F8240080ED6A8B56F8240053EC182B9A
:100E900090ED6C0B51EC100BEFF768FC03D256F899
:100EA000240080ED6C8B56F8240053EC182B90ED49
:100EB0006E0B51EC100BEFF759FC03D256F82400DF
:100EC00080ED6E8B56F8240053EC182B90ED680BD8
:100ED00051EC100BEFF74AFC0DD156F8245095ED6C
:100EE000660B9FED821B51EC100B53EC112BEFF7AF
:100EF000F2FAC5E9680156F8240053EC182B90ED7E
:100F00006E0B51EC100BEFF731FC0DD156F824505D
:100F100095ED6C0B9FED751B51EC100B53EC112BE9
:100F2000EFF7D9FAC5E96E0156F8240090ED660B8B
:100F300090ED681B53EC102B51EC110BEFF716FCE6
:100F400005D256F8240090ED660B80ED680B56F83C
:100F5000240090ED6C0B90ED6E1B53EC102B51ECBC
:100F6000110BEFF703FC05D256F8240090ED6C0B43
:100F700080ED6E0B0025B246FFE0282101EB8517BE
:100F80003844B0EE489A90ED000BF0EE689A53ECBE
:100F9000192B51EC100BEFF7E9FB04D256F82400A3
:100FA000384480ED009B56F82400202101EB851782
:100FB000384453EC192B90ED000B51EC100BEFF76C
:100FC000D5FB04D256F82400384480ED009B56F837
:100FD0002410302000EB851901EB090053EC192B8C
:100FE00090ED000B51EC100BEFF7C0FB05D256F85B
:100FF000241001EB090080ED009B56F824103820E6
:1010000000EB851801EB080053EC192B90ED000B59
:1010100051EC100BEFF7AAFB05D256F8241001EBA8
:10102000080080ED009B56F82410402000EB851747
:10103000C81953EC192B90ED000B51EC100BEFF786
:1010400095FB04D256F82400384480ED009BB2464C
:1010500056F82410482000EB8516881953EC192BFC
:1010600090ED000B51EC100BEFF780FB04D25AF817
:101070002400304480ED009B5AF8240053EC192BD7
:10108000384490ED000B51EC100BEFF76FFB12D1D1
:101090005AF82420029202EB09009FED141B90EDF8
:1010A000000B53EC112B51EC100BEFF714FA029AD2
:1010B0003A44C2E900015AF8240053EC192B304499
:1010C00090ED000B51EC100BEFF750FB21D15AF8CB
:1010D000242002EB08000DE0B0030020810712007D
:1010E000A08E0010000000000000000000000000C2
:1010F00000002440029290ED000B1FED041B51EC08
:10110000100B53EC112BEFF7E6F9029A3244C2E9C7
:1011100000015AF8240000EB0901384491ED000B5E
:1011200090ED001B53EC102B51EC110BEFF71EFB55
:1011300008D25AF8240000EB0901384491ED000B65
:1011400080ED000B5AF82400574600EB08013044AC
:1011500091ED001B90ED000B53EC112B51EC100B9B
:10116000EFF704FB08D257F8240000EB08013044E5
:1011700091ED000B80ED000B6D1C5AF8240041F638
:101180002C615646095CA9423FF7F7AE00259FED5A
:10119000FEBB8DED56BB9FEDFE1B8DED581B56F82B
:1011A000241091ED640B8DED5A0B90ED640B8DEDD9
:1011B0005C0B90ED660B8DED5E0B90ED660B8DED8F
:1011C000600B90ED680B8DED620B90ED680B8DED73
:1011D000640B8DED3ABB8DED3C1B90ED6A0B8DEDF4
:1011E0003E0B90ED6A0B8DED400B90ED6C0B8DED91
:1011F000420B90ED6C0B8DED440B90ED6E0B8DED75
:10120000460B90ED6E0B8DED480B90F80818E1B38E
:10121000012944D0032942D0042940D0052901D016
:101220000A293ED05FF0060100F5805080F82C1EA0
:1012300056F8240000F5006090EDC00B9FEDD69BA2
:1012400051EC100B53EC192BEFF7A8FA05D256F816
:10125000240000F5006080EDC09B56F8240000F5E6
:10126000006090EDC00B9FEDCE9B51EC100B53EC4A
:10127000192BEFF77BFA05D256F8240000F5006031
:1012800080EDC08B56F8240000E006E000F58050A9
:10129000B0F82E0EE8B101211CE00321C4E70421BF
:1012A000C2E790F8601900F58050002980F82C1EE4
:1012B00056F82400BCD100F5005040F20241A0F8DD
:1012C000F01156F82410002001F50051A1F8F201A8
:1012D000AEE7002104EB8400B34AC0EB042002EB2C
:1012E000401053EC182B01723520B049604301EBDC
:1012F000C00999ED220B51EC100BEFF737FA40D0F3
:1013000099ED1E0B53EC182B51EC100BEFF72EFA46
:1013100037D099ED260BB0EE481AF0EE681A53EC70
:10132000112B51EC100BEFF721FA2AD099ED260B77
:1013300099ED22CB53EC102B51EC1C0BEFF73DF940
:1013400099ED1E0B41EC1D0B53EC1C2B51EC100BBB
:10135000EFF733F953EC1D2BEFF716F89FED941BC5
:1013600053EC112BEFF7B7F853EC1A2BEFF725F9E5
:1013700041EC100B13F038FD51EC100BEFF7C9F9ED
:1013800000E0012004EB8401874AC1EB042102EB59
:101390004111488156F8240000F58050B0F8300E15
:1013A00080B1854853EC182B00EBC40090ED000B86
:1013B00051EC100BEFF7DAF904D0B0EE480AF0EE7A
:1013C000680A05E056F8240000F5006090EDC00BB7
:1013D0007A4800EBC40080ED000B784800EBC400B5
:1013E00090ED000B04EB8400C0EB04216E4800EB91
:1013F0004117384687ED000BF7F7A4FA97ED040B79
:101400009FED6F1B51EC100B53EC112BEFF7D5F840
:10141000C9E92C016C4889ED2AAB00EBC40A9AEDAE
:10142000000B89ED680B4FE0B2F82E1E61B14FF44E
:10143000E96101EB05114218644904EB440001EB3A
:10144000401000EB05100BE0604904EB440201EB97
:10145000421101EB05124FF4E96101EB051108445B
:101460008BC882E88B0056F824004FF4E96101EB49
:101470000511415881B140F24C7101EB0511415801
:1014800051B14FF4EA6101EB0511415621B1012937
:1014900002DCB1F1FF3F16DA00F5005191F8F421BA
:1014A000FF2A10D090F80808052801D1052D0AD090
:1014B00040F2F730A1F8F00156F82400002100F5C1
:1014C0000050A0F8F2116D1C56F8240000F5805170
:1014D0000A4691F82C1EA942A6DC41F62E61002591
:1014E000095A71B13A4900F5E05001EBC40191EDA0
:1014F000000B80ED820B374800EBC40080ED008BC1
:1015000008E000F5E05090ED820B314800EBC4009C
:1015100080ED000B56F8240053EC182B00F5E0503A
:1015200090ED820B51EC100BEFF720F905D256F835
:10153000240000F5E05080ED828B56F824009FEDEA
:101540001C1B00F5E05053EC112B90ED820B51EC7D
:10155000100BEFF723F907D256F824009FED140B78
:1015600000F5E05080ED820B56F8240000F5805025
:10157000B0F82E1E19B1184931F8141019B1B0F88D
:10158000180E15492AE039E0EA8CA039593E29465F
:10159000EA8CA039593E29C60000000000006940CD
:1015A000000000000000F03F08970020E8EC001069
:1015B000000000000000E03F380300205803002036
:1015C00000000000000059402003002068B6002001
:1015D00028030020400300203003002021F81400DD
:1015E00056F82400B04600F58050B0F82E1E41B1E8
:1015F000FE4931F81410A0F81A1E05E1A0F8181ED3
:10160000EEE7B0F81A0E00287DD1F84830F8140043
:10161000002878D047464CE04FF4E96000EB051015
:101620003058E8B3EFF749F841EC1C0B40F24C702E
:1016300000EB05103058EFF740F841EC1D0B4FF46C
:10164000EA6000EB05103056EFF726F841EC1F0B6F
:1016500040F2547000EB05103058EFF71DF841ECE4
:101660001E0B4FF4F85000EB85003058EFF714F8DC
:1016700053EC1E2BEEF729FF53EC1F2BEEF72BFF3D
:1016800053EC1D2BEEF727FF53EC1C2BEEF795FFC9
:1016900041F6706202EBC5023244C2E9000107E084
:1016A000FFE741F6706000EBC500304480ED008B31
:1016B0006D1C57F82400064600F5805090F82C0E5B
:1016C000A842A9DC06F50060002590ED560B53EC0E
:1016D000182B51EC100BEFF749F819D057F824608C
:1016E00006F5006006F5E05690ED561B96EDA40B4E
:1016F00053EC112B51EC100BEEF7EDFE96EDA61B03
:1017000053EC112B00E076E0EEF73EFEC6E9A601B1
:1017100057F82400B0EE48CA00F50060F0EE68CA41
:1017200090ED540B53EC1C2B51EC100BEFF71EF803
:1017300017D057F8246006F5006006F5E05690EDE6
:10174000540B96EDA21B53EC102B51EC110BEEF742
:10175000C2FE96EDA61B53EC112BEEF715FEC6E963
:10176000A60157F8240053EC1C2B00F5006090ED07
:10177000520B51EC100BEEF7F9FF17D057F824601D
:1017800006F5006006F5E05690ED520B96EDA21BB3
:1017900053EC102B51EC110BEEF79DFE96EDA41BB4
:1017A00053EC112BEEF7F0FDC6E9A40157F8240025
:1017B00053EC1C2B00F5006090ED4E0B51EC100B20
:1017C000EEF7D4FF17D057F8246006F5006006F551
:1017D000E05690ED4E0B96ED9E1B53EC102B51EC0A
:1017E000110BEEF778FE96EDA00B53EC102BEEF7F5
:1017F000CBFDC6E9A00158F824007C4900F58050D3
:10180000B0F81A0E21F8140058F8240041F62E61A1
:101810004646095A49B1764900F5E05001EBC4014A
:1018200091ED000B80ED840B08E000F5E05090EDA9
:10183000840B6F4800EBC40080ED000B56F82400C9
:1018400053EC182B00F5E05090ED840B51EC100B8D
:10185000EEF78CFF05D256F8240000F5E05080ED3D
:10186000848B56F8240000F5E05090ED840B9FED3A
:10187000611B51EC100B53EC112BEEF78FFF07D2CD
:101880009FED5C0B56F8240000F5E05080ED840BD2
:101890005A4801685A48C16056F82400C189B9B154
:1018A0000021C18156F8240000F5005090F8F42181
:1018B000FF2A0DD1A0F8F01156F8240000F50050D1
:1018C000A0F8F21156F8240000F5005080F8F41149
:1018D00056F82400B046818900290BD0002181816F
:1018E00058F82400474600F5005090F8F401E0B3A2
:1018F000FF2850D0FBE000BF4FF4E96000EB05107B
:10190000305898B3EEF7D9FE41EC1C0B40F24C7006
:1019100000EB05103058EEF7D0FE41EC1E0B4FF4F3
:10192000EA6000EB05103056EEF7B6FE41EC1D0BF9
:1019300040F2547000EB05103058EEF7ADFE41EC6C
:101940001F0B40F69C4000EB85003058EEF7A4FEDC
:1019500053EC1F2BEEF7B9FD53EC1D2BEEF7BBFD3F
:1019600053EC1E2BEEF7B7FD01E014E00BE053EC57
:101970001C2BEEF722FE41F6706202EBC5023244E8
:10198000C2E9000106E041F6706000EBC50030449A
:1019900080ED008B6D1C57F8246041F62C60805D53
:1019A000A842A9DC06F50060002590ED560B53EC2B
:1019B000182B51EC100BEEF7D9FE25D057F8246008
:1019C00006F5006006F5E05690ED561B96EDA40B6B
:1019D00053EC112B51EC100BEEF77DFD96EDA61B91
:1019E00053EC112BEEF7D0FC0CE00000320300208A
:1019F00048030020000000000080664040010020F5
:101A0000506E0020C6E9A60157F82400B0EE48CA7F
:101A100000F50060F0EE68CA90ED540B53EC1C2BFF
:101A200051EC100BEEF7A2FE17D057F8246006F524
:101A3000006006F5E05690ED541B96EDA20B53ECBA
:101A4000112B51EC100BEEF746FD96EDA61B53EC57
:101A5000112BEEF799FCC6E9A60157F8240053ECC8
:101A60001C2B00F5006090ED520B51EC100BEEF7C3
:101A70007DFE17D057F8246006F5006006F5E056A5
:101A800090ED520B96EDA21B53EC102B51EC110B69
:101A9000EEF721FD96EDA41B53EC112BEEF774FC31
:101AA000C6E9A40157F8240053EC1C2B00F5006094
:101AB00090ED4E0B51EC100BEEF758FE17D057F887
:101AC000246006F5006006F5E05690ED4E1B96ED9D
:101AD0009E0B53EC112B51EC100BEEF7FCFC96ED2A
:101AE000A00B53EC102BEEF74FFCC6E9A00158F801
:101AF00024004189002900F500517CD091F8F4318F
:101B0000002B26D1B9F8D030632B75D100F5805069
:101B100090F8783D53B1012B08D0022B02D0032B53
:101B20000CD103E090F82C3E062B07D190F87A3DBB
:101B3000032B03D890F8790D05280BD94FF47D704D
:101B4000A1F8F00158F82410002001F50051A1F887
:101B5000F201E4E20A2381F8F431FE4901EB0411B9
:101B6000009158F8240000F5E8527832CCCA81E898
:101B7000CC00097831B1012978D0022977D0032926
:101B800076D093E20099102746464978402207EB29
:101B90008111014409F12800EEF743FB009856F843
:101BA00024104022407807EB8010014409F16800BE
:101BB000EEF737FB99ED2CCB99ED0E0B53EC1C2B6C
:101BC00051EC100BEEF787FCC9E90E0199ED100BF3
:101BD00053EC1C2B51EC100BEEF77DFCC9E9100106
:101BE00099ED1E0B53EC1C2B51EC100BEEF773FC14
:101BF000C9E91E0101E08CE29BE299ED200B53EC58
:101C00001C2B51EC100BEEF766FCC9E92001009883
:101C100056F8241041F67062407802EBC0020A4484
:101C200092ED000B89ED020B009A927822B1012A05
:101C300026D0022A39D039E2182202EB801210276E
:101C400007EB80100A44084492ED001B90ED000B56
:101C500053EC112B51EC100BEEF7A0FD09D20098BC
:101C600056F82410407807EB80109EE175E0D2E032
:101C70001FE19FEDB90B89ED0A0B89ED00BB99E1DE
:101C8000182707EB80120A4492ED000B102202EB9A
:101C90008010084453EC102B90ED001B51EC110BFD
:101CA0009FE100BF89ED000BAFE1102707EB80102B
:101CB000084490ED000B009853EC102B90ED021BA4
:101CC00051EC110BEEF76AFD13D3009856F824106F
:101CD0004278182000EB8210084490ED000B009829
:101CE00053EC102B90ED021B51EC110BEEF73EFD67
:101CF00015D20099182256F82400497802EB811277
:101D0000024407EB8111084492ED000B90ED001B9B
:101D100053EC102B51EC110BEEF740FD71D30098F2
:101D200056F82410427841F6706000EBC200084477
:101D300090ED000B009853EC102B90ED021B51EC32
:101D4000110BEEF72BFD009890ED020B89ED000BC7
:101D50009FED810B89ED0A0B2CE100984FF04002BA
:101D60004078032809F1280007D256A9EEF759FA5E
:101D700009F16800402256A906E03AA9EEF751FAA7
:101D800009F1680040223AA9EEF74BFA99ED2CBB15
:101D900099ED0E0B53EC1B2B51EC100BEEF79BFB4C
:101DA000C9E90E0199ED100B53EC1B2B51EC100BF4
:101DB000EEF791FBC9E9100199ED1E0B53EC1B2BBB
:101DC00051EC100BEEF787FBC9E91E0199ED200BD2
:101DD00053EC1B2B51EC100BEEF77DFBC9E92001F6
:101DE000009858F824104FF4FB52407802EBC000E2
:101DF000084490ED000B89ED020B51E099ED0A0BC0
:101E000006E044E199ED0C0B02E0009890ED020B26
:101E100089ED000B4AE100984FF04002407803281A
:101E200009F1280007D256A9EEF7FBF909F168007D
:101E3000402256A906E03AA9EEF7F3F909F1680045
:101E400040223AA9EEF7EDF999ED2CBB99ED0E0B76
:101E500053EC1B2B51EC100BEEF73DFBC9E90E01C7
:101E600099ED100B53EC1B2B51EC100BEEF733FBE1
:101E7000C9E9100199ED1E0B53EC1B2B51EC100B13
:101E8000EEF729FBC9E91E0199ED200B53EC1B2B42
:101E900051EC100BEEF71FFBC9E9200189ED028B15
:101EA000009880780028A9D00128ABD00228ACD0B7
:101EB000FCE000994FF4E07746464978402207EB72
:101EC0008111014409F12800EEF7ABF9009856F8AA
:101ED00024104022407807EB8010014409F168008B
:101EE000EEF79FF999ED2CCB99ED0E0B53EC1C2BD3
:101EF00051EC100BEEF7EFFAC9E90E0199ED100B5A
:101F000053EC1C2B51EC100BEEF7E5FAC9E910016C
:101F100099ED1E0B53EC1C2B51EC100BEEF7DBFA7A
:101F2000C9E91E0199ED200B53EC1C2B51EC100B51
:101F3000EEF7D1FAC9E92001009956F8240041F6DC
:101F4000D062497802EBC102024492ED000B89EDA8
:101F5000020B05E0C8B600201B695743B8179E471F
:101F6000009A927822B1012A29D0022A52D09DE00B
:101F70004FF4E47202EB8112374602444FF4E076EC
:101F800006EB8111084492ED000B90ED001B53EC21
:101F9000102B51EC110BEEF701FCBFF46AAE009868
:101FA00057F82410407806EB8010084490ED000BA1
:101FB00089ED000B9FEDFE0B89ED0C0B76E04FF4E5
:101FC000E47707EB8112024492ED001B4FF4E072BC
:101FD00002EB8111084453EC112B90ED000B51ECF6
:101FE000100BEEF7DBFB09D2009856F8241040786E
:101FF00007EB8010084490ED000B53E69FEDEC0BCF
:1020000089ED0C0B9FEDEC0B4CE61FED2D0B89EDD4
:102010000A0B4BE04FF4E07707EB8111084490ED99
:10202000000B009853EC102B90ED021B51EC110BA0
:10203000EEF7B4FB14D3009856F824104FF4E47272
:10204000407802EB8010084490ED001B009853ECA0
:10205000112B90ED020B51EC100BEEF787FB38D2F1
:1020600000984FF4E47256F82410407802EB801286
:1020700007EB80100A44084492ED001B90ED000B22
:1020800053EC112B51EC100BEEF788FB21D256F8D4
:10209000240040F2F53100F50050A0F8F01156F898
:1020A0002410002001F50051A1F8F20189ED048B04
:1020B00089ED068B89ED088B0120A9F89201A9F81A
:1020C0009001BF4899ED020B00EBC40080ED000BBE
:1020D00025E0009856F82410427841F6D06000EBD5
:1020E000C200084490ED000B009853EC102B90EDCB
:1020F000021B51EC110BEEF751FB7FF624AE00985A
:1021000090ED020B89ED000B9FEDA90B89ED0C0BF7
:102110007BE791F8F4110A290BD10121818058F84D
:10212000240000F5005090F8F4010A2801D189ED4F
:102130002C9B58F824000188E9B300F5005046466E
:1021400090F8F401B8BBB9F8D000632833D140F659
:102150004F3004FB00F19B4800EBC100074645F6F9
:102160007821EEF777F856F82420D2F8CC0C18B185
:1021700045F61821C85103E045F618200121C15148
:1021800041F67060111845F24032B818B04630225E
:10219000EEF747F856F8241041F63070014445F246
:1021A0001032B8183022EEF73CF856F8240041F609
:1021B000D061014400E05DE045F27032B818302291
:1021C000EEF72FF807F5A0400A2207F5B04180F896
:1021D000132A81ED7E8B80F8112A56F82400D0F85E
:1021E000080BEEF760F856F82400D0F8080BEEF76D
:1021F0005AF80121401CEEF774F8734F47F8240099
:1022000060B158F824104646D1F8081BEEF760F884
:1022100057F82400EEF747F878B120E06BA011F0F2
:102220004DF958F8241040F21E4201F50051A1F872
:10223000F021002158F824000DE06BA011F03EF9C8
:1022400056F8240040F21C4100F50050A0F8F011AF
:1022500056F82400002100F50050A0F8F21158F8BB
:102260002410142201F5005181F8F42158F82400BB
:102270000021018058F824004188E9B300F500509E
:10228000464690F8F401B8BBB9F8D00063284CD1A9
:1022900040F64F3004FB00F14A4800EBC10045F620
:1022A00078210090EDF7D6FF009F002007F5A047AA
:1022B00045F24032C7F8180A56F8241041F670600B
:1022C0000144009810443022EDF7ABFF56F824107B
:1022D00041F630700144009845F21032104430222B
:1022E000EDF79FFF56F8240041F6D06101440098B5
:1022F00045F27032104400E017E03022EDF791FF14
:102300000A2187F8131A009800F5B04080ED7E8B03
:1023100087F8111A56F82400142100F5005080F8AF
:10232000F41156F824100020488058F8240046463E
:10233000818829B30021818056F82400014600F5E8
:10234000005090F8F4010A2801D0142818D101F5A2
:102350008051B1F8300E58B1274853EC182B00EBE0
:10236000C40090ED000B51EC100BEEF7FFF902D01A
:102370000121A9F8941121494FF0FF3021F81400F0
:1023800056F82400C188D9B30021C18056F8240032
:1023900042F2F411095C142936D100F58050B0F8EE
:1023A000301E69BB144901EBC40181ED009B28E09C
:1023B0001B695743B8179EC7EA8CA039593E29C6F6
:1023C0005003002070920010180300206D656D6F9F
:1023D000727920616C6C6F636174696F6E206572D5
:1023E000726F720D0A000000656D7074792073744D
:1023F00072696E670D0A0000380300201203002086
:1024000002E00121A0F8301E56F82400018971B1C4
:1024100042F2F411095C142909D100F58050002121
:10242000A0F8301EFE4800EBC40080ED008B56F88B
:102430002400B0F8601A71B10021A0F8601A56F8B3
:10244000240000F6682100F517600DF065FD56F8D0
:102450002410A1F8620A56F82400B0F8C81A71B125
:102460000021A0F8C81A56F8240000F52D6100F5E7
:102470002860F6F7EDF856F82410A1F8CA0ADFF83C
:10248000A483E94FD8F8000038614846FAF7BCFC4D
:102490008AED009BD8F80000786114A850F8240059
:1024A00000F5005090F8F401FF287CD040F2F63798
:1024B0004FF0000814AE1FE0182101EB8511014414
:1024C00091ED001B102101EB8511084453EC112BF9
:1024D00090ED000B51EC100BEEF748F90BD256F8CB
:1024E000240000F50050A0F8F07156F8241001F512
:1024F0000051A1F8F2816D1C56F8240041F62C61C0
:10250000095CA942D8DC14A8002550F8240000F585
:10251000005090F8F40114287ED10DF1500800BF4E
:1025200005EB450000EBC50758F824104FF4507038
:1025300000EBC7000490085C012801D002282CD1D0
:10254000002620E04FF4587000EBC7001A184FF433
:10255000527000EBC70003EB000C06EB460041F69F
:10256000907101EB001018446146FAF7C7F8002893
:1025700058F824100498085C02D0022822D001E008
:1025800001281FD0761C58F824100B4601F5805105
:1025900091F82C1E491CB142D4DA6D1C0A2DBFDB08
:1025A0000025474600E09AE205EB450101EBC50630
:1025B00057F824004FF4507101EBC601415C032928
:1025C0007CD111E001209949A9F8960105F59160A7
:1025D00021F8140058F8240000F50050D0F810112C
:1025E000934840F82410D8E7A0F5D47000F50050C7
:1025F00090EC060B2AA8F5F701FC57F824004FF4DD
:10260000627101EBC601014491ED002B4FF4607142
:1026100001EBC601014400E07AE191ED001B4FF4AB
:102620005E7101EBC601084490ED000B32A8F5F78E
:10263000E5FB32A92AA891EC080BEEF7EBFD11F0AF
:102640009FFDB0EE401AF0EE601A9FED7A0B51EC50
:10265000110B53EC102BEDF73EFF9FED781B53EC65
:10266000112BEDF7AAFF9FED771B53EC112BEDF724
:1026700032FF41EC110B57F824104FF4647000EB5B
:10268000C600084490ED000B51EC110B53EC102BDD
:10269000EEF784F812D865480121A9F8961105F5DE
:1026A000916520F8145057F8240000F50050D0F838
:1026B00010115F4840F8241004E0FFE76D1C0A2D5C
:1026C000FFF670AF00254CE0102101EB8516811953
:1026D00091ED001B41F6706101EBC508404453ECDD
:1026E000112B90ED000B51EC100BEEF757F811D3B6
:1026F00057F82400182101EB85110144404491ED65
:10270000000B90ED001B53EC102B51EC110BEEF76E
:102710002DF825D257F82400182101EB851101442A
:10272000304491ED001B90ED000B53EC112B51EC5C
:10273000100BEEF733F813D20120A9F8960143A04D
:1027400010F0BCFE394905F29D4021F8140057F8FD
:10275000240000F50050D0F81011354840F824103E
:102760006D1C57F8240041F62C61095CA942ABDCD2
:1027700014A8002650F82400B0F84007E8BB88E011
:102780004FF4E16101EBC607384453EC182B90ED90
:10279000000B51EC100BEDF7E9FF6FD955F8245001
:1027A00006EB460841F6907101EB08102918182233
:1027B0002AA8EDF736FD4FF4FE5101EB0810291859
:1027C000182230A8EDF72DFDE8199FED251B90ED9F
:1027D000000B53EC112B51EC100BEDF77CFECDE907
:1027E000360105F5FB512AA8F9F7D4FFB0EE401ADF
:1027F000F0EE601A9DED360B00E040E053EC102B3C
:1028000051EC110BEDF7B2FF38D801200749A9F8B8
:10281000960140F2F64021F8140014A824E02DE0BF
:102820003803002040010020506E002012030020D9
:10283000140300200000000000000040112D44544B
:10284000FB21094000000000008066404552525FB5
:102850004C494D49545F4A3120310D0A00000000B7
:10286000000000000000E03F50F8240000F5005098
:10287000D0F81011FE4840F824100AE0761C14AD80
:1028800041F62C6155F82400095C891EB1423FF7DE
:1028900077AF14A850F82410B1F84217C1B34FF025
:1028A0000008B5E04FF4E16505EBC801084402916A
:1028B00090ED000B53EC182B51EC100BEDF756FF7D
:1028C0006FD914A808EB480750F8246041F69070BF
:1028D00000EB0710311818222AA8EDF7A2FC4FF4DC
:1028E000FE5000EB07103118182230A8EDF799FCC4
:1028F00002981FED25BB304453EC1B2B90ED000BD1
:1029000051EC100BEDF7E7FD0026CDE9360179E03B
:1029100087E0A64275D014A850F82610B1F84217E7
:10292000F1B3002565E000BF4FF4E16000EBC500A6
:1029300002900844B0EE481A90ED000BF0EE681AD1
:1029400053EC112B51EC100BEDF710FF50D905EBA8
:10295000450157F8267041F6907000EB0110019187
:1029600039181822B0A8EDF75CFC01994FF4FE501D
:1029700000EB011039181822B6A8EDF752FC0298A6
:1029800053EC1B2B384490ED000B51EC100BEDF782
:10299000A2FDCDE9BC01B0A92AA8F2F713F801E025
:1029A0002FE033E0B0EE40CAF0EE60CA9DEDBC0B04
:1029B0009DED361B53EC102B51EC110BEDF7E4FCA5
:1029C00053EC1C2BEDF7EAFE12D80120A949A9F817
:1029D000960140F2F74021F8140014A850F82400A2
:1029E00000F50050D0F81011A14840F8241008E07C
:1029F0006D1C14AF41F62C6057F82610405CA842BD
:102A000092DA761CDDF81004864282DB08F10108B8
:102A100014AE41F62C6156F82400095C4145BFF61E
:102A200041AF14AF57F8240000F5005090F8F401BE
:102A30000A2854D1904800EB04100078012801D0F6
:102A400002284CD1002643E0102101EB86154119E4
:102A500091ED001B41F6706101EBC608404453EC58
:102A6000112B90ED000B51EC100BEDF797FE11D3ED
:102A700057F82400182101EB86110144404491EDE0
:102A8000001B90ED000B53EC112B51EC100BEDF7EC
:102A90006DFE1CD257F82400182101EB8611014469
:102AA000284491ED000B90ED001B53EC102B51ECE2
:102AB000110BEDF773FE0AD20120A9F896016FA061
:102AC00010F0FCFC6B4906F29D4021F81400761CC6
:102AD00057F8240041F62C61095CB142B4DC14AA19
:102AE00052F8240000F50050B0F8F01111B1FF21A8
:102AF00080F8F411664801686648816152F8240044
:102B000042F2F412125C42B10A2A7CD0142A7BD021
:102B1000FF2A4AF0C5840AF097BC00F580500026D1
:102B200014ADA0F82E6E55F8240000F58050A0F8E2
:102B3000306E594800EBC40080ED008B55F824003E
:102B400000F5E05080ED8E8B55F8240000F5005024
:102B500080F8DF6155F8240000F5005080F8DE6150
:102B600055F8240000F5005080F8E06155F8240085
:102B700000F5005080ED7A8BA9F8906155F824009B
:102B800000F5E05090ED820B444853EC102B00EB25
:102B9000C40797ED001B51EC110BEDF7E7FD0FD8C3
:102BA00055F8240097ED000B00F5E05090ED801BE8
:102BB00051EC100B53EC112BEDF7E6FBC7E90001CC
:102BC00055F82410B0EE489A01F50451F0EE689AD9
:102BD0000E7555F82410B04601F50051C1F810618A
:102BE00055F8241001F5005181F8386155F824009A
:102BF00000F5005080ED4A9B55F8240000F5005088
:102C000080ED4C9B01E051E0FEE355F8241042F2C8
:102C10003E1008442821EDF71DFB214E56F82400F4
:102C200018B11BF005FC46F8248055F8240041F645
:102C30003071014406460F46302208A8EDF7F1FA3C
:102C400041F67061721806F6080008AB0021009783
:102C50000DF00AFC00280AF0238455F8241001F531
:102C60000051A1F8F00155F8241001F5005119E0C8
:102C70001403002012030020C8B600204552525F02
:102C80004C494D49545F4A3120320D0A0000000082
:102C900040010020506E0020380300204003002037
:102CA00018030020A1F8F2810AF0FABB00F5805069
:102CB0000121A0F82E1EB9F8980114AE10B3FE48F9
:102CC00030F91410002910DD56F8241030F81420C3
:102CD00001F50051A1F8F02156F82420002102F559
:102CE0000052A2F8F211FF2200E0002256F8241050
:102CF00001F5005181F8F421002120F81410EF486B
:102D000040F82410B9F8D000B0F5966F0CD356F8FF
:102D1000241001F50051A1F8F00156F8241000200C
:102D200001F50051A1F8F201E54800EB04102490F0
:102D3000007830B1012834D002287DD003287CD01F
:102D400068E2249856F8241041F67068427899EDAC
:102D50002E0B08EBC2000844302280ED000B56F821
:102D6000245041F6307029180F4608A8EDF759FA9B
:102D700005EB080205F6080008AB002100970DF0EE
:102D800073FB0028DCD056F8241001F50051A1F89F
:102D9000F00156F82410002001F50051A1F8F201CD
:102DA00038E20020019056F8241030220D462AA85F
:102DB00001F5FB51EDF735FA41F63076A9193022CD
:102DC0004AA8EDF72EFA41F67067E919302208A8F3
:102DD000EDF727FA0120259099ED2EBBB8461FE0AC
:102DE0009AED000B51EC190B53EC102BEDF76DFB2A
:102DF00099ED300B41EC1B0B53EC1A2B51EC100BE3
:102E0000EDF769FB53EC1B2BEDF765FB99ED2E1BE2
:102E100053EC112BEDF75CFB41EC1B0BFF202590D5
:102E200014AD41F62C6155F82400095C06297DD1CA
:102E300024994978032901E089E2E8E376D300F593
:102E4000E05090EDDE0B8DED360B90EDE00B8DED4F
:102E5000260B90EDE2CB9DED261B9DED360BB0EEE3
:102E60004C2AF0EE6C2AC2A8F1F7BEFF2498B0EE0F
:102E7000480AF0EE680A4078B0EE40DAF0EE60DA28
:102E8000B0EE40EAF0EE60EAB0EE40FAF0EE60FA42
:102E9000032804D0042810D005281CD028E0894835
:102EA00000EBC40090ED000B51EC1B0B53EC102B0E
:102EB000EDF70BFB41EC1D0B1AE0824800EBC40060
:102EC00090ED000B51EC1B0B53EC102BEDF7FDFAC2
:102ED00041EC1E0B0CE07B4800EBC40090ED000BB6
:102EE00051EC1B0B53EC102BEDF7EFFA41EC1F0BE1
:102EF000B0EE4E1AF0EE6E1AB0EE4F2AF0EE6F2AD8
:102F0000B0EE4D0AF0EE6D0AB0A8F1F76DFFD4AA4D
:102F1000C2A9B0A8F6F7C8FD68AB66AA38A9B0EE9A
:102F20004C2AF0EE6C2A9DED261B00E01DE09DED85
:102F3000360BD4A8F2F7C0FE55F824009DED380BEF
:102F400000F5E05080EDDE0B55F824009DED660B9A
:102F500000F5E05080EDE00B55F824009DED680B86
:102F600000F5E05080EDE20B08E024994A784FF438
:102F7000FB5101EBC201084480ED00BB55F8240071
:102F800041F62C61095C062900F50051B1F83A219F
:102F9000B1F83C1102EB420341F2985202EB0312EA
:102FA00002441FD001EB410341F6881101EB0311EC
:102FB00041F630730144034400F5FB500CF052FB22
:102FC00014A808AA50F8240000EB0801009141F66B
:102FD00030714318012100F608000DF045FA060093
:102FE00012D059E001EB410141F6881303EB0111C6
:102FF00030AD41F6307395EC060B0144034400F507
:10300000FB500CF065FBDBE700253DE0102101EBF8
:103010008517C11991ED000B08EBC5010844029119
:1030200090ED001B53EC102B51EC110BEDF7B6FBA0
:1030300013D314A850F82410182000EB851008446E
:1030400090ED000B029853EC102B084490ED001B00
:1030500051EC110BEDF78AFB15D214A850F824108F
:10306000182000EB8510084490ED001BC81953ECA4
:10307000112B90ED000B51EC100BEDF78FFB02D2F2
:10308000681C00B201906D1C14A941F62C6251F825
:103090002400125CAA42B9DC019830433CD014AD44
:1030A00041F6307055F82410302208444AA9EDF753
:1030B000B8F855F8240007E012030020140300209C
:1030C000C8B600205003002030222AA900F5FB508A
:1030D000EDF7A7F855F82410302201EB080008A9F5
:1030E000EDF79FF80198E8B355F8241000F29C40E2
:1030F00001F50051A1F8F001FEA010F0DFF955F83C
:103100002410002001F50051A1F8F20155F8241017
:1031100001F5005181F8F4012598FF287BD002A821
:1031200014AD009055F8243041F62C614646CA5C37
:103130009919B0EE4A0AF0EE6A0A08A81033F4F7BB
:10314000A1FDE0B39DED020B53EC192B8AED000BB2
:1031500051EC100BEDF722FB17D2B0EE490AF0EE5E
:10316000690A00E04CE08AED000B55F8240040F2BB
:10317000EC4100F50050A0F8F01155F8240000F5DE
:103180000050B0F81011A0F8F2119AED000B53ECBA
:10319000182B51EC100BEDF7E9FA17D2B0EE480AF4
:1031A000F0EE680A8AED000B55F8240040F2EC417D
:1031B00000F50050A0F8F01155F8240000E026E0DA
:1031C00000F50050B0F81011A0F8F21155F82400E5
:1031D00041F63071084430224AA9EDF722F855F83B
:1031E000240030222AA900F5FB50EDF71AF855F813
:1031F00024003022304408A9EDF713F8F0E50AE086
:1032000055F8240000F50050A0F8F06177E7259804
:103210000028F3D0D0E200258FE000BF08EBC50600
:10322000304490ED001B08A800EBC500019090ED24
:10323000000B51EC110B53EC102BEDF746F953EC4E
:103240001A2BEDF7BAF941EC1B0B53EC182BEDF7E9
:103250008DFA71D0B0EE48CAF0EE68CA53EC1C2B60
:1032600051EC1B0BEDF79AFA2ED214AF202057F831
:10327000241000EB85100590084453EC1B2B90EDB7
:10328000000B51EC100BEDF798F953EC192BEDF7FF
:103290006DFA19D257F82470059853EC1A2B38445C
:1032A00090ED000B51EC100BEDF715F941EC110B03
:1032B000019890ED000B51EC110B53EC102BEDF736
:1032C00063F8BA19C2E9000153EC1C2B51EC1B0B3B
:1032D000EDF74CFA30D214AF282057F8241000EB49
:1032E00085100490084490ED000B51EC100B81F018
:1032F000004153EC1B2BEDF760F953EC192BEDF764
:1033000035FA19D257F82470049853EC1A2B384424
:1033100090ED000B51EC100BEDF7DDF841EC100BCC
:10332000019890ED001B51EC100B53EC112BEDF7B5
:10333000CFF8BA19C2E900016D1C14A941F62C623C
:1033400051F82400125CAA423FF768AF34E2002033
:10335000019056F8241030220D462AA801F5FB51A1
:10336000ECF75FFF41F63076A91930224AA8ECF756
:1033700058FF41F67067E919302208A8ECF751FFB1
:10338000302166A8ECF766FF0120059099ED300B1F
:1033900053EC1A2B51EC100BEDF79DF8249AB8461C
:1033A000537866AA02EBC302C2E9000117E000BF2E
:1033B00099ED300B53EC1A2B51EC100BEDF78BF809
:1033C0009AED000B53EC102BEDF785F8249A537807
:1033D00066AA02EBC302C2E90001FF20059014AD0A
:1033E00041F62C6155F82400095C062942F23A1195
:1033F000095A01EB410241F2985101EB021100EB35
:10340000010241F6307100E0DFE100EB010315D06D
:103410002AA966A80CF026F914A808AA50F82400D6
:1034200000EB0801009141F630714318012100F6CC
:1034300008000DF019F8060008D04FE050A966A862
:1034400091EC060B2AA90CF043F9E5E700253DE0D5
:10345000102101EB8517C11991ED001B08EBC50187
:103460000844029190ED000B53EC112B51EC100B22
:10347000EDF794F913D314A8182150F8240001EBA8
:103480008511014491ED001B029953EC112B084466
:1034900090ED000B51EC100BEDF768F915D214A864
:1034A000182150F8240001EB85110144384491EDB6
:1034B000000B90ED001B53EC102B51EC110BEDF7B2
:1034C0006DF902D2681C00B201906D1C14A941F67E
:1034D0002C6251F82400125CAA42B9DC01983043F6
:1034E0003ED014AD41F6307055F824103022084417
:1034F0004AA909E04552525F4C494D49545F4A314F
:1035000020330D0A00000000ECF78BFE55F8241064
:10351000302201EB080008A9ECF783FE55F82400DF
:1035200030222AA900F5FB50ECF77BFE0198E0B3AE
:1035300055F8241000F29C4001F50051A1F8F0016B
:10354000FEA00FF0BBFF55F82400002100F500504D
:10355000A0F8F21155F8240000F5005080F8F4119D
:103560000598FF287DD006A814AD009055F82400DA
:1035700041F62C6146460A5C00F110038119B0EE59
:103580004A0AF0EE6A0A08A8F4F77CFBF0B39DED56
:10359000060B53EC192B8AED000B51EC100BEDF7D9
:1035A000FDF817D2B0EE490A00E04FE0F0EE690AEC
:1035B0008AED000B55F8241040F2EC4001F5005163
:1035C000A1F8F00155F8240000F50050B0F81011F2
:1035D000A0F8F2119AED000B53EC182B51EC100BE4
:1035E000EDF7C4F818D2B0EE480AF0EE680A8AED9A
:1035F000000B55F8241040F2EC4001F50051A1F801
:10360000F00155F8240000F5005001E025E0C6E087
:10361000B0F81011A0F8F21155F8241041F63070EE
:10362000084430224AA9ECF7FCFD55F8240030226A
:10363000304408A9ECF7F5FD55F8240030222AA9FA
:1036400000F5FB50ECF7EDFDB2E60AE055F824007A
:1036500000F50050A0F8F06175E705980028F3D058
:10366000AAE000258FE000BF08EBC506901990ED99
:10367000001B08A800EBC500009090ED000B51EC7A
:10368000110B53EC102BECF720FF53EC1A2BECF73B
:1036900094FF41EC1B0B53EC182BEDF767F871D03E
:1036A000B0EE48CAF0EE68CA53EC1C2B51EC1B0B71
:1036B000EDF774F82ED214AF202057F8241000EB49
:1036C00085100590084453EC1B2B90ED000B51EC3A
:1036D000100BECF772FF53EC192BEDF747F819D2EA
:1036E00057F82470059853EC1A2B384490ED000BD2
:1036F00051EC100BECF7EFFE41EC100B009890ED45
:10370000001B51EC100B53EC112BECF73DFEBA19DA
:10371000C2E9000153EC1C2B51EC1B0BEDF726F812
:1037200030D214AF282057F8241000EB85100490F5
:10373000084490ED000B51EC100B81F0004153EC6C
:103740001B2BECF73AFF53EC192BEDF70FF819D2BE
:1037500057F82470049853EC1A2B384490ED000B62
:1037600051EC100BECF7B7FE41EC110B009890ED0B
:10377000000B51EC110B53EC102BECF7A9FEBA190E
:10378000C2E900016D1C14A951F82400024600F59D
:10379000805090F82C0EA8423FF766AF0CE02498BA
:1037A00056F8241041F6D062407899ED2E0B02EBCA
:1037B000C000084480ED000B654899ED2E0B00EB2E
:1037C000C40080ED000B09F06BBE624A00F580502A
:1037D0004FF00008D1610121A0F82E1E5E4940F68D
:1037E0004F30604301EBC00606F5A04537E000BF4F
:1037F00008F101001FFA80F8584850F8240048B139
:10380000564F1FA9D5F8182AF6F77DF890B357F848
:10381000240080B914A850F82420D5F8180A00EB29
:10382000800140F60C3000EB8100104400221FA9FB
:10383000F6F769F8F0B1012085F8480A474850F8D2
:10384000240060B114A8D5F8181A50F82400D0F854
:10385000D00C814203D910B1012085F8480A95F8AF
:10386000140A00EB400101EBC01006EB00100078D9
:10387000F0B341E2FFE795F8140A06F5B04700EB14
:10388000400101EBC01097ED940B06EB001080EDAA
:103890000C0B95F8141A95F8580A01EB410202EB4B
:1038A000C11106EB011181F8380095F8140A00EBFC
:1038B000400101EBC01006EB00111FA8F5F74CF911
:1038C00030B127490122A9F8962121F8140081E19D
:1038D00095F8140A00EB400101EBC01006EB001153
:1038E00091F800C0BCF1090F52D0BCF1070F00E005
:1038F000D9E14DD0BCF1080F71D0BCF1120F6FD0DF
:10390000BCF1130F6DD0BCF1140F6BD0BCF1000FE4
:1039100069D0D5F8180AC1F8280795F8140A00EB01
:10392000400101EBC01006EB00101FA900F22C7043
:10393000ECF7CEFC95F8140A14E000004552525FF3
:103940004C494D49545F4A3120340D0A00000000B3
:1039500050030020506E00207092001018030020C9
:103960001203002000EB400101EBC01006EB001039
:1039700090ED0C0B87ED940B90F8381085F8581AE1
:103980000178062974D0112973D00B2972D05BE11C
:10399000FE4850F8240030B1BCF1090F11D0BCF141
:1039A000070F38D05CE00121F948A9F8961140F2E0
:1039B0005B4120F81410F748D5F8181A40F8241085
:1039C0004DE7D5F8183AD5F85C2A00209A4247D13D
:1039D000D5F8602A002A07DDA2F1010207E085E0A0
:1039E0009DE0B8E0DFE04CE109DA4FF0FF32C5F8C6
:1039F000602AD5F8642AC5F8182A087022E703F16E
:103A00000103C5F8183A0870C5F8640AC5F85C0ADD
:103A1000C5F8600A16E7D5F8183AD5F8680A4FF0E5
:103A2000000298421CD1D5F86C0A00280DDD401E1A
:103A3000C5F86C0A95F81C0A401C85F81C0AD5F8D4
:103A4000700AC5F8180A0A70FCE65B1CC5F8183A3B
:103A50000A70C5F8702AC5F8682AC5F86C2AF1E61C
:103A60000020BCF1090F06D0BCF1070F12D020E0F6
:103A7000B6E0C2E0D0E0D5F85C3A0022CBB9D5F888
:103A8000180AC5F85C0AD1F8600705F52663401EE0
:103A900005C30DE0D5F8683A002253B9D5F8180AE5
:103AA000C5F8680AD1F8600705F66C23401E05C307
:103AB00001200022A1F85A2795F8141A002801EBDA
:103AC000410303EBC11106EB0111C1F85C2795D14D
:103AD0000121AF48A9F8961140F25C4120F814107A
:103AE000AC48D5F8181A40F82410ABE695F81C0A33
:103AF00068B106EB800202F5A042401ED2F8202AEF
:103B0000C5F8182A85F81C0A0020087096E60120DE
:103B100085F8480AD5F8180AC1F828078EE69B48A8
:103B200050F8240060B901229948A9F8962140F282
:103B30005F4220F814209748D5F8182A40F824202E
:103B400095F84D0A401C85F84D0A85F84E0A01206B
:103B500085F8490A15E095F84D0A18B18B4A52F8D4
:103B6000242062B90122A9F89621894A40F25F43D4
:103B700022F81430874AD5F8183A42F8243085F8EC
:103B80004E0A0020A1F85A0795F8141AD5F8180A19
:103B900001EB410202EBC11106EB01114FF00008ED
:103BA000C1F85C074AE695F84D0A58B1774850F8D5
:103BB000240038B10020087095F84D0A401E85F8A1
:103BC0004D0A62E001217248A9F8961140F25F4166
:103BD00020F814106F48D5F8181A40F824102DE674
:103BE0000221017095F8141A002001EB410202EB4A
:103BF000C11106EB0111488026E0022101709FED02
:103C0000660B95F8140A00EB400101EBC01006EBBF
:103C1000001080ED0A0B17E0B0F8280895F84C1A50
:103C200070B179B101215A48A9F8961140F25A4170
:103C300020F814105748D5F8181A40F8241003E05B
:103C40000029EFD085F84C0A95F8140A401CC0B240
:103C500085F8140A0A2802D3002085F8140AD5F83A
:103C6000180A4A49401CC5F8180A51F824100029BE
:103C70007FF4C4AE1428FFF4B9AD1438C5F8180A9F
:103C8000EDE5424850F8240028B1D5F8180A401C48
:103C9000C5F8180AD6E5012085F8480AD5F8180AAB
:103CA000C1F82807DBE5B8F1140F33D295F8480ABC
:103CB00080BB374830F8140000283FF499AD20E26B
:103CC000D0F85C2708F10101521CC0F85C272F488E
:103CD0001FFA81F81FA950F82400F5F714FED0B19F
:103CE0000120A9F8960140F2594027F8140029480C
:103CF000D5F8181A40F8241095F8141A01EB410071
:103D000000EBC11006EB0010017809297ED00729CD
:103D10007CD09CE0E5E022A11FA8ECF7A6FA08B150
:103D2000002101701FA11FA81BF010FA0028E3D08A
:103D3000002101701FAF00E07F1C38782028FBD0E5
:103D40003846ECF7B0FA3844401EB84202D9017840
:103D50002029F9D00021417095F8140A00EB4001A8
:103D600001EBC01006EB0011384601F24471ECF78C
:103D7000A1FA0028C0D195F8141A012001EB4102E4
:103D800002EBC11106EB01110EE000001803002048
:103D90001203002014030020000000000000004077
:103DA0002F2F00003A000000A1F85A0795F8141AC6
:103DB00001EB410202EBC11106EB01110A78072A5F
:103DC00018D195F81C2A521C12F0FF0285F81C2A03
:103DD0000CD0A9F89601FC4840F25C4220F814206F
:103DE000FA48D5F8182A40F8242003E0D5F8180A34
:103DF000C5F8200A0878092812D0D5F8182AD5F86D
:103E0000680A904205D1D1F85C0700E013E0C5F8DC
:103E1000700AD1F85C07C5F8180A0020087070E134
:103E2000D5F8182AD5F85C0A9042F2D1D1F85C078F
:103E3000C5F8640AEDE7B0F85A1741B9B8F1140FA4
:103E400005D2E14F37F8141000293FF439AF95F847
:103E5000141A01EB410202EBC11106EB01110978C2
:103E600012297AD195F84B1AD9B3002185F84B1A4B
:103E700085F8491A90F8231001290ED0032911D092
:103E8000022914D004291ED001292BD003292ED0B9
:103E9000022931D004293BD05FE090F8222042F281
:103EA0008E1108E090F8222042F28E110FE090F877
:103EB000222042F2661101EB420214A951F82410AB
:103EC000895A59B92FE090F8222042F2661101EB8D
:103ED000420214A951F82410895A21BBD5F8181AA6
:103EE000A7E00EE190F8221042F28E1008E090F860
:103EF000221042F28E100FE090F8221042F266106B
:103F000000EB410114A850F82400405A58B124E0B5
:103F100090F8221042F2661000EB410114A850F80C
:103F20002400405AC8B1A84F95F8140A00EB40018C
:103F300001EBC01006EB0010B0F85A17B9B395F8B2
:103F4000140A00EB400101EBC01006EB0010B0F8C2
:103F50005A070A2858D00B2856D095F8140A00EBB7
:103F6000400101EBC01006EB0010007813287DD053
:103F7000C7E000BFD0F85C2708F10101521CC0F86F
:103F80005C2793481FFA81F81FA950F82400F5F721
:103F9000BAFC68B10120A9F8960140F25F4027F809
:103FA00014008A48D5F8181A40F82410BCE738E005
:103FB000AFF214211FA8ECF758F908B100210170E5
:103FC00084A11FA81BF0C2F838B195F84E0A95F8E5
:103FD0004D1A884266D0401E20E080A11FA81BF029
:103FE000B5F890B195F84E0A95F84D1A88429BD1D4
:103FF0005FF00A0095F8141A01EB410202EBC111BF
:1040000006EB0111A1F85A07D2E076A11FA81BF018
:104010009DF8002888D095F84E0A401C85F84E0A75
:1040200082E7B8F1140F98D237F814100029A1D004
:1040300093E7491CC5F8181A0021017061E000BF20
:10404000D0F85C2708F10101521CC0F85C276048D9
:104050001FFA81F81FA950F82400F5F754FC70B13D
:104060000121A9F8961140F25F4000E029E027F80D
:1040700014005648D5F8181A40F8241022E0AFF280
:10408000E0211FA8ECF7F1F808B10021017051A15F
:104090001FA81BF05BF848B195F84E0A95F84D1A29
:1040A000884201D10B20A5E7401E07E04DA11FA8C3
:1040B0001BF04CF830B195F84E0A401C85F84E0ABA
:1040C00000E0414F95F8140A00EB400101EBC010ED
:1040D00006EB0010B0F85A1761B195F8140A00EB1E
:1040E000400101EBC01006EB0010B0F85A070B2896
:1040F0005ED006E0B8F1140F03D237F8141000298F
:104100009ED0394801683948016295F84A0AE8B3F7
:10411000002085F84A0A95F8120A14AF401C85F869
:10412000120A95F8130A57F8242000EB400101EB1E
:10413000C01041F6706106EB00101144302200F50A
:10414000B07005F61225ECF76CF8687857F8242063
:1041500000EB400101EBC01041F6307106EB00109E
:104160001144302200F59870ECF75BF8687841F65E
:10417000D06200EB400101EBC01057F8241006EBB1
:1041800000101144302200F5C87000E003E0A5F6ED
:104190001225ECF746F895F8120A0A2802D30020F7
:1041A00085F8120A084830F8140060B104F0D9B953
:1041B00095F8140A00EB400101EBC01006EB00106B
:1041C000D0F85C1735E713E0120300201403002039
:1041D00018030020454E444946000000454C534515
:1041E000000000004946000040010020506E002001
:1041F00095F8120A00EB400101EBC01006EB00132A
:1042000093F8780720B118780A2801D00B2836D106
:104210001878132884F07482DFE810F0130034005B
:10422000D507D20E5C21EA2172227222602272220C
:10423000AF1F5421B11BFC2158215821EA217222C1
:10424000130095F8480A0028B0D0082018709FED98
:10425000FE0B95F8120A00EB400101EBC01006EBD3
:10426000001080ED040B95F8120A00EB400101EB01
:10427000C01006EB001000F5006080ED040B01207B
:1042800004F05CB9F24830220168F248816795F881
:10429000130A05F6122500EB400101EBC01006EBF6
:1042A000001103F1400001F59871EBF7BAFF68784F
:1042B00000EB400101EBC01006EB0011287801F57E
:1042C000B07100EB400202EBC01006EB0010302290
:1042D0007030EBF7A6FF687800EB400101EBC010EF
:1042E00006EB0011287801F5C87100EB400202EBE3
:1042F000C01006EB00103022A030EBF792FF2878B8
:104300000DF1500800EB400101EBC01006EB001767
:10431000A5F612257888C0EBC00C40F6085000EBDB
:104320000C1158F82400415C19B1424601291FD0F4
:10433000FEE340F6D84101EB0C11014407F5B070E3
:104340003022EBF76EFF95F8120A00EB400101EB0B
:10435000C01006EB001202F59870009058F8240087
:1043600002F14003002100F6080002F5B07241E0BE
:1043700041F62C619046095C07F598730529398947
:1043800001EB410241F2985101EB021101EB0002F5
:10439000F98801EB410741F6881101EB071140F65E
:1043A000D847014407EB0C17384402D20BF05AF9F6
:1043B0000DE0B0EE480AF0EE680AB0EE402AF0EEEA
:1043C000602AB0EE401AF0EE601A0BF081F995F811
:1043D000120A00EB400101EBC01006EB001202F5DF
:1043E000B070009058F8240002F59873012100F68F
:1043F000080070320CF038F8002843F0898303E09D
:10440000954840F82410D1E691484FF45162474650
:1044100001689048C16795F8120A00EB400101EB72
:10442000C01006EB0010418800F5C870C1EBC10157
:1044300002EB011158F8242011443022EBF7F1FE71
:1044400095F8120A41F62C6200EB400101EBC01016
:1044500006EB001157F8240001F140030989B84622
:10446000125C01EB410141F29857052A07EB01115B
:1044700008442AAA18D219460AF048FF95F8120AE9
:1044800000EB400101EBC01006EB001000F5987145
:10449000008900EB400007EB001258F8240010449C
:1044A0004AAA0AF033FF2FE0B0EE482AF0EE682A5D
:1044B000B0EE481AF0EE681AB0EE480AF0EE680A5C
:1044C00019460AF0D9FF95F8120AB0EE482A00EB17
:1044D000400101EBC01006EB001000F59871008957
:1044E000F0EE682A00EB400007EB001258F82400B9
:1044F000B0EE481A10444AAAF0EE681AB0EE480A24
:10450000F0EE680A0AF0B8FF002714A850F824104B
:1045100007EB470000EBC7034FF4507000EBC300FC
:104520000390085C012801D0022837D14FF458705D
:1045300000EBC3000A1806904FF4527000EBC3085A
:1045400041442AA8F8F7DAF8169014A850F8241075
:1045500006980A1841444AA8F8F7D0F8179014A80A
:1045600050F82410069801EB08020B184AA92AA853
:10457000F4F7A8FF0146169808B1179830B914A8A7
:1045800050F824200398105C012811D031B114A8F0
:1045900050F824100398085C022809D07F1C0A2FC9
:1045A000B3DB2B48002701682A48C0F8801084E05C
:1045B0000120A9F89601294807F5916720F81470A1
:1045C00095F8120A00EB400101EBC01006EB001059
:1045D000D0F82817204840F82410E2E7102101EB1A
:1045E0008718404490ED000B95F8120A53EC102BFD
:1045F00000EB400101EBC01006EB001000EBC70020
:1046000090ED581B51EC110BECF7C8F81BD314A814
:1046100050F82410182000EB8710084490ED001B80
:1046200095F8120A53EC112B00EB400101EBC0107E
:1046300006EB001000EBC70090ED580B51EC100B8F
:10464000ECF794F838D20BE0000000000000F0BF57
:1046500040010020506E00201403002012030020AF
:1046600014A8182150F8240001EB8711014440449C
:1046700091ED000B90ED001B53EC102B51EC110B46
:10468000ECF78CF818D20120A9F89601FAA00EF0E8
:1046900015FFFE4807F29D4720F8147095F8120A9E
:1046A00000EB400101EBC01006EB0010D0F828171A
:1046B000F74840F8241008E07F1C14A941F62C624A
:1046C00051F82400125CBA4288DCF2480DF150081F
:1046D0000168F148C0F8801058F8240000F58050B7
:1046E00090F82C0E062895F8120A00EB400101EB19
:1046F000C01032D006EB001797ED161B97ED520B4A
:1047000053EC112B51EC100BEBF7DFFE9FEDE31B8D
:1047100053EC112BEBF7DFFE9FEDE21B53EC112B5B
:10472000EBF74BFFC7E9B40195F8120A00EB400123
:1047300001EBC01006EB001797F83800012840D0B5
:10474000022872D058F8242007F5987102F580529B
:1047500007F1400092F82C2E57E006EB001101F50E
:104760001C70583191EC060BF3F748FB95F8120AD0
:1047700000EB400101EBC01006EB001101F52C70BD
:1047800001F5A47191EC060BF3F738FB95F8120ACA
:1047900000EB400101EBC01006EB001101F52C709D
:1047A00001F51C7191EC080BECF734FD95F8120A39
:1047B00000EB400101EBC01006EB001080EDB40BE4
:1047C000B2E707F5987107F14000F5F70DF995F894
:1047D000120A00EB400101EBC01006EB001000F5DF
:1047E000806080EDDA0B38E095F8120A58F8242042
:1047F00000EB400101EBC01006EB001002F5805207
:1048000000F5987192F82C2E4030F5F7ABF895F83A
:10481000120A00EB400101EBC01006EB001000F59E
:10482000806080EDDA0B21E0FFE797EDB40B0FF02D
:10483000A7FC9FED9C1B51EC100B53EC112BEBF7DD
:104840004AFE9FED960B53EC102BEBF7B6FE41ECB6
:10485000100B07F5806787EDDA0B9FED941B51EC89
:10486000100B53EC112BEBF781FFBDD395F8120A17
:1048700000EB400101EBC01006EB001000F580607A
:1048800090EDDA0B9FED891B51EC100B53EC112BC3
:10489000EBF76CFF19D295F8120A002200EB4001E9
:1048A00001EBC01006EB001000F5C871A030F5F761
:1048B00059F895F8120A00EB400101EBC01006EB25
:1048C000001000F5806080EDDA0B724801687248D4
:1048D000C0F8881095F8120A05F6122500EB400181
:1048E00001EBC01006EB001000F598714030F5F7B1
:1048F0007BF8287800EB400101EBC01006EB0010BC
:1049000000F5806080EDDC0B287800EB400101EBC6
:10491000C01006EB001000F5FC6200F59871403005
:10492000F7F7C8FF287800EB400101EBC01006EB59
:10493000001000F5FC60F7F715F82878002700EB69
:10494000400101EBC01006EB001000F5806090ED17
:10495000F80B80EDFE0B287800EB400101EBC01056
:1049600006EB001000F5806100F5006091EDFA0B98
:1049700080ED000B287800EB400101EBC01006EB46
:10498000001000F5806100F5006091EDFC0B80EDFA
:10499000020B2878A5F6122500EB400101EBC010B0
:1049A00006EB0010019022E0019800EBC70898ED9B
:1049B0004C0B9FED401B51EC100B53EC112BEBF704
:1049C0008AFD98ED101B9FED3D0B41EC1B0B53EC4A
:1049D000102B51EC110BEBF77EFD53EC1B2BEBF77F
:1049E000D3FC7EAA02EBC7027F1CC2E9000114A817
:1049F00050F8240000F5805090F82C0EB842D3DC1B
:104A0000244F25487EAB3968C0F88C108AA80090E6
:104A100014A8019A50F82400012100F60800703211
:104A20000BF022FD002843F0738038460027016810
:104A30001948C0F890101BE095F8120A00EB4001ED
:104A400001EBC01006EB001000EBC7088AA800EBD2
:104A5000C70098ED1C0B90ED001B53EC102B51EC94
:104A6000110BEBF732FD08F580627F1CC2E9E00113
:104A700014A850F8241025E04552525F4C494D4986
:104A8000545F4A3120350D0A000000001203002057
:104A90001403002040010020506E0020112D4454CA
:104AA000FB2109400000000000806640F168E388B7
:104AB000B5F8E43EFCA9F1D24D62503F2B8716D9E0
:104AC000CEF7EF3F01F5805898F82C1EB942B3DCC1
:104AD00095F8120A002700EB400101EBC01006EB2D
:104AE0000010019026E001981FED0C1B00EBC700A1
:104AF000079090ED4C0B53EC112B51EC100BEBF796
:104B0000EAFC41EC1B0B07981FED161B90ED100BF8
:104B100053EC112B51EC100BEBF7DDFC53EC1B2B82
:104B2000EBF732FC7EAA02EBC702C2E9000100E00B
:104B3000FEE37F1C98F82C0EB842D4DC8AA80090C3
:104B400014A8019A50F824007EAB012100F6080059
:104B500002F5B0720BF088FC002842F0D9870027DC
:104B60001CE000BF95F8120A00EB400101EBC010F9
:104B700006EB001000EBC7088AA800EBC70098ED11
:104B8000581B90ED000B51EC110B53EC102BEBF775
:104B90009CFC08F580627F1CC2E9EC0114A850F867
:104BA000242002F5805292F82C1EB942DADCDFF89C
:104BB000F883FE49D8F80030C1F8943000210EE0A7
:104BC00095F8123A03EB430707EBC31306EB031305
:104BD00003EBC103491C93ED100B83EDF00B92F82E
:104BE0002C3E8B42ECDC002111E000BF95F8120A4C
:104BF00000EB400303EBC01006EB001000EBC1001C
:104C0000491C90ED4C0B00F5806080ED260B92F86E
:104C10002C0E8842EADC95F8130A53EC182B00EBB3
:104C2000400101EBC01006EB001090ED040B51ECBD
:104C3000100BEBF79BFD95F8130A00EB400101EB1D
:104C4000C01010D206EB001195F8120A01F5F661BA
:104C500000EB400202EBC01006EB001000F5F06024
:104C6000ECF7F2FB10E006EB0010B0EE48BA90ED66
:104C7000040BF0EE68BA53EC1B2B51EC100BEBF766
:104C800075FD0ED19FEDCA0B95F8120A00EB40019D
:104C900001EBC01006EB001000F5006080ED040B86
:104CA000AEE095F8120A00EB400101EBC01006EBF4
:104CB000001000F5006080ED04BB95F8130A00EBCE
:104CC000400101EBC01006EB001195F8120A00EB51
:104CD000400202EBC01006EB001714A850F82400A5
:104CE00000F6080300F5805090F82C2E384609F0A5
:104CF000B5F895F8130A00EB400101EBC01006EB84
:104D00000010017803294CD100F5936166AA00F5E3
:104D1000E470F7F7CFFD95F8130A00EB400101EBC3
:104D2000C01006EB001000F5FF6266A900F5F870F0
:104D3000F0F740FE95F8130A00EB400101EBC010BC
:104D400006EB001000F5FF60F6F70CFE95F8130A6D
:104D500000EB400101EBC01006EB001000F5806194
:104D600000F5006091EDFE1B90ED000B0EF000FFD2
:104D70001FEDB41B51EC100B53EC112BEBF7ABFBFD
:104D80001FEDBA1B53EC112BEBF717FC95F8132A08
:104D900002EB420303EBC21206EB021202F5BD6204
:104DA00003C295F8130A00EB400101EBC01006EBBB
:104DB00000110878022823D101F5BF6001F5966142
:104DC00091EC060BF3F71AF895F8130A00EB400183
:104DD00001EBC01006EB001101F52C7001F5BF616D
:104DE00091EC080BECF716FA95F8130A00EB40016A
:104DF00001EBC01006EB001000F5806080ED860B23
:104E0000694801686948C0F8981095F8120A05F6D3
:104E1000122500EB400101EBC01006EB001000F57D
:104E2000806090EDF81B90EDFA0B0EF0A1FE1FEDE7
:104E3000E3CB51EC100B53EC1C2BEBF74CFB1FEDB1
:104E4000E9BB53EC1B2BEBF7B8FB2A7802EB4203D0
:104E500003EBC21206EB021202F58062C2E91601F0
:104E6000287800EB400101EBC01006EB001000F5C4
:104E7000806100F5006091EDFE1B90ED000B0EF0DF
:104E800077FE53EC1C2B51EC100BEBF724FB53EC8F
:104E90001B2BEBF792FB2A7802EB420303EBC212C7
:104EA00006EB021202F5BD6203C2687800EB400116
:104EB00001EBC01006EB001000F5806090ED7A0B5E
:104EC000287800EB400101EBC01006EB001000F564
:104ED000806080ED140B287800EB400101EBC010DE
:104EE00006EB001000F5806090ED160B687800EB83
:104EF000400101EBC01006EB001000F5806080ED72
:104F00007C0B6878A5F6122500EB400101EBC01080
:104F100006EB001000780C287ED195F8120AB0EE4E
:104F2000480A00EB400101EBC01006EB001000F551
:104F30000060F0EE680A80ED040B002795F8120A75
:104F400000EB400101EBC01006EB001000EBC700C6
:104F500000F5806090EDF80B95F8130A00EB400126
:104F600001EBC01006EB001000EBC70000F58060FD
:104F700080EDFE0B95F8130A00EB400101EBC01029
:104F800006EB001000F5806100EBC70891ED8A1B6D
:104F900008F58062009253EC112B51EC100BEBF7EB
:104FA0009AFA98ED4C1B07E040010020506E00205B
:104FB000000000000000F0BF53EC112BEBF788FA63
:104FC000009A7F1C032FC2E9A401B7DB95F8130AEE
:104FD000032200EB400101EBC01006EB001011466C
:104FE00000F5C660EFF724F995F8130A00EB4001CD
:104FF00001EBC01006EB001000F58060002180ED91
:10500000DA0B14A850F8243041F62C60C05CCDE9CE
:10501000000195F8130A00E029E000EB400101EBE4
:10502000C01006EB00110889403100EB400241F24C
:10503000985000EB0210C2180C2003F550730EF0CC
:10504000EFF8A0B10121A9F89611FE4900F28740BE
:1050500021F8140095F8130A00EB400101EBC01091
:1050600006EB0010D0F82817F74840F82410DFF8B6
:10507000DC83F74814AFD8F80010C0F89C1095F8FE
:10508000120A57F8242000EB400101EBC01002F196
:10509000100306EB001002F5805200F5B07192F893
:1050A0002C2E7030F6F7EAFA95F8120A57F82430E9
:1050B00000EB400101EBC01006EB001000F5C871D9
:1050C000B0EE40CAF0EE60CA0022A03003F5E073F3
:1050D000F6F7D4FAB0EE40BAF0EE60BA53EC1B2B00
:1050E00051EC1C0BEBF75AFB03D2B0EE4CBAF0EECE
:1050F0006CBAB0EE480AF0EE680A53EC102B51EC93
:105100001B0BEBF733FB26D095F8120A53EC1B2B45
:1051100000EB400101EBC01006EB001707F58060C3
:1051200090EDDA0B51EC100BEBF747FA41EC1B0B4F
:1051300097ED0C0B53EC1B2B51EC100BEBF72EFBEC
:1051400009D295F8120A00EB400101EBC01006EB02
:10515000001080ED0CBB95F8120A9DED5A1B00EB78
:10516000400101EBC01006EB001053EC112B90ED49
:105170000C0B51EC100BEBF711FB0BD295F8120A4C
:105180009DED5A0B00EB400101EBC01006EB001047
:1051900080ED0C0B95F8121A012001EB410202EB95
:1051A000C11106EB011181F8780795F8120A85F80C
:1051B000130A401C85F8120AA548D8F80010C0F858
:1051C000A01003F0CEB9A14830220168A048C0F871
:1051D000A41095F8130A05F6122500EB400101EB27
:1051E000C01006EB001103F1400001F59871EBF7D8
:1051F00018F8687800EB400101EBC01006EB0011D5
:10520000287801F5B07100EB400202EBC01006EB0C
:10521000001030227030EBF704F8687800EB4001A2
:1052200001EBC01006EB0011287801F5C87100EB06
:10523000400202EBC01006EB00103022A030EAF76B
:10524000F0FF287800EB400101EBC01006EB0010E6
:1052500090ED0A0B9FED7F1B51EC100B53EC112BC3
:10526000A5F61225EBF782FA2ED195F8130A00EB7A
:10527000400101EBC01006EB001195F8120A01F590
:10528000987100EB400202EBC01006EB00103022D8
:1052900000F59870EAF7C5FF95F8130A00EB400196
:1052A00001EBC01006EB001195F8120A01F5B07180
:1052B00000EB400202EBC01006EB0010302200F5BC
:1052C000B070EAF7AEFFACE095F8120A14AF00EB4D
:1052D000400101EBC01006EB001CBCF80200C0EB63
:1052E000C00840F6085000EB081157F82400415C54
:1052F00069B101292CD00120A9F8960151484FF439
:105300007E7120F81410DCF82817FFF779B840F602
:10531000D84101EB081101440CF5B0703022EAF7D6
:1053200080FF95F8120A00EB400101EBC01000E08D
:10533000FBE306EB001202F59870009057F824008A
:1053400002F14003002100F6080002F5B07263E0AC
:1053500041F62C610CF59873095C0529BCF808101E
:1053600001EB410241F2985101EB021101EB000205
:10537000BCF8061001EB410741F6881101EB07115B
:1053800040F6D847014407EB0817384402D20AF028
:1053900069F90DE0B0EE480AF0EE680AB0EE402A76
:1053A000F0EE602AB0EE401AF0EE601A0AF090F9C2
:1053B00095F8120A302200EB400101EBC01006EB19
:1053C000001707F1700108A8EAF72BFF002008ABCF
:1053D00014A90EE03A1892F820274AB107EBC00250
:1053E00002F5806292EDBC0B03EBC00282ED000B74
:1053F000401C51F8242002F5805292F82C2E824253
:10540000E8DC07F5B070009051F8240007F59873B8
:1054100008AA012100F608000BF026F8002842F047
:1054200077830A4801680A48C0F8A81095F8120A5C
:1054300000EB400101EBC01006EB00104188C1EB0E
:10544000C1010BE0120300201403002040010020E2
:10545000506E002000000000000000404FF4516238
:105460000DF1500802EB011258F8241000F5C87035
:1054700011443022EAF7D5FE95F8120A00EB4001FC
:1054800001EBC01006EB001758F8240000F580501F
:1054900090F82C0E062830D097ED161B97ED520B86
:1054A00053EC112B51EC100BEBF70FF89FEDFE1B9B
:1054B00053EC112BEBF70FF89FEDFD1B53EC112B69
:1054C000EBF77BF8C7E9B40195F8120A00EB40014D
:1054D00001EBC01006EB001797F8380001283ED00A
:1054E000022876D058F8242007F5B07102F58052D2
:1054F00007F1700092F82C2E5BE007F51C7058370E
:1055000097EC060BF2F77AFC95F8120A00EB4001D3
:1055100001EBC01006EB001101F52C7001F5A47130
:1055200091EC060BF2F76AFC95F8120A00EB4001C9
:1055300001EBC01006EB001101F52C7001F51C7198
:1055400091EC080BEBF766FE95F8120A00EB4001B0
:1055500001EBC01006EB001080EDB40BB4E758F877
:10556000241007F1400001F6080201F5805191F87E
:105570002C1EF6F7A9FA95F8120A00EB400101EB90
:10558000C01006EB001000F5806080EDDA0B38E00B
:1055900095F8120A58F8242000EB400101EBC010E6
:1055A00006EB001002F5805200F5B07192F82C2E37
:1055B0007030F4F7D7F995F8120A00EB400101EBCF
:1055C000C01006EB001000F5806080EDDA0B21E0E2
:1055D000FFE797EDB40B0EF0D3FD9FEDB51B51EC3B
:1055E000100B53EC112BEAF776FF9FEDAF1B53EC3A
:1055F000112BEAF7E2FF41EC100B07F5806787ED0E
:10560000DA0B9FEDAD1B51EC100B53EC112BEBF7AC
:10561000ADF8BDD3AA480168AA48C0F8AC1095F807
:10562000120A00EB400101EBC01006EB001000F580
:10563000806090EDDA0B9FEDA01B51EC100B53EC4A
:10564000112BEBF793F819D295F8120A002200EB10
:10565000400101EBC01006EB001000F5C871A0304E
:10566000F4F780F995F8120A00EB400101EBC01045
:1056700006EB001000F5806080EDDA0B95F8120A59
:1056800058F8242000EB400101EBC01041F62C61DA
:1056900006EB0010895C4746403002F60802F6F738
:1056A00013FA95F8120A00EB400101EBC01006EB6B
:1056B000001000F5806080EDDC0B57F8243041F6D7
:1056C0002C6003F60801C05CCDE9000195F8120AD0
:1056D00000EB400101EBC01006EB001108894031DE
:1056E00000EB400241F2985000EB0210C218022079
:1056F00003F550730DF094FDA0B10121A9F89611A6
:10570000714900F2874021F8140095F8120A00EB65
:10571000400101EBC01006EB0010D0F828176B48D1
:1057200040F82410002761E0102000EB8710019062
:10573000084490ED001B95F8120A53EC112B00EB76
:10574000400101EBC01006EB001000EBC70090ED2C
:10575000580B51EC100BEBF721F81AD358F8241022
:10576000182000EB8710084490ED001B95F8120AF2
:1057700053EC112B00EB400101EBC01006EB0010C5
:1057800000EBC70090ED580B51EC100BEAF7EEFF61
:105790002BD258F82400182101EB8711014491ED18
:1057A000000B019953EC102B084490ED001B51ECB9
:1057B000110BEAF7F3FF18D20121A9F8961144A0C2
:1057C0000DF07CFE404807F29D4720F8147095F8D4
:1057D000120A00EB400101EBC01006EB0010D0F8FC
:1057E00028173A4840F8241007E07F1C58F8241086
:1057F00041F62C60405CB84296DC314800270168D5
:105800003048C0F8B01095F8120A00EB400101EBE7
:10581000C01006EB0010019022E001989FED311BB3
:1058200000EBC70853EC112B98ED580B51EC100B03
:10583000EAF751FE98ED1C0B9FED2C1B41EC1B0B66
:1058400053EC112B51EC100BEAF745FE53EC1B2BDC
:10585000EAF79AFD7EAA02EBC7027F1CC2E90001AB
:1058600014A850F8240000F5805090F82C0EB8428F
:10587000D3DC96A8009014A8019B50F824007EAABF
:10588000002100F6080040330AF0EEFD002842F047
:105890003F81002795F8120A00EB400101EBC01090
:1058A00006EB001026E00000112D4454FB210940B6
:1058B0000000000000806640F168E388B5F8E43E2F
:1058C00040010020506E002012030020140300202D
:1058D0004552525F4C494D49545F4A3120360D0ABA
:1058E00000000000FCA9F1D24D62503F2B8716D971
:1058F000CEF7EF3F00EBC70896A800EBC70098ED86
:10590000100B90ED001B53EC102B51EC110BEAF730
:10591000DCFD08F580627F1CC2E9F801032FB9DBCA
:1059200095F8120A00EB400101EBC01006EB0010E5
:1059300000F5FC60F6F716F895F8120A002700EB60
:10594000400101EBC01006EB0010019022E001982D
:105950001FED1A1B00EBC70853EC112B98ED580BE9
:1059600051EC100BEAF7B7FD98ED1C0B1FED231B54
:1059700041EC1B0B53EC112B51EC100BEAF7ABFD78
:1059800053EC1B2BEAF700FD7EAA02EBC7027F1C3B
:10599000C2E9000114A850F8240000F5805090F8E6
:1059A0002C0EB842D3DC96A8009014A8019B50F8A6
:1059B00024007EAA002100F6080003F598730AF07F
:1059C00053FD00287ED1FE4800270168FD48C0F83D
:1059D000B41000BF95F8120A00EB400101EBC010B3
:1059E00006EB001000EBC70896A800EBC70098ED87
:1059F0004C1B90ED000B51EC110B53EC102BEAF704
:105A000064FD08F580627F1CC2E9FE01032FE1DB23
:105A100095F8120A00EB400101EBC01006EB0010F4
:105A200000F5FF60F5F79EFF00271DE000EBC708BB
:105A300098ED1C0B98ED581B53EC102B51EC110BEF
:105A4000EAF743FD08F58062C2E9E00195F8122A01
:105A500002EB420303EBC21206EB021202EBC70297
:105A600002F5F6627F1C03C214A850F8240000F56A
:105A7000805090F82C0EB84295F8120A00EB4001C5
:105A800001EBC01006EB0010D0DC00F170013022F9
:105A900000F58460EAF7C5FB95F8120A00EB4001B7
:105AA00001EBC01006EB001202F5B07102F5B16017
:105AB0003022EAF7B6FB95F8130A00EB400101EB40
:105AC000C01000E0BEE306EB001053EC182B90ED85
:105AD000040B51EC100BEAF749FE95F8130A00EBA2
:105AE000400101EBC01010D206EB001195F8120A2C
:105AF00001F5F66100EB400202EBC01006EB00106E
:105B000000F5F060EBF7A0FC12E006EB0010B0EE41
:105B100048BA90ED040BF0EE68BA53EC1B2B51EC35
:105B2000100BEAF723FE10D100E09FE29FEDA60BD9
:105B300095F8120A00EB400101EBC01006EB0010D3
:105B400000F5006080ED040BD9E095F8120A00EB37
:105B5000400101EBC01006EB001000F5006080ED85
:105B600004BB95F8130A00EB400101EBC01006EBF3
:105B7000001195F8120A05F6122500EB400202EB1F
:105B8000C01014AA06EB001052F8242002F60803F5
:105B900002F5805292F82C2E08F060F9287800EB7C
:105BA000400101EBC01006EB001101F58C6001F51E
:105BB000767191EC060BF2F721F9287800EB4001A1
:105BC00001EBC01006EB001101F58C6001F51C71B2
:105BD00091EC080BEBF71EFB287800EB400101EB82
:105BE000C01006EB001000F5806080ED200B687897
:105BF000A5F6122500EB400101EBC01006EB0010EA
:105C0000017803294CD100F593612AAA00F5E470CC
:105C1000F6F750FE95F8130A00EB400101EBC010B7
:105C200006EB001000F5FF622AA900F5F870EFF707
:105C3000C1FE95F8130A00EB400101EBC01006EB22
:105C4000001000F5FF60F5F78DFE95F8130A00EBE4
:105C5000400101EBC01006EB001000F5806100F57B
:105C6000006091EDFE1B90ED000B0DF081FF1FED2C
:105C7000F01B51EC100B53EC112BEAF72CFC1FED31
:105C8000F61B53EC112BEAF798FC95F8132A02EB5C
:105C9000420303EBC21206EB021202F5BD6203C21D
:105CA00095F8130A00EB400101EBC01006EB001160
:105CB0000878022823D101F5BF6001F5966191ECC7
:105CC000060BF2F79BF895F8130A00EB400101EB85
:105CD000C01006EB001101F52C7001F5BF6191ECCD
:105CE000080BEBF797FA95F8130A00EB400101EB6C
:105CF000C01006EB001000F5806080ED860B304888
:105D000001683048C0F8B81095F8130A00EB40015C
:105D100001EBC01006EB001000780C287ED195F83E
:105D2000120AB0EE480A00EB400101EBC01006EB8E
:105D3000001000F50060F0EE680A80ED040B00270B
:105D400095F8120A00EB400101EBC01006EB0010C1
:105D500000EBC70000F5806095F8131A90EDF80B82
:105D600001EB410000EBC11006EB001000EBC70097
:105D700000F5806080EDFE0B95F8130A00EB400102
:105D800001EBC01006EB001000F5806100EBC708C6
:105D900091ED8A1B08F58062009253EC112B51ECB7
:105DA000100BEAF798FB98ED4C0B53EC102BEAF72D
:105DB0008FFB009A7F1C032FC2E9A401C0DB07E020
:105DC00040010020506E0020000000000000F0BFE5
:105DD00095F8130A032200EB400101EBC01006EB1B
:105DE0000010114600F5C660EEF722FA95F8130A86
:105DF00000EB400101EBC01006EB001000F58060E5
:105E0000002180EDDA0B14A850F8243041F62C6004
:105E1000C05CCDE9000195F8130A00E029E000EB31
:105E2000400101EBC01006EB00110889403100EB86
:105E3000400241F2985000EB0210C2180C2003F50A
:105E400050730DF0EDF9A0B10121A9F89611F949AF
:105E500000F2874021F8140095F8130A00EB400186
:105E600001EBC01006EB0010D0F82817F24840F8FC
:105E7000241095F8120A0DF1500800EB400101EBD7
:105E8000C01006EB001758F8240007F5B07100F1B8
:105E9000100300F5805090F82C2E07F17000F5F7F4
:105EA000EDFB95F8120A58F8243000EB400101EBA5
:105EB000C01006EB001000F5C871B0EE40CAF0EE5D
:105EC00060CA0022A03003F5E073F5F7D7FBB0EE0F
:105ED00040BAF0EE60BA53EC1B2B51EC1C0BEAF706
:105EE0005DFC03D2B0EE4CBAF0EE6CBAB0EE480AEC
:105EF000F0EE680A53EC102B51EC1B0BEAF736FC62
:105F000026D095F8120A53EC1B2B00EB400101EB55
:105F1000C01006EB001707F5806090EDDA0B51EC2E
:105F2000100BEAF74AFB41EC1B0B97ED0C0B53EC03
:105F30001B2B51EC100BEAF731FC09D295F8120A31
:105F400000EB400101EBC01006EB001080ED0CBB34
:105F500095F8120A9DED5A0B00EB400101EBC010C1
:105F600006EB001053EC102B90ED0C1B51EC110BB9
:105F7000EAF714FC0BD295F8120A9DED5A0B00EBD0
:105F8000400101EBC01006EB001080ED0C0B95F802
:105F9000121A012001EB410202EBC11106EB0111C3
:105FA00081F8780795F8120A85F8130A401C85F8DD
:105FB000120AA2480168A248C0F8BC1002F0D1BA87
:105FC0009E48302201689E48C0F8C81095F8130A10
:105FD00005F6122500EB400101EBC01006EB0011A5
:105FE00003F1400001F59871EAF71BF9687800EBBE
:105FF000400101EBC01006EB0011287801F5B071EB
:1060000000EB400202EBC01006EB001030227030B3
:10601000EAF707F9687800EB400101EBC01006EBE6
:106020000011287801F5C87100EB400202EBC010A6
:1060300006EB00103022A030EAF7F3F82878A5F636
:10604000122500EB400101EBC01006EB0017B888E9
:10605000C0EBC00840F6085000EB081114A850F837
:1060600024C01CF8010068B101282DD00120A9F836
:10607000960170484FF47E7120F81410D7F8281755
:10608000FEF7BEB940F6D84000EB081000EB0C015B
:106090000DF1500807F580703022EAF7C2F895F844
:1060A000120A00EB400101EBC01006EB001202F1F6
:1060B000D000009058F8240002F14003002100F6BF
:1060C000080002F5807243E041F62C6007F1D0032E
:1060D00010F80C000528388900EB400141F2985077
:1060E00000EB011000EB0C02F88800EB400141F6D8
:1060F000881000EB011000EB0C0140F6D84000EBDB
:106100000810604402D209F0ADFA0DE0B0EE480A82
:10611000F0EE680AB0EE402AF0EE602AB0EE401AC7
:10612000F0EE601A09F0D4FA95F8120A00EB40017B
:1061300001EBC01006EB001202F58070009014A86D
:1061400002F1D00350F82400012100F6080070325B
:106150000AF08AF9002875D138480DF1500840F648
:10616000085201683648C0F8CC1095F8120A58F861
:1061700024C000EB400101EBC01006EB0011488881
:10618000C0EBC00002EB00131CF803206AB14346C9
:10619000012A2CD00120A9F8960126484FF47E72DE
:1061A00020F81420D1F828176AE740F6D84202EB0D
:1061B000001000EB0C0301F5B07047463022194681
:1061C000EAF72FF895F8120A00EB400101EBC01036
:1061D00006EB001202F59870009057F8240002F1C7
:1061E000D003002100F6080002F5B07253E041F63A
:1061F0002C62984612F80C2001F59873052A0A893A
:10620000C98802EB420741F2985202EB071201EBF8
:10621000410741F68811624401EB071113D201EBEB
:106220000C0740F6D84101EB00106044394609F0F4
:1062300019FA1CE012030020140300204001002082
:10624000506E0020AAE0B0EE480AF0EE680A40F670
:10625000D84707EB001061446044B0EE402AF0EEEE
:10626000602AB0EE401AF0EE601A09F031FA95F8A3
:10627000120A00EB400101EBC01006EB001202F520
:10628000B070009058F8240002F59873012100F6D0
:10629000080002F580720AF0E7F800287ED1FE4877
:1062A0004FF451620168FD48C0F8D01095F8120A09
:1062B00000EB400101EBC01006EB0010418800F537
:1062C000C870C1EBC10102EB011214A951F82410EE
:1062D00011443022E9F7A5FF95F8120A00EB4001BE
:1062E00001EBC01006EB00104030F1F795FD70B1E6
:1062F0000120A9F8960140F27E41FDE395F8120ACB
:1063000000EB400101EBC01006EB0010F5E395F83F
:10631000120A53EC182B00EB400101EBC01006EB06
:10632000001090ED9A0B51EC100BEAF737FA7CD283
:1063300095F8120A302200EB400101EBC01006EB89
:10634000001707F598714AA840372891E9F769FFC7
:1063500007F19001302266A81C91E9F762FF97EDE2
:106360008A1B97ED600B53EC112B51EC100BEAF7E5
:10637000B2F89FEDCB1B53EC112BEAF71EF99FED02
:10638000CA1B53EC112BEAF7A6F897ED68CB41EC4A
:106390001D0B53EC1C2BEAF710F900E046E397EDD8
:1063A0006A0B41EC1B0B53EC1C2B51EC100BEAF766
:1063B00004F9C7E9AA014FF0000800BF97ED680B88
:1063C00053EC1B2B51EC100BEAF785F897ED600BA3
:1063D00053EC102BEAF7F1F841EC100B0EF074FDC2
:1063E00097ED60EB51EC100B53EC1E2BEAF773F8B2
:1063F00041EC110B07EBC8000090019090ED780B79
:1064000051EC110B53EC102BEAF765F897ED680B84
:1064100041EC1C0B53EC1B2B51EC100BEAF75BF817
:1064200053EC1E2BEAF7C9F800E0A7E241EC100B91
:106430000DF096FC97ED601B51EC100B53EC112BFB
:10644000EAF749F841EC110B019890ED720B51EC11
:10645000110B53EC102BEAF73EF841EC100B0198AE
:1064600090ED621B51EC100B53EC112BE9F78CFFF4
:1064700053EC1C2BE9F788FF4AAA02EBC802C2E9D9
:10648000000197EDAA0B51EC1B0B53EC102BEAF714
:106490006DF967D89FED860B51EC1B0B53EC102B5D
:1064A000EAF719F841EC1C0B97ED680B53EC1C2B29
:1064B00051EC100BEAF70FF897ED601B53EC112B22
:1064C000EAF77BF841EC100B0EF0FEFC97ED60EB69
:1064D00051EC100B53EC1E2BE9F7FDFF41EC100BB8
:1064E000009890ED781B51EC100B53EC112BE9F751
:1064F000F2FF97ED680B41EC1F0B53EC1C2B51EC9A
:10650000100BE9F7E8FF53EC1E2BEAF756F841ECC5
:10651000100B0DF025FC97ED601B51EC100B53ECAC
:10652000112BE9F7D8FF41EC100B009890ED721B8E
:1065300051EC100B53EC112BE9F7CDFF41EC100B94
:10654000009890ED621B51EC100B53EC112BE9F706
:106550001BFF53EC1F2BE9F717FF66AB03EBC802D9
:10656000C2E9000108F10108B8F1030FFFF626AFF8
:1065700014A850F8240000F5805090F82C0E06283E
:106580007DD00320BAE000BF97EDAA0B51EC1B0BA6
:1065900053EC102BEAF7EAF85ED897EDAA0B51EC12
:1065A0001B0B53EC102BEAF708F841EC1C0B07EB24
:1065B000C800249090ED240B51EC1C0B53EC102BD5
:1065C000E9F789FF41EC1E0B53EC1C2B51EC190B26
:1065D000E9F77BFF41EC100B249890ED001B51EC88
:1065E000100B53EC112BE9F776FF53EC1E2BE9F758
:1065F000CBFE4AAB03EBC8029FED2D0BC2E90001B5
:1066000053EC102B51EC1C0BE9F765FF41EC1C0B14
:10661000249890ED240B51EC1C0B53EC102BE9F754
:106620005AFF41EC1E0B53EC1C2B51EC190BE9F7F4
:106630004CFF41EC110B249890ED000B51EC110B29
:1066400053EC102BE9F747FF53EC1E2BE9F79CFEA8
:1066500066AB03EBC8024DE097EDAACB51EC190BEA
:1066600053EC1C2BE9F731FF41EC1E0B53EC1C2BB8
:1066700051EC1B0BE9F729FF53EC1E2B00E049E01E
:10668000E9F79BFF41EC1C0B07EBC800169090ED5F
:106690003C0B53EC102B0FE040010020506E00200B
:1066A0000000000000806640112D4454FB21094089
:1066B000000000000000E03F51EC1C0BE9F70BFF6D
:1066C00041EC1E0B53EC1C2B51EC190BE9F7FDFEB2
:1066D00041EC110B169890ED240B51EC110B53EC7F
:1066E000102BE9F7F8FE53EC1E2BE9F74DFE4AAAF2
:1066F00002EBC802C2E9000108F10100804614A8BB
:1067000050F8240000F5805090F82C1E41453FF7CA
:106710003BAFEDE007F1180090EC060B07F50C70AD
:10672000F1F76CFB07F1A80107F5147091EC060B6B
:106730002E90F1F763FB07F5847107F51C7091EC5F
:10674000060B2D90F1F75AFB07F50C7107F5007851
:1067500091EC080B2D98EAF75DFD87EDA40B08F18D
:1067600038012E9898ED0C0B91EC061BEAF752FDC0
:1067700087EDA60B08F158012D9898ED140B91ECBC
:10678000061BEAF747FD87EDA80B97EDAA0B51EC26
:106790001B0B53EC102BE9F7E9FF6AD897EDAA0B16
:1067A00051EC1B0B53EC102BE9F707FF41EC1C0BD2
:1067B00007F514728DED02CB97EDA60B08F13801A9
:1067C0008DED000B32A892EC084B98ED0C0B91EC80
:1067D000061B08F0E5FB07F5847316AA93EC064B3D
:1067E00032AB1AA924A893EC080BF6F78DF89DEDAF
:1067F000240B8DED500B9DED1A0B8DED520B9DED85
:10680000160B8DED540B1FED560B51EC1C0B53EC7E
:10681000102BE9F760FECDE9020197EDA60B08F118
:1068200058028DED000B08F1380192EC065B32A89E
:1068300098ED144B98ED0C0B91EC061B08F0B0FB97
:1068400007F5847316AA93EC064B32AB1AA924A859
:1068500093EC080BF6F758F89DED240B8DED6C0BBF
:106860009DED1A0B8DED6E0B9DED160B8DED700BE6
:106870003EE097EDAACB51EC190B53EC1C2BE9F73A
:1068800024FE41EC1E0B53EC1C2B51EC1B0BE9F7C7
:106890001CFE53EC1E2BE9F790FECDE9020197EDAB
:1068A000A80B07F51C728DED000B08F1580192EC56
:1068B000084B32A898ED140B91EC061B08F070FB06
:1068C00007F5847316AA93EC064B32AB1AA924A8D9
:1068D00093EC080BF6F718F89DED240B8DED500B9B
:1068E0009DED1A0B8DED520B9DED160B8DED540B9E
:1068F000FD4830220168FD48C0F8D4104AA9289804
:10690000E9F78FFC302266A91C98E9F78AFC07F5A5
:106910009070009014A807F1C00250F8240090462F
:10692000012100F60800289B09F09EFD00287DD17A
:1069300087ED68DB97EDAA0B51EC1B0B53EC102B8A
:10694000E9F714FF1AD814A8CDF8008050F82400F5
:1069500007F13002012100F608001C9B09F084FDBC
:106960000028E4D197ED680B1FEDAF1B51EC100B25
:1069700053EC112BE9F7AFFDC7E96A01DA4801686A
:10698000DA48C0F8D81014A8002150F8243041F695
:106990002C60C05CCDE9000195F8120A00EB4001C3
:1069A00001EBC01006EB00110889403100EB4002FA
:1069B00041F2985000EB0210C218032003F5507307
:1069C0000CF02EFCA0B10121A9F89611C84900F2E3
:1069D000874021F8140095F8120A00EB400101EB02
:1069E000C01006EB0010D0F82817C24840F8241059
:1069F00000279CE0102101EB871803EB080090EDC5
:106A0000001B95F8120A53EC112B00EB400101EB2F
:106A1000C01006EB001000EBC70090ED400B51ECEE
:106A2000100BE9F7BBFE52D314A800E0FDE350F8C9
:106A30002410182000EB87100090084490ED000B04
:106A400095F8120A53EC102B00EB400101EBC0103B
:106A500006EB001000EBC70090ED401B51EC110B52
:106A6000E9F784FE33D314A850F8241001EB080092
:106A700090ED000B95F8120A53EC102B00EB40013F
:106A800001EBC01006EB001000EBC70090ED581BA7
:106A900051EC110BE9F782FE19D314A850F8241019
:106AA0000098084490ED001B95F8120A53EC112B46
:106AB00000EB400101EBC01006EB001000EBC7003B
:106AC00090ED580B51EC100BE9F750FE2ED214A8A4
:106AD000182150F8240001EB87110144404491ED46
:106AE000000B90ED001B53EC102B51EC110BE9F750
:106AF00055FE1BD2012001E019E2FCE3A9F8960142
:106B00007DA00CF0DBFC7A4807F29D4720F814705A
:106B100095F8120A00EB400101EBC01006EB0010E3
:106B2000D0F82817734840F824100BE07F1C14A9F4
:106B300051F82400034600F5805090F82C2EBA42FC
:106B40003FF758AF14A850F8240000F5805090F893
:106B50002C0E062895F8120A00EB400101EBC0103C
:106B600065D006EB001797ED161B97ED520B53EC13
:106B7000112B51EC100BE9F7A8FC9FED64BB53EC13
:106B80001B2BE9F7A8FC9FED63CB53EC1C2BE9F71B
:106B900014FDC7E9B40195F8120A00EB400101EBBE
:106BA000C01006EB001797ED160B97ED3A1B53EC50
:106BB000102B51EC110BE9F788FC53EC1B2BE9F778
:106BC0008AFC53EC1C2BE9F7F8FCC7E9B60195F8F1
:106BD000120A00EB400101EBC01006EB001797ED25
:106BE0003A1B97ED520B53EC112B51EC100BE9F7BC
:106BF0006CFC53EC1B2BE9F76EFC53EC1C2BE9F7F8
:106C0000DCFCC7E9B80100BF95F8120A00EB4001AF
:106C100001EBC01006EB001797F83800022862D08D
:106C200097ED780B07F5806787EDDA0BECE006EB64
:106C3000001101F51C70583105F6122591EC060B78
:106C4000F1F7DCF8287800EB400101EBC01006EB0F
:106C5000001101F52470E83191EC060BF1F7CEF844
:106C6000287800EB400101EBC01006EB001101F5A4
:106C70002C7001F5A47191EC060BF1F7BFF82878A0
:106C800000EB400101EBC01006EB001101F52C7088
:106C900001F51C7191EC080BEAF7BCFA287800EBBF
:106CA000400101EBC01006EB001080EDB40B28781A
:106CB00000EB400101EBC01006EB001101F5247060
:106CC00001F51C7191EC080BEAF7A4FA287800EBA7
:106CD000400101EBC01006EB001080EDB60B2878E8
:106CE00000EB40011AE031E040010020506E00202E
:106CF00012030020140300204552525F4C494D49B5
:106D0000545F4A3120370D0A00000000112D445411
:106D1000FB210940000000000080664001EBC0102C
:106D200006EB001101F52C7001F5247191EC080BB4
:106D3000EAF770FA2878A5F6122500EB400101EB7E
:106D4000C01006EB001080EDB80B5DE797EDB60BB9
:106D50000DF016FAB0EE401AF0EE601A53EC102B5C
:106D600051EC100BE9F710FB1FED161B53EC112B28
:106D7000E9F7B1FB1FED1B1B53EC112BE9F71DFCD1
:106D800007F5ED6703C795F8120A00EB400101EB28
:106D9000C01006EB001090EDB60B0DF0F1F99FED71
:106DA000FEBB51EC100B53EC1B2BE9F7DFFC12D9A7
:106DB00095F8120A00EB400101EBC01006EB001041
:106DC00090EDB80B0DF0DCF953EC1B2B51EC100BD4
:106DD000E9F7CCFC29D895F8121A002001EB410202
:106DE00002EBC11106EB011181F8380095F8120A87
:106DF00000EB400101EBC01006EB001090ED780BAA
:106E000000F5806080EDDA0B95F8120A00EB400186
:106E100001EBC01006EB001797ED780B97ED7A1B8E
:106E200053EC102B51EC110B23E095F8120A00EBF8
:106E3000400101EBC01006EB001797EDB60B0DF00B
:106E40009FF9B0EE401AF0EE601AB0EE40BAF0EEE4
:106E500060BA53EC112B51EC100BE9F795FA41ECA9
:106E6000110BB0EE4B0AF0EE6B0A53EC112B51EC08
:106E7000100BE9F7A2FBC7E9BA0195F8120A00EB7B
:106E8000400101EBC01006EB001000F5806090EDB2
:106E9000DA0B9FEDC11B51EC100B53EC112BE9F7F2
:106EA00065FC19D295F8120A002200EB400101EBB3
:106EB000C01006EB001000F5C871A030F2F752FDCB
:106EC00095F8120A00EB400101EBC01006EB001030
:106ED00000F5806080EDDA0B95F8120AB0EE48FA02
:106EE00000EB400101EBC01006EB0010F0EE68FA79
:106EF00090EDBA0B53EC1F2B51EC100BE9F736FC5D
:106F000010D995F8120A53EC192B00EB400101EB54
:106F1000C01006EB001090EDBA0B51EC100BE9F726
:106F20003DFC09D80120A9F8960140F27F419C4818
:106F300020F81410FFF7E2B99A4801689A48C0F89F
:106F4000DC1095F8120A00EB400101EBC01006EBD3
:106F5000001090ED780B00F5806080EDDC0B0020D8
:106F600095F8122A02EB420101EBC21106EB011166
:106F700001EBC001401C91ED880B01F580610328F5
:106F800081EDF80BECDB95F8120AB0AA00EB40019A
:106F900001EBC01006EB001000F5987100F5E470ED
:106FA000F5F788FC95F8120A00EB400101EBC010E0
:106FB00006EB001000F5FF62B0A900F5F870EEF7DF
:106FC000F9FC95F8120A00EB400101EBC01006EB4A
:106FD000001000F5FF60F4F7C5FC00279FED73BBC0
:106FE00095F8120A53EC1B2B00EB400101EBC0108B
:106FF00006EB001898ED780B51EC100BE9F76BFAE3
:1070000098ED701B53EC112BE9F7D7FA41EC100BFC
:107010000DF05AFF95F8120A00EB400101EBC01089
:1070200006EB001851EC100B98ED70DB53EC1D2BA8
:10703000E9F751FA41EC100B08EBC70090ED881B03
:1070400051EC100B53EC112BE9F745FA98ED780B46
:1070500041EC1C0B53EC1B2B51EC100BE9F73BFAEA
:1070600053EC1D2BE9F7A9FA41EC100B0CF078FE5C
:1070700095F8120A00EB400101EBC01006EB001876
:1070800051EC100B98ED701B53EC112BE9F723FA20
:1070900041EC100B08EBC700009090ED821B51EC07
:1070A000100B53EC112BE9F716FA41EC100B00987A
:1070B00090ED721B51EC100B53EC112BE9F764F9B6
:1070C00053EC1C2BE9F760F97EAA02EBC7037F1C87
:1070D000C3E90001032F83DB03279FED36DB00BFED
:1070E00008EBC700009090ED4C0B53EC1B2B51ECC0
:1070F000100BE9F7F0F941EC1C0B009853EC1D2B39
:1071000090ED100B51EC100BE9F7E5F953EC1C2B4B
:10711000E9F73AF97EAA02EBC7027F1CC2E9000137
:10712000062FDDDB8AA8009014A808F1700250F841
:1071300024007EAB012100F6080009F095F9002833
:1071400073D100271CE000BF95F8120A00EB400144
:1071500001EBC01006EB001000EBC7088AA800EB9B
:10716000C70098ED1C1B90ED000B53EC112B51EC5C
:10717000100BE9F7AAF908F580627F1CC2E9E0016B
:1071800014A850F8240000F5805090F82C0EB84256
:10719000DADC0448016811E0F168E388B5F8E43E00
:1071A0001203002040010020506E0020FCA9F1D203
:1071B0004D62503F2B8716D9CEF7EF3FFE48002790
:1071C000C0F8E01095F8120A53EC1D2B00EB4001BB
:1071D00001EBC01006EB001898ED780B51EC100B8A
:1071E000E9F779F998ED700B53EC102BE9F7E5F915
:1071F00041EC100B0DF068FE95F8120A00EB40010F
:1072000001EBC01006EB001851EC100B98ED70CBA1
:1072100053EC1C2BE9F75FF941EC100B08EBC700AE
:1072200090ED881B53EC112B00E0BAE051EC100BF1
:10723000E9F751F998ED780B41EC1E0B53EC1D2B3F
:1072400051EC100BE9F747F953EC1C2BE9F7B5F9B2
:1072500041EC100B0CF084FD95F8120A00EB400194
:1072600001EBC01006EB001851EC100B98ED701BF1
:1072700053EC112BE9F72FF941EC100B08EBC70089
:10728000009090ED821B51EC100B53EC112BE9F7A1
:1072900022F941EC100B009890ED721B51EC100B91
:1072A00053EC112BE9F770F853EC1E2BE9F76CF84F
:1072B0007EAA02EBC7037F1CC3E90001032F81DB19
:1072C0005FF0030708EBC700009090ED4C0B53EC08
:1072D0001D2B51EC100BE9F7FEF841EC1C0B00984C
:1072E00053EC1B2B90ED100B51EC100BE9F7F3F85E
:1072F00053EC1C2B00E09DE3E9F746F87EAA02EB75
:10730000C7027F1CC2E90001062FDBDB8AA80090C0
:1073100014A808F1700250F824007EAB012100F699
:10732000080009F0A1F8E0BB00271BE095F8120A5D
:1073300000EB400101EBC01006EB001000EBC708AA
:107340008AA800EBC70098ED1C0B90ED001B51ECD8
:10735000100B53EC112BE9F7B8F808F580627F1C8D
:10736000C2E9EC0114A850F8240000F5805090F810
:107370002C0EB842DADC914853EC1F2B01688E4882
:10738000C0F8E41095F8130A00EB400101EBC010BF
:1073900006EB001090ED040B51EC100BE9F7E6F949
:1073A00000E0B5E395F8130A00EB400101EBC010D3
:1073B00010D206EB001195F8120A01F5F66100EB08
:1073C000400202EBC01006EB001000F5F060EAF797
:1073D0003BF80CE006EB001053EC1F2B90ED040B78
:1073E00051EC100BE9F7C2F90ED19FED750B95F832
:1073F000120A00EB400101EBC01006EB001000F593
:10740000006080ED040BEDE095F8120AB0EE4F0A33
:1074100000EB400101EBC01006EB001000F500602E
:10742000F0EE6F0A80ED040B95F8130A00EB4001B3
:1074300001EBC01006EB001195F8120A05F61225B3
:1074400000EB400202EBC01014AA06EB001052F849
:10745000242002F6080302F5805292F82C2E06F042
:10746000FDFC28782AAA00EB400101EBC01006EBD6
:10747000001000F5707100F5E470F5F71BFA28783C
:1074800000EB400101EBC01006EB001000F5FC62C0
:107490002AA900F5F870EEF78DFA287800EB400184
:1074A00001EBC01006EB001000F5FC60F4F75AFA8F
:1074B0006878A5F6122500EB400101EBC01006EB41
:1074C0000010017803294CD100F593612AAA00F538
:1074D000E470F5F7EFF995F8130A00EB400101EBC2
:1074E000C01006EB001000F5FF622AA900F5F87045
:1074F000EEF760FA95F8130A00EB400101EBC010BB
:1075000006EB001000F5FF60F4F72CFA95F8130A6B
:1075100000EB400101EBC01006EB001000F58061AC
:1075200000F5006091EDFE1B90ED000B0CF020FBD0
:107530009FED251B51EC100B53EC112BE8F7CBFF03
:107540009FED231B53EC112BE9F737F895F8132A1D
:1075500002EB420303EBC21206EB021202F5BD621C
:1075600003C295F8130A00EB400101EBC01006EBD3
:1075700000110878022835D101F5BF6001F5966148
:1075800091EC060BF0F73AFC95F8130A00EB40017A
:1075900001EBC01006EB001101F52C7001F5BF6185
:1075A00091EC080BE9F736FE95F8130A00EB400161
:1075B00001EBC01010E00000506E002040010020E0
:1075C000000000000000F0BF0000000000806640E6
:1075D000112D4454FB21094006EB001000F580609A
:1075E00080ED860B95F8120A05F6122500EB400196
:1075F00001EBC01006EB001000F5806090EDF81B69
:1076000090EDFA0B0CF0B4FA1FED11BB51EC100B1E
:1076100053EC1B2BE8F75FFF1FED13CB53EC1C2B38
:10762000E8F7CBFF2A7802EB420303EBC21206EB2A
:10763000021202F58062C2E91601287800EB4001CF
:1076400001EBC01006EB001000F5806100F5006052
:1076500091EDFE1B90ED000B0CF08AFA53EC1B2B06
:1076600051EC100BE8F737FF53EC1C2BE8F7A5FFA4
:107670002A7802EB420303EBC21206EB021202F578
:10768000BD6203C2687800EB400101EBC01006EB5D
:10769000001000F5806090ED7A0B287800EB400137
:1076A00001EBC01006EB001000F5806080ED140BBC
:1076B000287800EB400101EBC01006EB001000F54C
:1076C000806090ED160B687800EB400101EBC01074
:1076D00006EB001000F5806080ED7C0B6878A5F665
:1076E000122500EB400101EBC01006EB0010007802
:1076F0000C287DD195F8120A5FF0000700EB4001DD
:1077000001EBC01006EB001000F5006080ED04FBFB
:1077100095F8120A00EB400101EBC01006EB0010D7
:1077200000EBC70000F5806090EDF81B95F8130A98
:1077300000EB400101EBC01006EB001000EBC700AE
:1077400000F5806080EDFE1B95F8130A00EB400108
:1077500001EBC01006EB001101F5806001EBC708DA
:1077600090ED8A0B08F58062009253EC102B51ECDF
:10777000110BE8F7B0FE98ED4C1B53EC112BE8F71A
:10778000A7FE009A7F1C032FC2E9A401C0DB95F875
:10779000130A032200EB400101EBC01006EB0010BE
:1077A000114600F5C660ECF743FD95F8130A00EBAF
:1077B000400101EBC01006EB001000F580600021D5
:1077C00080EDDA0B14A850F8243041F62C60C05C30
:1077D000CDE9000195F8130A00EB400101EBC01060
:1077E00006EB0011088900EB400241F2985000E0DE
:1077F0001EE000EB0210C2180C20403103F550735C
:107800000BF00EFDA0B10121A9F89611FE4900F27E
:10781000874021F8140095F8130A00EB400101EBB2
:10782000C01006EB0010D0F82817F84840F82410D4
:10783000DFF8DC83F74814AFD8F80010C0F8E81080
:1078400095F8120A57F8242000EB400101EBC01014
:1078500002F1100306EB001002F5805200F5B07142
:1078600092F82C2E7030F3F709FF95F8120A57F8AA
:10787000243000EB400101EBC01006EB001000F5D6
:10788000C871B0EE40CAF0EE60CA0022A03003F525
:10789000E073F3F7F3FEB0EE40BAF0EE60BA53ECEB
:1078A0001B2B51EC1C0BE8F779FF03D2B0EE4CBA5E
:1078B000F0EE6CBA53EC1F2B51EC1B0BE8F756FFA4
:1078C00026D095F8120A53EC1B2B00EB400101EB7C
:1078D000C01006EB001707F5806090EDDA0B51EC55
:1078E000100BE8F76AFE41EC1B0B97ED0C0B53EC09
:1078F0001B2B51EC100BE8F751FF09D295F8120A37
:1079000000EB400101EBC01006EB001080ED0CBB5A
:1079100095F8120A9DED5A1B00EB400101EBC010D7
:1079200006EB001053EC112B90ED0C0B51EC100BEF
:10793000E8F734FF0BD295F8120A9DED5A0B00EBD5
:10794000400101EBC01006EB001080ED0C0B95F828
:10795000121A012001EB410202EBC11106EB0111E9
:1079600081F8780795F8120A85F8130A401C85F803
:10797000120AA848D8F80010C0F8EC10FDE395F8FA
:10798000130A302200EB400101EBC01006EB00119E
:1079900003F1400001F5987105F61225E8F741FC66
:1079A000687800EB400101EBC01006EB001128786D
:1079B00001F5B07100EB400202EBC01006EB0010C5
:1079C00030227030E8F72DFC687800EB400101EBC5
:1079D000C01006EB0011287801F5C87100EB4002D9
:1079E00002EBC01006EB00103022A030E8F719FCC3
:1079F00028780DF1500800EB400101EBC01006EBB8
:107A0000001058F824C04188A5F61225C1EBC10723
:107A100040F6085101EB07121CF8022072B14146F2
:107A2000012A2BD00121A9F8961177494FF47E72D3
:107A300021F81420D0F82817FCF7E2BC40F6D84112
:107A400001EB071147466144302200F5B070E8F7BA
:107A5000E8FB95F8120A00EB400101EBC01006EBC1
:107A6000001202F59870009057F8240002F14003CC
:107A7000002100F6080002F5B07246E0884641F6A3
:107A80002C6100F5987311F80C1005290189C08844
:107A900001EB410241F2985101EB021101EB0C02A2
:107AA00000EB400141F6881000EB011000EB0C01E7
:107AB00040F6D84000EB071000EB0C0703D2384625
:107AC00007F0D0FD0EE0B0EE480AF0EE680AB0EE26
:107AD000402AF0EE602AB0EE401AF0EE601A384606
:107AE00007F0F6FD95F8120A00EB400101EBC0101B
:107AF00006EB001202F5B070009058F8240002F571
:107B00009873012100F60800703208F0ADFC38B11E
:107B10000121A9F896113C4921F81400FEF7EEBBAB
:107B200095F8120A4FF4516200EB400101EBC010CE
:107B300006EB0010418800F5C870C1EBC10102EBF3
:107B4000011258F8241011443022E8F76AFB00278C
:107B500075E0102101EB8718404490ED000B95F87B
:107B6000120A53EC102B00EB400101EBC01006EBA6
:107B7000001000EBC70090ED581B51EC110BE8F71B
:107B80000DFE1BD314A850F82410182000EB87100A
:107B9000084490ED000B95F8120A53EC102B00EB03
:107BA000400101EBC01006EB001000EBC70090EDA8
:107BB000581B51EC110BE8F7D9FD3FD214A818213E
:107BC00050F8240001EB87110144404491ED000B73
:107BD00090ED001B53EC102B51EC110BE8F7DEFD80
:107BE0002CD20120A9F896010BA00BF067FC0648E7
:107BF00007F29D4720F8147095F8120A00EB400137
:107C000001EBC01012E0000012030020140300205A
:107C100040010020506E00204552525F4C494D49B2
:107C2000545F4A3120380D0A0000000006EB0010B6
:107C3000D0F82817FE4840F8241008E07F1C14A94B
:107C400041F62C6251F82400125CBA4281DC0DF13D
:107C5000500858F8240000F5805090F82C0E0628A3
:107C600095F8120A00EB400101EBC01033D006EB8F
:107C7000001797ED161B97ED520B53EC112B51EC9F
:107C8000100BE8F722FC9FEDEB0B53EC102BE8F701
:107C900022FC9FEDEA1B53EC112BE8F78EFCC7E9A1
:107CA000B40100BF95F8120A00EB400101EBC010CF
:107CB00006EB001797F83800012840D0022872D050
:107CC00058F8242007F5987102F5805207F140001A
:107CD00092F82C2E57E006EB001101F51C7058317C
:107CE00091EC060BF0F78AF895F8120A00EB4001C8
:107CF00001EBC01006EB001101F52C7001F5A47129
:107D000091EC060BF0F77AF895F8120A00EB4001B7
:107D100001EBC01006EB001101F52C7001F51C7190
:107D200091EC080BE9F776FA95F8120A00EB40019E
:107D300001EBC01006EB001080EDB40BB2E707F5C5
:107D4000987107F14000F1F74FFE95F8120A00EB29
:107D5000400101EBC01006EB001000F5806080EDE3
:107D6000DA0B38E095F8120A58F8242000EB4001AD
:107D700001EBC01006EB001002F5805200F598717F
:107D800092F82C2E4030F1F7EDFD95F8120A00EB39
:107D9000400101EBC01006EB001000F5806080EDA3
:107DA000DA0B21E0FFE797EDB40B0CF0E9F99FED5A
:107DB000A31B51EC100B53EC112BE8F78CFB9FED40
:107DC0009D1B53EC112BE8F7F8FB41EC100B07F56A
:107DD000806787EDDA0B9FED9B1B51EC100B53EC8A
:107DE000112BE8F7C3FCBDD395F8120A434600EB0C
:107DF000400101EBC01006EB001000F5806000218F
:107E000090EDDA0B80EDDC0B0FE000BF95F8122A45
:107E100002EB420000EBC21006EB001000EBC100C9
:107E2000491C90ED100B80EDF00B53F8242002F567
:107E3000805292F82C0E8842E8DC002011E000BF4E
:107E400095F8121A01EB410303EBC11106EB011186
:107E500001EBC001401C91ED4C0B01F5806181EDFF
:107E6000260B92F82C1E8142EADC95F8120A00EBF0
:107E7000400101EBC01006EB001000F5006080ED42
:107E8000048B95F8120A00EB400101EBC01006EBE1
:107E9000001707F5806797EDDC0B9FED6CBB51EC8D
:107EA000100B53EC1B2BE8F716FBC7E9880195F87C
:107EB000120A53EC1B2B00EB400101EBC01006EB48
:107EC000001707F5806797EDDC0B51EC100BE8F716
:107ED00002FBC7E98A01002095F8121A01EB410262
:107EE00002EBC11106EB011101EBC001401C91ED49
:107EF000100B01F58061032881ED8C0BECDB002079
:107F000095F8122A02EB420101EBC21106EB0111B6
:107F100001EBC001401C91ED4C0B01F58061032881
:107F200081EDB00BECDB95F8130A00EB400101EB9F
:107F3000C01006EB001000F5FF600BF01EF99FED7E
:107F400041BB51EC100B53EC1B2BE8F727FC41D243
:107F50005FF0000795F8130A00EB400101EBC01039
:107F600006EB001000EBC70000F5806090EDFE0B03
:107F700095F8120A00EB400101EBC01006EB00106F
:107F800000EBC70000F5806080EDF80B95F8120A51
:107F900000EB400101EBC01006EB001000F5806122
:107FA00000EBC70891ED881B08F58062009253EC46
:107FB000112B51EC100BE8F78EFA98ED100B53ECE7
:107FC000102BE8F7E1F9009A7F1C032FC2E9980112
:107FD000C0DB53E095F8120A00EB400101EBC01042
:107FE00006EB001000F5FC6200F598714030F4F7E4
:107FF00061FC95F8120A00EB400101EBC01006EBA2
:10800000001000F5FC60F3F7ADFC002795F8121A9C
:1080100001EB410000EBC11006EB001000F58061A0
:1080200000EBC70891ED881B08F58062009211E013
:1080300014030020112D4454FB21094000000000CE
:1080400000806640F168E388B5F8E43E1D5A643B61
:10805000DF4FD53F92EDF80B53EC112B51EC100B89
:10806000E8F739FA98ED100B53EC102BE8F78CF980
:10807000009A7F1C032FC2E99801C7DB95F8120A0A
:1080800000EB400101EBC01006EB001000F5FF62B1
:1080900000F598714030F4F70DFC95F8120A00EBEA
:1080A000400101EBC01006EB001000F5FF60F3F794
:1080B00059FC002795F8120A00EB400101EBC010B3
:1080C00006EB001000F5806100EBC70891ED8A1BFC
:1080D00008F58062009292EDFE0B53EC112B51ECEF
:1080E000100BE8F7F8F998ED4C1B53EC112BE8F75F
:1080F000EFF9009A7F1C032FC2E9A401DADB95F89F
:10810000120A032200EB400101EBC01006EB001045
:10811000114600F5C660ECF78BF895F8120A53EC9F
:108120001B2B00EB400101EBC01006EB001000F52B
:10813000806080EDDA0B51EC100BE8F717FB19D2D9
:1081400095F8120A002200EB400101EBC01006EB8B
:10815000001000F5C871A030F1F704FC95F8120A80
:1081600000EB400101EBC01006EB001000F5806051
:1081700080EDDA0B95F8130A00E0F2E100EB400124
:1081800001EBC01006EB001001780C297ED195F8A8
:10819000121A403001EB410202EBC11106EB011152
:1081A00001F5FC6201F59871F4F784FB95F8120A69
:1081B00000EB400101EBC01006EB001000F5FC6085
:1081C000F3F7D0FB5FF0000795F8120A00EB4001CF
:1081D00001EBC01006EB001000F5806100EBC70852
:1081E00091ED880B08F58062009292EDF81B53EC3C
:1081F000102B51EC110BE8F76EF998ED101B53ECB6
:10820000112BE8F7C1F8009AC2E9980195F8120A13
:1082100000EB400101EBC01006EB001000EBC700C3
:1082200000F5806090EDF81B95F8130A00EB400113
:1082300001EBC01006EB001000EBC70000F58060FA
:1082400080EDFE1B95F8130A00EB400101EBC01016
:1082500006EB001000F5806100EBC70891ED8A0B7A
:1082600008F58062009253EC102B51EC110BE8F7EB
:1082700032F998ED4C1B53EC112BE8F729F9009AD1
:108280007F1C032FC2E9A4019EDB00E07EE095F88D
:10829000120A032200EB400101EBC01006EB0010B4
:1082A000114600F5C660EBF7C3FFB0EE40CAF0EE32
:1082B00060CA53EC1B2B51EC1C0BE8F76FFA0BD880
:1082C00095F8120A00EB400101EBC01006EB00101C
:1082D00000F5806080EDDACB95F8130A032200EBFD
:1082E000400101EBC01006EB0010114600F5C6601E
:1082F000EBF79EFFB0EE40CAF0EE60CA53EC1B2BCA
:1083000051EC1C0BE8F74AFA0BD895F8130A00EB6E
:10831000400101EBC01006EB001000F5806080ED1D
:10832000DACB14A8002150F8243041F62C60C05C50
:10833000CDE9000195F8130A00EB400101EBC010F4
:1083400006EB00110889403100EB400241F29850E1
:1083500000EB0210C2180C2003F550730AF060FF06
:10836000A0B10121A9F89611FD4900F2874021F83A
:10837000140095F8130A00EB400101EBC01006EB66
:108380000010D0F82817F74840F8241014AF95F8DB
:10839000120A57F8242000EB400101EBC01002F153
:1083A000100306EB001002F5805200F5B07192F850
:1083B0002C2E7030F3F762F995F8120A57F8243032
:1083C00000EB400101EBC01006EB001000F5C87196
:1083D000B0EE40CAF0EE60CA0022A03003F5E073B0
:1083E000F3F74CF9B0EE40BAF0EE60BA53EC1B2B49
:1083F00051EC1C0BE8F7D2F903D2B0EE4CBAF0EE18
:108400006CBAB0EE480AF0EE680A53EC102B51EC4F
:108410001B0BE8F7ABF926D095F8120A53EC1B2B8F
:1084200000EB400101EBC01006EB001707F5806080
:1084300090EDDA0B51EC100BE8F7BFF841EC1B0B99
:1084400097ED0C0B53EC1B2B51EC100BE8F7A6F936
:1084500009D295F8120A00EB400101EBC01006EBBF
:10846000001080ED0CBB95F8120A9DED5A1B00EB35
:10847000400101EBC01006EB001053EC112B90ED06
:108480000C0B51EC100BE8F789F90BD295F8120A96
:108490009DED5A0B00EB400101EBC01006EB001004
:1084A00080ED0C0B95F8121A012001EB410202EB52
:1084B000C11106EB011181F8780795F8120A85F8C9
:1084C000130A4BE0012083F8780729E0012083F8A4
:1084D000780736E0002093F82010024641F6D85C79
:1084E00014AF0CE057F824800CEB410138F8011070
:1084F00001B10122401CC0B2191891F8201009B135
:108500000A28EFD3012083F87807D2B195F8122A10
:108510000A2102EB420303EBC21206EB02121170B6
:108520009FED910B95F8121A01EB410202EBC1117C
:1085300006EB011101F5006181ED040B85F8490A94
:108540000FE095F8120A00EB400101EBC01006EBBA
:10855000001000F5006080ED048BBBE0401C85F846
:10856000120A834801688348416295F8100A0A2874
:1085700002D3002085F8100AC0B200EB400101EBE5
:10858000C01014AF06EB001157F8240042F2141289
:10859000104401F22C71E7F79BFE95F8100A00EBEE
:1085A000400101EBC01006EB0010D0F8281757F877
:1085B000240000F50050C0F8101195F8100A00EBE7
:1085C000400101EBC01057F8241006EB001001F534
:1085D0000051807881F8380195F8100A00EB4001CD
:1085E00001EBC01006EB00100078122875D096E061
:1085F0009FED5D0B03F50063012083ED040B95F8FF
:10860000121A01EB410202EBC11106EB011181F8D4
:1086100078075FE0B3F82A0880B395F8130A00EBF7
:10862000400101EBC01006EB0010B0F82A18B1B100
:1086300090ED9A1B93ED9A0B53EC112B51EC100B10
:10864000E7F743FF41EC100B0BF09AFD9FED4A1B3F
:1086500051EC100B53EC112BE8F7A0F80FD29FED63
:10866000420B95F8120A00EB400101EBC01006EB3B
:10867000001000F5006080ED040B0CE0FFE795F8BA
:10868000120A00EB400101EBC01006EB001000F5F0
:10869000006080ED048B95F8121A012001EB410275
:1086A00002EBC11106EB011181F8780795F8120A67
:1086B00000EB400101EBC01095F8131A06EB001017
:1086C00001EB410202EBC11106EB0111B0F82A08DF
:1086D000A1F82A0895F8120A40E71DE09FED220B49
:1086E00003F50063012083ED040B95F8121A01EBEA
:1086F000410202EBC11106EB011181F878071DE779
:108700000120A9F89601164840F21A4120F81410E9
:10871000D3F82817FBF774BE012085F84B0A95F8AB
:10872000490A002804F06686002025900020249045
:108730002598401C80B2259095F8100A0A2802D38B
:10874000002085F8100AC1B201EB410000EBC11016
:1087500006EB00100178132984F03A8610E000003F
:108760001203002014030020000000000000F0BFEE
:1087700040010020506E0020F168E388B5F8E43E27
:10878000DFE811F013004600C107D90F72216924F8
:108790002626262601262626B222601FAA19502543
:1087A00067206720CA232626130095F8480A38B1A7
:1087B00014A9002051F8241001F5005181F8F401AA
:1087C000F84931F91400002814DD14A831F81430E8
:1087D00050F8242002F50052A2F8F031F24A50F885
:1087E000243003F5005332F82420A3F8F2214FF08F
:1087F000FF0203E008DA4FF0000214A850F824004A
:1088000000F5005080F8F4214FF0000003F0C6B8E6
:10881000B9F8901181B3B9F8D000B0F5966F0ED3C6
:1088200014A951F8242002F50052A2F8F00151F8E1
:10883000240000F50050B0F81011A0F8F21101204A
:10884000079014A8302250F8247041F6706039184F
:1088500008A8E7F7E6FC07F5E05007F5005790EDAC
:10886000CC0B8DED380B90EDCE0B8DED360B99EDDD
:108870002E0B87ED4C0BA2E2FFE700F5806090ED38
:10888000DA0B14A850F8241001F5005181ED4A0BC1
:1088900095F8102A02EB420101EBC21150F8242096
:1088A00006EB011102F500520989A2F83A1195F878
:1088B000101A01EB410202EBC11106EB0111CA884B
:1088C00050F8241001F50051A1F83C2150F8240083
:1088D00000F5005090ED4A0B1FED591B51EC100BA9
:1088E00053EC112BE7F742FF59D214A850F824108B
:1088F00001F5005181ED4C8B03F075B995F8102A04
:1089000050F8240002EB420303EBC21206EB021202
:10891000D2F8282702EB820340F60C3202EB8302E6
:108920001044FAE395F8110A00EB400101EBC01086
:1089300006EB001000F6180090EC04BB95F8100A46
:1089400005F5216500EB400101EBC01006EB0010BE
:108950004FF40361E7F77EFC287800EB400101EB60
:10896000C01006EB001000F5006080ED06BB287813
:1089700000EB400101EBC01006EB001000F50060B9
:1089800080ED08CB2878A5F5216500EB400101EBCF
:10899000C01106EB011191F8301803F093B809F1FA
:1089A0002800402256A9E7F73CFC09F16800402264
:1089B00056A9E7F736FC95F8100A012700EB4001AD
:1089C00001EBC01006EB0010B0EE48CA90ED0C0BA6
:1089D000002089ED1E0BF0EE68CA009095F8100A91
:1089E000384480B20A2801D30A3880B200EB400133
:1089F00001EBC01006EB001000F5006853EC1C2BD7
:108A000098ED040B51EC100BE7F7B0FE0FD314A850
:108A100098ED040B50F8240000F5E05090ED841B15
:108A200051EC100B53EC112BE7F7B8FE03D20120E9
:108A30007F1EBFB200907F1CBFB20A2F02D20098E7
:108A40000028CBD0B0EE4C9AF0EE6C9AB0EE49EA2A
:108A5000F0EE69EAB0EE49DAF0EE69DA9CE07F1EEA
:108A600095F8100ABFB2384480B20A2801D30A38F8
:108A700080B200EB400101EBC01006EB001898F843
:108A80000000042828D00E2826D00F2824D008F56E
:108A90008060039090EDDA0B99ED262B99ED221B67
:108AA0004CA8B0EE493AF0EE693AF1F7B1F9E8B303
:108AB000B0EE4C5AF0EE6C5AB0EE459AF0EE659A74
:108AC000B0EE45EAF0EE65EAB0EE45DAF0EE65DAD2
:108AD000B0EE45BAF0EE65BA012FC0D895F8100A8D
:108AE00000EB400101EBC01006EB001808F58060B8
:108AF00090EDDAFB51EC1E0B53EC1F2BE7F744FC17
:108B000041EC100B53EC1F2B51EC1D0BB0EE40EA67
:108B1000F0EE60EAE7F738FC14AF41EC1D0B57F8B4
:108B2000240000F58050B0F8180E00E005E070B3A6
:108B3000B0EE4C5AF0EE6C5AD6E0039890EDDA0B9A
:108B400051EC1E0B53EC102BE7F71EFC41EC1E0BF7
:108B500095F8100A98ED0C9B00EB400101EBC0105A
:108B600006EB001090ED0C0B51EC190B53EC102B95
:108B7000E7F714FE0CD8039890EDDA0B51EC1D0BBF
:108B800053EC102BE7F700FC41EC1D0BA4E70DE0C4
:108B9000B0EE4CDAF0EE6CDAB0EE49BAF0EE69BA4B
:108BA0009AE70000120300201403002098ED0C0B3C
:108BB00051EC190B53EC102BE7F7D8FD09D395F8BE
:108BC000100A00EB400101EBC01006EB001090ED25
:108BD0000C9B95F8110A99ED262B00EB400101EB57
:108BE000C01006EB001000F5006099ED221B90ED1F
:108BF000086B90ED064B95F8100A38AB00EB40017E
:108C000001EBC01006EB00104EAA90ED0C3B4AA9F8
:108C100002A8B0EE4C5AF0EE6C5AB0EE4E0AF0EEEE
:108C20006E0AF1F761FAE7F748FD53EC1C2BE7F702
:108C30009DFD0BD19DED020B51EC190B53EC102B4C
:108C4000E7F794FD06D39DED029B03E0B0EE4C9A4E
:108C5000F0EE6C9A95F8110A99ED262B00EB400185
:108C600001EBC01006EB001000F5006099ED221B2F
:108C700090ED086B90ED064B95F8100A38AB00EBC1
:108C8000400101EBC01006EB00104EAA90ED0C3B2A
:108C90004AA902A8B0EE4B5AF0EE6B5AB0EE4D0A5C
:108CA000F0EE6D0AF1F720FAE7F707FDB0EE4CBAE7
:108CB000F0EE6CBA53EC1B2BE7F758FD10D19DED8D
:108CC000020B51EC190B53EC102BE7F74FFD04D2BC
:108CD000B0EE495AF0EE695A06E09DED025B03E002
:108CE000B0EE4B5AF0EE6B5A95F8100A00EB4001CB
:108CF00001EBC01006EB001000F5006080ED065B94
:108D000089ED02CB57F8240000F5005090ED4A0B96
:108D100089ED000B95F8110A00EB400101EBC01042
:108D200006EB001000F5006090ED060B89ED040BDA
:108D300090ED080BFE4889ED080B30F9140000286F
:108D400008D000BF89ED06CB4FF0010009DAA9F881
:108D5000940108E089ED065B4FF00100A9F892014B
:108D600001E0A9F896014FF00100A9F89001F1483F
:108D700000EBC40080ED00CB89ED2ECBFAF71CBDD3
:108D8000EC4899ED2E0B00EBC40090ED00BB51ECCC
:108D9000100B53EC1B2BE7F798FB9AED000B53ECF1
:108DA000102BE7F798FB53EC1B2BE7F7EDFA57F87E
:108DB000242002F50052C2E94C01FF20079014AFB5
:108DC00057F8240000F5947000F5005090EC040B67
:108DD00053EC102B51EC110BE7F7E0FC07D257F8DE
:108DE000240000F5005090ED4A0B80ED4C0B57F835
:108DF0002400BB4600F5947000F5005090EC040B85
:108E000053EC102B51EC110BE7F7D7FB41EC1E0B89
:108E100095F8100AB0EE48BA00EB400101EBC01023
:108E200006EB001000F58060F0EE68BA90EDDC0B08
:108E3000B0EE4BCAF0EE6BCAB0EE4BDAF0EE6BDA86
:108E400053EC1B2B51EC100BE7F7A8FC1FD295F845
:108E5000100A00EB400101EBC01006EB001000F51A
:108E6000806790EDBC0B97EDDCDB51EC100B53EC05
:108E70001D2BE7F7A2FB97ED220B41EC1C0B53ECEB
:108E80001D2B51EC100BE7F798FB41EC1D0B53EC3D
:108E90001C2B51EC1E0BE7F769FC72D253EC1C2B18
:108EA00051EC1E0BE7F789FB9FEDA3CB53EC1C2B7A
:108EB000E7F711FB53EC1C2BE7F766FA41EC1C0BB0
:108EC00095F8100A042300EB400101EBC01006EBFB
:108ED000001003222AA9B0EE4C0AF0EE6C0A00F54D
:108EE0004070EFF70BFA00202AAB41F6307259467A
:108EF00003EBC00702EBC00C97ED000B51F8247098
:108F0000401C6744032887ED000BF1DB5BF824006D
:108F100000F5005090F8E00190B395F8100A00EBCE
:108F2000400101EBC01006EB001090EDBE0B51ECC0
:108F3000190B53EC102BE7F740FB9FED811B53EC13
:108F4000112BE7F73AFB53EC1C2BE7F71DFA41EC2A
:108F50001C0B53EC192BE7F709FC13D295F8100AF8
:108F6000042300EB400101EBC01006EB00100322CC
:108F70002AA9B0EE4C0AF0EE6C0A00F54070A3E0AE
:108F800099E00CE095F8100A00EB400101EBC010ED
:108F900006EB001000F5806090ED16FBE0E053EC6E
:108FA0001E2B51EC190BE7F790FA53EC1D2BE7F74A
:108FB000DDFB53EC1D2B7DD2B0EE49CAF0EE69CA41
:108FC00051EC1C0BE7F781FA41EC100B51EC1E0B36
:108FD00053EC102BE7F779FA53EC1D2BE7F7EDFA7A
:108FE0009FED551B53EC112BE7F775FA41EC1D0B68
:108FF00095F8100A042300EB400101EBC01006EBCA
:10900000001003222AA9B0EE4D0AF0EE6D0A00F519
:109010009360EFF773F95BF824C041F630719DED72
:109020002A0B8C442AAF5B468CED000B5FF00100ED
:1090300007EBC00253F824C092ED000B01EBC00215
:109040009444401C8CED000B0328F1DB5BF82400FA
:1090500000F5005090F8E00168B395F8100A00EBB5
:10906000400101EBC01006EB001000F5806090EDB0
:10907000240B51EC1C0B53EC102BE7F79EFA9FEDE1
:10908000301B53EC112BE7F798FA53EC1D2BE7F745
:109090007BF941EC1D0B53EC1C2BE7F767FB95F8B4
:1090A000100A00EB400101EBC01006EB001053D298
:1090B000042301E05EE053E003222AA9B0EE4D0A4A
:1090C000F0EE6D0A00F59360EFF718F99DED2A0BAD
:1090D0009DED381B51EC100B53EC112BE7F7F5F914
:1090E0009DED2C0B9DED361B41EC1C0B53EC112B15
:1090F00051EC100BE7F7E9F941EC100BB0EE4C1A0C
:10910000F0EE6C1A0AF034FD9FED0F1B51EC100BC2
:1091100053EC112BE7F7DFF900E0FDE39FED0C1BAB
:1091200053EC112BE7F749FA41EC1F0B18E0000054
:109130001203002050030020000000000000E03F68
:109140000000000000002440000000000080664095
:10915000112D4454FB21094000F5806090ED7CFB0B
:109160005BF8240000F5805090F82C0E06287CD087
:1091700003278BE0B0EE49DAF0EE69DA51EC1D0B13
:10918000E7F7A3F953EC1C2BE7F79FF941EC1F0B12
:1091900053EC1C2B51EC1E0BE7F797F953EC1F2BEC
:1091A000E7F70BFA41EC1C0B002753EC1C2B51EC9E
:1091B0001D0BE7F78AF9CDE9001000BF95F8100AFA
:1091C00000EB400101EBC01006EB001000EBC708FC
:1091D00008F5806090ED260B51EC1C0B53EC102B26
:1091E000E7F779F941EC1D0BDDE9000140EC101BBC
:1091F00098EDF01B51EC100B53EC112BE7F76BF9CA
:1092000053EC1D2BE7F7C0F841F630735BF82420D0
:1092100003EBC7031A447F1CC2E90001032FCDDB17
:10922000B0E600BF95F8100A00EB400101EBC0105A
:1092300006EB001000EBC700019090ED4C0B51ECD9
:109240001E0B53EC102BE7F746F941EC1C0B53ECCB
:109250001E2B51EC190BE7F738F941EC100B019874
:1092600090ED101B53EC112B00E018E051EC100BAB
:10927000E7F731F953EC1C2BE7F786F841F630722B
:1092800002EBC70242447F1CC2E900015BF8248064
:1092900041F62C6010F80800B842C3DC43E08DEDC5
:1092A00002EB95F8100A00EB400101EBC01006EB51
:1092B000001202F52C7192EDB40B02F51C728DEDCB
:1092C000000B4AA891EC084B92EC080B05F068FEE5
:1092D00095F8100A4AAB00EB400101EBC01006EB19
:1092E0000010583093EC080B26AA54A990EC064BBA
:1092F00052A8F3F709FB5BF824009DED520B00F533
:10930000E05080EDD20B5BF824009DED540B00F58E
:10931000E05080EDD40B5BF824009DED260B00F5AA
:10932000E05080EDD60B14A84FF0000850F82470E0
:1093300007F5005090F8E01189B190ED7A0B51ECEF
:109340001F0B53EC102BE7F71FF841F62C6241F688
:109350002873D25D03EBC2023A44C2E90001FE4F1A
:10936000FE484FF0010B3968816214A841F6706124
:1093700050F8240008AA0144009141F630714318C6
:10938000594600F6080007F06FF8F44A3968D162D0
:10939000B8B114AA52F8241001F50051A1F8F00157
:1093A00052F8240000F50050B0F81011A0F8F211A6
:1093B00052F8240041F670610844302208A9E6F70B
:1093C00030FF0798FF287DD002A814AF009057F80F
:1093D000240041F62C6141F670680A5C00F110032C
:1093E00000EB0801B0EE4A0AF0EE6A0A08A8EEF7B0
:1093F00049FCE0B39DED020B53EC192B8AED000BF9
:1094000051EC100BE7F7CAF915D2B0EE490AF0EEAD
:10941000690A8AED000B57F8240040F2EC4100F590
:109420000050A0F8F01157F8240000F50050B0F8F3
:109430001011A0F8F2119AED000B53EC1B2B51EC1C
:10944000100BE7F793F911D28AED00BB57F824000F
:1094500040F2EC4100F50050A0F8F01157F824005C
:1094600000F50050B0F81011A0F8F21100E007E08C
:1094700057F824003022404408A9E6F7D2FE7FE4E2
:1094800007980028FBD0A2E041F6706101EBC80705
:10949000384408A990ED000B01EBC800019090ED55
:1094A000001B51EC100B53EC112BE7F70EF853ECAB
:1094B0001A2BE7F782F841EC1C0B53EC1B2BE7F758
:1094C00055F900E07AE077D0B0EE4BDAF0EE6BDAE7
:1094D00053EC1D2B51EC1C0BE7F760F931D214A8AB
:1094E000202150F8242001EB88101690104453ECF2
:1094F0001C2B90ED000B51EC100BE7F75EF853ECD2
:10950000192BE7F733F91CD214A850F8242007923E
:109510001698104453EC1A2B90ED000B51EC100BE5
:10952000E6F7D9FF41EC110B019890ED000B51ECDF
:10953000110B53EC102BE6F727FF079A3A44C2E9C8
:10954000000153EC1D2B51EC1C0BE7F70FF933D244
:1095500014A850F82420282000EB8810079010440D
:1095600090ED000B51EC100B81F0004153EC1C2BE3
:10957000E7F723F853EC192BE7F7F8F81CD214A8F7
:1095800050F8242002920798104453EC1A2B90EDC7
:10959000000B51EC100BE6F79EFF41EC110B01980C
:1095A00090ED000B51EC110B53EC102BE6F790FFF4
:1095B000029A3A44C2E9000108F1010814A941F6EF
:1095C0002C6251F82400135C43453FF75DAF6248BD
:1095D000016862480163B9F8980100283AF4ECA8E0
:1095E0005F4830F81400E8BB14A850F8240000F5D8
:1095F0008050B0F8180E002803F0058095F8100A86
:1096000000EB400101EBC01006EB001090F83008B1
:109610000828F1D014A8012150F8242002F5805226
:10962000A2F8301E50F824100A89002AD6D0002251
:109630000A8150F8241001F58051A1F8302E4949D3
:10964000A9F8902151F82410A9B995F8101A01EB46
:10965000410303EBC11106EB0111D1F8281701EB0F
:10966000810300E01BE040F60C3150F8240001EBD0
:1096700083010844FEE395F8101A05F5216501EB16
:10968000410000EBC11006EB00104FF40361E6F758
:10969000E1FD28786870401C2870FAF78DB8B9F899
:1096A000D0000328A8D0E6E399ED2C1B99ED300BF0
:1096B00053EC112B51EC100BE6F77FFF8846074661
:1096C00099ED32BBFEE300BF14A831F8143050F816
:1096D000242002F50052A2F8F031234A50F8245019
:1096E00005F5005532F82430A5F8F23150F8240081
:1096F000FF2300F5005080F8F431002021F8140019
:1097000042F82400C9E7DFF85080144FD8F8001061
:1097100001917963B9F8901141B3B9F8D010B1F55E
:10972000966F0ED314A850F8242002F50052A2F828
:10973000F01150F8240000F50050B0F81011A0F816
:10974000F21101201C9014A841F6706150F8240019
:109750003022014400900AE040010020506E0020B9
:109760001203002018030020140300200FE008A8B3
:10977000E6F757FDFF4901984FF0010BC8640098C8
:1097800099ED2E0B00F5005080ED4C0B59E390ED58
:10979000BE0B53EC182B51EC100BE6F7E7FF75D816
:1097A00095F8100A0DF1500800EB400101EBC010D4
:1097B00058F8241006EB001041F670673944302247
:1097C0007030E6F72EFD95F8101A302201EB4100BB
:1097D00000EBC11058F8241006EB0010394400F5D6
:1097E0008460E6F71EFD95F8100A00EB400101EBDE
:1097F000C01006EB001797F8380001280CD002289B
:1098000045D058F8242007F5B07102F5805207F1D1
:10981000700092F82C2E2AE058F8241007F140002E
:1098200001F6080201F5805191F82C1EF2F74CF96F
:1098300095F8100A00EB400101EBC01006EB001098
:1098400000F5806080EDDA0B39E000BF95F8100A72
:1098500058F8242000EB400101EBC01006EB00108B
:1098600002F5805200F5B07192F82C2E7030F0F7AE
:1098700079F895F8100A00EB400101EBC01006EBF7
:10988000001000F5806080EDDA0B21E051E097EDEB
:10989000B40B0AF075FC9FEDB81B51EC100B53ECA8
:1098A000112BE6F718FE9FEDB61B53EC112BE6F7D4
:1098B00084FE41EC100B07F5806787EDDA0B9FED16
:1098C000B21B51EC100B53EC112BE6F74FFFBDD33D
:1098D00095F8100A00EB400101EBC01006EB0010F8
:1098E00000F5806090EDDA0B9FEDA71B51EC100B9B
:1098F00053EC112BE6F73AFF1BD295F8100A002221
:1099000000EB400101EBC01006EB001000F5C87140
:10991000A030F0F727F800E072E095F8100A00EBAD
:10992000400101EBC01006EB001000F5806080EDF7
:10993000DA0B95F8100A00EB400101EBC01006EBC2
:10994000001000F5806090EDDA0B14A850F8241098
:1099500001F5005181ED4A0B95F8102A02EB420106
:1099600001EBC21106EB01110A8950F8241001F530
:109970000051A1F83A2195F8101A01EB410202EBCF
:10998000C11106EB0111CA8850F8241001F50051ED
:10999000A1F83C2150F8240000F5005090ED4A0B4E
:1099A0009FED791B51EC100B53EC112BE6F7DEFE0B
:1099B00029D214AAB0EE480A52F82400F0EE680A40
:1099C00000F50050002180ED4C0B7148A9F8901172
:1099D00050F8240000287EF4A5AF95F8100A52F83C
:1099E000242000EB400303EBC01006EB0010D0F87E
:1099F000280700EB800340F60C3000EB8300104496
:109A00000170FEF78FBF09F12800402256A9E6F742
:109A100008FC09F16800402256A9E6F702FC95F817
:109A2000100A012700EB400101EBC01006EB00100B
:109A3000B0EE48DA90ED0C0B002089ED1E0B009083
:109A40005448F0EE68DA01684A48816395F8100AD4
:109A5000384480B20A2801D30A3880B200EB4001B2
:109A600001EBC01006EB001000F5006853EC1D2B55
:109A700098ED040B51EC100BE6F778FE0FD314A809
:109A800098ED041B50F8240000F5E05090ED840B95
:109A900051EC110B53EC102BE6F780FE03D20120A2
:109AA0007F1EBFB200907F1CBFB20A2F02D2009867
:109AB0000028CBD03748B0EE4D9AF0EE6D9A016891
:109AC0002C48B0EE49BAF0EE69BAB0EE49CAF0EEF1
:109AD00069CAC163ACE07F1E95F8100ABFB2384472
:109AE00080B20A2801D30A3880B200EB400101EBB2
:109AF000C01006EB001898F80000042828D00E28A3
:109B000026D00F2824D008F58060279090EDDA0B3E
:109B100099ED262B99ED221B4AA8B0EE493AF0EEBA
:109B2000693AF0F775F920B3B0EE4D5AF0EE6D5A80
:109B3000B0EE459AF0EE659AB0EE45BAF0EE65BA31
:109B4000B0EE45CAF0EE65CAB0EE45EAF0EE65EA61
:109B5000012FC0D895F8100A00EB400101EBC010AE
:109B600006EB001707F5806090EDDAFB53EC1F2B36
:109B700012E02EE0506E00200000000000806640E1
:109B8000112D4454FB210940F168E388B5F8E43E07
:109B9000180300204001002051EC1B0BE6F7F4FBFA
:109BA00041EC100B53EC1F2B8DED020B51EC1C0BF9
:109BB000E6F7EAFB41EC1B0B14A850F8240000F573
:109BC0008050B0F8180E70B3B0EE4D5AF0EE6D5AEA
:109BD000DBE0279890EDDA0B51EC1B0B53EC102BCC
:109BE000E6F7D2FB41EC1B0B95F8100A98ED0C9BA5
:109BF00000EB400101EBC01006EB001090ED0C0BE8
:109C000051EC190B53EC102BE6F7C8FD0CD8279834
:109C100090EDDA0B51EC1C0B53EC102BE6F7B4FB78
:109C200041EC1C0B94E708E0B0EE4DCAF0EE6DCAB3
:109C3000B0EE49EAF0EE69EA8AE797ED0C0B51ECD9
:109C4000190B53EC102BE6F791FD09D395F8100A88
:109C500000EB400101EBC01006EB001090ED0C9BF7
:109C6000FE4FDFF8FC834EAB3968C8F8401095F81A
:109C7000110A99ED262B00EB400101EBC01006EB19
:109C8000001000F5006099ED221B90ED086B90ED3F
:109C9000064B95F8100A4CAA00EB400101EBC010EE
:109CA00006EB00102EA990ED0C3B06A8B0EE4D5A25
:109CB000F0EE6D5A9DED020BF0F716FAE6F7FDFC9B
:109CC00053EC1D2BE6F752FD0BD19DED060B51EC2D
:109CD000190B53EC102BE6F749FD06D39DED069BBF
:109CE00003E0B0EE4D9AF0EE6D9A3968C8F8441072
:109CF00095F8110A99ED262B00EB400101EBC010FD
:109D000006EB001000F5006099ED221B90ED086B4A
:109D100090ED064B95F8100A4EAB00EB400101EBBD
:109D2000C01006EB00104CAA90ED0C3B2EA906A823
:109D3000B0EE4E5AF0EE6E5AB0EE4B0AF0EE6B0AF1
:109D4000F0F7D2F9E6F7B9FCB0EE4DBAF0EE6DBA25
:109D500053EC1B2BE6F70AFD10D19DED060B51ECE1
:109D6000190B53EC102BE6F701FD04D2B0EE495A63
:109D7000F0EE695A06E09DED065B03E0B0EE4B5A4B
:109D8000F0EE6B5A3968C8F8481095F8100A00EBE5
:109D9000400101EBC01006EB001000F5006080ED03
:109DA000065B14A889ED02DB50F8240000F5005092
:109DB00090ED4A0B89ED000B95F8110A00EB40017C
:109DC00001EBC01006EB001000F5006090ED060BF3
:109DD00089ED040B90ED080BA24889ED080B30F9D2
:109DE000140000286FD06FDBFDE300BF4FF00100CF
:109DF000A9F890019C4800EBC40080ED00DB89EDE0
:109E00002EDB4AE4984899ED2E0B00EBC40090ED50
:109E100000BB51EC100B53EC1B2BE6F756FB9AEDF5
:109E2000001B53EC112BE6F756FB53EC1B2BE6F70C
:109E3000ABFA57F8242002F50052C2E94C01FF208A
:109E40001C9014AF57F8240000F5947000F50050F2
:109E500090EC040B53EC102B51EC110BE6F79EFC2D
:109E600007D257F8240000F5005090ED4A0B80ED22
:109E70004C0B01E0F0E3EEE314A850F8240000F5E9
:109E8000947000F5005090EC040B53EC102B51EC47
:109E9000110BE6F792FB41EC1E0B95F8101AB0EE91
:109EA00048BAF0EE68BA01EB410000EBC110B0EE29
:109EB0004BDAF0EE6BDAB0EE4BCAF0EE6BCA06EBA3
:109EC000001002E0FDE3FDE3FDE300F5806053ECEC
:109ED0001B2B90EDDC0B51EC100BE6F75FFC1FD257
:109EE00095F8100A00EB400101EBC01006EB0011E1
:109EF00001F5806791EDBC0B97EDDCCB51EC100BBD
:109F000053EC1C2BE6F759FB97ED220B41EC1D0B94
:109F100053EC1C2B51EC100BE6F74FFB41EC1C0BE8
:109F200053EC1D2B51EC1E0BE6F720FC7DD253ECBD
:109F30001D2B51EC1E0BE6F740FB80469FED4BCBF3
:109F4000019153EC1C2BE6F7C6FA53EC1C2BE6F7F9
:109F50001BFA41EC100B95F8100A042300EB4001AA
:109F600001EBC01006EB001003222AA900F5407097
:109F7000EEF7C4F900202AAF0DF1500207EBC00143
:109F800041F6307391ED000B52F8241003EBC00C36
:109F90006144401C81ED000B0328EFDB52F82400E4
:109FA000019900F5805041EC1C8B90F82C0E06288E
:109FB00041D0032733E000BF95F8100A00EB4001C1
:109FC00001EBC01006EB001000EBC700019090ED14
:109FD000F00B51EC1C0B53EC102BE6F77CFA41EC28
:109FE0001D0B53EC1C2B51EC190BE6F76EFA41ECF0
:109FF000100B019890ED101B51EC100B53EC112B32
:10A00000E6F769FA53EC1D2BE6F7BEF941F630731B
:10A0100003EBC70308EB03027F1CC2E9000114A88D
:10A0200050F8248041F62C6000E075E010F808003C
:10A03000B842C1DC4FE08DED02CB95F8100A00EB81
:10A04000400101EBC01006EB001202F5806002F542
:10A050008C6190ED200B8DED000B0BE0400100209A
:10A06000506E00201203002050030020000000006A
:10A070000000E03F02F51C7291EC084B4AA892ECFC
:10A08000080B04F08DFF14AF4AAB57F824001AAA4E
:10A09000B83800F5005093EC080B16A990EC064B6D
:10A0A00006A8F2F731FC57F824009DED060B00F5E9
:10A0B000E05080EDD20B57F824009DED160B00F513
:10A0C000E05080EDD40B57F824009DED1A0B00F5FD
:10A0D000E05080EDD60B0DF1500841F6706758F84E
:10A0E000240008AAC119009141F6307143180121DA
:10A0F00000F6080006F0B8F9F0B358F8241001F59E
:10A100000051A1F8F00158F8240000F50050B0F813
:10A110001011A0F8F2110FE1B0EE49FAF0EE69FA71
:10A1200053EC1E2B51EC1F0BE6F7CFF953EC1C2B15
:10A13000E6F71CFB53EC1C2B51EC1F0B7DD2E6F712
:10A14000C4F941EC100B51EC1E0B53EC102BE6F74D
:10A15000BCF9CDE9000153EC1C2BE6F72EFA1FEDFC
:10A160003D1B53EC112BE6F7B6F941EC100B95F8BB
:10A17000100A00EB400100E00EE101EBC01006EB1D
:10A180000010042303222AA900F59360EEF7B6F825
:10A1900014AF41F6307157F824309DED2A0B0B4473
:10A1A0002AAA83ED000B012002EBC00141F63078B2
:10A1B00091ED000B57F8243008EBC0010B44401C14
:10A1C00083ED000B0328EFDBDDE9000153EC1C2BD2
:10A1D000E6F7F3F941EC1C0B14A850F8240000F545
:10A1E000805090F82C0E062843D0032737E000BF9C
:10A1F00095F8100A00EB400101EBC01006EB0010CF
:10A2000000EBC700019090ED4C0B51EC1C0B53EC94
:10A21000102BE6F760F941EC1D0B53EC1C2B51ECB5
:10A220001F0BE6F752F941EC110B019800F5806025
:10A2300090ED260B53EC102B00E085E051EC110B58
:10A24000E6F749F953EC1D2BE6F79EF841F630731B
:10A2500003EBC70308EB03027F1CC2E9000114A84B
:10A2600050F8248041F62C6010F80800B842BFDC9A
:10A2700042E08DED02CB95F8101A01EB410000EBA6
:10A28000C11006EB001101F5806001F52C7290ED14
:10A29000860B01F5BF618DED000B4AA892EC084BCF
:10A2A00091EC080B04F07CFE14AF4AAB57F8240085
:10A2B00016AAB83800F5005093EC080B1AA990ECD8
:10A2C000064B06A8F2F720FB57F824009DED060B7D
:10A2D00000F5E05080EDD20B57F824009DED1A0BED
:10A2E00000F5E05080EDD40B57F824009DED160BDF
:10A2F00000F5E05080EDD60B0DF1500841F6706787
:10A3000058F8240008AAC119009141F63071431889
:10A31000012100F6080006F0A7F8E8B358F8242059
:10A3200002F50052A2F8F00158F8240000F50050A0
:10A33000B0F81021A0F8F22158F824003022384457
:10A3400008A9E5F76EFF73E0E6F7BFF853EC1D2BA5
:10A35000E6F7BBF841EC1C0B53EC1D2B51EC1E0B2C
:10A36000E6F7B3F853EC1C2BE6F727F941EC1C0B8E
:10A37000002735E095F8100A00EB400101EBC01012
:10A3800006EB001000EBC70000F58060009090ED38
:10A39000620B53EC102B00E04AE051EC1C0BE6F78B
:10A3A0009AF841EC1D0B53EC1C2B51EC1F0BE6F7FC
:10A3B0008CF841EC100B009890ED081B51EC100B41
:10A3C00053EC112BE6F787F853EC1D2BE5F7DCFF78
:10A3D00041F6706202EBC70242447F1CC2E90001F1
:10A3E00014A850F8248041F62C6010F80800B842F8
:10A3F000C0DC14AF41F6307057F824100B1841F64A
:10A40000706108EB010208F608000021009306F0D5
:10A410002BF868B157F8242002F50052A2F8F00199
:10A4200057F8240000F50050B0F81011A0F8F21110
:10A430001C980027FF287DD006A814AF009057F87D
:10A44000240041F62C6141F670680A5C00F11003AB
:10A4500000EB0801B0EE4A0AF0EE6A0A08A8EDF730
:10A4600011FCE0B39DED060B53EC192B8AED000BAC
:10A4700051EC100BE6F792F915D2B0EE490AF0EE66
:10A48000690A8AED000B57F8241040F2EC4001F500
:10A490000051A1F8F00157F8240000F50050B0F881
:10A4A0001011A0F8F2119AED000B53EC1B2B51EC9C
:10A4B000100BE6F75BF911D28AED00BB57F82400C8
:10A4C00040F2EC4100F50050A0F8F01157F82400DC
:10A4D00000F50050B0F81011A0F8F21100E008E00B
:10A4E00057F82410302201EB080008A9E5F799FE7F
:10A4F00088E41C980028FBD09CE000BF41F6706007
:10A5000000EBC7000090084490ED001B08A800EB8A
:10A51000C70851EC110B98ED000B53EC102BE5F72D
:10A52000D4FF53EC1A2BE6F748F841EC1C0B53EC24
:10A530001B2B00E075E0E6F719F971D0B0EE4BDAAD
:10A54000F0EE6BDA53EC1D2B51EC1C0BE6F726F901
:10A550002DD214A853EC1C2B50F82410202000EB13
:10A5600087101690084490ED000B51EC100BE6F7A5
:10A5700024F853EC192BE6F7F9F818D214A850F880
:10A58000242007921698104453EC1A2B90ED000BE0
:10A5900051EC100BE5F79FFF98ED000B53EC102BDF
:10A5A000E5F7F2FE009B079A1A44C2E9000153EC5A
:10A5B0001D2B51EC1C0BE6F7D9F831D214A850F83A
:10A5C0002410282000EB87100790084490ED000B22
:10A5D00051EC100B81F0004153EC1C2BE5F7EDFF23
:10A5E00053EC192B00E0FCE3E6F7C0F818D214A8EE
:10A5F00050F8242002920798104453EC1A2B90ED47
:10A60000000B51EC100BE5F766FF98ED001B53ECC7
:10A61000112BE5F75DFF009B029A1A44C2E9000185
:10A620007F1C14A841F62C6250F82410525CBA42E8
:10A630003FF764AFFE480168FE480165B9F898012C
:10A64000002839F4B9A8FC4830F8140028B1B9F84A
:10A65000D00003284CD0FDE3FDE314A850F82400FB
:10A6600000F58050B0F8180E70B395F8100A00EBA2
:10A67000400101EBC01006EB001090F830080828EC
:10A6800036D014A9012051F8242002F58052A2F8F6
:10A69000300E51F8242010890028D2D000201081DB
:10A6A00051F8242002F58052A2F8300EE34AA9F8AE
:10A6B000900152F82420002A7EF4DDAF95F8102A8C
:10A6C00003E0F7E3F8E3F8E312E002EB420303EB05
:10A6D000C21206EB021251F82410D2F8282702EB1E
:10A6E000820340F60C3202EB83025054FEF7C3BFE4
:10A6F0000020A9F8900199ED2C1B99ED300B53EC3B
:10A70000112B51EC100BFCE395F8100A00EB400103
:10A7100001EBC01006EB0010D0F8280700EB800119
:10A7200040F60C3000EB810114A850F824000144DD
:10A7300000200870BEE3B9F8901181B3B9F8D000D9
:10A74000B0F5966F0ED314A951F8242002F50052EB
:10A75000A2F8F00151F8240000F50050B0F81011F3
:10A76000A0F8F2110120289014A8302250F824708B
:10A7700041F67060391808A8E5F753FD07F5E05079
:10A7800007F5005790EDCC0B8DED360B90EDCE0B11
:10A790008DED260B99ED2E0B87ED4C0BA1E2FFE71B
:10A7A00000F5806090EDDA0B14A850F8241001F544
:10A7B000005181ED4A0B95F8101A01EB410202EBB2
:10A7C000C11106EB01110A8950F8241001F500515E
:10A7D000A1F83A2195F8101A01EB410202EBC111E0
:10A7E00006EB0111CA8850F8241001F50051A1F8B8
:10A7F0003C2150F8240000F5005090ED4A0B9FEDED
:10A80000901B51EC100B53EC112BE5F7AFFF51D21D
:10A8100014A9002251F8240000F5005080ED4C8B63
:10A82000A9F8902195F8110A00EB400303EBC01042
:10A8300006EB001000F6180090EC04BB7F4850F8BF
:10A84000240090B995F8100A51F8241000EB400349
:10A8500003EBC01006EB0010D0F8280700EB8003D4
:10A8600040F60C3000EB8300425495F8100A00EBE0
:10A87000400101EBC01006EB00104FF40361E5F757
:10A88000E9FC95F8100A00EB400101EBC01006EB63
:10A89000001000F5006080ED06BB95F8100A00EB93
:10A8A000400101EBC01006EB001000F5006080EDE8
:10A8B00008CBD0E309F12800402256A9E5F7B1FC06
:10A8C00009F16800402256A9E5F7ABFC95F8100A9B
:10A8D000012700EB400101EBC01006EB001090EDEA
:10A8E0000C0B002089ED1E0BCDF8000095F8100A26
:10A8F000384480B20A2801D30A3880B200EB400104
:10A9000001EBC01006EB001000F50068B0EE481A2D
:10A9100098ED040BF0EE681A53EC112B51EC100B70
:10A92000E5F724FF0FD314A898ED041B50F824007A
:10A9300000F5E05090ED840B51EC110B53EC102B13
:10A94000E5F72CFF03D201207F1EBFB200907F1CD1
:10A95000BFB20A2F02D200980028C7D0B0EE48EA52
:10A96000F0EE68EAB0EE4E9AF0EE6E9AB0EE49BAAA
:10A97000F0EE69BAB0EE49CAF0EE69CAA6E07F1EF1
:10A9800095F8100ABFB2384480B20A2801D30A38B9
:10A9900080B200EB400101EBC01006EB001898F804
:10A9A0000000042828D00E2826D00F2824D008F52F
:10A9B0008060069090EDDA0B99ED262B99ED221B25
:10A9C00036A8B0EE493AF0EE693AEFF721FA70B3E3
:10A9D000B0EE4EBAF0EE6EBAB0EE4B5AF0EE6B5AE5
:10A9E000B0EE4B9AF0EE6B9AB0EE4BCAF0EE6BCA3B
:10A9F000B0EE45DAF0EE65DA012FC0D895F8100A0E
:10AA000000EB400101EBC01006EB001808F5806078
:10AA100090EDDAFB51EC1B0B53EC1F2BE5F7B4FC6C
:10AA200041EC100B53EC1F2B8DED340B0CE01EE0B2
:10AA300040010020506E0020120300201803002067
:10AA4000F168E388B5F8E43E51EC1C0BE5F79CFC9B
:10AA500014AF41EC1B0B57F8240000F58050B0F800
:10AA6000180E70B3B0EE4E5AF0EE6E5ACFE0069864
:10AA700090EDDA0B51EC1B0B53EC102BE5F784FC3B
:10AA800041EC1B0B95F8100A98ED0C9B00EB400174
:10AA900001EBC01006EB001090ED0C0B51EC190B04
:10AAA00053EC102BE5F77AFE0CD8069890EDDA0BF4
:10AAB00051EC1C0B53EC102BE5F766FC41EC1C0B26
:10AAC0009AE708E0B0EE4ECAF0EE6ECAB0EE49DA90
:10AAD000F0EE69DA90E798ED0C0B51EC190B53ECA2
:10AAE000102BE5F743FE09D395F8100A00EB40015F
:10AAF00001EBC01006EB001090ED0C9B95F8110ACD
:10AB000099ED262B00EB400101EBC01006EB001085
:10AB100000F5006099ED221B90ED086B90ED064B5F
:10AB200095F8100A4AAB00EB400101EBC01006EBB0
:10AB300000102EAA90ED0C3B38A902A8B0EE4E5A98
:10AB4000F0EE6E5A9DED340BEFF7CEFAE5F7B5FD5A
:10AB500053EC1E2BE5F70AFE0BD19DED020B51ECD9
:10AB6000190B53EC102BE5F701FE06D39DED029B6C
:10AB700003E0B0EE4E9AF0EE6E9A95F8110A99ED58
:10AB8000262B00EB400101EBC01006EB001000F596
:10AB9000006099ED221B90ED086B90ED064B95F847
:10ABA000100A4AAB00EB400101EBC01006EB0010AD
:10ABB0002EAA90ED0C3B38A902A8B0EE4D5AF0EE4B
:10ABC0006D5AB0EE4B0AF0EE6B0AEFF78DFAE5F72F
:10ABD00074FDB0EE4EBAF0EE6EBA53EC1B2BE5F7F7
:10ABE000C5FD10D19DED020B51EC190B53EC102B50
:10ABF000E5F7BCFD04D2B0EE495AF0EE695A06E022
:10AC00009DED025B03E0B0EE4B5AF0EE6B5A95F807
:10AC1000100A00EB400101EBC01006EB001000F53C
:10AC2000006080ED065B89ED02EB57F8240000F52B
:10AC3000005090ED4A0B89ED000B95F8110A00EBDE
:10AC4000400101EBC01006EB001000F5006090ED34
:10AC5000060B89ED040B90ED080BFF4889ED080BFE
:10AC600030F91400002807D089ED06EB4FF0010001
:10AC700009DAA9F8940108E089ED065B4FF00100BC
:10AC8000A9F8920101E0A9F896014FF00100A9F896
:10AC90009001F24800EBC40080ED00EB89ED2EEB53
:10ACA000F8F78ABDED4899ED2E0B00EBC40090ED4E
:10ACB00000BB51EC100B53EC1B2BE5F706FC9AED97
:10ACC000001B53EC112BE5F706FC53EC1B2BE5F7AF
:10ACD0005BFB58F8242002F50052C2E94C01FF202A
:10ACE000289014AF57F8240000F5947000F5005038
:10ACF00090EC040B53EC102B51EC110BE5F74EFDCF
:10AD000007D257F8240000F5005090ED4A0B80ED73
:10AD10004C0B57F82400BB4600F5947000F500502A
:10AD200090EC040B53EC102B51EC110BE5F745FCA8
:10AD300041EC1D0B95F8100AB0EE48CA00EB40013B
:10AD400001EBC01006EB0010F0EE68CA00F5806061
:10AD5000B0EE4CBAF0EE6CBA90EDDC0BB0EE4BEA14
:10AD6000F0EE6BEA53EC1B2B51EC100BE5F716FDE4
:10AD70001FD295F8100A00EB400101EBC01006EB62
:10AD8000001101F5806791EDBC0B97EDDCBB51EC38
:10AD9000100B53EC1B2BE5F710FC97ED220B41EC4D
:10ADA0001E0B53EC1B2B51EC100BE5F706FC41EC92
:10ADB0001B0B53EC1E2B51EC1D0BE5F7D7FC78D287
:10ADC00053EC1E2B51EC1D0BE5F7F7FB9FEDA4BBDD
:10ADD00053EC1B2BE5F77FFB53EC1B2BE5F7D4FA69
:10ADE00000E0FDE341EC1B0B95F8100A042300EB97
:10ADF000400101EBC01006EB001003222AA9B0EEBF
:10AE00004B0AF0EE6B0A00F54070EDF777FA002080
:10AE10000DF1A80C41F630774FEA0B020CEBC001A4
:10AE200052F8243091ED000B07EBC0011944401C8F
:10AE300081ED000B0328F1DB5BF8240000F50050E6
:10AE400090F8E001B8B395F8101A01EB410000EB5F
:10AE5000C11001E0FEE3FEE306EB001090EDBE0B37
:10AE600051EC190B53EC102BE5F7A7FB9FED7E1B64
:10AE700053EC112BE5F7A1FB53EC1B2BE5F784FA00
:10AE800041EC1B0B53EC192BE5F770FC95F8100AFD
:10AE900000EB400101EBC01006EB00100ED20423C2
:10AEA00003222AA9B0EE4B0AF0EE6B0A00F54070BF
:10AEB000A0E008E0FDE390E0FCE3FCE300F5806047
:10AEC00090ED160BE0E053EC1D2B51EC190BE5F760
:10AED000FCFA53EC1B2BE5F749FC7DD2B0EE49EAB6
:10AEE000F0EE69EA53EC1B2B51EC1E0BE5F7EDFA83
:10AEF00041EC100B51EC1D0B53EC102BE5F7E5FA70
:10AF000000E0FDE353EC1B2BE5F757FB9FED541BD3
:10AF100053EC112BE5F7DFFA41EC1B0B95F8100A07
:10AF2000042300EB400101EBC01006EB00100322EC
:10AF30002AA9B0EE4B0AF0EE6B0A00F59360EDF72C
:10AF4000DDF95BF824C041F630719DED2A0B8C448D
:10AF50002AAF5B468CED000B5FF0010007EBC002EF
:10AF600053F824C092ED000B01EBC0029444401C46
:10AF70008CED000B0328F1DB5BF8240000F500509A
:10AF800090F8E00148B395F8100A00EB400101EB9E
:10AF9000C01006EB001000F5806090ED240B51EC22
:10AFA0001E0B53EC102BE5F708FB9FED2F1B53EC0A
:10AFB000112BE5F702FB53EC1B2BE5F7E5F941EC10
:10AFC0001B0B53EC1E2BE5F7D1FB95F8100A00EB99
:10AFD000400101EBC01001E063E057E006EB001018
:10AFE0004ED2042303222AA9B0EE4B0AF0EE6B0ADC
:10AFF00000F59360EDF782F99DED2A0B9DED361B70
:10B0000051EC100B53EC112BE5F75FFA9DED2C0B77
:10B010009DED261B41EC1B0B53EC112B51EC100B3F
:10B02000E5F753FA41EC100BB0EE4B1AF0EE6B1A49
:10B0300008F09EFD9FED0E1B51EC100B53EC112BF5
:10B04000E5F749FA9FED0C1B53EC112BE5F7B5FA28
:10B0500041EC100B18E0FEE3120300205003002027
:10B06000000000000000E03F00000000000024405D
:10B070000000000000806640112D4454FB2109406F
:10B0800000F5806090ED7C0B8DED380B5BF82400B3
:10B0900000F5805090F82C0E06287CD00327D84667
:10B0A0007DE295F8100AB0EE4DBA00EB400101EBDD
:10B0B000C01006EB0010F0EE6DBA90F838004FF0BB
:10B0C0000007022868D000BF95F8101A53EC1B2B1C
:10B0D00001EB410000EBC11006EB001898ED780B76
:10B0E00051EC100BE5F7F7F998ED700B53EC102BC2
:10B0F000E5F763FA41EC100B09F0E6FE95F8100A4B
:10B1000000EB400101EBC01006EB001851EC100BF6
:10B1100098ED70EB53EC1E2BE5F7DDF941EC110BCC
:10B1200008EBC70090ED880B51EC110B53EC102B82
:10B13000E5F7D1F998ED780B41EC1F0B53EC1B2B85
:10B1400051EC100BE5F7C7F953EC1E2BE5F735FA78
:10B1500041EC100B08F004FE95F8101AB0EE401AFE
:10B1600001EB410000EBC11006EB0018F0EE601A95
:10B1700098ED700B51EC110B53EC102BE5F7ABF97C
:10B1800008EBC70898ED821B53EC112BE5F7A3F9E8
:10B1900098ED721B01E00CE23FE053EC112BE5F758
:10B1A000F3F853EC1F2BE5F7EFF841F630735BF83B
:10B1B000242003EBC7031A447F1CC2E90001032FBC
:10B1C00082DB00BF5BF8240042F2E011095C002939
:10B1D0003FF45CAF95F8101A01EB410202EBC1118C
:10B1E00006EB011341F63071014466AA03F5E470E1
:10B1F000F1F760FB95F8100A4AAA00EB400101EB59
:10B20000C01006EB001066A900F5F870EAF7D2FB53
:10B210009DED4A1B9DED4C0B0AE795F8101A01EBCA
:10B22000410000EBC11006EB001090EDBA0B51ECA1
:10B230001B0B53EC102BE5F799FA95F8100A00EB6D
:10B24000400101EBC01006EB00186AD898EDBA0B6C
:10B2500051EC1B0B53EC102BE5F7AFF941EC1B0B3A
:10B2600098ED7A0B53EC1B2B51EC100BE5F733F9EF
:10B2700098ED700B53EC102BE5F79FF941EC100B98
:10B2800009F022FE95F8100A00EB400101EBC01016
:10B2900006EB001851EC100B98ED70EB53EC1E2BE5
:10B2A000E5F719F941EC110B08EBC70090ED880B9D
:10B2B00051EC110B53EC102BE5F70DF998ED7A0BCF
:10B2C00041EC1F0B53EC1B2B51EC100BE5F703F972
:10B2D00053EC1E2BE5F771F941EC100B08F040FD23
:10B2E00095F8100A00EB400101EBC01006EB0018C6
:10B2F00051EC100B98ED701B53EC112BE5F7EBF8AC
:10B3000008EBC70898ED821B53EC112BE5F7E3F827
:10B3100098ED721B53EC112BE5F736F853EC1F2B0D
:10B3200091E098EDBAEBB0EE490AF0EE690A53EC01
:10B330001E2B51EC100BE5F7C8F841EC1F0B53EC3A
:10B340001E2B51EC1B0BE5F7C0F853EC1F2BE5F758
:10B3500034F998ED7AEB98ED780B41EC1B0B53EC3C
:10B360001E2B51EC100BE5F7B0F853EC1B2BE5F757
:10B37000B2F853EC1E2BE5F707F898ED701B53EC71
:10B38000112BE5F71AF941EC100B09F09DFD95F82A
:10B39000100A00EB400101EBC01006EB001851EC65
:10B3A000100B98ED70FB53EC1F2BE5F794F841EC74
:10B3B000100B08EBC70090ED881B51EC100B53EC01
:10B3C000112BE5F788F841EC100B8DED1A0B98ED79
:10B3D0007AEB98ED780B53EC1E2B51EC100BE5F744
:10B3E00074F853EC1B2BE5F776F853EC1E2BE4F7BF
:10B3F000CBFF53EC1F2BE5F7E0F841EC100B08F006
:10B40000AFFC95F8100A00EB400101EBC01006EB11
:10B41000001851EC100B98ED701B53EC112BE5F755
:10B420005AF808EBC70898ED821B53EC112BE5F78F
:10B4300052F898ED720B53EC102BE4F7A5FF9DED3D
:10B440001A0B53EC102BE4F79FFF41F630725BF8B8
:10B45000243002EBC7021A447F1CC2E90001032F0B
:10B46000FFF6DBAEAEE600BF95F8100A00EB400138
:10B4700001EBC01006EB001090EDBA0B51EC1D0B68
:10B4800053EC102BE5F772F93DD895F8101A01EB43
:10B49000410000EBC11006EB0010009090EDBA0BDC
:10B4A00051EC1D0B53EC102BE5F787F841EC1E0B0C
:10B4B000009800EBC700079090ED340B51EC1E0B89
:10B4C00053EC102BE5F707F841EC1B0B53EC1E2B4C
:10B4D00051EC190BE4F7F9FF41EC100B079890EDD4
:10B4E000101B51EC100B53EC112BE4F7F4FF53EC51
:10B4F0001B2BE4F749FF58F8242041F6307303EB87
:10B50000C7031A4448E095F8100A00EB400101EB2C
:10B51000C01006EB0010009090EDBABB51EC190B77
:10B5200053EC1B2BE4F7D1FF41EC1E0B53EC1B2B10
:10B5300051EC1D0BE4F7C9FF53EC1E2BE5F73DF86A
:10B5400041EC1B0B009800EBC700009090ED4C0BFA
:10B5500051EC1B0B53EC102BE4F7BDFF41EC1E0B21
:10B5600053EC1B2B51EC190BE4F7AFFF41EC100B24
:10B57000009890ED341B51EC100B53EC112BE4F7B9
:10B58000AAFF53EC1E2BE4F7FFFE58F8243041F6D7
:10B59000307202EBC7021A447F1CC2E9000158F85E
:10B5A000240000F5805090F82C0EB8423FF75CAFB5
:10B5B00084E095F8100A00EB400101EBC01006EBA7
:10B5C000001090EDBA0B51EC1D0B53EC102BE5F76E
:10B5D000CDF895F8100A00EB400101EBC01000E037
:10B5E000FDE306EB001715D897EDBA0B51EC1D0BD8
:10B5F00053EC102BE4F7E1FFCDE9020197EDB60B18
:10B6000007F524718DED000B4AA891EC084B07F566
:10B610001C7723E097EDBAEB51EC190B53EC1E2B82
:10B62000E4F753FF41EC1B0B53EC1E2B51EC1D0BAD
:10B63000E4F74BFF53EC1B2BE4F7BFFFCDE902010E
:10B6400097EDB80B07F52C718DED000B4AA891EC26
:10B65000084B01E093E1ECE107F5247797EC080B48
:10B6600003F09EFC5BF824004AABB83800F50050AC
:10B6700093EC080B5F4654AA1AA990EC064B16A847
:10B68000F1F742F957F824009DED160B00F5E05054
:10B6900080EDD20B57F824009DED1A0B00F5E05019
:10B6A00080EDD40B57F824009DED540B00F5E050CD
:10B6B00002E0D9E1FBE3FBE380EDD60B14A84FF0E9
:10B6C000000850F8247007F5005090F8E01199B187
:10B6D00090ED7A0B53EC102B9DED380B51EC100BC9
:10B6E000E4F752FE41F62C62D35D41F6287202EB7C
:10B6F000C3023A44C2E900014FF0010B14AF00E06D
:10B70000A6E157F8240041F670610144009141F62A
:10B710003071431808AA594600F6080004F0A4FE48
:10B72000B0B157F8242002F50052A2F8F00157F802
:10B73000240000F50050B0F81021A0F8F22157F8CD
:10B74000241041F670600844302208A9E4F769FD2E
:10B750002898FF287ED002A8009057F8240041F6D0
:10B760002C61B8460A5C41F6706700F11003C119FC
:10B77000B0EE4A0AF0EE6A0A08A8ECF783FAE8B3DA
:10B78000FEA007F09BFE9DED020B53EC192B8AEDFA
:10B79000000B51EC100BE5F701F815D2B0EE490A99
:10B7A000F0EE690A8AED000B58F8241040F2EC42E2
:10B7B00001F50051A1F8F02158F8240000F50050DF
:10B7C000B0F81011A0F8F2119AED000B53EC1C2BFD
:10B7D00051EC100BE4F7CAFF13D28AED00CB58F8F6
:10B7E000241040F2EC4001F50051A1F8F00158F8A6
:10B7F000240000F50050B0F8101100E00AE0A0F8B5
:10B80000F21158F824003022384408A9E4F709FD61
:10B81000FFF748BA28980028FAD0A3E041F67061F3
:10B8200001EBC807384490ED001B08A800EBC800E6
:10B83000079090ED000B51EC110B53EC102BE4F73B
:10B8400044FE53EC1A2BE4F7B8FE41EC1B0B53EC0F
:10B850001C2B01E07DE02BE1E4F788FF77D0B0EE10
:10B860004CDAF0EE6CDA53EC1D2B51EC1B0BE4F7C9
:10B8700095FF31D214A8202150F8242001EB881024
:10B880001690104453EC1B2B90ED000B51EC100B59
:10B89000E4F793FE53EC192BE4F768FF1CD214A8CD
:10B8A00050F8242016980192104453EC1A2B90ED76
:10B8B000000B51EC100BE4F70EFE41EC110B079856
:10B8C00090ED000B51EC110B53EC102BE4F75CFDE9
:10B8D000019A3A44C2E9000153EC1D2B51EC1B0BB9
:10B8E000E4F744FF33D214A8282150F8242001EBB8
:10B8F00088101690104490ED000B51EC100B81F065
:10B90000004153EC1B2BE4F758FE53EC192BE4F7E2
:10B910002DFF1CD214A850F8242016980192104430
:10B9200053EC1A2B90ED000B51EC100BE4F7D3FD08
:10B9300041EC100B079890ED001B51EC100B53ECF1
:10B94000112BE4F7C5FD019A3A44C2E9000108F160
:10B95000010814AA41F62C6152F824000B5C4345FF
:10B960003FF75CAFB9F89801002837F425AF864857
:10B9700030F81400C8B1B9F8D00003285DD082496E
:10B9800031F9140000283DF79FAE14AA002052F8A8
:10B99000242002F5005282F8F40100BF21F81400BF
:10B9A0007A4941F82400F7F707BF14A850F824009B
:10B9B00000F58050B0F8180EF0B395F8100A00EBBF
:10B9C000400101EBC01006EB001090F83008082889
:10B9D00033D014A9012051F8242002F58052A2F896
:10B9E000300E51F824000289002ADCD000220281A6
:10B9F00051F8240000F58050A0F8302E6448A9F8D2
:10BA0000902150F8240000287DF435AE95F8100AF6
:10BA100051F8241000EB400303EBC01006EB0010BC
:10BA2000D0F8280700EB800340F60C3000EB8300D1
:10BA300008440270FDF71FBEFFE70020A9F890013F
:10BA400099ED2C0B99ED301B53EC102B51EC110B95
:10BA5000E4F7B3FD07464E4899ED32BB884650F8EF
:10BA6000240000283EF450AE95F8100A00EB400187
:10BA700001EBC01006EB00104FF40361E4F7EAFBA2
:10BA800095F8100A00EB400101EBC01006EB001026
:10BA9000C0F81C88C0F8187895F8100A00EB40012F
:10BAA00001EBC01006EB001000F5006080ED08BB54
:10BAB00095F8100A00EB400101EBC01106EB0111F3
:10BAC00091F830180B2901D00121249185F8110A31
:10BAD000401C85F8100AFDE3B9F8901161B3B9F87C
:10BAE000D000B0F5966F0ED314A951F8242002F5BA
:10BAF0000052A2F8F00151F8240000F50050B0F80F
:10BB00001011A0F8F21114A8302250F8247007F593
:10BB1000E05090EDCCDB90EDCECB01201C9041F6B7
:10BB20007060391808A8E4F77CFB99ED2E0B07F537
:10BB3000005787ED4C0B76E200F5806090EDDA0B54
:10BB400014A850F8241001F5005181ED4A0B50F86B
:10BB5000241001F5005181ED4C8B95F8101A01EB82
:10BB6000410202EBC11106EB01110A8950F82410C1
:10BB700001F50051A1F83A210CE000004261644156
:10BB80007865730D0A0000001203002014030020E2
:10BB90001803002095F8101A01EB410202EBC111C5
:10BBA00006EB0111CA8850F8241001F50051A1F8E4
:10BBB0003C2150F8240000F5005090ED4A0B9FED19
:10BBC000FE1B51EC100B53EC112BE4F7CFFD15D2FB
:10BBD00014A8B0EE480A50F82410F0EE680A01F5F7
:10BBE000005181ED4C0BF64A0021A9F8901152F852
:10BBF0002420002A7CF496AEFCF780BE09F12800D0
:10BC0000402256A9E4F70DFB09F16800402256A92D
:10BC1000E4F707FB95F8100A012700EB400101EB60
:10BC2000C01006EB0010B0EE48BA90ED0C0B0020EF
:10BC300089ED1E0BF0EE68BACDF8000095F8100AF9
:10BC4000384480B20A2801D30A3880B200EB4001A0
:10BC500001EBC01006EB001000F5006853EC1B2B45
:10BC600098ED040B51EC100BE4F780FD0FD314A8F2
:10BC700098ED040B50F8240000F5E05090ED841B83
:10BC800051EC100B53EC112BE4F788FD03D201208B
:10BC90007F1EBFB200907F1CBFB20A2F02D2009855
:10BCA0000028CBD0B0EE4BDAF0EE6BDAB0EE4D9A66
:10BCB000F0EE6D9AB0EE49BAF0EE69BAB0EE49CA4C
:10BCC000F0EE69CAB0EE49EAF0EE69EA3CE07F1EA8
:10BCD00095F8100ABFB2384480B20A2801D30A3856
:10BCE00080B200EB400101EBC01006EB001898F8A1
:10BCF0000000042828D00E2826D00F2824D008F5CC
:10BD00008060269090EDDA0B99ED262B99ED221BA1
:10BD100030A8B0EE4B3AF0EE6B3AEEF779F8E0B3BC
:10BD2000B0EE4D5AF0EE6D5AB0EE45BAF0EE65BA8F
:10BD3000B0EE459AF0EE659AB0EE45CAF0EE65CAEF
:10BD4000B0EE45EAF0EE65EA012FC0D895F8100A8A
:10BD500000EB400101EBC01006EB001808F5806015
:10BD600090EDDAFB51EC190B53EC1F2BE4F70CFBB5
:10BD700041EC100B53EC1F2B8DED1A0B51EC1C0BEF
:10BD8000E4F702FB14AF41EC190B57F8240000F55F
:10BD90008050B0F8180E90B300E004E0B0EE4D5AB9
:10BDA000F0EE6D5AD3E0269890EDDA0B51EC190BBA
:10BDB00053EC102BE4F7E8FA41EC190B95F8100A54
:10BDC00098ED0CBB00EB400101EBC01006EB00103E
:10BDD00090ED0C0B51EC1B0B53EC102B00E0FCE036
:10BDE000E4F7DCFC0CD8269890EDDA0B51EC1C0B38
:10BDF00053EC102BE4F7C8FA41EC1C0BA4E708E065
:10BE0000B0EE4DCAF0EE6DCAB0EE4BEAF0EE6BEA62
:10BE10009AE798ED0C0B51EC1B0B53EC102BE4F74D
:10BE2000A5FC09D395F8100A00EB400101EBC01006
:10BE300006EB001090ED0CBB95F8110A99ED262B3E
:10BE400000EB400101EBC01006EB001000F50060B4
:10BE500099ED221B90ED086B90ED064B95F8100ABA
:10BE60004CAB00EB400101EBC01006EB00104AAAFE
:10BE700090ED0C3B38A902A8B0EE4D5AF0EE6D5A89
:10BE80009DED1A0BEEF730F9E4F717FC53EC1D2B80
:10BE9000E4F76CFC0DD19DED020B51EC1B0B53EC48
:10BEA000102BE4F763FC08D39DED02BB05E08DE0A9
:10BEB0007BE0B0EE4DBAF0EE6DBA95F8110A99ED4F
:10BEC000262B00EB400101EBC01006EB001000F543
:10BED000006099ED221B90ED086B90ED064B95F8F4
:10BEE000100A4CAB00EB400101EBC01006EB001058
:10BEF0004AAA90ED0C3B38A902A8B0EE4E5AF0EEDB
:10BF00006E5AB0EE490AF0EE690AEEF7EDF8E4F782
:10BF1000D4FBB0EE4D9AF0EE6D9A53EC192BE4F78A
:10BF200025FC10D19DED020B51EC1B0B53EC102B9B
:10BF3000E4F71CFC04D2B0EE4B5AF0EE6B5A06E06C
:10BF40009DED025B03E0B0EE495AF0EE695A95F8B8
:10BF5000100A00EB400101EBC01006EB001000F5E9
:10BF6000006080ED065B89ED02DB57F8240000F5E8
:10BF7000005090ED4A0B89ED000B95F8110A00EB8B
:10BF8000400101EBC01006EB001000F5006090EDE1
:10BF9000060B89ED040B90ED080B0A4889ED080BA0
:10BFA00030F91400002811D017DA89ED06DB4FF0C4
:10BFB0000100A9F8940107E0F168E388B5F8E43ED0
:10BFC0001803002012030020FDF710BF89ED065B67
:10BFD0004FF00100A9F89201F6E789ED06DB4FF07A
:10BFE0000100A9F89601EFE7FD4899ED2E0B00EB53
:10BFF000C40090ED00BB51EC100B53EC1B2BE4F78D
:10C0000064FA9AED001B53EC112BE4F764FA53EC3D
:10C010001B2BE4F7B9F957F8242002F50052C2E9C6
:10C020004C01FF201C9014AF57F8240000F59470C9
:10C0300000F5005090EC040B53EC102B51EC110B5D
:10C04000E4F7ACFB07D257F8240000F5005090ED60
:10C050004A0B80ED4C0B57F8240000F5947000F566
:10C06000005090EC040B53EC102B51EC110BE4F747
:10C07000A4FA41EC1B0B95F8100A032300EB4001D6
:10C0800001EBC01006EB00101A462AA9B0EE4B0ACD
:10C09000F0EE6B0A00F5C660ECF730F900202AAA32
:10C0A00002EBC00157F824C091ED000B41F630714E
:10C0B00001EBC0036344401C83ED000B0328EFDB5E
:10C0C00057F82400BB4600F5805090F82C0E062847
:10C0D00040D0032735E000BF95F8100A00EB40017F
:10C0E00001EBC01006EB001000EBC70000F580600C
:10C0F000019090ED8C0B51EC1B0B53EC102BE4F7E3
:10C10000EAF941EC1E0B53EC1B2B51EC190BE4F735
:10C11000DCF941EC100B019890EDB01B51EC100BC9
:10C1200053EC112BE4F7D7F953EC1E2BE4F72CF961
:10C1300041F6307303EBC70308EB03027F1CC2E92F
:10C1400000015BF8248041F62C6010F80800B8422A
:10C15000C2DC40E08DED02BB95F8100A00EB400117
:10C1600001EBC01006EB001101F52C7291EDB40B40
:10C1700001F51C718DED000B4AA892EC084B91EC77
:10C18000080B02F00DFF5BF824004AABB83800F54D
:10C19000005093EC080B5F4652AA38A990EC064B6E
:10C1A00036A8F0F7B1FB57F824009DED360B00F5EB
:10C1B000E05080EDD20B57F824009DED380B00F5D0
:10C1C000E05080EDD40B57F824009DED520B00F5A4
:10C1D000E05080EDD60B14A84FF0000850F8240072
:10C1E00000F5005090F8E011E9B390ED4A0B14AF60
:10C1F00053EC102B51EC190BE4F7DFF99FED791B91
:10C2000053EC112BE4F7D9F953EC1B2BE4F7BCF8F2
:10C2100041EC1B0B53EC192BE4F7A8FA95F8100A24
:10C2200000EB400101EBC01006EB001025D2032308
:10C230001A462AA9B0EE4B0AF0EE6B0A00F5C6606A
:10C24000ECF75CF89DED2A0B53EC1D2B51EC100B19
:10C25000E4F73BF99DED2C0B41EC1B0B53EC1C2B35
:10C2600051EC100B00E038E0E4F72FF941EC100B33
:10C27000B0EE4B1AF0EE6B1A07E000F5806100F5A6
:10C28000006091EDFE1B90ED000B07F071FC9FED3F
:10C29000571B51EC100B53EC112BE4F71CF99FEDDD
:10C2A000551B53EC112BE4F788F957F82420174657
:10C2B00002F5005292ED7A1B53EC112BE4F764F86F
:10C2C00041F62C633A46DF5D41F6287303EBC70362
:10C2D0001A4400E0C7E3C2E9000114AF41F67061FF
:10C2E00057F824004FF0010B0144009141F63071E2
:10C2F000431808AA594600F6080004F0B5F8B0B192
:10C3000057F8242002F50052A2F8F00157F8240053
:10C3100000F50050B0F81021A0F8F22157F82410D1
:10C3200041F670600844302208A9E3F77AFF1C98B0
:10C33000FF2854D006A8009057F8240041F62C613D
:10C3400041F670680A5C00F1100300EB0801B0EEE2
:10C350004A0AF0EE6A0A08A8EBF794FCF0B39DEDE8
:10C36000060B53EC192B8AED000B51EC100BE4F784
:10C3700015FA15D2B0EE490AF0EE690A8AED000B03
:10C3800057F8240040F2EC4100F50050A0F8F011FD
:10C3900057F8240000F50050B0F81011A0F8F21181
:10C3A0009AED000B53EC182B51EC100BE4F7DEF96F
:10C3B00026D2B0EE480AF0EE680A8AED000B57F874
:10C3C000241040F2EC4001F50051A1F8F00157F8BB
:10C3D000241001F50051B1F810010FE019E0B5E0AB
:10C3E0005003002000000000000024400000000076
:10C3F00000806640112D4454FB210940A1F8F20150
:10C4000057F82410302201EB080008A9E3F709FFD0
:10C41000EAE51C980028FBD0A3E000BF41F670625B
:10C4200002EBC807D81990ED001B08A800EBC80064
:10C43000079090ED000B51EC110B53EC102BE4F72F
:10C4400044F853EC1A2BE4F7B8F841EC1B0B53EC0F
:10C45000182BE4F78BF977D0B0EE48CAF0EE68CA33
:10C4600053EC1C2B51EC1B0BE4F798F931D214A8B8
:10C47000202150F8242001EB88101690104453EC32
:10C480001B2B90ED000B51EC100BE4F796F853ECDE
:10C49000192BE4F76BF91CD214A850F82420169835
:10C4A0000192104453EC1A2B90ED000B51EC100B41
:10C4B000E4F711F841EC100B079890ED001B51ECDC
:10C4C000100B53EC112BE3F75FFF019A3A44C2E9DA
:10C4D000000153EC1C2B51EC1B0BE4F747F933D252
:10C4E00014A850F82420282000EB8810169010443F
:10C4F00090ED000B51EC100B81F0004153EC1B2B25
:10C50000E4F75BF853EC192BE4F730F91CD214A8CC
:10C5100050F8242016980192104453EC1A2B90EDF9
:10C52000000B51EC100BE3F7D6FF41EC100B079812
:10C5300090ED001B51EC100B53EC112BE3F7C8FFEF
:10C54000019A3A44C2E9000108F1010814A850F820
:10C5500024100B4601F5805191F82C1E41453FF700
:10C560005DAFB9F89801002837F426A9F64830F8ED
:10C57000140000287DF493A814A850F8240000F5B6
:10C580008050B0F8180EE8B395F8100A00EB40019F
:10C5900001EBC01006EB001090F83008082832D0EC
:10C5A00014A8012150F8242002F58052A2F8301E70
:10C5B00050F8242011890029D6D00021118150F88B
:10C5C000242002F58052A2F8301EE04AA9F890110A
:10C5D00052F82420002A7DF44EA895F8102A50F82D
:10C5E000240002EB420303EBC21206EB0212D2F864
:10C5F000282702EB820340F60C3202EB830211542F
:10C60000FDF739B8FFE7D1490020A9F8900151F8AA
:10C61000241000297DF448A895F8101A01EB410276
:10C6200002EBC11106EB0111D1F8281701EB8102D1
:10C6300040F60C3101EB820214A951F82410505439
:10C64000FDF732B814AFB0EE481A57F82400F0EEF8
:10C65000681A00F5005080ED4A1B57F8240000F5D9
:10C66000005080ED4C1B95F8100A00EB400101EBE7
:10C67000C01006EB0010B0F82808A0B34FF4EC513E
:10C6800001EB001057F8241053EC112B084480EDF7
:10C69000001B95F8100A00EB400101EBC01006EBFF
:10C6A000001090ED0A0B51EC100BE4F75FF812D17B
:10C6B00057F82410012001F5005181F8DF019FEDAA
:10C6C000A40B95F8100A00EB400101EBC01006EB3B
:10C6D000001080ED0A0B57F8240000F5005090F888
:10C6E000DF1179B125E0FFE757F82410002001F5AC
:10C6F000005181F8DE0157F8241001F5005181F84E
:10C70000DF0112E095F8101A01EB410202EBC111B2
:10C7100006EB011191F8281880F8DE1157F8240073
:10C7200000F5005090F8DF0118B9874830F8140080
:10C73000D0B1854830F9141000297CDD30F8141090
:10C7400057F8240000F50050A0F8F011824857F87F
:10C75000241001F5005130F82400A1F8F2014FF047
:10C76000FF0157F8240042E357F8240000F58051F8
:10C77000B1F8182EEAB395F8102A02EB420303EB46
:10C78000C21206EB021292F83028082A40D04FF06D
:10C790000108A1F8308E57F82400018951B3002117
:10C7A000018157F8240000F58050A0F8301E67483A
:10C7B00050F82400A0B995F8100A00EB400101EBF5
:10C7C000C01006EB0010D0F8280700EB800140F6FF
:10C7D0000C3000EB810057F8241001440020087051
:10C7E00095F8100A00EB400101EBC01006EB0010B9
:10C7F00001E00DE0A7E04FF4036105F52165E3F7E3
:10C8000029FD28786870401C287085F83A8017E068
:10C810004E4951F82410E9BB95F8101A01EB41027A
:10C8200002EBC11106EB0111D1F8281701EB8102CF
:10C8300040F60C3100E007E001EB8201014449E3DE
:10C84000002085F839007EE07DDA002057F82410BA
:10C850005DE314AF53EC182B57F8240000F500509B
:10C8600080ED4A8B57F8240000F5005080ED4C8B8A
:10C8700095F8100A00EB400101EBC01006EB001028
:10C8800090ED0A0B51EC100BE3F770FF17D195F800
:10C89000100A00E020E300EB400101EBC01006EBC2
:10C8A000001108780E2831D05FF0000091F82210B6
:10C8B00042F2B61202EB410257F82410885295F862
:10C8C000100A9FED230B00EB400101EBC01006EBBB
:10C8D0000010DFF8748080ED0A0B38F9140000288E
:10C8E00017D07DDD57F8240038F8141000F50050FB
:10C8F000A0F8F011184857F8241001F5005130F84D
:10C900002400A1F8F2014FF0FF00A0E04FF0010079
:10C91000CCE757F82400014600F58050B0F8182EF7
:10C92000B2B395F8103A03EB430202EBC31206EBE5
:10C93000021292F83028082A2BD00121A0F8301ECC
:10C9400057F82400FEE356E21203002018030020EB
:10C95000000000000000F0BF1403002095F8100A4A
:10C9600005F5216500EB400101EBC01006EB00105E
:10C970004FF40361E3F76EFC28786870401C287060
:10C98000FE4820F81470FE4840F82470F6F714BFF3
:10C99000FFE7FC4850F8240088B995F8100A00EB2E
:10C9A000400202EBC01006EB0010D0F8280700EBA5
:10C9B000800240F60C3000EB82000144FEE395F863
:10C9C000110A00EB400101EBC01006EB001000F66D
:10C9D000180090EC04BB95F8100A00EB400100E051
:10C9E00034E001EBC01006EB00104FF4036105F5D5
:10C9F0002165E3F72FFC287800EB400101EBC01024
:10CA000006EB001000F5006080ED06BB287800EB17
:10CA1000400101EBC01006EB001000F5006080ED56
:10CA200008CB2878A5F5216500EB400101EBC0118A
:10CA300006EB011191F830180B2901D00121249146
:10CA400085F8110A401C85F8100A06E0002057F806
:10CA5000241001F5005181F8F401C948002728F895
:10CA6000147040F8247037E10DF1500853EC182B86
:10CA700058F8241001F5005181ED4A8B58F8240034
:10CA800000F5005080ED4C8B95F8100A00EB40014A
:10CA900001EBC01006EB001090ED0A0B51EC100BEF
:10CAA000E3F764FE26D195F8101A002001EB41024D
:10CAB00002EBC11106EB011142F23E1291F8201077
:10CAC0000123474613E000BF57F824C002EB4101A1
:10CAD000401C2CF8013095F8101AC0B201EB410C43
:10CAE0000CEBC11106EB0111014491F8201009B1C2
:10CAF0000A28E9D31FED6A0B95F8100A9F4F00EB47
:10CB0000400101EBC01006EB001080ED0A0B37F975
:10CB1000140000281AD074DD58F8241037F81420B7
:10CB200001F50051A1F8F021954931F8242058F879
:10CB3000241001F50051A1F8F22158F824004FF01B
:10CB4000FF0100F5005080F8F411BEE058F8240011
:10CB500000F58051B1F8183EF3B395F8103A03EBA5
:10CB6000430C0CEBC31306EB031393F83038082B7C
:10CB700048D00120A1F8300E58F82400008960B395
:10CB800014A84FF0000850F82410A1F8088050F8BD
:10CB9000241001F58051A1F8308E7A4951F8241003
:10CBA00099B995F8101A50F8240001EB410202EBF4
:10CBB000C11106EB0111D1F8281701EB810240F6F3
:10CBC0000C3101EB820101F8008095F8100A00EBAE
:10CBD000400101EBC01001E014E076E006EB00102C
:10CBE0004FF4036105F52165E3F734FB287868709D
:10CBF000401C2870614F624827F8148040F8248058
:10CC0000C4E65BE05F4951F8241091B995F8101A19
:10CC100001EB410202EBC11106EB0111D1F828171B
:10CC200001EB810240F60C3101EB8201014400204E
:10CC3000087095F8111A01EB410000EBC11006EBEA
:10CC4000001000F6180095F8101A05F5216590EC13
:10CC500004BB01EB410000EBC11006EB00104FF4E8
:10CC60000361E3F7F7FA297801EB410000EBC1100B
:10CC700006EB001000F5006080ED06BB297801EBA3
:10CC8000410000EBC11006EB001000F5006080EDE4
:10CC900008CB2878A5F5216500EB400101EBC01118
:10CCA00006EB011191F830180B2901D001212491D4
:10CCB00085F8110A401C85F8100A06E058F824107F
:10CCC000002001F5005181F8F4012D484FF00008D3
:10CCD00027F8148040F824802498002890D02598C4
:10CCE0001428FBF423AD51E695F8100A4FF0000824
:10CCF00000EB400101EBC01006EB001090F8207033
:10CD0000CDF80C8042E000BF95F8100A53EC182BC8
:10CD100000EB400101EBC01006EB001090ED0A0B98
:10CD200051EC100BE3F722FD08D114A8012150F8B3
:10CD3000242042F23E1000EB4700115214A841F6A5
:10CD4000D85150F8240001EB4701415A39B142F261
:10CD50003E1101EB4701405A08B10120039008F150
:10CD6000010000F0FF0895F8100A00EB400101EB0C
:10CD7000C01006EB001101EB080005E012030020D3
:10CD8000140300201803002090F8207017B1B8F1A8
:10CD90000A0FB9D39FEDF50B95F8100A00EB40018F
:10CDA00001EBC01006EB001080ED0A0B039818B9D8
:10CDB000F04830F81400F8B1EE4830F914100029AA
:10CDC00072DD30F8142014A850F8241001F5005139
:10CDD000A1F8F021E84950F8242002F5005231F87A
:10CDE0002410A2F8F21150F824004FF0FF0100F5D2
:10CDF000005080F8F41110E214A951F82400024602
:10CE000000F58050B0F8183EEBB395F8103A03EBFC
:10CE1000430707EBC31306EB031393F83038082BD3
:10CE200043D00127A0F8307E51F8240002895AB37C
:10CE30004FF00008A0F8088051F8240000F5805059
:10CE4000A0F8308ECD4850F8240098B995F8100A13
:10CE500051F8241000EB400202EBC01006EB00106A
:10CE6000D0F8280700EB800240F60C3000EB82007F
:10CE700000F8018095F8100A00EB400101EBC010AA
:10CE800006EB001001E010E045E04FF4036105F50A
:10CE90002165E3F7DFF928786870401C287085F871
:10CEA0003A7085F83980B8E12CE0B44850F8240095
:10CEB00090B995F8100A00EB400101EBC01006EBA9
:10CEC0000010D0F8280700EB800140F60C3000EB92
:10CED000810081180020087095F8101A05F5216569
:10CEE00001EB410000EBC11006EB00104FF40361B1
:10CEF000E3F7B0F928786870401C2870012085F8A5
:10CF00003A009DE407DA14A9002051F8241001F535
:10CF1000005181F8F40180E114A9964F51F82400E2
:10CF200000F5005080ED4A8B51F8240000F50050C8
:10CF300080ED4C8B37F91400002814D07EDD51F8B9
:10CF4000240037F8142000F50050A0F8F0218A489A
:10CF500051F8242002F5005230F82400A2F8F20122
:10CF60004FF0FF006CE095F8100A00EB400202EB76
:10CF7000C01006EB001342F28E1093F8222000EB53
:10CF8000420051F82420105A01285FD102F5805048
:10CF9000B0F818CEBCF1000F2BD093F830C8BCF11C
:10CFA000080F26D00122A0F8302E51F82400028963
:10CFB000F2B30022028151F8240000F58050A0F85D
:10CFC000302E6E4850F8240010BB95F8100A51F826
:10CFD000241000EB400303EBC01006EB0010D0F868
:10CFE000280700EB800340F60C3000EB830042542E
:10CFF0000EE0624850F8240050B9D3F8280700EB3F
:10D00000800140F60C3000EB810081180020087090
:10D0100095F8100A05F5216500EB400101EBC01001
:10D0200006EB00104FF40361E3F714F9287801E0F0
:10D030000CE003E06870401C287007E006DA00206E
:10D0400051F8241001F5005181F8F401002027F86F
:10D050001400FEF7A5BC14A850F8241001F50051E7
:10D0600081ED4A8B95F8101A01EB410202EBC111D8
:10D0700006EB011191F82210A1B950F82410B0EE7E
:10D08000480A01F50051F0EE680A81ED4C0B95F865
:10D09000102A012102EB420303EBC21206EB02123B
:10D0A00082F8221050F82470804607F5005753ECA0
:10D0B0001A2B97ED4C0B51EC100BE3F765F941EC93
:10D0C000110B2C4887ED4C1B30F81400D8BB95F899
:10D0D000100A474600EB400101EBC01006EB0010C0
:10D0E00090ED0A0B51EC110B53EC102BE3F756FBB0
:10D0F00074D857F8240000F58051B1F8182EFAB30F
:10D1000095F8102A02EB420303EBC21206EB02125F
:10D1100092F83028082A35D00120A1F8300E57F8AF
:10D120002400018969B30021018157F8240000F52A
:10D130008050A0F8301E114850F82400C8BB95F864
:10D14000100A01E0CFE049E000EB400202EBC01022
:10D1500006EB0010D0F8280700EB800240F60C30F8
:10D1600000EB820057F82420815422E000000000E8
:10D170000000F0BF12030020140300201803002059
:10D1800000E04AE0FE4951F8241091B995F8101AD0
:10D1900001EB410202EBC11106EB0111D1F8281796
:10D1A00001EB810240F60C3101EB820101440020C9
:10D1B000087095F8101A01EB410000E0D5E000EB93
:10D1C000C11006EB00104FF4036105F52165E3F78C
:10D1D00041F828786870401C28701EE0E94830F952
:10D1E0001410002913DD58F8241030F8142001F52C
:10D1F0000051A1F8F021E44958F8242002F500522A
:10D2000031F82410A2F8F2114FF0FF0102E004DA25
:10D210004FF0000158F82400E9E54FF00000D9492B
:10D22000FEF7BCBB14A8DFF85C8350F8241001F5AE
:10D23000005181ED4A8B50F8241001F5005181ED29
:10D240004C8B95F8101A01EB410202EBC11150F81A
:10D25000242006EB011102F5005291F82A1882F8F9
:10D26000E01195F8102A02EB420101EBC21106EB26
:10D27000011191ED9A0B50F8241001F5005181ED48
:10D280007A0B38F91410002914D073DD50F82420DB
:10D2900038F8141002F50052A2F8F011BA4950F80B
:10D2A000242002F5005231F82410A2F8F2114FF0B8
:10D2B000FF0160E050F824100B4601F58051B1F8F1
:10D2C000182ED2B395F8102A02EB420707EBC212D0
:10D2D00006EB021292F83028082A2FD00122A1F87A
:10D2E000302E50F82400008900283FF4B6AB14A873
:10D2F000002750F824100F8150F8241001F58051B8
:10D30000A1F8307E9E4951F8241000297FF426AB05
:10D3100095F8101A50F8240001EB410202EBC111FC
:10D3200006EB0111D1F8281701EB810240F60C3110
:10D3300001EB82010F54FFF711BBFFE7904850F853
:10D34000240000287FF43BAB95F8100A00EB400165
:10D3500001EBC01006EB0010D0F8280700EB8001AD
:10D3600040F60C3000EB8100C11800200870FFF778
:10D3700026BBFFE7002150F8240000F5005080F89C
:10D38000F411FFF76ABB14A9002051F8242002F51C
:10D39000005282F8F4017A4A52F82420002A7FF4DD
:10D3A0002FAC95F8102A02EB420303EBC21206EBF6
:10D3B0000212D2F82827142A00DB143A51F824303C
:10D3C00002EB820240F60C3101EB8201585417E463
:10D3D00014A840F21A4250F8241001F50051A1F8A7
:10D3E000F02150F8240000F50050B0F81011A0F81A
:10D3F000F21105E4634830F914100029E7D013DD79
:10D4000057F8241030F8142001F50051A1F8F0214C
:10D410005D4931F8242057F8241001F50051A1F896
:10D42000F2214FF0FF0101E04FF0000157F82420F6
:10D4300002F5005282F8F4114FF0000120F81410A8
:10D44000514840F824104EE44FF0000200F580509F
:10D45000A9F8902114A9A0F82E2E51F8240000F567
:10D460008050A0F8302E494800EBC40080ED008BBE
:10D4700051F8240000F5E05080ED8E8B51F8240027
:10D4800000F5005080F8DF2151F8240000F500502D
:10D4900080F8E02151F8240000F5005080ED7A8BEF
:10D4A0003B4801683B48416514A800EB840250F8F2
:10D4B000241001F58051C1F8282E50F8240000F501
:10D4C000005090F8DE01E8B333A005F0F7FF14AE8A
:10D4D00042F2DE1056F8245041F67851BBF1000FAD
:10D4E000405D01EB0011294491ED00BB07D04FF4E2
:10D4F000EC5101EB0010284490ED009B15E02A4907
:10D5000001EB041101EBC00111ED021B4FF4EC51D2
:10D5100001EB0010284453EC112B90ED000B51EC63
:10D52000100BE2F7D2FF41EC190B41F630702918CD
:10D5300014AF30222AA8E2F774FE9FED1C0B53ECC7
:10D54000102B00E0F1E051EC1B0BE2F7C4FF884622
:10D5500048EC100B9FED17BB054653EC1B2B51EC11
:10D56000100BE3F72AF841EC100B06F0F9FB53EC33
:10D57000192B51EC100BE2F7AEFF57F824601DE0B9
:10D580001803002012030020140300203803002099
:10D5900040010020506E0020547261636B4163743F
:10D5A0006976650D0A000000C8960020112D4454CC
:10D5B000FB210940000000000080664006F5E056AF
:10D5C00096EDCC1B53EC112BE2F7DEFE48EC105B22
:10D5D000C6E9CC0153EC1B2B51EC100BE2F7EDFF2D
:10D5E00041EC100B07F070FC53EC192B51EC100BB5
:10D5F000E2F771FF57F8245005F5E05595EDCE1B85
:10D6000053EC112BE2F7C0FEC5E9CE0100200190DA
:10D6100057F8245041F670602E183022314608A881
:10D62000E2F7FFFD41F630702B1805F6080008AA56
:10D630000121009602F018FF0090E8BB002514AE0F
:10D640003CE0102101EB8517C11991ED000B41F66B
:10D65000706101EBC508404453EC102B90ED001BAA
:10D6600051EC110BE3F79AF811D356F82400182166
:10D6700001EB85110144404491ED000B90ED001B3E
:10D6800053EC102B51EC110BE3F770F813D256F852
:10D690002400182101EB85110144384491ED001B51
:10D6A00090ED000B53EC112B51EC100BE3F776F8D7
:10D6B00001D20120019000E007E06D1C56F8240023
:10D6C00041F62C61095CA942BBDCDDE9000108439D
:10D6D0002BD014AD302255F8240000F5005090F8FE
:10D6E000DE1101F2E141A0F8F01155F8240000F537
:10D6F0000050B0F81011A0F8F21155F8241041F6BE
:10D70000307008442AA9E2F78CFD55F8241041F640
:10D7100070600844302208A9E2F783FD55F8240020
:10D72000002100F5005080F8F4110DF1500858F870
:10D73000242002F5E05090ED640BFD4941F630766F
:10D7400001EB041181ED000B90ED680BE6A881ED73
:10D75000020B91193022E2F764FD0020054600908B
:10D76000F44904EB440001EB0010B0EE489AF0EEEF
:10D77000689A0690BBF1000F0ED058F8241041F6BD
:10D78000A85000EBC500084490ED000BA2A800EBE8
:10D79000C50080ED000B18E0069858F8241000EB47
:10D7A000C50090ED000B41F6A85000EBC500084401
:10D7B00053EC102B90ED001B51EC110BE2F785FEA2
:10D7C000A2AA02EBC502C2E90001A2A800EBC507AC
:10D7D00053EC192B97ED000B51EC100BE2F7C6FF41
:10D7E00001D00120009058F8241041F6307000EB71
:10D7F000C5000E1897ED001B96ED000B53EC112B96
:10D8000051EC100BE2F7C0FDC6E9000158F82410F6
:10D8100041F6A85000EBC500084490ED000B0698B7
:10D8200000EBC5006D1C80ED000B062DA2DB0098FF
:10D83000E8B3C1A005F042FE0020019058F8245042
:10D8400041F67060291846460F46302208A8E2F7D4
:10D85000E8FC41F630702B1805F6080008AA0121F3
:10D86000009702F001FE0090F0BB00253EE0102181
:10D8700001EB8517C11991ED001B41F6706101EBB9
:10D88000C50B584453EC112B90ED000B51EC100BD1
:10D89000E2F784FF13D356F82400182101EB851119
:10D8A0000144584491ED000B90ED001B00E053E063
:10D8B00053EC102B51EC110BE2F758FF13D256F832
:10D8C0002410182000EB8510084490ED000BC819B7
:10D8D00053EC102B90ED001B51EC110BE2F75EFFA7
:10D8E00001D20120019000E007E06D1C56F82400F1
:10D8F00041F62C61095CA942B9DCDDE9000108436D
:10D900002AD056F82400302200F5005090F8DE119D
:10D9100001F2E141A0F8F01156F8240000F50050A2
:10D92000B0F81011A0F8F21156F8241041F630703A
:10D930000844E6A9E2F775FC56F8241041F6706039
:10D940000844302208A9E2F76CFC56F824100020A5
:10D9500001F5005181F8F40158F8242041F62C60BB
:10D960004746805C052842F23A10805A00EB40019D
:10D9700041F2985000EB011002EB0003104608D270
:10D9800041F63071114400F5FB52184601F0BEFC1F
:10D990000DE0A2F1880101F5005191EC060B41F672
:10D9A0003071114400F5FB52184601F065FD57F83F
:10D9B000240041F62C61095C052942F23C11095A08
:10D9C00001EB410241F6881101EB0211014400F51F
:10D9D000F25204D200F5FB50E3F784F909E000F5B8
:10D9E000E05303F5167300F5FB5093EC060BE3F7D9
:10D9F0009BFA57F8245042F2F410405DFF280ED0F5
:10DA000068B19AED001B99ED300B53EC112B51ECE2
:10DA1000100BE2F760FD05F5E055C5E98E0157F8FA
:10DA2000240041F6907541F6706B421900EB0B0132
:10DA300000F6080005F0D1FB57F8241041F62C60E1
:10DA40004FF4FE52405C00EB400002EB0010084433
:10DA5000302201F5FB51E2F7E4FB57F8241041F6C0
:10DA60002C6041F63072405C00EB400005EB00108A
:10DA7000084411443022E2F7D4FB002587E0AE9839
:10DA80000BEBC50800EBC50906EB080099ED120B7E
:10DA900090ED001B53EC102B51EC110BE2F715FD30
:10DAA00053EC1A2BE2F789FD41EC180B4FF4F550BB
:10DAB00000EBC50A06EB0A0042F2F41180ED008B80
:10DAC00057F82400095C91B3FF295FD0202101EBB6
:10DAD000851108449FED1D1B90ED000B53EC112B9D
:10DAE00051EC100BE2F7F7FC53EC182BE2F73EFE7B
:10DAF0001CD357F82460282000EB851030449FED9C
:10DB0000151B90ED000B53EC112B51EC100BE2F7B1
:10DB1000E2FC41EC100B06EB0A0090ED001B51EC0F
:10DB2000100B53EC112BE2F739FE2FD216E02DE04B
:10DB3000C8960020D8960020436F7272656374699E
:10DB40006F6E4163746976650D0A0000CDCCCCCC54
:10DB5000CCCCF03FCDCCCCCCCCCCF0BF57F8241003
:10DB600099ED120B01EB080080ED000B57F8241023
:10DB700005F2A34001F50051A1F8F00157F8240087
:10DB800000F50050B0F81011A0F8F2116D1C57F814
:10DB9000246041F62C60805DA8423FF770AF57F8D3
:10DBA0002400002500F50050B84690F8F401142830
:10DBB00031D106F580524746B2F81C1E59B396F88B
:10DBC0000808062801D0082825D1012904D00229F7
:10DBD00021D1B2F81A0EF0B106F5E05696EDA40B7D
:10DBE00006F0CEFA9FED9B1B51EC100B53EC112B62
:10DBF000E2F7BCFD0FD257F824004FF4A06100F506
:10DC00000050A0F8F01157F8240000F50050B0F8CB
:10DC10001011A0F8F21158F82400464600F50060F3
:10DC200053EC192B90ED4E0B51EC100BE2F79EFDCF
:10DC300015D056F824009DED740B00F5006090EDB2
:10DC40004E1B51EC100B53EC112BE2F744FC9DEDF5
:10DC5000761B53EC112BE2F73BFCCDE9760156F82D
:10DC6000240053EC192B00F5006090ED520B51ECA1
:10DC7000100BE2F77BFD15D056F824009DED780BD4
:10DC800000F5006090ED521B51EC100B53EC112B82
:10DC9000E2F721FC9DED7A1B53EC112BE2F718FC07
:10DCA000CDE97A0156F8240053EC192B00F50060F9
:10DCB00090ED540B51EC100BE2F758FD15D056F8CF
:10DCC00024009DED781B00F5006090ED540B51ECA5
:10DCD000110B53EC102BE2F7FEFB9DED7C1B53EC7C
:10DCE000112BE2F7F5FBCDE97C0156F8240053EC4B
:10DCF000192B00F5006090ED560B51EC100BE2F77C
:10DD000035FD15D056F824009DED7A0B00F5006026
:10DD100090ED561B51EC100B53EC112BE2F7DBFB93
:10DD20009DED7C1B53EC112BE2F7D2FBCDE97C017E
:10DD3000594672AF0AE000BF01EBC500104490EDF8
:10DD4000000B07EBC5006D1C80ED000B56F824009E
:10DD5000024600F5805090F82C0EA842ECDC56F8F4
:10DD60002400B04600F58050B0F81A0EF0BB002534
:10DD70004CE000BF40F24C7000EB05103058B0B3DF
:10DD8000E2F79BFC41EC190B4FF4E96000EB051046
:10DD90003058E2F792FC41EC180B4FF4EA6000EBCC
:10DDA00005103056E2F778FC41EC100B07EBC5008C
:10DDB00090ED001B51EC100B53EC112BE2F78BFB99
:10DDC00053EC182BE2F787FB53EC192BE2F7F5FB2A
:10DDD00041EC100B07F008F840F2547000EB05100E
:10DDE000B0EE408AF0EE608A305801E015E007E0BE
:10DDF000E2F752FC53EC182BE2F7C6FAE2F76AFCA2
:10DE00004FF4F85101EB85016D1C705058F82460F7
:10DE100041F62C60805DA842ACDC58F824204FF01D
:10DE2000000B41F62860A2F808B058F824104FF40F
:10DE300074720144AE98E2F7F4F9641CDDF8100442
:10DE40008442F2F666AF0DF5737D0020BDEC108BB9
:10DE5000BDE8FC8F00000000000014402DE9F04FE9
:10DE600098462DED048B83B091460E4604469FEDF7
:10DE7000998B00F5806701F5806597EDDC0B53EC1D
:10DE8000182B51EC100BE2F726FB96ED041B53EC1C
:10DE9000112BE2F783FC02D2D6E9040107E097EDEB
:10DEA000DC0B53EC182B51EC100BE2F714FBC4E91C
:10DEB000BC0195EDDC0B53EC182B51EC100BE2F789
:10DEC0000AFB96ED041B53EC112BE2F767FC02D220
:10DED000D6E9040107E095EDDC0B53EC182B51EC6F
:10DEE000100BE2F7F8FAC5E9220120789FED7B8B51
:10DEF00003281FD194ED700B53EC182B51EC100B31
:10DF0000E2F7E9FA94EDBC1B53EC112BE2F746FC67
:10DF100002D2D4E9BC010BE094ED700BB0EE481ACC
:10DF2000F0EE681A53EC112B51EC100BE2F7D3FA18
:10DF3000C4E9BC0131789FED6B9B04F5407A04F194
:10DF4000400B03291BD196ED700B53EC182B51ECB1
:10DF5000100BE2F7C0FA95ED221B53EC112BE2F700
:10DF60001DFC02D2D5E9220107E096ED700B53ECBF
:10DF7000182B51EC100BE2F7AEFAC5E9220197ED30
:10DF8000DC0B53EC192B51EC100BE2F7EFFB6DD0CF
:10DF900095EDDC0B53EC192B51EC100BE2F7E6FB83
:10DFA00064D030780C2861D0CDE9009895EDDC0B79
:10DFB0000023524606F14001E7F78CF9302259461A
:10DFC00004F55870E2F72DF9CDE9009897EDDC0BD8
:10DFD0002078012304F564725946E7F77BF904229F
:10DFE00003215046E6F7BCF984EDBE0B0422032161
:10DFF0005046E6F769F985ED240B94EDBC0B94EDE2
:10E00000BE1B53EC102B51EC110BE2F75EFA97EDAF
:10E01000DC1B53EC112BE2F7D0FA97EDDA8B53ECC3
:10E02000182BE2F758FA53EC182BE2F7ADF9C7E9D1
:10E03000DA0195ED220B95ED241B53EC102B51ECDE
:10E04000110BE2F742FA95EDDC1B53EC112BE2F7D2
:10E05000B4FA95EDDA8B53EC182BE2F73CFA53EC5B
:10E06000182BE2F791F9C5E9DA0126E05FF0000725
:10E0700007EB470004EB00103022594600F54070D2
:10E08000E2F7CFF87F1C052FF2DB052704F17008BB
:10E0900007EB470004EB00103022414600F54070CA
:10E0A000E2F7BFF87F1C072FF2DB84EDBE9B84ED07
:10E0B000BC9B85ED249B85ED229B4FF4A8725146B5
:10E0C00006F59360E2F7ADF803B00020BDEC048BD9
:10E0D000BDE8F08F000000000000E03F112D445427
:10E0E000FB210940000000000000000070B52DED8C
:10E0F000028BB0EE408AF0EE608A06F075FE10EEFC
:10E10000901A10EE100AE2F7E5FAE2F7C5FA0D46AA
:10E1100045EC110B044653EC182B51EC110BE2F7B4
:10E12000D7F941EC100B06F02BF89FED091B51ECD1
:10E13000100B53EC112BE2F719FB04D245EC104BFA
:10E14000BDEC028B70BDB0EE480AF0EE680AF7E74E
:10E15000F168E388B5F8E43E1C49884201D200200A
:10E1600070471B49884201D20820704719498842EC
:10E1700001D2102070471849884201D218207047F8
:10E180001649884201D2202070471549884201D2A1
:10E19000282070471349884201D230207047124925
:10E1A000884201D2382070471049884201D240206D
:10E1B00070470F49884201D2482070470D49884274
:10E1C00001D25020704758207047000000400008DE
:10E1D0000080000800C000080000010800000208DC
:10E1E00000000408000006080000080800000A08F3
:10E1F00000000C0800000E082DE9F04117460E46FD
:10E200000446B0F1006F2ED3A0072CD1EAF78AF9AB
:10E210000020EAF7FFF81548254604EB87078442FB
:10E220000DD317E02868401C08D02846FFF794FF5C
:10E230000221EAF7FDF8092801D00DE02D1DBD42AD
:10E24000F0D307E020463168EAF74EF9092803D1F8
:10E25000241D361DBC42F5D30120EAF7DBF8BDE8EA
:10E26000F041EAF739B9BDE8F08100000000FF1F76
:10E27000704700002DE9F04399462DED108BADB0AD
:10E2800090469FED78AB91ED040B91ED00FB91ED85
:10E2900002CB8DED240B90ED100B91ED06BB90EDB4
:10E2A0000C9B8DED220B90ED1C0B90ED188B8DEDE2
:10E2B000000B90ED000B90ED34DB8DED080B90ED35
:10E2C000020B53EC1A2B8DED0A0B90ED040B8DED28
:10E2D0000C0B90ED0A0B51EC190B8DED0E0BE2F7C8
:10E2E00045FA06D953EC1A2B51EC180BE2F73EFA1B
:10E2F00006D840F2FD302DB0BDEC108BBDE8F083A8
:10E3000053EC1C2B51EC1F0BE2F73EF80D4645EC8D
:10E31000100B04469FED55CB51EC100B53EC1C2B0E
:10E32000E2F7D9F89FED53AB53EC1A2BE2F745F91E
:10E3300041EC100B05F014FD53EC182B51EC100BB5
:10E34000E2F7C9F841EC1E0B53EC1C2B51EC1F0BF0
:10E35000E2F7C1F80F4647EC100B064653EC1A2BB8
:10E3600051EC100BE2F729F941EC100B05F0F8FC29
:10E3700053EC192B51EC100BE2F7ADF853EC1E2BBC
:10E38000E2F702F845EC104BCDE9140153EC1C2BDD
:10E3900051EC100BE2F79FF853EC1A2BE2F70DF952
:10E3A00041EC100B06F090FD53EC182B51EC100BC8
:10E3B000E2F791F847EC106B41EC180B53EC1A2B79
:10E3C00051EC100BE2F7F9F841EC100B06F07CFD74
:10E3D00053EC192B51EC100BE2F77DF853EC182B92
:10E3E000E1F7D2FFCDE9160153EC1B2B51EC1D0BCD
:10E3F000E2F771F89FED211B53EC112BE2F7DDF8EA
:10E400009DED000B41EC180B53EC102B9DED220BF6
:10E4100051EC100BE1F7B8FF9DED241B53EC112BD1
:10E42000E1F7B2FF53EC182BE1F7AEFF45EC104BD0
:10E43000CDE9180153EC1B2B51EC100BE1F7A4FFB5
:10E4400041EC100B8DED1A0B98ED061BEDF796F9CC
:10E450008DED1A0B4A4608A914A800F057FF0020BA
:10E4600049E700000000000000000000112D4454A6
:10E47000FB21094000000000008066400000000011
:10E48000008076402DE9F0431C462DED108BA3B0A3
:10E4900015460B46064640F2FE399FEDFE8B90ED89
:10E4A000000B6A468DED0C0B90ED020B0CA98DED67
:10E4B0000E0B90ED040B8DED100B90ED0A0B184632
:10E4C0008DED120BE2F70EFC9DED040B9DED00FBB4
:10E4D0009DED02EB8DED180B9DED060B53EC182B0B
:10E4E0008DED200B96ED100B96ED0CDB8DED1E0BDC
:10E4F00096ED1C0B96ED189B8DED1C0B96ED340BD9
:10E500008DED1A0B95ED020B51EC100BE2F72EF985
:10E5100001D2012600E0002653EC182B51EC1D0B14
:10E52000E2F724F906D953EC182B51EC190BE2F75A
:10E530001DF906D840F2FD3023B0BDEC108BBDE8CC
:10E54000F0839FEDD60B51EC1D0B53EC102BE1F734
:10E55000C2FF53EC192BE1F7BEFF41EC1C0B53EC4F
:10E56000192B51EC190BE1F7B6FF41EC1B0B53ECE7
:10E570001D2B51EC1D0BE1F7AEFF41EC1A0B53ECD8
:10E580001E2B51EC1E0BE1F7A6FF41EC180B53ECD0
:10E590001F2B51EC1F0BE1F79EFF53EC182BE1F7FB
:10E5A000F3FE53EC1A2BE1F790FF53EC1B2BE1F732
:10E5B0008CFF53EC1C2BE2F700F841EC180B53ECEA
:10E5C000182BE1F788FF884648EC100B07469FEDB3
:10E5D000B51B51EC100B53EC112BE2F7DFF801D215
:10E5E000B2A01FE048EC107B9FEDB5AB51EC100BD7
:10E5F00053EC1A2BE2F7D2F803D2B0EE4A8AF0EECF
:10E600006A8A9FEDB1BB51EC1F0B53EC1B2BE2F759
:10E61000ADF80BD853EC1B2B51EC1E0BE2F7A6F810
:10E6200004D8ABA004F04AFF484685E79FEDADBB98
:10E630009FEDAECB002E7CD07CD053EC182B51EC50
:10E64000190BE1F748FF53EC1D2BE1F79DFE41EC60
:10E650001D0B53EC182B51EC180BE1F73CFF0F4648
:10E6600047EC100B06469FED961B51EC100B53EC3C
:10E67000112BE1F72DFF41EC100B06F089FCB0EEF9
:10E6800040AAF0EE60AA51EC190B81F0004153EC66
:10E690001A2BE1F720FF41EC100BB0EE4D1AF0EE13
:10E6A0006D1A05F065FA53EC1B2B51EC100BE1F7DA
:10E6B00012FF53EC1C2BE1F780FF41EC190BB0EE7D
:10E6C0004F1AF0EE6F1AB0EE4E0AF0EE6E0A05F039
:10E6D0004FFA53EC1B2B51EC100BE1F7FCFE53EC03
:10E6E0001C2BE1F76AFF53EC192BE1F7EEFE47EC28
:10E6F000106B9FED731BC4E9000153EC112B51EC1F
:10E70000100BE1F7E5FE41EC100B06F041FC51EC7B
:10E71000100B81F0004141EC100B00BFB0EE481A25
:10E72000F0EE681A05F024FA53EC1B2B51EC100B99
:10E7300001E060E0F5E0E1F7CEFE53EC1C2BE1F7E1
:10E740003CFFC4E9020195ED001B94ED000BEDF7D1
:10E7500015F884ED000B95ED021B94ED020BEDF71F
:10E760000DF884ED020BB0EE408AF0EE608A94ED75
:10E77000001B9DED200B53EC112B51EC100BE1F71E
:10E78000A4FEB0EE480AF0EE680A53EC102BE1F755
:10E790009CFE41EC100B84ED060B95ED061BECF78F
:10E7A000EDFF84ED060B53EC102B9DED1A0B51EC95
:10E7B000100BE1F790FE9FED4F1B53EC112BE1F78F
:10E7C000FCFE9DED1E0B41EC180B53EC102B9DED48
:10E7D000180B51EC100BE1F778FE9DED1C1B53EC70
:10E7E000112BE1F772FE53EC182BE1F76EFEC4E932
:10E7F00004010020A0E653EC182B51EC190BE1F7B3
:10E800006AFE53EC1D2BE1F7BFFD41EC1D0B53ECF1
:10E81000182B51EC180BE1F75EFE0F4647EC100B7E
:10E82000064653EC1A2B51EC100BE1F751FE41EC6C
:10E83000100B06F0ADFB53EC192B51EC100BE1F76C
:10E840004AFE41EC100BB0EE4D1AF0EE6D1A05F0D9
:10E850008FF953EC1B2B51EC100BE1F73CFE53EC02
:10E860001C2BE1F7AAFE41EC190BB0EE4F1AF0EEAB
:10E870006F1AB0EE4E0AF0EE6E0A05F079F953EC1D
:10E880001B2B51EC100BE1F726FE53EC1C2BE1F790
:10E8900094FE33E0000000000000000000000000D3
:10E8A0000000004072C45A7C0A00F03F536361725A
:10E8B00061496E766572736520310D0A00000000B3
:10E8C000000000000000F03FF168E388B5F8E43E86
:10E8D0005363617261496E766572736520320D0A09
:10E8E000000000000000000000806640112D44542C
:10E8F000FB210940000000000080764053EC192BFA
:10E90000E1F7E3FD47EC106BC4E9000153EC1A2B6F
:10E9100051EC100BE1F7DCFD41EC100B06F038FB7D
:10E92000FCE64FF4806007E62DE9F04F14462DED2C
:10E93000108BA7B0054691ED000B91ED02EB91ED28
:10E9400004DB91ED06CB9FEDDBBB51EC100B53ECE0
:10E950001B2BE1F7C0FD0F4647EC100B06469FED61
:10E96000D78B51EC100B53EC182BE1F726FE41EC42
:10E97000100B05F0F5F9B0EE40AAF0EE60AA47ECF6
:10E98000106B53EC182B51EC100BE1F716FE41EC19
:10E99000100B06F099FAB0EE409AF0EE609A53EC44
:10E9A0001B2B51EC1E0BE1F796FD0F4647EC100BAD
:10E9B000064653EC182B51EC100BE1F7FEFD41EC31
:10E9C000100B05F0CDF9B0EE40EAF0EE60EA47EC4E
:10E9D000106B53EC182B51EC100BE1F7EEFD41ECF2
:10E9E000100B06F071FA8DED040B53EC1B2B51EC60
:10E9F0001D0BE1F770FD0F4647EC100B064653EC7C
:10EA0000182B51EC100BE1F7D8FD41EC100B05F081
:10EA1000A7F947EC106B53EC182B51EC100BE1F7F6
:10EA2000CCFD41EC100B06F04FFA53EC1B2B51ECD4
:10EA30001C0BE1F750FD0F4647EC100B064653EC5C
:10EA4000182B51EC100BE1F7B8FD41EC100B05F061
:10EA500087F947EC106B53EC182B51EC100BE1F7D6
:10EA6000ACFD41EC100B06F02FFA95ED1C0B95ED6B
:10EA70000C8B95ED10FB95ED18BB8DED220B95EDF4
:10EA8000340B8DED200B9FED8F0B51EC180B53ECDD
:10EA9000102BE1F76BFE08D99FED8A0B51EC1B0B95
:10EAA00053EC102BE1F762FE06D840F2FD3027B0A0
:10EAB000BDEC108BBDE8F08F9FED820B53EC182B53
:10EAC00084ED000B84ED020B84ED040B51EC1A0B6A
:10EAD0002834E1F700FDC4E9020153EC182B51EC96
:10EAE000190BE1F7F8FCC4E9040184ED06FB53ECD3
:10EAF0001B2B51EC1E0BE1F7EEFC8B464BEC100B85
:10EB0000074653EC182B51EC100BE1F73DFC9DED43
:10EB1000040B41EC1E0B53EC1B2B51EC100BE1F7DB
:10EB2000DAFC8A464AEC1B0B064653EC1B2B51ECD5
:10EB3000190BE1F7D0FC41EC100B53EC1E2B8DEDC3
:10EB4000240B51EC1A0BE1F7C6FC9DED240B53ECA2
:10EB5000102BE1F7BAFCC4E90E0153EC1B2B51EC6E
:10EB60001A0BE1F7B8FC41EC1B0B53EC1E2B51ECDC
:10EB7000190BE1F7B0FC53EC1B2BE1F705FCC4E9E2
:10EB800010019DED220B51EC1F0B53EC102BE1F704
:10EB9000FBFB894680464BEC107B53EC182B51EC69
:10EBA000100BC4E91289E1F7EFFB9DED200B41EC5E
:10EBB000180B4AEC1B6B53EC102B51EC1C0BE1F7C0
:10EBC0008AFC9FED421B53EC112BE1F7F6FC53EC52
:10EBD0001D2BE1F7D9FB41EC1C0B53EC1B2B51EC2B
:10EBE000190BE1F778FC41EC1D0B53EC182B51ECA1
:10EBF0001A0BE1F770FC53EC1D2BE1F766FCC4E93E
:10EC00001A0153EC1B2B51EC1A0BE1F764FC41EC9D
:10EC10001A0B53EC182B51EC190BE1F75CFC53EC7D
:10EC20001A2BE1F7B1FB49EC108BC4E91C0153EC42
:10EC30001C2B51EC100BE1F7A7FBC4E91E0195ED6D
:10EC4000000B9FED208B8DED0E0B95ED020B6E46AC
:10EC50008DED100B95ED040B8DED120B95ED0A0B60
:10EC600000258DED140B283C05EB4501002004EB3D
:10EC7000011200BF02EBC00191ED000B06EBC001D9
:10EC8000401C81ED000B0328F4DB032006EBC001E0
:10EC9000B0EE480AF0EE680A401C81ED000B062831
:10ECA000F4DB0EA9684600F031FB6D1C042DDBDBA4
:10ECB0000020FCE6112D4454FB2109400000000017
:10ECC000008066400000000000000000000000001E
:10ECD000008076402DE9F14F86B04FF000097A4C64
:10ECE00001258DF80C9003AE0095CDE9016441F645
:10ECF00012474B464A463946069807F051FF4FF4F3
:10ED0000B05AADF814A00DF1140B0221CDE9001B8F
:10ED10000023012202943946069807F041FF8DF83E
:10ED20000C500095CDE9016400231A463946069837
:10ED300007F036FF8DF80C900095CDE901640023B3
:10ED40001A465146069807F02BFF60484FF004081A
:10ED500004AFCDF800800490CDE9017400230122B6
:10ED60005146069807F01CFF5948CDF800800490E2
:10ED7000CDE90174002302225146069807F010FFE6
:10ED80005448CDF800800490CDE90174002303229B
:10ED90005146069807F004FF03208DF80C000095FB
:10EDA000CDE9016400231A465146069807F0F8FEA3
:10EDB0008DF80C900095CDE9016400231A4641F6C8
:10EDC0001341069807F0ECFE4FF4D05AADF814A0AA
:10EDD0000221CDE9001B00230122029441F61341D8
:10EDE000069807F0DDFE8DF80C500095CDE9016422
:10EDF00000231A4641F61341069807F0D1FE8DF81C
:10EE00000C900095CDE9016400231A4651460698FE
:10EE100007F0C6FE3048CDF800800490CDE90174BB
:10EE2000002301225146069807F0BAFE2B48CDF880
:10EE300000800490CDE90174002302225146069817
:10EE400007F0AEFE2648CDF800800490CDE90174AD
:10EE5000002303225146069807F0A2FE2148CDF870
:10EE600000800490CDE901740023042251460698E5
:10EE700007F096FE1C48CDF800800490CDE901749F
:10EE8000002305225146069807F08AFE05208DF8DA
:10EE90000C000095CDE9016400231A4651460698FE
:10EEA00007F07EFE08208DF80C000095CDE9016486
:10EEB00000231A4646F26001069807F071FE07B07B
:10EEC0000120BDE8F08F000060AE0A001000406035
:10EED00020007A60080060601000416020006460DB
:10EEE00020006C6010003F60080061600CB50020DD
:10EEF0002749019000900A6842F480320A604FF47A
:10EF0000A0430A6802F400320092019A521C019256
:10EF1000009A12B9019A9A42F3D10A68920334D541
:10EF2000012000901A484030026842F0805202608E
:10EF30001848026842F440420260154808300268EE
:10EF40000260026842F400420260026842F4A05289
:10EF50000260031F104A1A600A6842F080720A6059
:10EF60000A689201FCD50D4A40F2057111600168F2
:10EF700021F003010160016841F0020101600168B4
:10EF8000C1F381010229FAD10CBD00900CBD000033
:10EF9000003802400070004019544007003C024015
:10EFA0002DE9F04104462DED108B86B0B0EE44AA59
:10EFB000F0EE64AAB0EE45CAF0EE65CAB0EE40BA13
:10EFC000F0EE60BA9DED1E9B9DED1C8B9FEDCB0B73
:10EFD0008DED023B8DED007BB0EE42FAF0EE62FA71
:10EFE000B0EE46EAF0EE66EAB0EE41DAF0EE61DA53
:10EFF00053EC192B51EC100BE1F767FA88460746E2
:10F000009FEDC00B51EC180B53EC102BE1F7AEFB4E
:10F010005AD253EC192B51EC1A0BE1F75CFA48EC7D
:10F02000107B41EC180B53EC1B2B51EC100BE1F750
:10F0300052FA53EC182BE1F7A7F9C4E9000153EC9D
:10F04000192B51EC1C0BE1F746FA48EC107B41EC14
:10F05000180B53EC1D2B51EC100BE1F73CFA53EC61
:10F06000182BE1F791F9C4E9020153EC192B51EC8B
:10F070001E0BE1F730FA48EC107B41EC180B53EC17
:10F080001F2B51EC100BE1F726FA53EC182BE1F78C
:10F090007BF9C4E904019DED000B53EC192B51ECF5
:10F0A000100BE1F718FA48EC107B9DED021B41ECC8
:10F0B000180B53EC112B51EC100BE1F70CFA41EC4F
:10F0C000100B53EC182B09E1B0EE480AF0EE680A79
:10F0D00005F0FAFE8DED040B53EC182B51EC190BD7
:10F0E000E1F7F9F90E46054646EC100B05F0ECFE8B
:10F0F00053EC1A2B51EC100BE1F7EDF99DED040BDD
:10F1000053EC102BE1F759FA41EC1A0BB0EE480A18
:10F11000F0EE680A05F0D8FEB0EE409AF0EE609A84
:10F1200048EC107B53EC182B51EC100BE1F7D3F9A2
:10F1300041EC100B05F0C8FE53EC1B2B51EC100BEF
:10F14000E1F7C9F953EC192BE1F737FA53EC1A2B15
:10F15000E1F71AF9B0EE480AF0EE680AC4E90001D6
:10F1600005F0B2FEB0EE409AF0EE609A46EC105B0D
:10F1700005F0AAFE53EC1C2B51EC100BE1F7ABF998
:10F1800053EC192BE1F719FA41EC1A0BB0EE480ACF
:10F19000F0EE680A05F098FEB0EE409AF0EE609A44
:10F1A00048EC107B53EC182B51EC100BE1F793F962
:10F1B00041EC100B05F088FE53EC1D2B51EC100BAD
:10F1C000E1F789F953EC192BE1F7F7F953EC1A2B16
:10F1D000E1F7DAF8B0EE480AF0EE680AC4E9020195
:10F1E00005F072FEB0EE409AF0EE609A46EC105BCD
:10F1F00005F06AFE53EC1E2B51EC100BE1F76BF996
:10F2000053EC192BE1F7D9F941EC190BB0EE480A90
:10F21000F0EE680A05F058FEB0EE40AAF0EE60AAE3
:10F2200048EC107B53EC182B51EC100BE1F753F921
:10F2300041EC100B05F048FE53EC1F2B51EC100B6A
:10F24000E1F749F953EC1A2BE1F7B7F953EC192B15
:10F25000E1F79AF8B0EE480AF0EE680AC4E9040152
:10F2600005F032FEB0EE409AF0EE609A46EC105B8C
:10F2700005F02AFE9DED001B51EC100B53EC112BF9
:10F28000E1F729F953EC192BE1F797F941EC190B48
:10F29000B0EE480AF0EE680A05F016FEB0EE40AA9D
:10F2A000F0EE60AA48EC107B53EC182B51EC100BDD
:10F2B000E1F711F941EC100B05F006FE9DED021B84
:10F2C00051EC100B53EC112BE1F705F953EC1A2B11
:10F2D000E1F773F953EC192B41EC100B51EC100BC7
:10F2E000E1F752F8C4E906012046ECF775FB06B0D9
:10F2F0000020BDEC108BBDE8F08100000000000094
:10F300000000F03FF168E388B5F8E43E70B51646BA
:10F310002DED068B0C46054691ED060B9FED508BAF
:10F3200051EC100B53EC182BE1F7D5F89FED4E9BE9
:10F3300053EC192BE1F741F941EC100B05F0C4FD3A
:10F3400095ED021B51EC100B53EC112BE1F7C3F8B8
:10F3500094ED060B41EC1A0B53EC182B51EC100BEF
:10F36000E1F7B9F853EC192BE1F727F941EC100B51
:10F3700004F0F6FC95ED001B51EC100B53EC112B37
:10F38000E1F7A9F853EC1A2BE1F79FF894ED001B75
:10F3900053EC112BE0F7F8FFC6E9000194ED060BE2
:10F3A00053EC182B51EC100BE1F795F853EC192B9B
:10F3B000E1F703F941EC100B04F0D2FC95ED021BD0
:10F3C00051EC100B53EC112BE1F785F894ED060B83
:10F3D00041EC1A0B53EC182B51EC100BE1F77BF8B6
:10F3E00053EC192BE1F7E9F841EC100B05F06CFD3B
:10F3F00095ED001B51EC100B53EC112BE1F76BF862
:10F4000053EC1A2BE0F7C0FF94ED021B53EC112BC9
:10F41000E0F7BAFFC6E9020194ED041B95ED040B79
:10F4200053EC112B51EC100BE0F7AEFFC6E90401D1
:10F4300094ED061B95ED060B53EC112B51EC100BC4
:10F44000E0F7A2FF41EC100B9FED091B86ED060BC8
:10F45000ECF794F986ED060B0020BDEC068B70BD31
:10F46000112D4454FB21094000000000008066403B
:10F47000000000000000000070B50E462DED0A8B64
:10F480001831B0EE42AAF0EE62AAB0EE41BAF0EE48
:10F4900061BAB0EE40CAF0EE60CA91EC060BBCB0A7
:10F4A000044615466846E5F79FFC04F1180112A8CA
:10F4B00091EC060BE5F798FC94ED041B9DED040B15
:10F4C00053EC112B51EC100BE1F705F894ED020B06
:10F4D0009DED021B41EC180B53EC102B51EC110B62
:10F4E000E0F7F9FF94ED001B9DED000B41EC190BCB
:10F4F00053EC112B51EC100BE0F7EDFF53EC192BF3
:10F50000E0F742FF53EC182BE0F73EFF96ED001BAF
:10F5100053EC112BE0F738FFC5E9000194ED040B23
:10F520009DED0A1B53EC102B51EC110BE0F7D3FFB0
:10F5300094ED021B9DED080B41EC180B53EC112BC5
:10F5400051EC100BE0F7C7FF94ED001B9DED060B8F
:10F5500041EC190B53EC112B51EC100BE0F7BBFFF6
:10F5600053EC192BE0F710FF53EC182BE0F70CFFCE
:10F5700096ED021B53EC112BE0F706FFC5E90201E3
:10F5800094ED041B9DED100B53EC112B51EC100B63
:10F59000E0F7A1FF94ED021B9DED0E0B41EC180B63
:10F5A00053EC112B51EC100BE0F795FF94ED001B81
:10F5B0009DED0C0B41EC190B53EC112B51EC100B86
:10F5C000E0F789FF53EC192BE0F7DEFE53EC182B24
:10F5D000E0F7DAFE96ED041B53EC112BE0F7D4FEB6
:10F5E000C5E9040124AA12A96846EAF75DFA3AAB14
:10F5F00038AA36A9B0EE4A2AF0EE6A2AB0EE4B1AC3
:10F60000F0EE6B1AB0EE4C0AF0EE6C0A24A8E6F7A6
:10F6100053FB9FED128B9DED360BB0EE481AF0EECA
:10F62000681AECF7ABF885ED060BB0EE481AF0EE71
:10F63000681A9DED380BECF7A1F885ED080BB0EEDC
:10F64000481AF0EE681A9DED3A0BECF797F885ED45
:10F650000A0B3CB00020BDEC0A8B70BD000000001E
:10F6600000000000F0B5A5B00D4604461E46174642
:10F67000302118A8E0F7EEFD302221461348E0F7CC
:10F68000D0FD1248302229463030E0F7CAFD0F483D
:10F69000302239466030E0F7C4FD0C483022314654
:10F6A0009030E0F7BEFD6A4629462046FFF72EFE61
:10F6B0000CAA394618A8E1F715FB324669460CA892
:10F6C000FFF724FE25B00020F0BD000020B7002089
:10F6D000F0B50C462DED068BA5B005461E46B0EEE6
:10F6E000428AF0EE628AB0EE419AF0EE619AB0EE94
:10F6F00040AAF0EE60AA1746302118A8E0F7AAFD4C
:10F700006A46B0EE482AF0EE682AB0EE491AF0EEEA
:10F71000691AB0EE4A0AF0EE6A0A21462846FFF757
:10F72000ABFE0CAAB0EE482AF0EE682AB0EE491AF9
:10F73000F0EE691AB0EE4A0AF0EE6A0A394618A8E5
:10F74000E1F7F2FB3246B0EE482AF0EE682AB0EE5E
:10F75000491AF0EE691AB0EE4A0AF0EE6A0A6946F2
:10F760000CA8FFF789FE25B00020BDEC068BF0BD8C
:10F770004FF0E0210428086903D020F0040008615C
:10F78000704740F00400FAE770B51A4C20681A4A36
:10F7900010F00C01194804D0194D042903D0082990
:10F7A00003D002601BE0056019E01249091F0B68D5
:10F7B000C3F380560B6803F03F0316B1B5FBF3F2B9
:10F7C00001E0B2FBF3F20B680968C3F388135A43F4
:10F7D000C1F30141491C4900B2FBF1F1016021680C
:10F7E000064AC1F30311121D515C0268CA4002604F
:10F7F00070BD0000083802400024F400940000208E
:10F8000040787D01124810B5016841F47001016033
:10F810001048016841F0010101600E4A00210832E0
:10F82000116002680C4B1A400260031D0B4A1A60FB
:10F83000026822F48022026006480C300160FFF763
:10F8400055FB03494FF000608039086010BD00008F
:10F8500088ED00E000380240FFFFF6FE1030002483
:10F860003EB50C46054601210846EDF75FFAADF8B6
:10F8700000400020ADF80200ADF808004FF08044D1
:10F8800001956946204600F0BFF80121204600F0AE
:10F890009AF83EBD70B50F4C0121204600F09FF84C
:10F8A000012810D10C480F4B01680C4801600C482E
:10F8B00002688A1A1A600C4B1D68AA4200D91A60A5
:10F8C000016007F00FFA2046BDE87040012100F00A
:10F8D00077B8000000040040400100205C010020D7
:10F8E00060010020640100206801002010B50A4C6E
:10F8F0000121204600F073F8012806D10749086865
:10F90000401C0860064800F0DBF82046BDE81040C7
:10F91000012100F055B80000000C00403C0100201F
:10F920006403002010B5084C0121204600F057F870
:10F93000012803D105490868401C08602046BDE83D
:10F940001040012100F03CB80010004040010020B0
:10F950007FB501211020EDF7E9F95320ADF8000043
:10F9600000246320154D0190ADF80840ADF8024029
:10F970008DF80A406946284600F046F84FF4A0602A
:10F98000EBF7BCFF36208DF80C008DF80D400320FE
:10F990008DF80E0001208DF80F0003A8EBF77CFF17
:10F9A0000121284600F00CF801221146284600F0FB
:10F9B00022F80121284600F006F87FBD0010004023
:10F9C000C943018270470029018802D041F001013A
:10F9D00001E021F0010101807047406A7047024652
:10F9E0000020138A92890B4202EA010202D0002A07
:10F9F00000D001207047002A828901D00A4300E02C
:10FA00008A4382817047000030B50288164B174C3C
:10FA100098420DD0A0420BD0B0F1804F08D0144DC9
:10FA2000A84205D0134DA84202D0134DA84203D1DD
:10FA300022F070054A882A43104DA84206D0104D86
:10FA4000A84203D022F440750A892A4302804A68FA
:10FA5000C2620A880285984201D0A04201D1897A07
:10FA600001860121818230BD000001400004014077
:10FA70000004004000080040000C0040001000405E
:10FA8000001400402DE9F04100240546A0460B4F2C
:10FA90000EE000BF04EB440615F82600012805D14E
:10FAA00005EB86008068804705F82680641CE4B278
:10FAB00038788442EED3BDE8F0810000AC0300202A
:10FAC00070B50C4A00210126147810E001EB4105C5
:10FAD00000EB8502538843B15B1E1B041B0C538053
:10FAE00003D19388538000F82560491CC9B2A14214
:10FAF000ECD370BDAC0300200149052008707047AD
:10FB0000AC0300207047704710B5054C2079C00742
:10FB100002D1012006F000FD6068401C606010BD4D
:10FB2000A00300200FF0E2BB2DE9F04F2DED048B78
:10FB300081B0DFF82CA3CB4CCB489AF800108AF8A0
:10FB40000010CA49256805600868C94A281A10606B
:10FB5000C84A1368984200D910600D60F021C64869
:10FB6000E0F778FBC4480024DFF810B30560C44810
:10FB700006684EE0C348C44A50F8241051F8020FFA
:10FB800042F8240080464868C049814641F8240074
:10FB9000BF4850F82400E0F7D5FD41EC190BBD48F3
:10FBA00050F82400E0F778FD41EC180B0091BA49B9
:10FBB000074651F82410A8EB01004FF4B4714843F4
:10FBC000B64951F824104843E0F766FD53EC182B72
:10FBD000E0F7F3FC53EC192BE0F7EFFCB04A02EB33
:10FBE000C402C2E900010099484641EC187BE0F7E5
:10FBF00053FD53EC182BE0F7E0FC9FEDAA1B53ECF0
:10FC0000112BE0F768FCE0F7E1FD4BF82400641CE1
:10FC1000A4B2B442AEDBA64F0020A4495A463B78BA
:10FC200015E000BF02EB800494ED000A01EB8004B4
:10FC300094ED001AF0EEC00AB0EEC11AF4EEC10A5B
:10FC4000F1EE10FA01DD84ED000A401C80B298420A
:10FC5000E8D3DFF824829749DFF80892C8F8045007
:10FC60000878954C0C2803D08B460A283BD0CCE072
:10FC700092489449027892489FED938B944B006888
:10FC800009681D68484300EB80004000A2B1E0F71E
:10FC900003FD53EC182BE0F71EFC41EC180B54F855
:10FCA0002500E0F7F9FC53EC182BE0F76DFBE0F7CB
:10FCB00011FD44F82500A8E0E0F7EEFC53EC182B0A
:10FCC000E0F709FC41EC180B824850F8254054F845
:10FCD000020FE0F7E1FC53EC182BE0F755FBE0F7DF
:10FCE000F9FC206091E07C487C4E0078032816D017
:10FCF00001217B48C8F80850F0F7D8FFD9F8000078
:10FD0000C8F85800774800780EF07CFE764890F8E6
:10FD1000F401142827D050B3FF282DD02FE03368EA
:10FD200065485B1C3360D0E900218068B3F57A7FB9
:10FD30000AD2A2F50052C43AA0F50050C438A1F589
:10FD40000051C439226008E0B3F5FA6F08D242F2DC
:10FD5000C4031A44194418442260C4E9011054E051
:10FD60000020306051E03068401C306007E03068AF
:10FD7000052804D9012100E00D218BF80010002591
:10FD80003E7840E0424850F82500E0F7DBFC41ECCB
:10FD9000180B404850F82500E0F77EFC41EC190BA9
:10FDA0003E4850F82500E0F777FC41EC100B4C483A
:10FDB00000EBC50000F5E05090ED9C1B51EC100BE2
:10FDC00053EC112BE0F787FB9FED481B53EC112BF5
:10FDD000E0F7F3FB53EC192BE0F77DFB53EC182B0A
:10FDE000E0F779FB41EC180B2B4850F82500E0F7C1
:10FDF00053FC53EC182BE0F7C7FAE0F76BFC44F820
:10FE000025006D1CEDB2B542BCD3D9F80010C8F87E
:10FE10007410D8F80000374D0F1A642F2F6012D9D4
:10FE20009AF8014014495646E0074FF0F00215D009
:10FE3000314800BFE0F7F5F9641C74703A460A21B6
:10FE40002EA003F03BFB324928680A68904200D993
:10FE5000086001B0BDEC048BBDE8F08F2D48E9E7E8
:10FE6000A0030020400100204C0100205001002090
:10FE70005401002058010020506E0020CC6D00205D
:10FE8000680000207C9600209C6D0020B46D00204E
:10FE900070010020E0020020307000208801002066
:10FEA000D8B600200000000000004E40E46D0020A5
:10FEB0000001002015010020FC6D00202901002018
:10FEC000FC02002000030020FCA9F1D24D62503F4B
:10FED000F8020020649600203A0100202C01002046
:10FEE000487000201A010020489000200000000007
:10FEF0000080764044010020B86F00207469636B75
:10FF0000203E2025642C25646D730D0A000000003E
:10FF100048010020406F002030B50D462DED0C8BC0
:10FF20000446C3B090ED0C1B90ED000B53EC112B6D
:10FF300051EC100BE0F7C9FA9FEDFD8B53EC182B39
:10FF4000E0F7C9FACDE9040194ED0E1B94ED020B24
:10FF500053EC112B51EC100BE0F7B7FA53EC182BC4
:10FF6000E0F7B9FACDE9060194ED101B94ED040B0E
:10FF700053EC112B51EC100BE0F7A7FA53EC182BB4
:10FF8000E0F7A9FACDE9080194ED100B53EC102B22
:10FF900051EC100BE0F79FFA94ED040B41EC1D0BB4
:10FFA00053EC102B51EC100BE0F795FA94ED0E0B7F
:10FFB00041EC1C0B53EC102B51EC100BE0F78BFABF
:10FFC00094ED020B41EC1B0B53EC102B51EC100B7E
:10FFD000E0F781FA94ED0C0B41EC1A0B53EC102B6B
:10FFE00051EC100BE0F777FA94ED000B41EC190B94
:10FFF00053EC102B51EC100BE0F76DFA53EC192B6E
:020000040802F0
:10000000E0F763FA53EC1A2BE0F7BEF953EC1B2B25
:10001000E0F75BFA53EC1C2BE0F7B6F953EC1D2B21
:10002000E0F753FACDE90A0194ED181B94ED000BAB
:1000300053EC112B51EC100BE0F747FA53EC182B53
:10004000E0F749FACDE90C0194ED1A0B94ED021B8F
:1000500053EC102B51EC110BE0F737FA53EC182B43
:10006000E0F739FACDE90E0194ED1C1B94ED040B79
:1000700053EC112B51EC100BE0F727FA53EC182B33
:10008000E0F729FACDE9100194ED1C0B53EC102B8D
:1000900051EC100BE0F71FFA94ED040B41EC1D0B33
:1000A00053EC102B51EC100BE0F715FA94ED1A0BF2
:1000B00041EC1C0B53EC102B51EC100BE0F70BFA3E
:1000C00094ED020B41EC1B0B53EC102B51EC100B7D
:1000D000E0F701FA94ED180B41EC1A0B53EC102BDE
:1000E00051EC100BE0F7F7F994ED000B41EC190B14
:1000F00053EC102B51EC100BE0F7EDF953EC192BEE
:10010000E0F7E3F953EC1A2BE0F73EF953EC1B2B25
:10011000E0F7DBF953EC1C2BE0F736F953EC1D2B21
:10012000E0F7D3F9CDE9120194ED241B94ED000B17
:1001300053EC112B51EC100BE0F7C7F953EC182BD3
:10014000E0F7C9F9CDE9140194ED261B94ED020BFB
:1001500053EC112B51EC100BE0F7B7F953EC182BC3
:10016000E0F7B9F9CDE9160194ED281B94ED040BE5
:1001700053EC112B51EC100BE0F7A7F953EC182BB3
:10018000E0F7A9F9CDE9180194ED280B53EC102BF9
:1001900051EC100BE0F79FF994ED040B41EC1D0BB3
:1001A00053EC102B51EC100BE0F795F994ED260B66
:1001B00041EC1C0B53EC102B51EC100BE0F78BF9BE
:1001C00094ED020B41EC1B0B53EC102B51EC100B7C
:1001D000E0F781F994ED240B41EC1A0B53EC102B52
:1001E00051EC100BE0F777F994ED000B41EC190B93
:1001F00053EC102B51EC100BE0F76DF953EC192B6D
:10020000E0F763F953EC1A2BE0F7BEF853EC1B2B25
:10021000E0F75BF953EC1C2BE0F7B6F853EC1D2B21
:10022000E0F753F9CDE91A0194ED300B94ED001B82
:1002300053EC102B51EC110BE0F747F953EC182B52
:10024000E0F749F9CDE91C0194ED321B94ED020B66
:1002500053EC112B51EC100BE0F737F953EC182B42
:10026000E0F739F9CDE91E0194ED340B94ED041B50
:1002700053EC102B51EC110BE0F727F953EC182B32
:10028000E0F729F9CDE9200194ED340B53EC102B64
:1002900051EC100BE0F71FF994ED040B41EC1B0B34
:1002A00053EC102B51EC100BE0F715F994ED320BD9
:1002B00041EC1A0B53EC102B51EC100BE0F70BF93F
:1002C00094ED020B41EC190B53EC102B51EC100B7D
:1002D000E0F701F994ED300B41EC180B53EC102BC7
:1002E00051EC100BE0F7F7F894ED000B41EC1C0B10
:1002F00053EC102B51EC100BE0F7EDF853EC1C2BEA
:10030000E0F7E3F853EC182BE0F73EF853EC192B29
:10031000E0F7DBF853EC1A2BE0F736F853EC1B2B25
:10032000E0F7D3F8CDE9220104A800F0B1F903E029
:1003300000000000000000409FED498B002822D102
:100340009DED040B03F01CFF53EC182B51EC100B2C
:10035000E0F70CFA15D39DED0E0B03F011FF53ECF3
:10036000182B51EC100BE0F701FA0AD39DED180B96
:1003700003F006FF53EC182B51EC100BE0F7F6F9E5
:1003800005D240F2064043B0BDEC0C8B30BD9DED74
:10039000180B9DED1A1B53EC102B51EC110BE0F7D1
:1003A0000CF941EC180B8DED348B9DED100B53ECDB
:1003B000102BE0F790F89DED121B53EC112BE0F79A
:1003C00087F89DED0E1B53EC112BE0F7F6F841EC8E
:1003D000100B8DED320B9DED061B53EC112BE0F74E
:1003E0007AF89DED080B41EC190B53EC102B51ECF6
:1003F000180BE0F770F89DED0A1B53EC112BE0F79A
:1004000067F853EC192BE0F760F89DED041B53ECF3
:10041000112BE0F7D2F8CDE9300194ED060B04F191
:1004200018008DED360B94ED080B24AA8DED380BDA
:1004300094ED0A0B21468DED3A0B90EC060B30A89B
:10044000E0F772FD9DED240B002085ED000B9DED86
:10045000260B85ED020B9DED280B85ED040B92E735
:10046000F168E388B5F8E43E2DE9F04117462DED3B
:10047000068B0A001E4601469FED7F9B9FED80ABD9
:100480009FED818B0C9C00F1080040F2FF3307D0F8
:10049000012A7CD0DD1EBDEC068B2846BDE8F0812C
:1004A00009780B2963D2DFE801F00638623E494F34
:1004B00055625C62630097ED000B53EC192B51EC15
:1004C000100BE0F708F853EC1A2BE0F776F8C4E9C4
:1004D000000197ED020B53EC192B51EC100BDFF7D9
:1004E000FAFF53EC1A2BE0F768F8C4E9020197ED24
:1004F000040B53EC192B51EC100BDFF7ECFF53EC12
:100500001A2BE0F75AF8C4E9040184ED068B84ED58
:10051000088B84ED0A8B00252AE0234632463946B3
:10052000FDF7A8FE04E0234632463946E5F72CFEE7
:1005300084ED088B054684ED0A8B19E0234632468C
:100540003946EBF747FBF3E7234632463946EFF7E8
:1005500019FF04E0234632463946E1F7EDF8054637
:1005600006E023463246394600F0DAFAF7E71D4640
:100570005FF0000604EBC60797ED000BFDF7B6FD34
:10058000761C87ED000B062EF4DB84E7FFE7097885
:100590000B2963D2DFE801F00638623E494F55620D
:1005A0005C62630096ED000B53EC192B51EC100BC1
:1005B000E0F703F853EC1A2BDFF78DFFC4E90001D5
:1005C00096ED020B53EC192B51EC100BDFF7F5FFF6
:1005D00053EC1A2BDFF77FFFC4E9020196ED040B01
:1005E00053EC192B51EC100BDFF7E7FF53EC1A2BF0
:1005F000DFF771FFC4E9040184ED068B84ED088BFD
:1006000084ED0A8B00252AE023463A463146FDF761
:1006100039FF04E023463A463146E6F75DFA84EDB9
:10062000088B054684ED0A8B19E023463A4631468D
:10063000EBF718FCF3E723463A463146F0F702F9A8
:1006400004E023463A463146E1F78CFD054606E0D4
:1006500023463A46314600F027FFF7E71D460026BD
:1006600004EBC60797ED000BFDF740FD761C87ED08
:10067000000B062EF4DB0EE7000000000000244013
:100680000000000000807640000000000000000034
:100690002DE9F04F80462DED048BC7B020227E4916
:1006A0002AA8DFF7BEFD00240DF1880B9FED7B8BA0
:1006B00020465E460BE000BF08EB401101EBC40191
:1006C00091ED000B06EBC001401C81ED000B0428EE
:1006D000F2DB06EBC40053EC182B90ED000B51EC51
:1006E000100BE0F743F802D24FF0FF3000E001209A
:1006F000DFF7D2FF41EC190B214622A8EBF708F9EE
:1007000053EC192B51EC100BDFF7E5FE2AAF07EB8A
:10071000C402B146C2E90001254634AE13E000BF71
:1007200007EBC50090ED000B09EBC50053EC102B57
:1007300090ED001B51EC110BDFF726FE06EBC50216
:100740006D1CC2E90001042DEADB214634A8EBF759
:10075000DFF8B0EE409AF0EE609A03F011FD9FEDE5
:10076000511B51EC100B53EC112BDFF7FFFF06D29E
:1007700040F2064047B0BDEC048BBDE8F08F254643
:10078000B1460CE009EBC50653EC192B96ED000BB6
:1007900051EC100BDFF711FFC6E900016D1C042DB1
:1007A000F0DB264628E000BF3CA800EBC607B0EE11
:1007B000480AF0EE680A87ED000B254619E000BFF5
:1007C00008EB451000EBC60090ED000B09EBC500EF
:1007D00053EC102B90ED001B51EC110BDFF77BFE5F
:1007E00097ED001B53EC112BDFF7CEFDC7E900019D
:1007F0006D1C042DE4DB761C042ED5DB26460DF1A2
:10080000F00A1BE034A86946254601EB461900EBC7
:10081000C60710E00AEBC50097ED001B90ED000B3A
:1008200051EC110B53EC102BDFF755FE09EBC50211
:100830006D1CC2E90001042DECDB761C042EE1DB0B
:10084000264621E06846254600EB46199FED179B9A
:1008500008EB461A15E000BF09EBC50053EC192B55
:1008600090ED000B51EC100BDFF735FE0AEBC507DE
:1008700097ED001B53EC112BDFF72AFEC7E90001AF
:100880006D1C042DE8DB761C042EDBDB641C032CC2
:10089000FFF60EAF00206DE7F8FF02080000000031
:1008A00000000000F168E388B5F8E43E00000000B5
:1008B0000000004070B5074C054640212046E8F78F
:1008C00039F8284600F0BEF82046BDE870404021C7
:1008D000E8F72EB80018024070B5074C0546802195
:1008E0002046E8F727F8284602F088FB2046BDE8B6
:1008F00070408021E8F71CB80018024070B5154C14
:1009000040F22551204602F0A1FB00280ED02046DF
:1009100002F02AFCC2B2104881880B0406D44C04B1
:100920004FF0000306D50A2A01D0838070BD41F440
:1009300000410DE00D2A09D0C1F30D04074D491CFB
:1009400089B22A558180C729EFD870BD41F4804112
:10095000818070BD00500040A80000203C6900204C
:100960002DE9F043814687B001210420ECF7C6F958
:1009700001210820ECF7C2F901210805ECF7D6F9AE
:100980002D4F08220C213846E7F7BBFFDFF8AC807B
:10099000082202214046E7F7B4FF02258DF80450F3
:1009A000B8148DF80550002400908DF806400126FB
:1009B0008DF8076069463846E7F752FF8DF8045016
:1009C00004208DF8055000908DF806408DF80760E2
:1009D00069464046E7F744FFADF80C40ADF80E40DD
:1009E000ADF81040ADF814400C20154CADF81200D5
:1009F000CDF8089002A9204602F060FB01212046B4
:100A000002F013FB4021204602F00CFB012240F2D1
:100A10002551204602F039FB35208DF818000320BF
:100A20008DF819008DF81A008DF81B6006A8EAF7FA
:100A300033FF07B0BDE8F08300080240000C02401D
:100A40000050004070B50446074D09E0284602F00A
:100A50008FFB4021284602F0F2FA0128F9D1641CEC
:100A600021780029F2D170BD00500040F0B5064653
:100A700087B001210420ECF741F901212020ECF797
:100A80006DF9254F082206213846E7F73AFF08227C
:100A900007213846E7F735FFC020049002208DF883
:100AA00014008DF8150000248DF8164001258DF8EE
:100AB000175004A93846E7F7D3FEADF80440ADF867
:100AC0000640ADF80840ADF80C400C20134CADF8D2
:100AD0000A0000966946204602F0F0FA01212046FD
:100AE00002F0A3FA4021204602F09CFA012240F2D3
:100AF0002551204602F0C9FA47208DF818008DF8DC
:100B0000195003208DF81A008DF81B5006A8EAF73B
:100B1000C3FE07B0F0BD0000000802400014014011
:100B20002DE9F04F9A462DED108BEDB01646044698
:100B300091ED041B91ED000B91ED028B8DED061BE9
:100B400091ED061B8DED021B91ED08CB91ED0ADBBB
:100B50009FEDFE1B51EC100B53EC112BDFF7BBFC90
:100B60000F4647EC100B05469FEDFAAB51EC100B0E
:100B700053EC1A2BDFF721FD41EC100B03F0F0F8DA
:100B8000B0EE40BAF0EE60BA47EC105B53EC1A2BB3
:100B900051EC100BDFF711FD41EC100B04F094F950
:100BA000B0EE409AF0EE609A9FEDE80B51EC180B16
:100BB00053EC102BDFF78FFC0F4647EC100B05466C
:100BC00053EC1A2B51EC100BDFF7F7FC41EC100B38
:100BD00003F0C6F88DED4C0B47EC105B53EC1A2B71
:100BE00051EC100BDFF7E9FC41EC100B04F06CF951
:100BF0008DED4A0B9FEDD50B51EC1C0B53EC102BDC
:100C0000DFF769FC0F4647EC100B054653EC1A2B37
:100C100051EC100BDFF7D1FC41EC100B03F0A0F806
:100C2000B0EE40FAF0EE60FA47EC105B53EC1A2B92
:100C300051EC100BDFF7C1FC41EC100B04F044F950
:100C4000B0EE40EAF0EE60EA9FEDC00B51EC1D0BF8
:100C500053EC102BDFF73FFC0F4647EC100B05461B
:100C600053EC1A2B51EC100BDFF7A7FC41EC100BE7
:100C700003F076F8B0EE40CAF0EE60CA47EC105BC5
:100C800053EC1A2B51EC100BDFF797FC41EC100BD7
:100C900004F01AF99DED061BB0EE40DAF0EE60DAD2
:100CA00053EC112B51EC180BDFF76EFB0F4647ECA2
:100CB000100B05469FEDA51B51EC100B53EC112BAF
:100CC000DFF709FC53EC1A2BDFF777FC41EC100B34
:100CD00003F046F88DED5C0B47EC105B9FED9B1B22
:100CE00051EC100B53EC112BDFF7F5FB53EC1A2BE7
:100CF000DFF763FC41EC100B04F0E6F88DED4E0BD2
:100D000047EC105B9DED021B51EC100B53EC112BCB
:100D1000DFF73AFB9FED8D1B53EC112BDFF7DBFB6D
:100D200053EC1A2BDFF749FC41EC100B03F018F8D9
:100D3000B0EE408AF0EE608A47EC105B9DED021B3E
:100D400051EC100B53EC112BDFF71EFB9FED7F1BBB
:100D500053EC112BDFF7BFFB53EC1A2BDFF72DFC05
:100D600041EC100B04F0B0F8B0EE40AAF0EE60AA2F
:100D700094ED0E0B8DED5A0B94ED100B8DED580B81
:100D800094ED180B8DED560B94ED1A0B8DED5E0B5B
:100D900094ED240B8DED540B94ED260B8DED600B33
:100DA00094ED340B8DED500B94ED3E0B8DED520B0D
:100DB00094ED000B8DED240B94ED020B8DED260BC5
:100DC00094ED040B8DED280B94ED060B8DED2A0BA5
:100DD00094ED080B8DED2C0B94ED0A0B8DED2E0B85
:100DE0009FED5E0B53EC102B9DED5A0B51EC100B4D
:100DF000DFF7BCFC4CD99FED590B53EC102B9DED4C
:100E0000580B51EC100BDFF7B1FC41D99FED530BA0
:100E100053EC102B9DED560B51EC100BDFF7A6FC9D
:100E200036D99FED4E0B53EC102B9DED5E0B51EC24
:100E3000100BDFF79BFC2BD99FED480B53EC102BCD
:100E40009DED540B51EC100BDFF790FC20D99FED7A
:100E5000430B53EC102B9DED600B51EC100BDFF7A7
:100E600085FC15D99FED3D0B53EC102B9DED500BE0
:100E700051EC100BDFF77AFC0AD99FED380B53ECDD
:100E8000102B9DED520B51EC100BDFF76FFC06D8C9
:100E900040F2FD306DB0BDEC108BBDE8F08F9DEDE4
:100EA0005E0B51EC100B81F0004141EC100B8DED0D
:100EB0005E0B9DED500B51EC100B81F0004141ECAD
:100EC000100B53EC1E2B8DED500B51EC1B0BDFF771
:100ED00002FB054653EC182B0191DFF7FCFA41ECBD
:100EE000110B53EC1F2B8DED421B51EC190BDFF74F
:100EF000F2FA05919DED421B804653EC112BDFF772
:100F000043FA9DED521B53EC112BDFF7E4FA41EC51
:100F1000100B53EC1B2B8DED680B9DED500B51EC22
:100F2000100BDFF7D8FA53EC1A2BDFF7D4FA41ECA9
:100F3000100B53EC192B8DED660B9DED600B51ECF6
:100F4000100BDFF7C8FA41EC110B0BE0112D4454E4
:100F5000FB21094000000000008066400000000006
:100F6000000000008DED621B9DED540B53EC1B2B1C
:100F700051EC100BDFF7AFFA9DED5C1B53EC112B1E
:100F8000DFF7A9FA41EC100B53EC192B8DED420B56
:100F90009DED5E0B51EC100BDFF79DFA41EC110B50
:100FA00053EC192B8DED641B9DED5A0B51EC100B7E
:100FB000DFF791FA41EC110B53EC1B2B8DED021B6B
:100FC0009DED560B51EC100BDFF785FA9DED4C1B98
:100FD00053EC112BDFF77FFA9DED021B53EC112B25
:100FE000DFF773FA9DED641B53EC112BDFF76DFAFD
:100FF0009DED420B53EC102BDFF7C6F99DED621B04
:1010000053EC112BDFF761FA9DED660B53EC102BBF
:10101000DFF7BAF99DED680B53EC102BDFF755FAAB
:10102000CDE9080153EC1E2B51EC190BDFF753FAF5
:10103000074653EC182B4291DFF74DFA41EC110BA8
:1010400053EC1F2B8DED641B51EC1B0BDFF743FAA8
:101050008B464BEC100B9DED641B044653EC112B9F
:1010600051EC100BDFF731FA9DED521B53EC112BB5
:10107000DFF731FA41EC110B53EC192B8DED621BAC
:101080009DED500B51EC100BDFF725FA53EC1A2BAA
:10109000DFF721FA41EC110B53EC1B2B8DED641B98
:1010A0009DED600B51EC100BDFF715FA41EC110BC5
:1010B00053EC192B8DED601B9DED540B51EC100B77
:1010C000DFF709FA9DED5C1B53EC112BDFF703FAF8
:1010D00041EC100B53EC1B2B8DED5C0B9DED5E0B6F
:1010E00051EC100BDFF7F7F941EC100B53EC192B17
:1010F0008DED5E0B9DED560B51EC100BDFF7EBF910
:101100009DED4C1B53EC112BDFF7E5F941EC100B77
:1011100053EC1B2B8DED4C0B9DED5A0B51EC100B32
:10112000DFF7D9F99DED4C0B53EC102BDFF72CF9C1
:101130009DED5E0B53EC102BDFF726F99DED5C0B5C
:1011400053EC102BDFF720F99DED601B53EC112BB6
:10115000DFF71AF99DED641B53EC112BDFF714F93F
:101160009DED621B53EC112BDFF70EF9CDE90A015F
:101170009DED520B53EC1E2B51EC100BDFF7ABF92E
:1011800053EC1A2BDFF7A7F941EC110B53EC182B9A
:101190008DED4C1B9DED500B51EC100BDFF79BF9C7
:1011A00041EC110B8DED501B9DED4E0B53EC102BB4
:1011B0009DED540B51EC100BDFF78DF941EC110B49
:1011C0008DED4E1B9DED4A0B53EC102B9DED560BF8
:1011D00051EC100BDFF77FF99DED581B53EC112BF1
:1011E000DFF776F99DED4E1B53EC112BDFF76DF910
:1011F0009DED501B53EC112BDFF7C6F89DED4C1BFA
:1012000053EC112BDFF7C0F8CDE90C0153EC1A2B8E
:1012100051EC1D0BDFF75FF953EC1B2BDFF75BF98C
:1012200041EC100B53EC182B8DED4C0B429941EC1B
:10123000107B8DED4A0B4BEC104B51EC100BDFF794
:101240004AF99DED4A0B53EC102BDFF73EF953ECB6
:101250001C2BDFF740F99DED4C0B53EC102BDFF707
:1012600034F9CDE93001019953EC182B41EC105BB6
:1012700051EC100BDFF72FF941EC110B51EC190B6E
:101280008DED4A1B81F00041814653EC1F2B4391A9
:10129000DFF721F99DED4A1B53EC112BDFF715F910
:1012A0004BEC104BCDE9320153EC182B51EC100BE9
:1012B000DFF711F941EC100B429953EC102B41EC84
:1012C000117B51EC110BDFF700F953EC1D2BDFF70D
:1012D00002F941EC110B53EC1B2B8DED4A1B51EC29
:1012E0001A0BDFF7F8F853EC1C2BDFF7F4F89DED41
:1012F0004A1B53EC112BDFF7E8F8CDE9340153EC2E
:101300001D2B51EC190BDFF7E6F853EC1A2BDFF726
:10131000E2F841EC100B53EC182B8DED4A0B0199C0
:1013200041EC1B5B059941EC108B51EC100BDFF786
:10133000D2F853EC1B2BDFF727F853EC1C2BDFF70D
:10134000CAF89DED4A0B53EC102BDFF7BEF8CDE940
:10135000360143994BEC1B4B41EC109B53EC1E2B7D
:1013600051EC100BDFF7B7F853EC182BDFF7B3F89D
:1013700053EC1B2BDFF708F8CDE9380153EC1A2B9F
:1013800051EC190BDFF7A7F853EC1C2BDFF7A3F890
:1013900041EC190B019953EC182B41EC1B5B05999F
:1013A00041EC108B51EC100BDFF795F853EC1B2B35
:1013B000DEF7EAFF53EC1D2BDFF78DF853EC192B0A
:1013C000DEF7E2FFCDE93A0153EC1F2B51EC1A0B8B
:1013D000DFF781F853EC1C2BDFF77DF841EC190B9C
:1013E00051EC1D0B81F000410D4645EC100B0446FD
:1013F00053EC182B51EC100BDFF76DF853EC192B55
:10140000DFF763F8CDE93C0153EC1A2B51EC1E0BCE
:10141000DFF761F8CDE93E0153EC182B51EC1C0BC2
:10142000DFF759F845EC104B41EC180B53EC1A2B35
:1014300051EC100BDFF74FF853EC1F2BDFF74BF895
:1014400053EC182BDEF7A0FFCDE9400106F118049C
:1014500048AB94EC060B46AA16A930A8E4F72CFC7E
:101460009DED160B18368DED0E0B9DED460B52467D
:101470008DED100B9DED480B24A98DED120B08A8E6
:1014800096EC060BFDF7F8FF5FF000040AEBC405CD
:1014900095ED000BFCF72AFE641C85ED000B062C75
:1014A000F4DB0020F6E400002DE9F04F1C462DEDA2
:1014B000108BADF56D7D064615460B46CEAA90ED18
:1014C000000B8DED8E0B90ED020B8DED900B90EDE2
:1014D000040B8DED920B90ED060B8DED940B90EDC2
:1014E000080B8DED960B90ED0A0B00208DED980BFF
:1014F0000146914642F820109FEDFE8B401C0828C3
:10150000F7DB03F1180082AA90EC060B8EA91846AF
:10151000DFF70AFD9DED820B53EC182B8DED680B68
:101520009DED840B8DED760B9DED860B8DED6C0B9B
:101530009DED880B8DED620B9DED8A0B8DED640B9F
:101540009DED8C0B8DED000B96ED0ECB96ED100BFB
:1015500051EC1C0B8DEDAC0B96ED18AB96ED1ADB38
:1015600096ED24BB96ED26EB96ED34FB96ED3E9B77
:10157000DFF7FCF834D99DEDAC0B53EC182B51EC94
:10158000100BDFF7F3F82BD953EC182B51EC1A0B97
:10159000DFF7ECF824D953EC182B51EC1D0BDFF7D7
:1015A000E5F81DD953EC182B51EC1B0BDFF7DEF8D7
:1015B00016D953EC182B51EC1E0BDFF7D7F80FD9C7
:1015C00053EC182B51EC1F0BDFF7D0F808D99FED27
:1015D000C90B51EC190B53EC102BDFF7C7F807D8E8
:1015E0000DF56D7D40F2FD30BDEC108BBDE8F08F48
:1015F00051EC1D0B81F0004141EC100B51EC1F0B25
:101600008DED6A0B81F000419DED6A0B41EC1D0BE5
:1016100053EC102B51EC1C0BDEF7B6FE53EC1E2BDB
:10162000DEF7B2FE41EC100B9AA88DED720B9DED2A
:10163000002B9DED641B9DED620BE3F7D5FB9DED4B
:101640009A0B51EC190B8DEDAE0B9DEDA00B8DEDB2
:10165000B00B9DEDA60B8DEDB20B9DED9C0B8DEDB2
:10166000B40B9DEDA20B8DEDB60B9DEDA80B8DED92
:10167000B80B9DED9E0B8DEDBA0B9DEDA40B8DED82
:10168000BC0B9DEDAA0B8DEDBE0B9DEDB40B53EC89
:10169000102BDEF720FF9DED681B53EC112BDEF7BE
:1016A00017FF41EC180B51EC190B8DED748B8DED80
:1016B000688B9DEDB60B53EC102BDEF70CFF9DED08
:1016C000761B53EC112BDEF703FF41EC1F0B51ECA3
:1016D000190B8DED76FB8DED64FB9DEDB80B53EC96
:1016E000102BDEF7F8FE9DED6C1B53EC112BDEF793
:1016F000EFFE41EC100B53EC1F2B8DEDCC0B51EC9E
:101700001F0BDEF7E8FE41EC190B53EC182B51ECE4
:10171000180BDEF7E0FE53EC192BDEF735FE41EC3B
:10172000100B03F035FCB0EE408AF0EE608A9DEDC0
:10173000720B02F025FD9FED711B51EC100B53EC69
:10174000112BDEF721FE53EC182BDFF727F87CD99D
:101750009DED720B53EC182B51EC100BDEF72DFFA7
:1017600041EC190B53EC192BDEF7B5FE0E4646EC97
:10177000100B07469FED631B51EC100B53EC112B24
:10178000DEF7A6FE41EC100B03F002FCB0EE401AAF
:10179000F0EE601AB0EE490AF0EE690A02F0E8F9DC
:1017A0009FED5A8B51EC100B53EC182BDEF793FE88
:1017B0009FED581B53EC112BDEF7FFFE9DED740BD4
:1017C00041EC1F0B8DED780B9DED760B8DED720BC3
:1017D0009DED781B02F0CCF953EC182B51EC100B5B
:1017E000DEF779FE9FED4B1B53EC112BDEF7E5FE88
:1017F00053EC1F2BDEF769FE41EC100BB0EE40FA04
:10180000F0EE60FA46EC107B9FED3E1B51EC100BA6
:1018100053EC112BDEF75CFE41EC100B03F0B8FB30
:10182000B0EE401AF0EE601AB0EE490AF0EE690A26
:1018300002F09EF953EC182B51EC100BDEF74BFE27
:101840009FED341B53EC112B00E039E1DEF7B5FEC0
:1018500041EC190B9DED781B9DED720B02F088F9A0
:1018600053EC182B51EC100BDEF735FE9FED291BC6
:1018700053EC112BDEF7A1FE53EC192BDEF784FDA0
:1018800053EC182BDEF780FD41EC190B95ED001B96
:10189000B0EE4F0AF0EE6F0AE9F770FFB0EE408A43
:1018A000F0EE608A95ED001BB0EE490AF0EE690A91
:1018B000E9F764FF95ED00FBB0EE409AF0EE609A18
:1018C00053EC1F2B51EC190BDEF7FFFD41EC100B15
:1018D00002F056FC8DED000B53EC1F2B51EC180B56
:1018E000DEF7F3FD41EC100B02F04AFC9DED001B0E
:1018F00014E000000000000000000000F168E38830
:10190000B5F8E43E000000000000F03F00000000D9
:1019100000806640112D4454FB21094053EC112BEB
:1019200051EC100BDEF722FF02D284ED008B01E0B8
:1019300084ED009B94ED000B1FED0AFB8DED020B77
:101940008DED0E0B53EC1F2B51EC100BDEF7C3FD8E
:101950001FED128B53EC182BDEF72FFE41EC100B12
:1019600003F0B2FA9DEDB41B51EC100B53EC112BAC
:10197000DEF7B1FD94ED000B41EC190B53EC1F2B7E
:1019800051EC100BDEF7A7FD53EC182BDEF715FE1C
:1019900041EC100B02F0E4F99DEDB61B51EC100B7D
:1019A00053EC112BDEF797FD53EC192BDEF78DFD71
:1019B00041EC180B9FEDFE0B53EC102BDEF7EEFE07
:1019C0007ED39FEDFD0B51EC180B53EC102BDEF783
:1019D000CDFEF5D351EC180B1FED369B53EC192BB4
:1019E000DEF7DCFE04D2B0EE498AF0EE698A0CE044
:1019F0009FEDF3FB51EC180B53EC1F2BDEF7B6FEFB
:101A000003D2B0EE4F8AF0EE6F8A53EC182B51ECF4
:101A1000180BDEF760FD0E4646EC100B07461FED77
:101A2000479B51EC100B53EC192BDEF751FD41ECA9
:101A3000100B03F0ADFAB0EE481AF0EE681A02F09F
:101A400097F81FED4E1B51EC100B53EC112BDEF7EA
:101A500042FD1FED501B53EC112BDEF7AEFD46ECA3
:101A6000107B41EC1F0B53EC192B51EC100BDEF7E4
:101A70002FFD41EC100B03F08BFAB0EE481AF0EE9C
:101A8000681A02F075F89FEDD01B51EC100B53EC67
:101A9000112BDEF720FD1FED611B53EC112BDEF740
:101AA0008CFD41EC180B95ED081BB0EE4F0AF0EEE3
:101AB0006F0AE9F763FEB0EE401AF0EE601A00E03C
:101AC000FDE3B0EE419AF0EE619A95ED081BB0EEA1
:101AD000480AF0EE680AE9F751FE8DED0A9B8DED9C
:101AE000160B00260DF1080806EB460108EB01175E
:101AF00097ED000B84ED000B97ED080B84ED080BC0
:101B00001FED7C8B51EC100B53EC182BDEF7E3FC34
:101B10001FED829B53EC192BDEF74FFD41EC100BB0
:101B200003F0D2F902F02CFB1FED8C1B51EC100BD3
:101B300053EC112BDEF71AFE02D295ED0A0BB9E039
:101B400094ED080B53EC182B51EC100BDEF7C3FC93
:101B500053EC192BDEF731FD41EC100B03F0B4F917
:101B60008DED000B94ED000B53EC182B51EC100B8A
:101B7000DEF7B1FC53EC192BDEF71FFD41EC100B27
:101B800003F0A2F99DEDBA1B51EC100B53EC112B95
:101B9000DEF7A1FC94ED000B41EC1F0B53EC182B6E
:101BA00051EC100BDEF797FC53EC192BDEF705FD1B
:101BB00041EC100B02F0D4F89DEDBC1B51EC100B66
:101BC00053EC112BDEF787FC53EC1F2BDEF77DFC6B
:101BD0009DED000B53EC102BDEF7EFFC41EC100BEE
:101BE00053EC182B8DED720B94ED080B51EC100B90
:101BF000DEF771FC53EC192BDEF7DFFC41EC100B28
:101C000003F062F98DED000B94ED000B53EC182BF3
:101C100051EC100BDEF75FFC53EC192BDEF7CDFC1B
:101C200041EC100B03F050F99DEDAE1B51EC100B85
:101C300053EC112BDEF74FFC94ED000B41EC1F0B26
:101C400053EC182B51EC100BDEF745FC53EC192B21
:101C5000DEF7B3FC41EC100B02F082F89DEDB01BF7
:101C600051EC100B53EC112BDEF735FC53EC1F2B12
:101C7000DEF72BFC9DED000B53EC102BDEF79DFCEB
:101C800041EC110B9DED720B01F072FF53EC192B1F
:101C900051EC100BDEF71FFC53EC182BDEF78DFC1C
:101CA00041EC100B84ED0A0B95ED0A1BE9F766FD7C
:101CB00084ED0A0B761C87ED0A0B022EFFF614AF9B
:101CC0009DED6A0B002653EC1E2B51EC100BDEF73A
:101CD0005BFBD691719053EC1B2B51EC1A0BDEF78A
:101CE00053FBC246CDE96B0106EB46010AEB01103E
:101CF0009FED378B90ED000B834684ED000B90ED4C
:101D0000080B53EC182B84ED080B90ED0A0B84EDB7
:101D10000A0B51EC100BDEF7DEFB9FED2F9B53EC13
:101D2000192BDEF74AFC41EC100B03F0CDF89DEDCA
:101D3000AE1B51EC100B53EC112BDEF7CCFB94EDEA
:101D40000A0B41EC1E0B53EC182B51EC100BDEF779
:101D5000C2FB53EC192BDEF730FC41EC100B01F009
:101D6000FFFF9DEDBA1B51EC100B53EC112BDEF76E
:101D7000B2FB53EC1E2BDEF7A8FB53EC1D2BDEF75A
:101D8000AAFB9DED740B53EC102BDEF7A1FB41EC8D
:101D9000100B53EC182BB0EE40FAF0EE60FA94ED15
:101DA0000A0B51EC100BDEF796FB53EC192B17E0E6
:101DB00072C45A7C0A00F03F72C45A7C0A00F0BF19
:101DC000000000000000F0BF00000000008066C0BE
:101DD000112D4454FB2109400000000000806640A2
:101DE000DEF7EBFB41EC100B03F06EF89DEDB01B42
:101DF00051EC100B53EC112BDEF76DFB94ED0A0B3D
:101E000041EC1E0B53EC182B51EC100BDEF763FB6F
:101E100053EC192BDEF7D1FB41EC100B01F0A0FFC6
:101E20009DEDBC1B51EC100B53EC112BDEF753FB5B
:101E300053EC1E2BDEF749FB53EC1D2BDEF74BFB5F
:101E40009DED761B53EC112BDEF742FB41EC100BA2
:101E500053EC182B8DED720B94ED0A0B51EC100B1B
:101E6000DEF739FB53EC192BDEF7A7FB41EC100B27
:101E700003F02AF89DEDB21B51EC100B53EC112B23
:101E8000DEF729FB94ED0A0B41EC1E0B53EC182BEB
:101E900051EC100BDEF71FFB53EC192BDEF78DFB1B
:101EA00041EC100B01F05CFF9DEDBE1B51EC100BE3
:101EB00053EC112BDEF70FFB53EC1E2BDEF705FB6B
:101EC00053EC1D2BDEF707FB9DEDCC1B53EC112BC8
:101ED000DEF7FEFA41EC100B53EC182B8DED000BE6
:101EE00094ED000B51EC100BDEF7F5FA53EC192BC7
:101EF000DEF763FB41EC100B02F0E6FF8DEDDA0B31
:101F000094ED000B53EC182B51EC100BDEF7E3FAB9
:101F100053EC192BDEF751FB41EC100B01F020FFC5
:101F2000B0EE40EAF0EE60EA9DEDDA0B51EC100BFA
:101F300081F0004153EC1C2BDEF7CDFA41EC190B7C
:101F400053EC1C2B51EC1E0BDEF7C5FA41EC100BC9
:101F500053EC192B8DEDE00BB0EE4F0AF0EE6F0A4B
:101F60009DEDAC8B51EC100BDEF7AFFA9DEDE00B65
:101F700041EC1F0B53EC102B9DED720B51EC100B31
:101F8000DEF7A3FA9DED000B41EC190B53EC182B77
:101F900051EC100BDEF799FA41EC180B8DED008B2C
:101FA000D699719841EC100B53EC102BDEF793FA95
:101FB00041EC110B53EC192B8DEDDE1B51EC190B81
:101FC000DEF789FA41EC190B53EC1F2B51EC1F0B78
:101FD000DEF781FA53EC192BDEF7D6F99DEDDE1B07
:101FE00053EC112BDEF771FA41EC100B02F0D0FF2D
:101FF000B0EE409AF0EE609A53EC182B51EC180BAF
:10200000DEF769FA41EC180B53EC192B51EC190B64
:10201000DEF761FA53EC182BDEF7B6F941EC100B42
:1020200002F0B6FFDDE96B01B0EE408AF0EE608AA7
:102030009FEDFEFB53EC1F2BDEF7A6F953EC182B9C
:10204000DEF794FB16D353EC1B2B51EC1A0BDEF787
:102050003CFA8846074648EC100B02F091F853EC26
:102060001F2B51EC100BDEF730FA53EC182BDEF778
:1020700095FB03D2012149F826107AE3DDE96B01D3
:1020800053EC182BDEF772FB04D2DDE96B0141EC57
:10209000180B12E048EC107B02F072F853EC182B8E
:1020A00051EC100BDEF77AFB07D248EC107B02F004
:1020B00067F8B0EE408AF0EE608A9DED681B9DEDFA
:1020C000640B01F055FD1FEDBCFB51EC100B53EC04
:1020D0001F2BDEF700FA1FEDC21B53EC112BDEF7AE
:1020E0006CFA94ED001B53EC112BDEF7F1F941EC87
:1020F000100B9FEDD01BE9F741FB02F041F89FED7B
:10210000CF1B51EC100B53EC112BDEF747FB05D224
:1021100051EC190B81F0004141EC190B9DED000BC6
:10212000B0EE491AF0EE691A01F022FD1FEDD61B40
:1021300051EC100B53EC112BDEF7CDF91FEDDC1B2E
:1021400053EC112BDEF739FA41EC100B8DEDDC0B63
:102150009FEDBC0B51EC180B53EC102BDEF7BBF9C9
:1021600053EC1A2BDEF7B7F941EC100B53EC1B2B99
:102170008DEDDE0B51EC1B0BDEF7ADF941EC1F0BC7
:102180007091D79053EC1A2B51EC1A0BDEF7A3F990
:10219000804641EC190B739153EC182B51EC180B42
:1021A000DEF799F9074653EC192B6391DEF7ECF84B
:1021B00053EC1F2BDEF789F99DEDDE0B53EC102B52
:1021C000DEF7FBF941EC180B9FED9E0B51EC1A0B5F
:1021D00053EC102BDEF77FF953EC1B2BDEF77BF96A
:1021E00041EC190B6399D79841EC1F7B709941EC36
:1021F000110B739953EC112B41EC108B51EC100B1C
:10220000DEF7C2F853EC1F2BDEF75FF953EC192B06
:10221000DEF7D3F941EC100B53EC182B51EC180BF3
:10222000B0EE409AF0EE609ADEF755F99FED87FB2D
:10223000B0EE4F1AF0EE6F1A53EC112BDEF748F99F
:1022400041EC100B02F0A4FEB0EE481AF0EE681A52
:1022500001F08EFC9FED7F1B51EC100B53EC112B0A
:10226000DEF739F99FED7D1B53EC112BDEF7A5F955
:10227000B0EE490AF0EE690A41EC180B53EC102B52
:1022800051EC100BDEF727F9B0EE4F1AF0EE6F1A93
:1022900053EC112BDEF71CF941EC100B02F078FE29
:1022A000B0EE491AF0EE691A01F062FC9FED691B6D
:1022B00051EC100B53EC112BDEF70DF900E0BDE2F1
:1022C0009FED661B53EC112BDEF777F99DEDDC0BD0
:1022D00041EC190B53EC102B51EC180BDEF7F5F811
:1022E000CDE962019DEDDC0B51EC100B81F000415A
:1022F00053EC182BDEF7E9F853EC192B8846074608
:102300009FED540B51EC100BDEF7DFF841EC180B8E
:1023100095ED040B9FED511B51EC100B53EC112B61
:10232000DEF7D9F89FED4B1B53EC112BDEF745F987
:1023300041EC100B02F0C8FD9FED3E1B51EC100B61
:1023400053EC112BDEF712FA0AD2DDE96201C4E97F
:10235000020151EC180B81F00041C4E9040103E0D3
:10236000C4E9027884ED048B94ED0A0B9FED3B1BCE
:1023700051EC100B53EC112BDEF7ADF89FED358BC4
:1023800053EC182BDEF719F941EC100B01F0E8FCC7
:10239000B0EE409AF0EE609A94ED080B9FED2F1B83
:1023A00051EC100B53EC112BDEF795F853EC182B76
:1023B000DEF703F941EC100B01F0D2FC53EC192BC2
:1023C00051EC100BDEF787F894ED0A0B9FED231B01
:1023D00041EC1F0B53EC112B51EC100BDEF77BF88B
:1023E00053EC182BDEF7E9F841EC100B02F06CFD12
:1023F000B0EE409AF0EE609A94ED080B9FED171B3B
:1024000051EC100B53EC112BDEF765F853EC182B45
:10241000DEF7D3F841EC100B01F0A2FCB0EE401A4D
:10242000F0EE601A53EC192B1CE00000F168E38811
:10243000B5F8E43E000000000000000000000000CD
:102440000080564000000000000000400000000036
:102450000000F03F0000000000806640112D445451
:10246000FB21094051EC110BDEF735F894ED080B18
:102470001FED061B41EC190B53EC112B51EC100B0B
:10248000DEF729F853EC182BDEF797F841EC100B28
:1024900002F01AFDB0EE408AF0EE608A9DEDBA0BB4
:1024A00051EC190B53EC102BDEF715F841EC110B26
:1024B00051EC180B8DEDDC1B9DEDB40B53EC102B88
:1024C000DEF709F841EC100B51EC1F0B8DEDE00B22
:1024D0009DEDAE0B53EC102BDDF7FDFF9DEDE00BFA
:1024E00053EC102BDDF7F1FF9DEDDC1B53EC112BB2
:1024F000DDF74AFFCDE9C0019DEDBC0B51EC190B96
:1025000053EC102BDDF7E7FF41EC110B51EC180BEE
:102510008DEDE01B9DEDB60B53EC102BDDF7DBFFD3
:1025200041EC110B51EC1F0B8DEDDE1B9DEDB00B43
:1025300053EC102BDDF7CFFF9DEDDE1B53EC112B81
:10254000DDF7C3FF9DEDE01B53EC112BDDF71CFF06
:10255000CDE9C2019DEDBE0B51EC190B53EC102BD4
:10256000DDF7B9FF9DEDB80B41EC190B53EC102BC7
:1025700051EC180BDDF7AFFF9DEDB20B41EC180BE2
:1025800053EC102B51EC1F0BDDF7A5FF53EC182B70
:10259000DDF79BFF53EC192BDDF7F6FECDE9C40107
:1025A0008DED78EB9DEDDA0B8DED7A0B1FED5F8BEA
:1025B00051EC1E0B8DED7C8B9DEDDA0B8DEDC60B7A
:1025C00081F00041CDE9C8018DEDCA8B78A8E9F70B
:1025D000C9F9C0A8E9F7C6F9C6A8E9F7C3F9C0A9BF
:1025E00078A8E5F71BFB8DED620B9DEDC40B8DED1F
:1025F000000B9DED780B8DED720B9DED000B53ECF8
:10260000102B9DED720B51EC100BDDF764FF9DED6F
:10261000C80B8DEDDE0B53EC102BDDF75CFF41ECAE
:10262000100B8DEDE00B9DED7A0B9DEDC0FB8DED5C
:10263000DC0B53EC1F2B51EC100BDDF74CFF9DED29
:10264000CA0B8DEDE20B53EC102BDDF744FF41EC90
:10265000100B8DEDE40B9DEDC2EB9DED7C9B53ECDF
:102660001E2B51EC190BDDF736FF9DEDC68B53EC9D
:10267000182BDDF730FF41EC100B53EC1F2B8DEDC9
:10268000EA0B51EC190BDDF726FF9DEDDE0B53EC49
:10269000102BDDF720FF9DED000B41EC190B53ECE7
:1026A000102B9DEDDC0B51EC100BDDF714FF53EC00
:1026B000182BDDF710FF9DED720B41EC180B53EC5E
:1026C0001E2B51EC100BDDF706FF9DEDE20B53ECDA
:1026D000102BDDF700FF53EC182BDDF755FE53EC04
:1026E000192BDDF751FE9DEDEA0B53EC102BDDF7B6
:1026F000ECFE9DEDE40B53EC102BDDF7E6FE9DEDBB
:10270000E00B53EC102BDDF7E0FE41EC100B9DEDE0
:10271000621B01F02DFA9FED4B1B51EC100B53EC9B
:10272000112BDDF7D8FE1FEDB31B53EC112BDDF79A
:1027300044FF94ED020B53EC102BDDF7C6FE94ED35
:10274000040B53EC102BDDF7C0FE41EC100B84EDB5
:10275000060B95ED061BE9F711F884ED060B94EDD9
:10276000021B8BED021B94ED041B8BED041B8BED08
:10277000060B761C022EFFF6B7AA4FF00A0B9FED50
:10278000339B002759F8270078BB1FEDD68B07EB4A
:10279000470100260AEB011808EBC60090ED001B6C
:1027A00005EBC60090ED000B51EC110B53EC102B18
:1027B000DDF78BFE41EC100B53EC102BDDF78BFE9D
:1027C00053EC182BDDF7E0FD41EC180B761C062EC0
:1027D000E2DB53EC192B51EC180BDDF7C7FF04D2E9
:1027E000B0EE489AF0EE689ABB467F1C022FC9DB18
:1027F000BBF10A0F22D00BEB4B0200200AEB0211B7
:1028000001EBC00292ED000B04EBC002401C82ED14
:10281000000B0628F4DB002504EBC50696ED000B43
:10282000FBF764FC6D1C86ED000B062DF4DB00202D
:102830000DF56D7DBDEC108BBDE8F08F40F2FE30E4
:10284000F6E7000000000000008066C000000020E5
:102850005FA00242F0B514462DED108BB7B00546CF
:1028600091ED041B91ED000B91ED02CB8DED1C1B46
:1028700091ED0A1B91ED06EB91ED08DBB0EE41FA0C
:10288000F0EE61FA9FEDFEBB51EC100B53EC1B2BED
:10289000DDF721FE0F4647EC100B06469FEDFA8B45
:1028A00051EC100B53EC182BDDF787FE41EC100BAD
:1028B00001F056FAB0EE40AAF0EE60AA47EC106BB9
:1028C00053EC182B51EC100BDDF777FE41EC100B9D
:1028D00002F0FAFAB0EE409AF0EE609A53EC1B2B3D
:1028E00051EC1C0BDDF7F7FD0F4647EC100B0646CD
:1028F00053EC182B51EC100BDDF75FFE41EC100B85
:1029000001F02EFA8DED080B47EC106B53EC182BF1
:1029100051EC100BDDF751FE41EC100B02F0D4FA34
:102920008DED060B53EC1B2B51EC1D0BDDF7D3FD8E
:102930000F4647EC100B064653EC182B51EC100BCE
:10294000DDF73BFE41EC100B01F00AFA8DED0A0BAE
:1029500047EC106B53EC182B51EC100BDDF72DFEF0
:1029600041EC100B02F0B0FAB0EE4F1AF0EE6F1A15
:10297000B0EE40DAF0EE60DA53EC1B2B51EC110BA9
:10298000DDF7A9FD0F4647EC100B064653EC182B5C
:1029900051EC100BDDF711FE41EC100B01F0E0F9EA
:1029A00047EC106B53EC182B51EC100BDDF705FEC8
:1029B00041EC100B02F088FA9DED1C1B51EC1C0B36
:1029C00053EC112BDDF7E0FC0E4646EC100B0746EE
:1029D00053EC1B2B51EC100BDDF77DFD53EC182B4A
:1029E000DDF7EBFD41EC100B01F0BAF98DED1C0B9E
:1029F00046EC107B53EC1B2B51EC100BDDF76BFD01
:102A000053EC182BDDF7D9FD41EC100B02F05CFA0A
:102A10008DED1E0B46EC107B53EC1E2B51EC100B76
:102A2000DDF7B2FC53EC1B2BDDF755FD53EC182BF7
:102A3000DDF7C3FD41EC100B01F092F9B0EE40CA96
:102A4000F0EE60CA46EC107B53EC1E2B51EC100BE1
:102A5000DDF79AFC53EC1B2BDDF73DFD53EC182BF7
:102A6000DDF7ABFD41EC100B02F02EFAB0EE40FAB0
:102A7000F0EE60FA95ED0E0B8DED240B95ED100B3D
:102A80008DED220B95ED1A0B95ED18EB8DED260BC8
:102A900095ED260B95ED24BB8DED2C0B95ED340BB0
:102AA0008DED000B95ED3E8B9FED790B53EC102BCC
:102AB0009DED240B51EC100BDDF758FE46D99FED30
:102AC000740B53EC102B9DED220B51EC100BDDF72A
:102AD0004DFE3BD99FED6E0B51EC1E0B53EC102BB2
:102AE000DDF744FE32D99FED6A0B53EC102B9DEDC0
:102AF000260B51EC100BDDF739FE27D99FED640B47
:102B000051EC1B0B53EC102BDDF730FE1ED99FED63
:102B1000600B53EC102B9DED2C0B51EC100BDDF7E3
:102B200025FE13D99FED5A0B53EC102B9DED000B96
:102B300051EC100BDDF71AFE08D99FED550B51EC47
:102B4000180B53EC102BDDF711FE05D840F2FD30C9
:102B500037B0BDEC108BF0BD9DED260B51EC100B8A
:102B600081F0004141EC100B8DED260B9DED000B2B
:102B700051EC100B81F0004141EC100B8DED000B7E
:102B80009FED430B84ED000B84ED020B84ED040BF1
:102B90009DED240B883451EC100B81F0004153EC77
:102BA000192BDDF798FC41EC100B53EC1A2B04EDBC
:102BB000160B8DED320B9DED240B51EC100BDDF758
:102BC0008AFC41EC100B53EC192B04ED140B8DED2A
:102BD000240B9DED220B04ED120B8DED220B9DEDD0
:102BE000260B51EC100BDDF776FC41EC100B53EC8F
:102BF0001A2B8DED300B51EC1E0BDDF76CFC9DEDAF
:102C0000081B53EC112BDDF766FC9DED320B53ECEA
:102C1000102BDDF7B9FB9DED300B53EC102BDDF7DE
:102C200054FC41EC100B53EC1A2B04ED0A0B8DED08
:102C3000300B9DED260B51EC100BDDF74CFC41ECFD
:102C4000100B53EC192B8DED260B51EC1E0BDDF701
:102C500042FC9DED081B53EC112BDDF73CFC9DED78
:102C6000240B53EC102BDDF78FFB9DED260B53EC63
:102C7000102BDDF789FB41EC100B04ED080B0BE08A
:102C8000112D4454FB2109400000000000806640E3
:102C900000000000000000008DED080B9DED060B0C
:102CA00051EC1E0B53EC102BDDF715FC9DED220BA8
:102CB00053EC102BDDF70CFC41EC100B53EC192BF3
:102CC00004ED060B8DED060B9DED2C0B51EC100B5E
:102CD000DDF701FC41EC1E0B53EC1A2B51EC1B0BE6
:102CE000DDF7F9FB9DED1C1B53EC112BDDF7F3FB1E
:102CF0009DED300B53EC102BDDF746FB53EC1E2BF8
:102D0000DDF7E3FB41EC100B53EC1A2B84ED020BC7
:102D10008DED220B9DED2C0B51EC100BDDF7DBFB49
:102D200041EC1E0B53EC192B51EC1B0BDDF7D3FBC5
:102D30009DED1C1B53EC112BDDF7CDFB9DED080B1E
:102D400053EC102BDDF720FB53EC1E2BDDF71CFBA7
:102D500041EC1E0B51EC1B0B84ED04EB9DED1E0BA7
:102D600053EC102BDDF7B7FB9DED060B53EC102B4E
:102D7000DDF7AEFB41EC1B0B53EC1A2B84ED06BBCD
:102D80009DED000B51EC100BDDF7A5FB53EC1F2B59
:102D9000DDF7A1FB9DED220B53EC102BDDF7F4FAD0
:102DA00041EC100B53EC192B84ED0E0B8DED060B43
:102DB0009DED000B51EC100BDDF78DFB53EC1F2B41
:102DC000DDF789FB53EC1E2BDDF7DEFA41EC100B2F
:102DD00053EC1C2B84ED100B8DED080B9DED000BBF
:102DE00051EC100BDDF777FB53EC1B2BDDF7CCFA26
:102DF00041EC1E0B53EC1D2B84ED12EB51EC1A0B26
:102E0000DDF769FB53EC1C2BDDF765FB9DED0A0B31
:102E100041EC1B0B53EC102B51EC190BDDF75BFB5A
:102E200053EC1B2BDDF7B0FA53EC182BDDF753FBFB
:102E30009DED060B53EC102BDDF74AFBC4E91A019C
:102E400053EC1D2B51EC190BDDF745FB53EC1C2B00
:102E5000DDF741FB9DED0A0B41EC190B53EC102BF8
:102E600051EC1A0BDDF737FB53EC192BDDF72DFB7B
:102E700053EC182BDDF72FFB9DED080B53EC102BBB
:102E8000DDF782FAC4E91C0153EC1D2B51EC180B41
:102E9000DDF721FB53EC1F2BDDF71DFB53EC1E2B45
:102EA000DDF772FAC4E91E0195ED000B6E468DED5B
:102EB0000E0B95ED020B8DED100B95ED040B8DEDCA
:102EC000120B95ED060B8DED140B95ED080B8DEDAA
:102ED000160B95ED0A0B00258DED180B883C05EBC4
:102EE0004501002004EB011202EBC00191ED000B43
:102EF00006EBC001401C81ED000B0328F4DB03202E
:102F00001FED9D0B06EBC001401C81ED000B062858
:102F1000F8DBB0EE402AF0EE602AB0EE401AF0EE98
:102F2000601A0EA96846FCF7A7FA6D1C062DD6DBC1
:102F300000200DE670B5154C40F22551204600F0FA
:102F400085F800280ED0204600F00EF9C2B21048D5
:102F500001880B0406D44C044FF0000306D50A2A5E
:102F600001D0038070BD41F400410DE00D2A09D06D
:102F7000C1F30D04074D491C89B22A550180C729A8
:102F8000EFD870BD41F48041018070BD0010014058
:102F9000A8000020AC67002070B5154C40F2255108
:102FA000204600F053F800280ED0204600F0DCF850
:102FB000C2B2104841880B0406D44C044FF0000301
:102FC00006D50A2A01D0438070BD41F400410DE0CE
:102FD0000D2A09D0C1F30D04074D491C89B22A55A9
:102FE0004180C729EFD870BD41F48041418070BD58
:102FF00000140140A80000207468002070B5044649
:10300000074D09E0284600F0B3F84021284600F0BB
:1030100016F80128F9D1641C21780029F2D170BD7D
:1030200000140140C943018070470029818902D002
:1030300041F4005101E021F40051818170470246C2
:10304000002012880A4200D00120704730B501F0FC
:103050001F0201240025C1F3421304FA02F2012BDE
:103060000FD0022B0FD0838A4FEA11210088134220
:1030700004FA01F400EA040001D000B10125284659
:1030800030BD8389F0E7038AEEE710B5C1F3421340
:1030900001F01F040121A140012B07D0022B07D012
:1030A0001430002A026805D00A4304E00C30F8E727
:1030B0001030F6E78A43026010BD00007FB5044679
:1030C000008A0D4620F44051E88808432082A089F8
:1030D00041F20C618843A9882A8911436A89024315
:1030E0001143A181A08A20F44071A8890843A082DD
:1030F0006846E9F73FFE1A48844202D019488442E4
:1031000001D1039800E00298A189090400EBC001F5
:1031100001EB0010296801D5490000E08900B0FBEF
:10312000F1F26420B2FBF0F109010B096FF0180510
:103130006B4302EB8302A3891D044FF0320306D5D3
:1031400003EBC202B2FBF0F000F0070005E003EB76
:103150000212B2FBF0F000F00F00084320817FBDA7
:1031600000100140001401408088C0F3080070473F
:10317000C1F3080181807047FEE710B504462DEDCC
:10318000048B90ED040B53EC102B51EC100BDDF77E
:10319000A2F994ED020B41EC180B53EC102B51ECFF
:1031A000100BDDF798F994ED000B41EC190B53EC83
:1031B000102B51EC100BDDF78EF953EC192BDDF7CA
:1031C000E3F853EC182BDDF7DFF8BDEC048B41EC92
:1031D000100BBDE8104001F0DBBE30B400231360DB
:1031E00010F8083B092B18D2DFE803F01705170881
:1031F0000B0E1117140030BCFBF796BB30BCE4F784
:1032000083BB30BCE9F7B2B830BCECF7B7BD30BC1B
:10321000DFF710BE30BCFFF71DBB30BC70470000AD
:103220002DE9FF4F00202DED0A8BADF51F7D9A464D
:103230000E4681469FED99ABCDF8640200EB40014C
:1032400001EBC90B1AF83B00012801D002287CD100
:103250003022314602A8DCF7E4FF9998002875D1A6
:1032600001209FED90CB9990A998032814D196ED59
:10327000601B96ED680B53EC112B51EC100BDDF736
:103280009CF941EC190B53EC1A2BDDF787FA03D2AA
:10329000B0EE4A9AF0EE6A9A01242046DDF7FCF976
:1032A00053EC1C2BDDF717F941EC180BA9980228F9
:1032B00004D0032834D00C2831D17DE0002523E050
:1032C00006EBC50751EC180B97ED480B53EC102B90
:1032D000DDF701F953EC182B41EC1B0B9FED730B41
:1032E00051EC100BDDF7F1F897ED0C0B53EC102BB4
:1032F000DDF7F1F853EC1B2BDDF746F88AAA02EB59
:10330000C5026D1CC2E90001B6988542D8DB7CA8D5
:10331000009033468AAA0021B798FDF7A5F856E039
:1033200000250DF5F87853EC182B51EC190BDDF74F
:10333000D2F800918890009941EC100B01F0C4FD87
:1033400096ED601B53EC112B01E095E05FE051EC32
:10335000100BDDF7C0F806EBC50797ED781B53ECB3
:10336000112BDDF7B8F841EC180B0099889841EC67
:10337000100B00F0F5FC96ED601B51EC100B53ECBC
:10338000112BDDF7A8F897ED721B53EC112BDDF72D
:10339000A2F897ED620B53EC102BDCF7F5FF53EC22
:1033A000182BDCF7F1FF08EBC5026D1CC2E9000128
:1033B000032D0CDA8898BEE703231A467CA9B0EEE9
:1033C000480AF0EE680A06F5BE60E4F797FFB69883
:1033D00004EB4401052802A800EB011204D27CA9E9
:1033E000AB98FBF793FF0DE09FED320B7CA9AB98F8
:1033F000B0EE402AF0EE602AB0EE401AF0EE601A0D
:10340000FCF73AF8641C24B20A2CFFF646AF0AEB2C
:10341000CB0404F108054FF00108203408EB480301
:1034200002A800EB0317A7F13000224629467E9040
:10343000E9F764F98290224629463846E9F75EF9B1
:10344000839023462A4639467E98E6F73BF80146A4
:10345000829808B1839818B91AF83B00012819D04E
:1034600019B11AF83B00022814D008F101000FFA34
:1034700080F8B8F10A0FD1DB09F1010081460A2872
:10348000FFF6DCAE00200DF51F7DBDEC0A8B04B00D
:10349000BDE8F08F09F1010080B2F4E7112D44542A
:1034A000FB2119401CC7711CC771BC3F0000000004
:1034B0000000F03F00000000000000000FB4054BCA
:1034C00010B503A9044A029802F0BEFA10BC5DF8D8
:1034D00014FB00001DE40208B00000200FB4084BEC
:1034E00010B504A902AA039802F0AEFA044602A994
:1034F000002002F040FE204610BC5DF814FB0000E6
:103500007761020803B401984100009850EAC12095
:1035100018BF04204A0D18BF40F0010040F2FF72AE
:10352000B2EB515F08BF40F00200012808BF052040
:1035300002B0704700487047980400200000000067
:1035400010B5B94A2DED020B2DED0C8B82B00F9901
:1035500021F000409FEDB6CB90422CDBA0F1405310
:103560000E9AA3F17F631A430FD0B349884202DC5D
:1035700016D10E98A0B19DED0E0B02B0BDEC0C8BD8
:1035800002B0BDE8104002F043B90029C1BF9FED71
:10359000AC0B02B0BDEC0C8B02B0C8BF10BD16E086
:1035A000012002F089F902B0BDEC0C8B02B0BDE83D
:1035B000104002F041B9A44A9FEDA59B9FEDA6AB38
:1035C00090425EDAA6499FEDA8CB814208DBB0EEBF
:1035D0004C0AF0EE6C0A02B0BDEC0C8B02B010BDD0
:1035E0009DED0E0B53EC102B51EC100BDCF773FF21
:1035F00041EC180B9E480621B0EE480AF0EE680A2E
:10360000784401F0D9FF53EC182B51EC100BDCF788
:1036100062FF41EC1B0B9748B0EE480AF0EE680AD7
:103620000421784401F0C8FF53EC182B51EC100B27
:10363000DCF751FF53EC192BDCF7A6FE41EC100B25
:1036400051EC1B0B53EC102BDCF7B7FF41EC100BCC
:1036500053EC102B9DED0E0B51EC100BDCF73BFFE8
:1036600053EC1A2BDCF734FF9DED0E1B53EC112BA2
:10367000DCF72EFF53EC1C2BDCF72AFF41EC100B80
:10368000A9E79FED7D8B9FED7EBB9DED0E0B002985
:1036900053EC192B51EC100B52DADCF775FE53EC9E
:1036A000182BDCF718FF41EC180B77480621B0EE19
:1036B000480AF0EE680A784401F07EFF53EC182BBC
:1036C00051EC100BDCF707FF41EC1D0B6F48B0EE1F
:1036D000480AF0EE680A0421784401F06DFF53ECCB
:1036E000182B51EC100BDCF7F6FE53EC192BDCF722
:1036F0004BFE41EC190B51EC180B0CF0B9FA41ECF4
:10370000180B53EC192B51EC1D0BDCF756FF53EC47
:10371000182BDCF7E0FE53EC1A2BDCF7D6FE41EC5D
:10372000100B51EC180B53EC102BDCF72DFE53EC67
:103730001B2BDCF7D0FE53EC1C2BDCF7C9FE6DE035
:10374000DCF7C6FE53EC182BDCF7C5FE41EC180B7A
:103750000CF08EFA41EC1A0B00208DED00AB0090BE
:103760009DED000B51EC1A0B53EC102BDCF70CFE0B
:103770009DED000B41EC1C0B53EC102B51EC100B8E
:10378000DCF7A9FE53EC182BDCF7A2FE53EC1C2B44
:10379000DCF713FF41EC1C0B3D48B0EE480AF0EE9D
:1037A000680A0621784401F007FF53EC182B51EC0E
:1037B000100BDCF790FE41EC1D0B3648B0EE480ACA
:1037C000F0EE680A0421784401F0F6FE53EC182B61
:1037D00051EC100BDCF77FFE53EC192BDCF7D4FD1A
:1037E00041EC100B51EC1D0B53EC102BDCF7E5FEFC
:1037F00053EC1A2BDCF76FFE53EC1C2BDCF7C4FDEB
:1038000041EC100B53EC102B9DED000B51EC100B09
:10381000DCF7BAFD53EC1B2BDCF75DFE41EC100B23
:10382000D9E60000000000000000F03F00000000AA
:10383000182D4454FB2109400000F07F00000000D7
:1038400000000000000000000000E03F0000000059
:10385000000000000000F03F075C143326A6913CF6
:103860000000603C00000000182D4454FB21F93F8B
:1038700014CA000022CA0000000000000000E03F5F
:1038800000000000000000405EC900006CC900009C
:1038900070C800007EC8000070B59B482DED020B7B
:1038A0002DED068B079D25F00044A04218DC9748BB
:1038B000844202DC0AD1069840B19DED060BBDECB6
:1038C000068B02B0BDE8704001F0A2BF002DCCBF56
:1038D0009FED8F0B9FED900BBDEC068B02B070BD82
:1038E0008F48A04215DD8F48A042D8BF4FF0FF346B
:1038F00058DD9DED060B51EC100BFFF703FE04287D
:1039000008BF01F0B9FF9DED060BBDEC068B02B0C0
:1039100070BD9DED060B51EC100B0AF0F1FCCDE9EA
:10392000060181489FED828BA0423CDD8248A04287
:103930001FDD00249FED82AB9DED060B53EC1A2B8F
:1039400051EC100BDCF720FD9DED060B41EC190B43
:1039500053EC1A2B51EC100BDCF7BDFD53EC182B7C
:10396000DCF7B3FD53EC192BDCF727FECDE906019C
:1039700049E09DED060B012453EC182B51EC100B84
:10398000DCF702FD9DED060B41EC190B53EC182BF7
:1039900051EC100BDCF799FD53EC192BDCF70DFE05
:1039A000CDE906012FE06848A0421FDD02249FED0B
:1039B000689B9DED060B53EC192B51EC100BDCF7BB
:1039C0008AFD53EC182BDCF7DFFC9DED060B41EC78
:1039D000180B53EC192B51EC100BDCF776FD53EC64
:1039E000182BDCF7EAFDCDE906010CE09DED060B96
:1039F000032453EC102B9FED580B51EC100BDCF70C
:103A0000DCFDCDE906019DED060B53EC102B51ECCE
:103A1000100BDCF760FD41EC180B53EC182BDCF7B6
:103A20005AFD41EC190B4E480621B0EE490AF0EE62
:103A3000690A784401F0C0FD53EC182B51EC100BCF
:103A4000DCF749FD41EC180B4648B0EE490AF0EEB0
:103A5000690A0521784401F0AFFD53EC192B51ECB4
:103A6000100BDCF738FD41EC100B51EC180B53EC4C
:103A7000102B002C0EDADCF787FC9DED061B53ECB7
:103A8000112BDCF728FD9DED061B53EC112BDCF709
:103A90001FFD35E0DCF778FC9DED061B53EC112B88
:103AA000DCF719FD41EC100B2F48784400EBC40003
:103AB00090ED001B51EC100B53EC112BDCF705FDC6
:103AC0009DED061B53EC112BDCF7FFFC41EC100BBA
:103AD0002648784400EBC40090ED001B51EC100B1D
:103AE00053EC112BDCF7F4FC41EC100B002DA2BFC2
:103AF000BDEC068B02B070BD51EC100B81F00041A3
:103B000041EC100B01E70000000010440000F07FC2
:103B1000182D4454FB21F93F182D4454FB21F9BFC3
:103B20000000DC3F0000203E0000F33F00000000EA
:103B3000000000000000F03F0000E63F0000000031
:103B40000000000000000040008003400000000072
:103B5000000000000000F83F000000000000F0BF7F
:103B60009AC6000050C60000DAC5000092C50000E9
:103B700070B56B4E2DED040B2DED028B82B0DDF890
:103B80001CC0DDE905235C422CF000411C4341EAE6
:103B9000D474049D22F00040B44205D86C422C43FA
:103BA00040EAD474B4420BD99DED061B9DED040B85
:103BB00002B0BDEC028B04B0BDE8704001F032BE33
:103BC000ACF14054A4F17F641C430BD0022404EAFE
:103BD000AC7444EAD27405439FED538B9FED542B94
:103BE00007D015E09DED040B51EC100B02F010FB1B
:103BF00042E0002C11BF012C9DED040B02B0BDEC86
:103C0000028B04BF04B070BD022C38D0032C3BD013
:103C10000B439FED491B9FED4A0B0AD0B14218D1CF
:103C2000B04209D121F0804120F0804007910590F9
:103C30000FE0002A15DA10E0434B7B44002C08BF4C
:103C400093ED000B0DD0012C10D0022C17D0032CBB
:103C50001AD0B0421DD1002A03DAB0EE410AF0EECC
:103C6000610A02B0BDEC028B04B070BD93ED000B95
:103C700051EC100B81F0004141EC100BF1E7B0EE7C
:103C8000480AF0EE680AECE7B0EE420AF0EE620A8B
:103C9000E7E7401A00153C28C8BF8DED000B19DC82
:103CA000BCF1000FBEBF10F13C0F9FED290B8DED55
:103CB000000B0FDB9DED060B53EC102B9DED040B61
:103CC00051EC100BDCF779FC0AF01AFB02F0A0FAB9
:103CD000CDE90001002C08BF9DED000BC1D0012CE7
:103CE00010D0022C9FED1C0B53EC102B9DED000B04
:103CF00051EC100B0DD0DCF7E8FB53EC182BDCF784
:103D0000E4FBB9E7019880F0004001909DED000BC5
:103D1000A7E7DCF7DAFB53EC182BDCF7D9FBABE7B2
:103D20000000F07F00000000182D4454FB210940E2
:103D3000182D4454FB2109C0182D4454FB21F9BF10
:103D4000182D4454FB21F93FD2C5000000000000AB
:103D50000000000000000000075C143326A6A13C10
:103D600010B52F499FED2C1B2DED020B84B005984B
:103D700020F000408842D8BF9DED040B2DDD29497D
:103D8000884209D1049840B94FF0010001F094FD38
:103D900001F052FD06B010BD05DB9DED040B01F0F6
:103DA00037FD06B010BD68469DED040B01F030F9FB
:103DB00010F0030004BF9DED021B9DED000B0CD025
:103DC00001280ED09DED021B9DED000B022817D09F
:103DD000012001F06DFC06B010BD01F035FB06B00E
:103DE00010BD9DED021B9DED000B012001F060FC5C
:103DF00051EC100B81F0004106B041EC100B10BDEE
:103E000001F022FB51EC100B81F0004106B041ECB7
:103E1000100B10BD000000000000000000000000BA
:103E2000FB21E93F0000F07F70B52DED020B2DED79
:103E30000A8B82B00D98C40F20F00045AE48854231
:103E400048D3AE48854219D30C99C5F313000843F3
:103E500009D09DED0C0B02B0BDEC0A8B02B0BDE8A1
:103E6000704001F0D5BC002C14BF9FEDA50B9DED5B
:103E70000C0B02B0BDEC0A8B02B070BD9FEDA20B23
:103E800053EC102B9DED0C0B51EC100BDCF786FC6A
:103E90000AD2022001F010FD02B0BDEC0A8B02B084
:103EA000BDE8704001F0D8BC9FED990B53EC102B8E
:103EB0009DED0C0B51EC100BDCF758FC0AD20220E4
:103EC00001F0FAFC02B0BDEC0A8B02B0BDE8704014
:103ED00001F0D2BC90489FED92BBA8425CD29248C0
:103EE000854219D29148784400EBC40090ED000B54
:103EF00053EC102B9DED0C0B51EC100BDCF7E5FA9D
:103F000041EC1A0B8A48784400EBC40090ED009B0A
:103F1000C4F10100041B36E09FED870B53EC102B1E
:103F20009DED0C0B51EC100BDCF7D5FA41EC100BAE
:103F30008348784400EBC40090ED001B51EC100B5B
:103F400053EC112BDCF720FADCF7C4FB0446DCF75A
:103F5000A3FB41EC180B9FED7C0B53EC102BDCF713
:103F6000BAFA9DED0C1B53EC112BDCF7B1FA41ECC6
:103F70001A0B9FED770B51EC180B53EC102BDCF761
:103F8000AAFA41EC190B51EC1A0B53EC192BDCF784
:103F90009CFACDE90C011BE06F48854217D29FEDDA
:103FA000700B53EC102B9DED0C0B51EC100BDCF750
:103FB000EBF953EC1B2BDCF7F1FB08D29DED0C0B5E
:103FC00053EC1B2B51EC100BDCF7DEF96EE00024F8
:103FD0009DED0C0B53EC102B51EC100BDCF77BFA26
:103FE00041EC180B60480521B0EE480AF0EE680A73
:103FF000784401F0E1FA53EC182B51EC100BDCF78C
:104000006AFA9DED0C1B53EC112BDCF761FA41ECC5
:10401000180B9FED570B5CB353EC182B51EC100BA6
:10402000DCF753FA9DED0C0B41EC1C0B53EC182BF9
:1040300051EC100BDCF74FFA53EC1C2BDCF7BDFAFC
:1040400053EC192BDCF744FA53EC1A2BDCF73DFA4E
:1040500053EC1B2BDCF73CFACDE900016FF47F70C9
:10406000844226DB01EB045001909DED000B00E73C
:1040700053EC102B51EC180BDCF727FA9DED0C0BD1
:1040800041EC190B53EC182B51EC100BDCF723FA15
:1040900053EC192BDCF791FA9DED0C1B53EC112B13
:1040A000DCF713FA53EC1B2BDCF712FA41EC100B84
:1040B000DFE608464FF07A5101EB04519FED2E0BDD
:1040C000084453EC102B01909DED000B51EC100BAC
:1040D000DCF701FA0D4645EC100B044651EC100BD1
:1040E000FFF710FA042808BF01F0C6FB45EC104B9F
:1040F000BFE6000000000000422E86400000F07F76
:104100000000000000000000EF39FAFE422E864059
:1041100051302DD5104987C0422ED63F00000000F7
:10412000000000000000F03FB2A2F03F26C20000F5
:1041300016C2000000000000FE822B654715F73F05
:10414000CAC10000000000000000E0FE422EE63F71
:10415000763C7935EF39EA3D0000303E0000000042
:104160009C7500883CE4377E3CC1000000000000E4
:10417000000000000000004000000000000070018E
:104180002DED020B019820F0004001909DED000BF9
:1041900002B07047000000002DE9F04D2DED040B3A
:1041A0002DED0E8B96B0DDE92550279CDDF890A013
:1041B00025F0004624F00048BAF1000F14BF012199
:1041C000002101EB4502FC4953184A1093422AD3BF
:1041D000002814BF0123002303EB44030B44F749D9
:1041E0008B4220D358EA00019FEDF59B76D0DFF893
:1041F000D8B35D4503D1BAF1000F05D188E0BAF11B
:10420000000F08BF002100D0012101EB450111F58D
:10421000001F08D8002814BF0121002101EB440130
:1042200011F5001F0BD99DED261B9DED240B16B03B
:10423000BDEC0E8B04B0BDE8F04D01F0F3BA0027E1
:10424000002DBCBFE149884521DAE1498845A8BF76
:1042500002271CDAC3451ADCDE4901EB2851142978
:1042600008DDC1F1340220FA02F101FA02F28242C1
:104270000DD108E058B9C1F1140228FA02F101FA8F
:1042800002F2424503D101F00101C1F1020756EAF1
:104290000A0124D1002C22DA002D18BF022F01D0F0
:1042A000012F0AD0022001F007FB16B0BDEC0E8BE7
:1042B00004B0BDE8F04D01F093BA022001F0FCFA21
:1042C00001F08EFA51EC100B81F0004141EC100B23
:1042D00016B0BDEC0E8B04B0BDE8F08D18E09FED7C
:1042E000BEAB9FEDBF8B002871D1B848804522D16D
:1042F00005F1804010F5801008BFBAF1000F07D01B
:10430000B3450ADC002CA8BF9DED260BE0DA0DE0DA
:10431000B0EE490AF0EE690ADAE7002C06DA9DED04
:10432000260B51EC100B81F000416FE0AE48784451
:1043300090ED000BCCE7D8454DD1002C48DA2EB1DA
:1043400086423AD1BAF1000F42D126E0BAF1000F0D
:1043500013D0022001F0B0FA01F07EFA8DED020BCD
:104360009DED240B8DED000B10EE900A039961F387
:104370001E0003909DED020BAAE78DED02AB9DEDB3
:10438000240B1AEE901A10EE900A8DED000B61F3DB
:104390001E0003909DED020B9AE78DED028B9DEDC3
:1043A000240B18EE901A10EE900A8DED000B61F3BD
:1043B0001E0003909DED020B8AE709DA9DED240BA8
:1043C00051EC190B53EC102BDCF7F7F81EE020E052
:1043D0009DED240B7CE786421BDAB4F1804F0DD0B3
:1043E000A4F10050B0F1FF5013D1002D11DB9DED71
:1043F000240B51EC100B0BF03BFC07E09DED240B64
:1044000053EC102B51EC100B00F0C2BC41EC100B24
:104410005EE79DED240B51EC100B09F071FFBAF132
:10442000000FCDE90E0142D19FED710B46B3A6F10D
:10443000E040B0F17F600CD05E4538D1002D00DA4D
:10444000A7B3022F0CBF01204FF0FF30DCF724F997
:10445000DCE7002D01DD002C0DDA002D01DD002C44
:104460001FDB002D16DA002C14DB012F08BF9FED97
:10447000620B3FF42DAFB0EE4A0AF0EE6A0A27E76E
:10448000022F18BF002D0CD0012F0AD1002DFFF6EE
:104490001FAF06E0002DB8BF002C08DA012F3FF453
:1044A00017AFB0EE480AF0EE680A11E71BE00120F2
:1044B00000EBE57050EA070115D0791EB0EE498A8D
:1044C000F0EE698A084308BF9FED4D8B4E480025EA
:1044D000804570DD4D494E48884514DDB0420DDB06
:1044E000002C19DB2FE0012001F0E6F916B0BDEC3D
:1044F0000E8B04B0BDE8F04D01F09EB9B34502DC6F
:10450000002C09DC1FE0864202DA002C1BDA03E0F3
:104510005E452BDD002C16DD022001F0CDF901F007
:104520009BF98DED020B53EC1A2B51EC180BDBF7BA
:10453000D2FFCDE900010399019861F31E000390B9
:104540009DED020BC4E6022001F0B6F901F094F9EA
:1045500010EE901A18EE900A8DED020B8DED008B87
:1045600061F31E0003909DED020BB1E69DED0E0B75
:1045700053EC192B51EC100BDBF7A7FF9FED260B2B
:10458000CDE9080153EC102B9DED080B51EC100BFD
:10459000DBF7A1FF9FED221B53EC112BDBF798FFFC
:1045A0009DED081B53EC112BDBF795FF9FED1E1BB8
:1045B00053EC112B3CE08CE0FFFF1F00FFFF0F00CE
:1045C000000000000000F03F0000F03F0000F07F1E
:1045D0000000404301FCFFFF000000000000F07FEE
:1045E0000000000000000000DEBE0000000000002F
:1045F0000000000000000080000000000000F0FF4C
:10460000000000000000F0BF0000E0410000F043A7
:10461000FFFFEF3F00000000000000000000D03F5F
:10462000555555555555D53F000000000000E03F59
:10463000DBF74EFF9DED080B41EC1A0B53EC102BF2
:1046400051EC100BDBF747FF53EC1A2BDBF743FF62
:1046500041EC1A0B9FEDFE0B53EC102B9DED080B5C
:1046600051EC100BDBF737FF41EC1B0B9FEDFA0B06
:1046700051EC1A0B53EC102BDBF72DFF41EC1A0B0E
:104680009FEDF70B53EC102B9DED080B51EC100B2D
:10469000DBF721FF53EC1A2BDBF717FF41EC1A0B6A
:1046A00051EC1B0B53EC1A2BDBF76EFE0690CDE999
:1046B00006519DED060B53EC1B2B51EC100BDBF759
:1046C00004FF53EC1A2BDBF703FF41EC100B00F057
:1046D000A1B90020B6F5801F0EDA9FEDE30B53EC75
:1046E000102B9DED0E0B51EC100BDBF7F4FECDE91A
:1046F0000E016FF034000E4600EB2650A0F2FF379B
:10470000C6F31300DA4940F07F6646F0405688420F
:10471000D8BF002408DDD7498142C8BF012403DC8B
:104720000024A6F580167F1CD348784400EBC40013
:104730000F9690ED00CB9DED0E0B53EC1C2B51EC26
:10474000100BDBF7C2FE9DED0E0B41EC1B0B53EC87
:104750001C2B51EC100BDBF717FE41EC100B51EC4E
:10476000190B53EC102BDBF728FF41EC1D0B51EC20
:104770001B0B53EC1D2BDBF7AEFE41EC1A0BBF48B5
:104780008DED10AB7844109590ED000B4FF000507C
:1047900040EA660000EB84408DED080B00F5002038
:1047A00009909DED080B53EC1C2B51EC100BDBF723
:1047B0008CFE9DED0E1B53EC112BDBF789FE41ECBB
:1047C000100B53EC102B9DED100B51EC100BDBF785
:1047D00082FE9DED080B41EC1C0B53EC102B9DED64
:1047E000100B51EC100BDBF776FE53EC1B2BDBF7B9
:1047F0006FFE53EC1C2BDBF768FE53EC1D2BDBF735
:104800006AFE41EC1C0B53EC1A2B51EC1A0BDBF734
:1048100062FE41EC1B0B9A480621B0EE4B0AF0EE0B
:104820006B0A784400F0C8FEB0EE401AF0EE601A51
:10483000B0EE41DAF0EE61DA53EC1B2B51EC1B0BBE
:10484000DBF749FE53EC1D2BDBF745FE9DED100B0E
:1048500041EC1B0B53EC1A2B51EC100BDBF794FDC6
:1048600053EC1C2BDBF737FE53EC1B2BDBF78CFDDB
:104870009DED100B41EC1B0B53EC102B51EC100B6E
:10488000DBF729FE41EC1D0B9FED7FEB53EC1E2B5C
:10489000DBF77AFD53EC1B2BDBF776FD0890CDE9B7
:1048A00008519DED080B53EC1E2B51EC100BDBF760
:1048B0000CFE53EC1D2BDBF708FE53EC1B2BDBF738
:1048C00007FE9DED080B41EC1D0B53EC102B9DEDED
:1048D000100B51EC100BDBF7FEFD41EC1B0B53EC06
:1048E0001A2B51EC1D0BDBF7F6FD9DED080B41EC8F
:1048F0001A0B53EC102B51EC1C0BDBF7ECFD53ECBB
:104900001A2BDBF741FD41EC1A0B51EC1B0B53EC5E
:104910001A2BDBF739FD0C90CDE90C519DED0C0BFA
:1049200053EC1B2B51EC100BDBF7CFFD53EC1A2B88
:10493000DBF7CEFD41EC1B0B9FED550B53EC102B21
:104940009DED0C0B51EC100BDBF7C5FD41EC1A0B88
:104950009FED510B51EC1B0B53EC102BDBF7BBFD08
:1049600041EC1B0B9FED4E0B53EC102B9DED0C0BF4
:1049700051EC100BDBF7AFFD53EC1B2BDBF704FD09
:1049800041EC100B4848784400EBC40090ED001B4C
:1049900051EC100B53EC112BDBF7F6FC41EC1B0B2D
:1049A0003846DBF779FECDE9080153EC1B2B51ECBF
:1049B0001A0BDBF7E9FC41EC100B3C48784400EBA8
:1049C000C40090ED00CB51EC100B53EC1C2BDBF72B
:1049D000DBFC9DED081B53EC112BDBF7D5FC06909F
:1049E000CDE906519DED080B53EC102B9DED060B08
:1049F00051EC100BDBF769FD53EC1C2BDBF765FD6D
:104A000053EC1A2BDBF761FD53EC1B2BDBF760FD3E
:104A100041EC100B9DED261B53EC102B8DED001B74
:104A200000959DED260B51EC100BDBF754FD9DED31
:104A3000000B41EC1A0B53EC102B9DED260B51ECA7
:104A4000100BDBF742FD9DED061B53EC112B2FE005
:104A5000000000604715F73FFE822B654715F73FC2
:104A600044DF5DF80BAE543E000000000000404300
:104A70008E9803007AB60B002ABA000088BA0000AC
:104A800062B90000000000000000000000000840C3
:104A9000000000E009C7EE3FFD033ADC09C7EE3F26
:104AA000F5015B14E02F3EBEEEB70000A8B7000092
:104AB000DBF711FD53EC1A2BDBF766FC9DED060BC3
:104AC00041EC1A0B53EC102B9DED000B51EC100B2D
:104AD000DBF701FDCDE90C019DED0C0B51EC1A0B40
:104AE00053EC102BDBF750FCCDE902010C46AA4930
:104AF0008C422FDB611A084318D19DED0C0B53EC4F
:104B0000102B9DED020B51EC100BDBF7DEFC41ECA2
:104B10001B0B9FEDA30B51EC1A0B53EC102BDBF787
:104B200033FC53EC1B2BDBF739FE2DD2022000F0B7
:104B3000C3FE00F091FE10EE901A18EE900A8DED73
:104B4000020B8DED008B61F31E0003909DED020BB7
:104B5000FFF7BEBB944A24F00041914214D393491D
:104B6000214408437FF4EFAC9DED0C0B53EC102B6C
:104B70009DED020B51EC100BDBF7A7FC53EC1A2B4D
:104B8000DBF70CFE7FF6DFAC24F000408849894A51
:104B9000002601EB205182422BDA481C4FF4801191
:104BA00021FA00F02044844AC0F30A517A44A1F269
:104BB000FF3192ED000B814A8DED080BCA4020EACF
:104BC0000202C0F3130040F48010C1F1140120FA76
:104BD00001F60992002CB8BF76429DED080B53EC0C
:104BE000102B9DED0C0B51EC100BDBF76EFCCDE99F
:104BF0000C019DED0C0B51EC1A0B53EC102BDBF759
:104C0000C3FB9FED6F0B0890CDE9085153EC102BBF
:104C10009DED080B51EC100BDBF75DFC41EC1B0B21
:104C20009FED690B53EC102B9DED080B51EC100B15
:104C3000DBF751FC9DED0C0B41EC1C0B53EC102BE6
:104C40009DED080B51EC100BDBF73FFC53EC1A2BDE
:104C5000DBF73EFC9FED5E1B53EC112BDBF73BFCBF
:104C600053EC1C2BDBF790FB41EC1A0B51EC1B0BAC
:104C700053EC1A2BDBF788FBCDE902019DED020B0B
:104C800053EC1B2B51EC100BDBF71FFC53EC1A2BD6
:104C9000DBF71EFC9DED020B41EC1A0B53EC102BC5
:104CA00051EC100BDBF717FCCDE908014A489DEDEC
:104CB000080B0521784400F07FFC9DED081B51ECAA
:104CC000100B53EC112BDBF706FC9DED021B53EC94
:104CD000112BDBF7FDFBCDE906019DED020B53EC3B
:104CE0001A2B51EC100BDBF7F6FB53EC1A2BDBF70E
:104CF0004BFB9FED3B0B41EC1A0B53EC102B9DED46
:104D0000060B51EC100BDBF7E0FB9DED060B41ECC5
:104D10001B0B53EC102B9DED020B51EC100BDBF732
:104D2000DAFB53EC1B2BDBF748FC53EC1A2BDBF7BD
:104D3000CCFB9DED021B53EC112BDBF7C6FB53ECB8
:104D4000192BDBF7C5FBCDE9020101EB065001157C
:104D50000029C8BF039015DC9DED020B324651ECD3
:104D6000100BDBF7AEFEFEF7CDFB042808BF00F00A
:104D700083FD32469DED020B51EC100BDBF7A1FEDB
:104D8000CDE902019DED020B51EC180B53EC102BF9
:104D9000DBF7A1FBFFF73ABB0000904000000000EA
:104DA000FE822B654715973C00CC904000346F3F46
:104DB00001FCFFFF0000E03F60B60000FFFF0F00B6
:104DC00000000000432EE63F396CA80C615C20BE59
:104DD000EF39FAFE422EE63F00B500000000000069
:104DE000000000000000004010B52DED020B2DED7D
:104DF000088B84B09DED0C0B51EC100BDBF7CAFE59
:104E000041EC180B9DED0C0B53EC182B51EC100BD7
:104E1000DBF75BFB41EC190B0D989FED290B10F0B4
:104E2000004F53EC102B51EC190B9FED21AB9FED74
:104E300022BB0ED0DBF79AFC0ED953EC1B2B51ECA6
:104E4000190BDBF7ABFC1CD214E000BF41EC180BD4
:104E500017E0DBF78BFC06D253EC1A2B51EC180B46
:104E6000DBF733FBF2E753EC1B2B51EC190BDBF7B1
:104E700095FC06D853EC1A2B51EC180BDBF784FA8F
:104E8000E4E78DED028B9DED0C0B18EE901A10EE01
:104E9000900A8DED000B61F31E0003909DED020B57
:104EA00004B0BDEC088B02B010BD00000000000093
:104EB000000000000000F03F000000000000E03FA4
:104EC000000000000000E0BF10B52F499FED2C1B33
:104ED0002DED020B84B0059820F000408842DCBF25
:104EE00000209DED040B32DD2849884209D1049849
:104EF00040B94FF0010000F0DFFC00F09DFC06B06F
:104F000010BD05DB9DED040B00F082FC06B010BD6A
:104F100068469DED040B00F07BF810F0030011D003
:104F2000012818D09DED021B9DED000B02281AD020
:104F300000F08AFA51EC100B81F0004106B041EC10
:104F4000100B10BD9DED021B9DED000B012000F02C
:104F5000AFFB06B010BD9DED021B9DED000B00F0F8
:104F600073FA06B010BD012000F0A2FB51EC100B4B
:104F700081F0004106B041EC100B10BD00000000B4
:104F80000000000000000000FB21E93F0000F07F6E
:104F900000B52DED048BB0EE409AF0EE609A83B030
:104FA00051EC190BDBF7A4FD41EC180B18EE100ABD
:104FB00018EE901A8DED008B002818BF01200843D1
:104FC00020F00040C0F17F6000F1E040C00F14D03D
:104FD00019EE101A19EE900A8DED009B002918BFEA
:104FE0000121084320F00040C0F17F6000F1E04063
:104FF000C00F04BF012000F05FFCB0EE480A03B010
:10500000F0EE680ABDEC048B00BD0000000000005B
:105010002DE9F14F04462DED020B2DED088B8AB0E2
:105020009FEDE70B80ED020B139EE74826F000454D
:1050300085420ADC9DED120B002084ED000B0AB0C6
:10504000BDEC088B03B0BDE8F08FE0489FEDE0AB0E
:105050009FEDE1BBA84247DDE14F9FEDE39B9FED54
:10506000E48B9DED120B53EC1A2B51EC100B002E20
:105070001CDDDBF72AFA41EC100BBD4208D053ECE3
:105080001B2B51EC100BDBF720FAC4E900010BE0FD
:1050900053EC192B51EC100BDBF717FA53EC182BD0
:1050A000DBF713FAC4E900010120C8E7DBF76CF96C
:1050B00041EC100BBD4208D053EC1B2B51EC100BF4
:1050C000DBF762F9C4E900010BE053EC192B51EC5A
:1050D000100BDBF759F953EC182BDBF755F9C4E942
:1050E00000014FF0FF30AAE7C348A84279DB9DEDED
:1050F000120B51EC100B09F003F941EC180B9FED6A
:10510000C00B53EC102BDBF7E6F99FEDBF1B53EC04
:10511000112BDBF739F9DBF7DDFA0746DBF7BCFAD1
:1051200041EC190B53EC1A2BDBF7D5F953EC182B88
:10513000DBF7CEF941EC180B53EC1B2B51EC190BA0
:10514000DBF7C9F9DFF8C8A241EC100B4FEA15589C
:105150000125FA4453EC102B51EC180BDBF7B5F991
:10516000032DC4E900013DD0C1F30A5005EB451100
:10517000A8EB00001139814234DA0AEB051BB0EECE
:1051800048AA9BED000BF0EE68AA53EC102B51ECF3
:10519000190BDBF7A0F941EC1B0B51EC1A0B53EC8C
:1051A0001B2BDBF792F941EC180B51EC1A0B53EC6B
:1051B000182BDBF78AF953EC1B2BDBF786F99BEDF9
:1051C000020B41EC1A0B53EC102B51EC190BDBF7D3
:1051D00082F953EC1A2BDBF778F941EC100B6D1CBC
:1051E000B8E70EE0002EA8BF3846BFF628AF94ED12
:1051F000000B51EC100B81F00041C4E90001784232
:105200001DE7C6F3130040F4801EC6F30A50A0F257
:10521000F530471100F01F05C5F12000DDF848B05A
:1052200008900020069007900520EC467949002D53
:1052300007EB0002794408BF51F8221009D051F859
:10524000223001EB8201AB404A68089922FA01F151
:105250001943A1FB0E26A1FB0B131A449A4234BF3B
:105260000123002303EB06080CEB8003D3E901A61E
:105270000E448E4234BF0121002192448A4411B170
:10528000924502D903E0924501D2012100E00021BC
:10529000C3E901A641444CF82010011EA0F1010011
:1052A000C4DC029800F10050850F0298DDE9036725
:1052B0008000DDF81480DBF7EFF941EC1A0B304683
:1052C000DBF7FBF99FED541B53EC112BDBF703F9D4
:1052D00041EC1B0B3846DBF7F0F99FED511B53EC0B
:1052E000112BDBF7F8F841EC180B4046DBF7E5F93A
:1052F0009FED4D1B53EC112BDBF7EDF841EC190B37
:1053000051EC180B53EC192BDBF73EF853EC1B2B2D
:10531000DBF73AF853EC1A2BDBF736F8CDE9080146
:10532000002008909DED080B53EC1A2B51EC100B4C
:10533000DBF7CBF853EC1B2BDBF7C7F853EC182B40
:10534000DBF7C3F853EC192BDBF7C2F89FED381BE2
:1053500053EC112BDBF7BFF89FED370B41EC180B2B
:1053600053EC102B9DED080B51EC100BDBF7B3F851
:1053700053EC182BDBF708F89FED310B41EC180BC1
:1053800053EC102B9DED080B51EC100BDBF7A3F841
:1053900053EC182BDAF7F8FF41EC100B139810F0D0
:1053A000004F06D06D4251EC100B81F0004141ECF2
:1053B000100B284684ED000B41E6000000000000C1
:1053C0000000000000000000FB21E93F7CD9024002
:1053D00000004054FB21F93F3163621A61B4D03DB3
:1053E000FB21F93F000000000000601A61B4D03DCD
:1053F0007370032E8A19A33BFB2139410000000082
:1054000083C8C96D305FE43F000000000000E03F4A
:10541000C2B0000010B00000000000000000103E0C
:10542000000000000000103C000000000000103AE6
:10543000182D4454FB21F93D3326A611460B113C8F
:1054400000000054FB21F93D10B52DED040B2DEDAE
:10545000088B82B0B0EE419AF0EE619A0B9820F082
:1054600000449FED4BABB4F1795F11DA9DED0A0B6F
:1054700051EC100BDBF72EF9002801BFB0EE4A0A01
:10548000F0EE6A0A02B0BDEC088B04BF04B010BD98
:105490009DED0A0B53EC102B51EC100BDBF71BF8B6
:1054A00041EC180B3C480621B0EE480AF0EE680AC1
:1054B000784400F081F853EC182B51EC100BDBF71B
:1054C0000AF89DED0A0B41EC1B0B53EC192B51EC28
:1054D000100BDBF700F841EC190B53EC1B2B51ECD4
:1054E000180BDAF7F8FF53EC192BDAF7EEFF9FED04
:1054F0002C0B41EC190B53EC102B51EC180BDAF779
:10550000EAFF41EC100B2848844210DA53EC192BC7
:1055100051EC100BDAF7D9FF53EC1A2BDAF7D8FF5E
:1055200041EC100B02B0BDEC088B04B010BD1F485D
:10553000A042BCBF9FED1E1B8DED001B06DBA4F53A
:1055400000100190002000909DED001B51EC100B0D
:1055500053EC112BDAF7B9FF9DED000B41EC180B62
:1055600053EC102B51EC1A0BDAF7AFFF41EC1A0B8E
:1055700053EC192B51EC180BDAF7A7FF53EC1A2B4D
:10558000DAF7A6FF41EC100BCCE7000000000000AA
:10559000000000000000F03F2CAD00000000000003
:1055A000000000000000E03F3333D33F0000E93F3C
:1055B000000000000000D23F70B504462DED028BC4
:1055C0004D1E00EBC500B0EE408AF0EE608A90ED13
:1055D000000B35F0060017D053EC182B51EC100BD4
:1055E000DAF779FF41EC100B6D1E04EBC50090ED6E
:1055F000001B51EC100B53EC112BDAF7C5FE41ECFC
:10560000100B35F00600E7D1022D36D0042D1CD04A
:10561000062D1CBFBDEC028B70BD53EC182B51EC5A
:10562000100BDAF758FF94ED0A1B53EC112BDAF745
:10563000ABFE53EC182BDAF74EFF94ED081B53EC3E
:10564000112BDAF7A1FE41EC100B53EC182B51ECA7
:10565000100BDAF740FF94ED061B53EC112BDAF731
:1056600093FE53EC182BDAF736FF94ED040B53EC52
:10567000102BDAF789FE41EC100B53EC182B51EC90
:10568000100BDAF728FF94ED021B53EC112BDAF71D
:105690007BFE53EC182BDAF71EFF94ED001B53EC46
:1056A000112BDAF771FEBDEC028B41EC100B70BDD3
:1056B00031B504462DED040B2DED0A8BB0EE41BA49
:1056C000F0EE61BA0B989DED0A0B20F00040B0F1AE
:1056D000795F0DDA51EC100BFDF714FF042808BFB9
:1056E00000F0CAF89DED0A0BBDEC0A8B05B030BD89
:1056F00053EC102B51EC100BDAF7EDFE41EC180BCC
:105700009DED0A0B53EC182B51EC100BDAF7E3FE6E
:1057100041EC190B2C48B0EE480AF0EE680A05215E
:105720007844FFF749FF9FED2ACBB0EE40AAF0EE98
:1057300060AA9CB353EC1C2B51EC190BDAF7CBFE8F
:1057400041EC1C0B53EC1A2B51EC190BDAF7C3FE8E
:105750009FED210B41EC190B53EC102B51EC1B0B63
:10576000DAF7B9FE53EC192BDAF7AFFE53EC182B2E
:10577000DAF7B1FE53EC1B2BDAF7A7FE53EC1C2B28
:10578000DAF7A3FE9DED0A1B53EC112BDAF7A0FE0E
:10579000BDEC0A8B05B041EC100B30BDFFE753ECBC
:1057A0001A2B51EC180BDAF796FE53EC1C2BDAF798
:1057B000EBFD53EC192BDAF78EFE9DED0A1B53EC33
:1057C000112BDAF7E1FDE3E7BCAB000000000000BD
:1057D000495555555555C5BF000000000000E03F34
:1057E0009FED070B10B553EC102B9FED070B51EC01
:1057F000100BDAF7E2FE41EC100B10BD00000000C8
:105800000000000000000000000000000000F03F69
:1058100010B553EC102B51EC100BDAF7B5FD41EC41
:10582000100B10BD10B553EC112B51EC100BDAF727
:10583000ABFD41EC100B10BD9FED050B10B553EC0B
:10584000102B51EC100BDAF7B8FE41EC100B10BD29
:1058500000000000000000009FED050B10B553ECA8
:10586000102B51EC100BDAF736FE41EC100B10BD8B
:1058700000000000000000709FED050B10B553EC18
:10588000102B51EC100BDAF726FE41EC100B10BD7B
:10589000000000000000001002E008C8121F08C14C
:1058A000002AFAD170477047002001E001C1121FA1
:1058B000002AFBD1704700000149086070470000D2
:1058C000980400202DE9FF5F82B00021DDE904305B
:1058D000020DDDF840B0034318D044F61050A2F298
:1058E000FF3242431514119801281FD0A5EB0B007D
:1058F000401C5FEA000A4FF000064E4FDFF8389177
:10590000B046504615D5CAF1000413E011980124A1
:105910004AA3012801D16FEA0B010298119AC0E94C
:105920000031C0E9024206B0BDE8F09FCBF10000B3
:10593000DFE704460021404A491842EB0450CDE914
:10594000001012E0E00707D032463B464046494689
:10595000DAF7C1FD8046894632463B461046194675
:10596000DAF7B9FD06460F466410002CEAD1DDE9EE
:105970000401DDE90023BAF1000F06DADAF7ABFD26
:1059800042464B46DAF7A7FD05E0DAF716FE424637
:105990004B46DAF712FE04460E460022284BDAF791
:1059A000FDFE03D84FF0FF30014607E00022254BF3
:1059B00020463146DAF7E8FCDBF730F9102409E03D
:1059C000002C0ADB0A220023DAF732FF039B303275
:1059D0001A55641E50EA0102F2D1641C039AC4F104
:1059E00011031444119A012A03D0012208430DD156
:1059F0000AE0084304D000204FF0110B119072E729
:105A0000A3EB0B056D1E0DE05B4504DD4FF00002BE
:105A100005F1010504E003DA4FF00002A5F10105EC
:105A2000002AECD002981199C0E90231C0E9004582
:105A300079E70000000014400000F03F3000000053
:105A40000000F0430000E03F2DE9FF4F95B09B467A
:105A50008946064600250FE2252877D100242746EF
:105A6000F84A0121059400E0044316F8013F203B69
:105A700001FA03F01042F7D130782A2811D06FF0E4
:105A80002F033078A0F13002092A16D8059A44F085
:105A9000020402EB820203EB42021044761C0590E2
:105AA000EFE759F8042B0592002A03DA504244F438
:105AB0000054059044F00204761C30782E2816D14C
:105AC00016F8010F44F004042A280DD06FF02F02BD
:105AD0003078A0F13003092B09D807EB870302EBDC
:105AE0004303C718761CF3E759F8047B761C30781B
:105AF0006C280FD006DC4C2817D068280DD06A28F7
:105B000014D104E0742810D07A280FD10DE044F4A9
:105B100000140AE044F4801401E044F44014727864
:105B2000824202D104F58014761C761C30786628F7
:105B30000BD013DC582877D009DC002875D0452815
:105B4000F6D04628F4D047281AD19DE118E0632802
:105B500035D0642879D0652812D195E1702873D0AA
:105B600008DC6728F1D069286FD06E280DD06F2827
:105B700006D1B5E073282CD0752875D0782874D05C
:105B80005A46179990476D1C75E1C4F302500228DC
:105B900009D003280DD0D9F8001004280DD00D60CD
:105BA00009F1040967E1D9F80010EA17C1E90052C8
:105BB000F6E7D9F800100D80F2E70D70F0E719F85C
:105BC000041B8DF8001000208DF80100EA4601202A
:105BD00003E059F804AB4FF0FF3061074FF00001CC
:105BE00002D40DE008F101018846B9420FDA804580
:105BF000F8DB1AF808100029F4D108E008F10101D7
:105C000088468142FADB1AF808100029F6D1059877
:105C10005B46A0EB080721463846179A00F094FA35
:105C2000284400EB080507E04DE029E10DE01AF8F3
:105C3000010B5A4617999047B8F10108F7D25B4615
:105C400021463846179A13E142E00A220092C4F333
:105C500002524FF0000A022A08D059F804CB032A56
:105C60004FEAEC710AD00DE029E02AE009F10701C2
:105C700021F00702F2E802C1914609E00FFA8CFC1C
:105C80004FEAEC71042A03D14FFA8CFC4FEAEC7115
:105C9000002907DA0A460021DCF1000C61EB020161
:105CA0002D2202E0220504D52B228DF804200122AA
:105CB00003E0E20701D02022F7E7904659E00A21ED
:105CC00002E010220DE010214FF0000A00910BE0DD
:105CD00010224FF0000A44F004040827009203E069
:105CE00008224FF0000A0092C4F30252022A05D0A3
:105CF00059F804CB0021032A08D009E009F1070173
:105D000021F00702F2E802C1914605E01FFA8CFC7F
:105D1000042A01D10CF0FF0C4FF00008220728D50F
:105D2000702806D0009B83F0100353EA0A0305D0C5
:105D30000EE040228DF80420012208E05CEA010216
:105D400006D030228DF804208DF8050002229046FE
:105D5000009B83F0080353EA0A030AD15CEA0102BC
:105D600001D1620705D530228DF804204FF00108DB
:105D70007F1E582804D034A003900EA802900DE096
:105D800036A0F9E753466046009ADAF751FD84469B
:105D90000398825C0298401E029002705CEA010047
:105DA000F0D1029806A9081A00F1200A600702D56E
:105DB00024F4803400E00127574502DDA7EB0A00F8
:105DC00000E0002000EB0A01009005984144401AD1
:105DD0000590E00306D45B462146179A059800F02B
:105DE000B3F90544002706E001A85A46C05D17999B
:105DF00090476D1C7F1C4745F6DBE0030CD55B46E6
:105E00002146179A059800F09FF9054404E03020D8
:105E10005A46179990476D1C0099481E009000291A
:105E2000F5DC08E0029802995A460078491C029174
:105E3000179990476D1CBAF10001AAF1010AF1DC33
:105E400065E100000928010030313233343536373E
:105E500038396162636465660000000030313233B6
:105E60003435363738394142434445460000000056
:105E700000F058F90544761C307800287FF4ECAD2A
:105E800019B02846BDE8F08F620700D4062709F153
:105E9000070222F0070CFCE80223E14603F0004869
:105EA0005FEA080C02D00FF2702C0DE05FEA045C90
:105EB00002D50FF2682C07E05FEAC47C02D00FF233
:105EC000602C01E0AFF2700C4FF0FF3823F000437C
:105ED000CDF850C065280CD006DC452809D04628EE
:105EE0001DD047283DD13DE0662818D067287ED1D7
:105EF00038E00021112F01DB112000E0781CCDE9F2
:105F0000000106A90EA8FFF7DDFCDDE90F010E9ADE
:105F100003910021009207F1010A04914DE04FF036
:105F200000400097CDE9011006A90EA8FFF7CAFCB2
:105F3000DDE90F0203920E9B11990022DDF80CA0FF
:105F40000093049211B9791C00EB010AB7EB0A0027
:105F500004D4C0F1FF3007F1010A0490AAEB070056
:105F6000019044E0012F00DA01270021112F01DD0B
:105F7000112000E03846CDE9000106A90EA8FFF780
:105F8000A1FCDDE90F010E9A03910021049100921A
:105F9000BA4621070CD40399514500DA8A46BAF172
:105FA000010F05DD009AAAF10101515C302908D0EA
:105FB000B84202DA10F1040F06DA0121CDE901102E
:105FC00015E0AAF10101E9E7002805DC0499014484
:105FD0000491AAEB000102E0411C514500DD8A4614
:105FE0000499401A401C01904FF000400290200795
:105FF00004D40198504501DBCDF8048000208DF8D1
:106000004F0002980DF14F07B0F1004F25D02B2023
:106010000E9002984FF0020800280CDA40420290DD
:106020002D200E9007E00A210298DAF7EBFB3031C1
:10603000029007F8011DB8F10001A8F10108F2DC97
:1060400002980028EFD1791E0E980870307800F081
:10605000200040F0450007F8020D12A8C01B00F117
:1060600007081498007800B1012000EB0A0101989C
:1060700001EBE07105984144401A401E0590E00391
:1060800006D45B462146179A059800F05DF8054452
:106090001498007818B15A46179990476D1CE00380
:1060A00024D55B462146179A059800F04DF8054423
:1060B0001CE00498002807DBDDE90301884203DDCA
:1060C0000098405C179901E0179930205A46904794
:1060D000049805F10105401C04900198401E0190B0
:1060E00004D12E205A46179990476D1CBAF1000131
:1060F000AAF1010ADDDC05E017F8010B5A461799F1
:1061000090476D1CB8F10001A8F10108F4DC5B4672
:106110002146179A0598ABE62D0000002B000000E1
:10612000200000002DE9F041044600251E461746D8
:10613000880404D405E039462020B0476D1C641E55
:10614000F9D52846BDE8F0812DE9F0410446002547
:106150001E469046C80301D5302700E0202788045A
:1061600004D505E041463846B0476D1C641EF9D59C
:106170002846BDE8F0810A68531C0B601070704718
:106180002DE9F04700201D49AA220B5C03B90A54EF
:10619000401CC0B20C28F8D3194E0125194C002020
:1061A0003570DFF86480DFF86490207003274FF0CB
:1061B000040A2078052818D2DFE800F00305170844
:1061C00011002570F5E735702770F2E708F0EEFF53
:1061D00098F80000012808D184F800A0E9E708F049
:1061E000E5FF99F80000012804D020780528E0D1C7
:1061F000BDE8F08705202070FAE70000B89600207F
:1062000021010020F4000020280100202A010020A4
:1062100010B541EC100BFDF73FFB51EC100B10BD1E
:1062200010B54FF08040F9F7D8FB024908600868C4
:1062300010BD000080000020AFF300802DE9FC5F5E
:1062400001214020E6F75AFD01258DF80450002475
:106250008DF806408DF80740032640278DF805602D
:10626000694698480097E2F7FBFA8020009069465B
:106270009448E2F7F5FA4FF4807841469148E2F706
:1062800059FB69468F48CDF80080E2F7E9FA012111
:106290001020E6F733FD40218B48E2F74BFB6946BF
:1062A00089480097E2F7DCFA8DF804408DF8064043
:1062B00030208DF80740022700908DF80570694660
:1062C0008148E2F7CDFA01210220E6F717FD8DF8AB
:1062D00004404FF408408DF8064000908DF80740C8
:1062E0008DF8057069467948E2F7BAFA0121202055
:1062F000E6F704FD8DF804404FF470708DF8064009
:1063000000908DF807408DF8057069467048E2F7F7
:10631000A7FA01210420E6F7F1FC8DF804508DF86E
:106320000640DFF8B0B18DF807508DF8056069467A
:1063300058460095E2F794FA01215846E2F7FAFA36
:10634000012000F0CDF8022000F0CAF801217F20E2
:10635000E6F7D4FC8DF804508DF806408DF8074020
:106360008DF8056069465C48CDF80080E2F778FA60
:106370003702694655480097E2F772FA4FF4A06970
:1063800069465846CDF80090E2F76AFAC8200090B6
:1063900069465248E2F764FA7F20009069464A480D
:1063A000E2F75EFA1F20009069464948E2F758FA82
:1063B0004FF4134A69464348CDF800A0E2F750FA7B
:1063C00041464548E2F7B6FA39464048E2F7B2FAA4
:1063D00049465846E2F7AEFAC8214048E2F7AAFA21
:1063E0007F213948E2F7A6FA1F213948E2F7A2FADD
:1063F00051463448E2F79EFA1F213548E2F798FAF1
:1064000001212420E6F77AFC01210846E6F776FC14
:1064100001214020E6F772FC01210220E6F76EFC24
:1064200001210820E6F76AFC0D2000908DF8044059
:106430008DF8075069465846E2F712FA4FF47D404E
:1064400000908DF804408DF8075069462048E2F727
:1064500007FA712000908DF804408DF807506946C6
:106460001D48E2F7FDF90F2000908DF804408DF8EB
:10647000075069461348E2F7F3F948F60300009025
:106480008DF804408DF8075069461048E2F7E8F9A6
:10649000F00200908DF804408DF8075069460F48CF
:1064A000E2F7DEF98DF804508DF80640C0208DF833
:1064B000074000908DF8056069460248E2F7D0F980
:1064C000BDE8FC9F0018024000100240000402409A
:1064D000001402400008024000000240000C02408C
:1064E000401E054910F0FF0004D0012801D1802092
:1064F000088070474020FBE71A180240401E0549FB
:1065000010F0FF0004D0012801D1802008807047DE
:106510004020FBE7181802400649012806D002284F
:1065200003D1086880F0800008607047086880F038
:106530004000F9E71418024010B514462DED0E8BFB
:1065400090ED04AB91ED028B90ED00CB90ED02BB92
:1065500091ED009B91ED04EB53EC182B51EC1A0BD1
:10656000D9F7B9FF41EC1D0B53EC1E2B51EC1B0B63
:10657000D9F7B1FF53EC1D2BD9F7A7FFC4E90001F0
:1065800053EC1E2B51EC1C0BD9F7A5FF41EC1D0B56
:1065900053EC192B51EC1A0BD9F79DFF53EC1D2B23
:1065A000D9F793FFC4E9020153EC192B51EC1B0BF3
:1065B000D9F791FF41EC190B53EC182B51EC1C0B44
:1065C000D9F789FF53EC192BD9F77FFFC4E90401F0
:1065D000BDEC0E8B10BD70B50C462DED048B054641
:1065E00091ED041B90ED040B53EC112B51EC100BAF
:1065F000D9F771FF94ED021B95ED020B41EC190BDD
:1066000053EC112B51EC100BD9F765FF94ED000BF7
:1066100095ED001B41EC180B53EC102B51EC110BBA
:10662000D9F759FF53EC182BD9F7AEFE53EC192BC1
:10663000D9F7AAFEBDEC048B41EC100B70BD10B570
:1066400004462DED048B90ED040B53EC102B51EC14
:10665000100BD9F740FF94ED020B41EC180B53ECF3
:10666000102B51EC100BD9F736FF94ED000B41ECD9
:10667000190B53EC102B51EC100BD9F72CFF53ECEA
:10668000192BD9F781FE53EC182BD9F77DFEBDEC01
:10669000048B41EC100BBDE81040FEF779BC000004
:1066A00070B51B481B4A81681B480D0A0E0C037805
:1066B0000C0E1944CBB2137041782944CDB25570F9
:1066C00081783144CEB29670C1782144CCB2D47076
:1066D0001249027922440A80847934444C80067A33
:1066E00035448D80807A03440D48CB800D4906687F
:1066F000B2420AD14268944207D18268954204D1DD
:10670000C068834201D1012000E00020087070BD04
:10671000446E002005030020B89600200A030020E4
:10672000146E00202101002010B52DED048BB0EE79
:10673000408AF0EE608A9FED190B9FED169B53EC9B
:10674000102B51EC180BDAF711F814D251EC180B8E
:1067500081F0004141EC100BB0EE491AF0EE691ADD
:10676000FDF71AFD51EC100B81F00041BDEC048BDC
:1067700041EC100B10BDB0EE491AF0EE691AB0EE04
:10678000480AF0EE680ABDEC048BBDE81040FDF746
:1067900003BD0000555555555555D53F0000000027
:1067A0000000000010B504466FF00400F8F7E0FFA9
:1067B0000648E10801EB41020170C2EBC1114FF63E
:1067C000FF7202EAC101418010BD0000B400002048
:1067D00070B54FF40775B0FBF5F1CCB2B0FBF5F135
:1067E00005FB110604E0284600F00CF8641EE4B234
:1067F000002CF8D1002E04D03046BDE8704000F0E7
:1068000001B870BD0B49498848434FF0E021486109
:1068100000228A61086940F0010008610869C30725
:1068200001D0C003FAD5086920F0010008618A612F
:1068300070470000B400002010B5104C607828B9F3
:10684000DFF742F9DFF70EFA01206070282000F030
:1068500017F80246292000F013F804462A2000F019
:106860000FF803462B2000F00BF80146200640EA03
:10687000024040EA0120184310BD00000000002043
:106880000249088002480088C0B270470000406892
:1068900000004868024A10800248018070470000EA
:1068A000000040680000486810B503210020FFF791
:1068B000F1FF0A20DFF761FC03210020FFF7EAFF68
:1068C0000A20DFF75AFC8021FF20FFF7E3FF802139
:1068D0002D20FFF7DFFF2C210120FFF7DBFF002138
:1068E0000220FFF7D7FF0F21FE20FFF7D3FF332150
:1068F0000520FFF7CFFF8021FF20FFF7CBFF0249E4
:106900000020087010BD00000000002010B50C4CE5
:10691000002303F11000E15CC0B2FFF7BBFF5B1C7A
:10692000DBB2062BF5D3002303F11600C0B2FF2122
:10693000FFF7B0FF5B1CDBB2082BF5D310BD0000E6
:10694000040000200B4610B540F040010C20FFF77A
:10695000A1FF190A0E20FFF79DFFD9B20D20FFF706
:1069600099FF0A210B20FFF795FF3220DFF7FCFB90
:106970000021BDE810400B20FFF78CBF70B53D4BE8
:10698000ADF5486D0022F020FFF77AFFF420FFF705
:1069900077FF0446F520FFF773FF04EB002084B275
:1069A000F020FFF76DFF012807D000285CD0FFF72B
:1069B0007BFF00200DF5486D70BD2F49F220088047
:1069C00019881888B0F5C06F00D90122490403D591
:1069D000B0F5FA7F00D901222118091D8CB2C10738
:1069E00001D0641CA4B2B4F5804F02D3A4F5505476
:1069F000A4B242B1210AF520FFF74CFFE1B2F42026
:106A0000FFF748FFBEE7411C4A0800216D4604E03D
:106A10001E8825F81160491C89B29142F8D3001FE5
:106A2000164D82B269466A801548D9F7FAFBF42000
:106A3000FFF726FF0246F520FFF722FF02EB0020BA
:106A4000A04207D0210AF520FFF724FFE1B2F4208D
:106A5000FFF720FF210AF520FFF71CFFE1B2F42029
:106A6000FFF718FF6888A5E73F21FE20FFF712FF18
:106A70009FE7000000004868000040680000002018
:106A80009C04002010B501211E20FFF703FF002108
:106A90001F20FFF7FFFE0A20DFF766FB032100201F
:106AA000FFF7F8FE0120DFF75FFB0020FFF7E8FEAD
:106AB000C007F7D100210846FFF7ECFE03210020B4
:106AC000FFF7E8FE1920DFF74FFB0020FFF7D8FEA5
:106AD000C007F7D100210846FFF7DCFE8021FF2028
:106AE000FFF7D8FE80212D20FFF7D4FE2C210120B6
:106AF000FFF7D0FE00210220FFF7CCFE0F21FE2081
:106B0000FFF7C8FE33210520FFF7C4FE8021FF20D8
:106B1000FFF7C0FE01490020087010BD00000020F2
:106B200070B50B4604468021FF20FFF7B3FE1A49DB
:106B3000F8200880581C40080021184A05E000BFD2
:106B400034F811501580491C89B28142F8D3190AD2
:106B5000FD20FFF79FFED9B2FC20FFF79BFE01212D
:106B60000220FFF797FEFFF75BFB044605E000BF3E
:106B7000FFF756FB001B642804D20220FFF780FEBB
:106B8000C007F5D12C210120FFF784FEBDE870403D
:106B90008021FF20FFF77EBE0000406800004868AB
:106BA0007FB50DF1200C9CE870008DE8780013464D
:106BB0000A460146024800F0ECFD04B070BD00003A
:106BC0001800002040F2CE51D9F744BB01460148DD
:106BD00001F052B818000020002100F001B80000B8
:106BE0000A460146014801F0D7BB0000180000200A
:106BF000014802F0B3B800001800002008B5009367
:106C00004FF47A7353430A460146024802F0BAFA37
:106C100008BD00001800002070B503460A4A002095
:106C2000401C00EB800404EBC00452F824506E1C9E
:106C300007D09D42F4D102EB840464688C42EFD10A
:106C400070BD002070BD00008CFE0208014802F0FB
:106C5000B9BC000018000020401CC0B2072800D9B1
:106C600001207047014803F07FBE0000180000209B
:106C700001460020AFF300800A460146014803F0B8
:106C800034BF000018000020002000F001B8000010
:106C90000146014803F0B0BF180000200A46014633
:106CA000014804F0EBB90000002C00204FF6FF7102
:106CB00001804180818040F20111C18001814181C8
:106CC0004AF288418181704713460A4601460148CD
:106CD00004F0BABD180000200146014804F056BE79
:106CE0001800002005480068012801D0FFF7CCBF3C
:106CF00003490120086000F005B8000010010020E1
:106D00000C0100202DE9FE43D24CD44D6088401C7C
:106D10006080D1480078012849D1FFF7B5FF4FF4D2
:106D2000FA60FFF7A5FFCE4E00276780CD48DFF859
:106D30003883DFF8389332680CE000BF58F8213010
:106D4000B3F800C020F811C0D3F802C049F821C040
:106D5000491C6180B4F902109142EFDB022A04D091
:106D6000032A05D0042A06D008E00188818000E0CB
:106D70000188C18000E001880181418194F800C050
:106D8000BCF1010F14D007214FF0030840F2332269
:106D900041F22323BCF1020F66D0BCF1030F6FD088
:106DA000BCF1040F6DD0B248007801286AD042E1EE
:106DB0006780062205E000BF55F82130491C1A8083
:106DC0006180B4F9021033689942F5DB018840F222
:106DD000316240F2312341F2212641F231279142C2
:106DE00005D0994203D0B14201D0B94233D1B0F8B5
:106DF00002C0944505D09C4503D0B44501D0BC45A4
:106E000029D1B0F804C0944505D09C4503D0B445C1
:106E100001D0BC451FD1B0F806C0944505D09C45B3
:106E200003D0B44501D0BC4515D1B0F808C0944595
:106E300005D09C4503D0B44501D0BC450BD1B0F87A
:106E40000AC0944505D09C4503D0B44501D0BC454B
:106E500001D102222270C288448903898DE81C0076
:106E60008388428883A0B0E06780D6F800C03FB234
:106E7000674508DA55F827C07F1CACF80010F3E727
:106E80004BE0A5E0C3E0018840F2336641F23327CE
:106E9000B14205D0914203D0994201D0B94233D1D9
:106EA000B0F802C0B44505D0944503D09C4501D04C
:106EB000BC4529D1B0F804C0B44505D0944503D0F1
:106EC0009C4501D0BC451FD1B0F806C0B44505D0E3
:106ED000944503D09C4501D0BC4515D1B0F808C0FD
:106EE000B44505D0944503D09C4501D0BC450BD199
:106EF000B0F80AC0B44505D0944503D09C4501D0F4
:106F0000BC4501D184F80080C288448903898DE89A
:106F10001C008388428860A057E067800F2705E047
:106F200055F821C0491CACF800706180B4F902101A
:106F3000D6F800C06145F3DB018841F2376641F2C3
:106F40003727B14205D0914203D0994201D0B942CE
:106F500033D1B0F802C0B44505D0944503D09C4568
:106F600001D0BC4529D1B0F804C0B44505D0944542
:106F700003D09C4501D0BC451FD1B0F806C0B44534
:106F800005D0944503D09C4501D0BC4515D1B0F83F
:106F900008C0B44505D0944503D09C4501D0BC45FC
:106FA0000BD1B0F80AC0B44505D0944503D09C4538
:106FB00001D0BC4501D104222270C28844890389D2
:106FC0008DE81C00838842883CA0FCF777FA32E009
:106FD0004348007801280DD029681F20088069687F
:106FE0000880A9680880E9680880296908806969BB
:106FF000088020E02868018068680180A868018016
:10700000E8680180286901806869018013E0012037
:1070100020702868A0F800806868A0F80080A86840
:10702000A0F80080E868A0F800802869A0F8008037
:107030006869A0F8008029680820887169688871EB
:10704000A9688871E9688871296988716969887196
:10705000BDE8FE8312000020080100206496002095
:1070600068000020409600207C9600204C9600206E
:1070700014010020312D2D3E307830362C6375728E
:107080003D25782C25782C25782C25582C25782CF6
:1070900025780D0A00000000322D2D3E3078303763
:1070A0002C6375723D25782C25782C25782C255855
:1070B0002C25782C25780D0A00000000332D2D3E5C
:1070C000307830382C6375723D25782C25782C2546
:1070D000782C25582C25782C25780D0A00000000E6
:1070E000390100202DE9FF471F46DDE90C8A1446CF
:1070F0000E46814602F0B7F9C5B240F2F72015FB03
:1071000000F101AA009682E8900109EB410441F6E2
:10711000E45021182B460122484603F0C3FF524693
:107120002946484604F06EFB061E05DD04F12401E5
:107130003A464046D9F775F800222946484603F0FA
:107140009DFF04B03046BDE8F0873EB50024ADF8A1
:10715000084002ACCDE900430223FFF7C3FFBDF8AE
:1071600008003EBD2DE9FF479846DDE90C9A174619
:107170000E46054602F077F9C4B240F2F72014FB40
:1071800000F08DE8C00305EB400041F6E4510144F6
:1071900023460222284603F085FF52462146284610
:1071A00004F030FB064600222146284603F066FF25
:1071B00004B03046BDE8F0871FB582B005AB089C2F
:1071C000CDE900340223FFF7CDFF06B010BD2DE955
:1071D000FF471F46DDE90C8A14460E46814602F041
:1071E00042F9C5B240F2F72015FB00F101AA009662
:1071F00082E8900109EB410441F6E45021182B4646
:107200000722484603F04EFF52462946484604F0FE
:10721000F9FA061E05DD04F124013A464046D9F785
:1072200000F800222946484603F028FF04B0304603
:10723000BDE8F0872DE9FF479846DDE90C9A17462F
:107240000E46054602F00FF9C4B240F2F72014FBD7
:1072500000F08DE8C00305EB400041F6E451014425
:1072600023460822284603F01DFF524621462846A1
:1072700004F0C8FA064600222146284603F0FEFE26
:1072800004B03046BDE8F0872DE9FF471F46DDE931
:107290000C8A14460E46814602F0E5F8C5B240F26B
:1072A000F72015FB00F101AA009682E8900109EB96
:1072B000410441F6E45021182B460422484603F0CD
:1072C000F1FE52462946484604F09CFA061E05DDAA
:1072D00004F124013A464046D8F7A3FF002229468C
:1072E000484603F0CBFE04B03046BDE8F08700000E
:1072F0002DE9F04F0068C7B01D4690460F46824604
:1073000002F0B1F8C0B24590B8F800204FF006097D
:107310004FF4987BCDE9002BCDE9029545980024E8
:1073200040F2F72110FB01F146910AEB410141F6D1
:10733000E45001440E4604225046459B03F0B2FE41
:107340000C200DF1140BA7F10109059017E000BF07
:1073500004EB440005EB40014FF4987338F8140037
:10736000CDE90103012000900622CDE90321314639
:1073700004225046459B00F0C1FB4BF82400641CDE
:107380004C45E5DBBC4216DA4FF4987238F81430FD
:1073900004EB4400029205EB40000621CDE9031006
:1073A0000020CDE90003314604225046459B00F001
:1073B000A5FB4BF824005046509A459904F022FA58
:1073C000040019D40021469818235A4603EB4000C4
:1073D00010E000BF52F8216006EB0A03034401EB02
:1073E000410605EB4606D3F800C0C6F800C09B88EE
:1073F000B380491CB942EDDB00225046459903F0A9
:107400003DFE47B02046BDE8F08F3EB50024ADF804
:10741000084002ACCDE900430223FFF735FFBDF879
:1074200008003EBD2DE9FF479846DDE90C9A174656
:107430000E46054602F017F8C4B240F2F72014FBDE
:1074400000F08DE8C00305EB400041F6E451014433
:1074500023460522284603F025FE524621462846AB
:1074600004F0D0F9064600222146284603F006FE25
:1074700004B03046BDE8F0871FB582B005AB089C6C
:10748000CDE900340223FFF7CDFF06B010BD7FB574
:1074900000240194089D0094ADF804200294039404
:1074A000ADF802108DF80630C26A012111708DF816
:1074B00007406946029502F0E8FE7FBD2DE9FF4FC7
:1074C000ADF6C43D06469A4602A8DDF800BCDDF8DC
:1074D000FC8BFFF777FB002302AA3046DDF8C81BC0
:1074E00002F0CAFC0DF5BB60FFF76CFB0A2000241C
:1074F000ADF8D805ADF8DA45DDF8C80B8DF8DC45F8
:1075000000EBC00202EB80127168CA2000EB820718
:107510000DF10809C85DFFF79FFB71680325C85589
:1075200005EB00108DF8DD054FF40050ADF8DE05D9
:10753000DDF8F80B78B350208DF8E005DDF8CC0BC2
:10754000ADF8E105BAF1010F01D94FF0010A0020B1
:10755000CDF8E4058DF8E3A544F620630DF5BB6294
:107560003046DDF8C81B02F0A1FD041E43DD02A871
:10757000FFF728FB02AA3046DDF8043CDDF8C81B03
:1075800002F07AFC041EF1DD9DF80D0000F00F0002
:10759000032809D0E5E0FFE740208DF8E005DDF89D
:1075A000CC0BADF8E105D2E7BDF80E100320B0EB2F
:1075B000113F7CD1BDF81100BDF8E115884276D1AC
:1075C0009DF81000810717D5C0F38100C0F10405B4
:1075D000D8F80000A84204DB2A4609F10C015846FD
:1075E000B6E0032000900DF6C831002406C95346CA
:1075F000304602F0ADFDAFE0059DD8F80000A8428E
:10760000EFDBBDF8081058460A398AB2CDF8A8BB9E
:10761000934606A9AA4279DAD8F703FEDDF8A81B3B
:1076200001EB0B00CDF8A80B0120C8F800B0002535
:107630004FF0030BCDF8B40B0A200024ADF8D805A9
:10764000ADF8DA458DF8DC457068C05DFFF704FBE6
:10765000716844F620630DF5BB62C8550BEB001052
:107660008DF8DD054FF40050ADF8DE0505F1600042
:107670008DF8E005DDF8CC0BADF8E1058DF8E3A55C
:10768000CDF8E4453046DDF8C81B02F00FFD041EBE
:1076900050DD02A8FFF796FA02AA3046DDF8043C56
:1076A000DDF8C81B02F0E8FB041E43DD00E058E0F3
:1076B00099F8050000F00F00032808D1B9F806106A
:1076C000BBEB113F03D199F80800410904D099F8A8
:1076D0000800802836D048E0B9F80010C91E89B2E9
:1076E0000091C10713D00021CDF8B41B00990729E0
:1076F00004D1C0F34200C0F10700009009F1090174
:10770000009ADDF8A80BD8F78CFD0DE01FE009F119
:107710000901009ADDF8A80BD8F783FD0099DDF880
:10772000A80B0844CDF8A80BD8F800100098014425
:10773000C8F80010DDF8B40B85F0100500287FF4C0
:107740007BAF09E0D9F80C001AE0002404E02A46D7
:10775000D8F767FDC8F800500DF6D43D2046BDE8C7
:10776000F08F9DF81000802809D0012000900DF6C0
:10777000C831534606C9304602F0EAFCE5E70598F1
:1077800000900DF6C831534606C93046FFF77FFE1C
:10779000DBE72DE9FF4FADF6C43D05460DF2DC50A9
:1077A000DDF8FC8BFFF70EFA00230DF2DC522846C1
:1077B000DDF8C81B02F060FB03A8FFF703FA03A87B
:1077C000CDF8AC0BDDF8C80B6A6800EBC00101EB2B
:1077D0008011C02000EB8100105ACA23A0F11009CB
:1077E00000200DF2DC5A4FF0010B03EB8106B8F1DB
:1077F000040F02DCDDF8F81B31B31FFA88F4002710
:107800004C4502DD1FFA89F4012704F10A0100202A
:10781000ADF80C10ADF80E008DF810006868805DB2
:10782000FFF71AFA69688855032101EB00108DF8FB
:1078300011004FF40050ADF81200DDF8F80B0028ED
:107840006BD04FF031006AE04FF00A01ADF80C1038
:10785000ADF80E008DF810006868805DFFF7FCF948
:10786000696803244246885504EB00108DF8110026
:107870004FF40050ADF81200C8F104000C2101EAE9
:10788000800040F023008DF81400DDF8CC0BADF83B
:107890001500DDF8D00B8DF81700DDF8AC0BDDF826
:1078A000001C0C30D8F7BDFC44F6206303AA284620
:1078B000DDF8C81B02F0FAFB00282ADD0DF2DC50CF
:1078C000FFF780F90DF2DC522846DDF8043CDDF8C4
:1078D000C81B02F0D1FA00281BDD9DF8E11501F06C
:1078E0000F01032910D1BDF8E215B4EB113FF9D116
:1078F000BDF8E515BDF815209142F3D19DF8E715C7
:107900009DF81720914204D0F3E0DDF8E805D6E0B9
:1079100000200DF6D43DBDE8F08F4FF021008DF82A
:107920001400DDF8CC0BADF81500DDF8D00B8DF8A8
:10793000170005D0DDF8D00B012801D98DF817B05C
:10794000DDF8000CCDF8188001460190DDF8AC0B95
:1079500022461030D8F765FC0198A8EB04082044B3
:10796000019044F6206303AA2846DDF8C81B02F004
:107970009DFB0028CDDD0DF2DC50FFF723F90DF261
:10798000DC522846DDF8043CDDF8C81B02F074FA2E
:107990000028BEDD9DF8E11501F00F0103297DD11E
:1079A000BDF8E225B1EB123F78D1BDF8E515BDF881
:1079B0001520914272D19DF8E7159DF8172091424C
:1079C0006CD109F10701CDF8B01B00218CE003A8B0
:1079D000CDF8AC0BDDF8B00B1FFA88F400278DF85A
:1079E00014B0844205DD84B2012700208DF8140014
:1079F0000BE0072C09D20A20ADF80C00C4F10701F6
:107A00000BEB41008DF8140002E0E01CADF80C0017
:107A10000020ADF80E008DF810006868805DFFF75B
:107A20001BF9696822468855032101EB00108DF887
:107A300011004FF400509DF81410ADF8120001EB46
:107A400009008DF81400DDF8AC0B01990930D8F766
:107A5000E8FB0198A8EB04082044019044F6206359
:107A600003AA2846DDF8C81B02F020FB002839DDF8
:107A70000DF2DC50FFF7A6F80DF2DC522846DDF8D7
:107A8000043CDDF8C81B02F0F7F900282ADD9AF85B
:107A9000051001F00F0103290BD100E029E0BAF82D
:107AA0000620B1EB123F04D19AF80820BBEB521F1D
:107AB00018D09AF8080080280AD1DAF80C00009053
:107AC0000DF6C834284694E80E00FFF7E0FC1FE7E7
:107AD0000DF6C834CDF800B094E80E00284602F048
:107AE00037FB15E789F010018946002F7FF46FAF4F
:107AF0000FE79DF8E4058028EAD106E72DE9F05F5D
:107B000000EB8307DDE90C950C46DDE90ABA07F5C1
:107B1000405731F80E8F944605F10C00DDF838E03F
:107B2000D7F89C2540440880088996B240F400406C
:107B3000088114FA82F000F802C9BBF1000FC3708B
:107B4000A0F804A0A0F8069003D045F400410181FC
:107B500000E00581A01973462A4661460A3003F009
:107B600001FF7019021900219172D1720C30C7F80F
:107B70009C05301FBDE8F09F00210A4640F82120F7
:107B8000491C0429FADB70472DE9F041406801EBFC
:107B9000C10202EB811100EB8104D4E90201FFF77D
:107BA0003BF80646A4F8F60030003FD006EB86000E
:107BB00000EBC6012E4800EB810505F10801687F46
:107BC000E08204F58670D8F783FBEA8BE284288C88
:107BD0002083012108B184F8BC104FF0020C0AB1D7
:107BE00084F8BDC095F8303084F8883095F831308D
:107BF00084F898306F8CA4F844706B6AA3640323F4
:107C000000B1B7B1C01DC008A4F8460084F87630B2
:107C10002B8DA4F84C30E86A2065042002B1BBB17A
:107C2000D21DD108A4F84E1084F877003046BDE884
:107C3000F0814FF47067C01DA786C008E0860D482C
:107C4000A06384F8881084F887C084F87430DFE774
:107C50004FF48053D21DA387D208E287002222640A
:107C600084F8981084F8971084F87500DEE7000017
:107C70008CFE0208440001002DE9F34F85B0044654
:107C800001F0A4FC204601F001FBB0F1000A70DD18
:107C9000204603F060F9012563E000BFC5F1010053
:107CA0001FFA80F841F2707633464FF4A0724146D5
:107CB0002068FFF74AFA014605EBC50000EB85177F
:107CC0006268142000EB8700115205F57A7083B2C8
:107CD0000096102241462068FFF76EFA012D49D028
:107CE000002300964FF4807241462068FFF764FA43
:107CF0003346102241462068FFF727FA61680422C4
:107D000002EB87028852804603A8CDE900060223D1
:107D1000122241462068FFF7B7FA62680620BDF8D4
:107D20000C1000EB8700115202A8CDE900060223D7
:107D300040F2025241462068FFF7A6FABDF808005B
:107D4000ADF80800400605D50120FA22616802EB73
:107D50008702885408222946204602F0EFFC6D1C59
:107D6000ADB2A0680068A84298DA012544F6206602
:107D700018E0FFE20123B4E732462946204602F02C
:107D80002DFD05EBC501024601EB85130821606856
:107D900001EB830142500A222946204602F0CEFC24
:107DA0006D1CADB2A0680068A842E5DA012513E0B9
:107DB00032462946204602F011FD05EBC50101EBD4
:107DC00085110C22636802EB810158502946204638
:107DD00002F0B4FC6D1CADB2A0680068A842E7DAFE
:107DE0000125102713E032462946204602F0F6FC12
:107DF00005EBC50101EB8511626807EB810150506D
:107E000018222946204602F099FC6D1CADB2A068EC
:107E10000068A842E7DA01254FF0C00B1CE000BF64
:107E200044F620622946204602F0D8FC05EBC50145
:107E300001EB85126368C22101EB8201585263682D
:107E4000010C0BEB8200195204D01A22294620465D
:107E500002F074FC6D1CADB2A0680068A842DFDAC5
:107E6000012782E207EBC700616800EB87150BEB87
:107E7000850931F80900D8B144F620623946204618
:107E800002F0ACFC6268C62101EB850150526268C9
:107E90004FF0C401000C01EB85015052626802D121
:107EA00032F8090050521C223946204602F046FCA6
:107EB0006168042000EB8500085A049041F2707359
:107EC000082220680499FFF7A0FA400706D501218F
:107ED000CB20626800EB8500115405E00020CB2127
:107EE000626801EB8501505441F270734FF488725F
:107EF00020680499FFF789FA0026C0F30121B046F3
:107F0000022901D10126B046C0F38121022902D104
:107F100048F00208761CC0F30131022902D148F072
:107F20000408761C0221B1EB903F02D148F008080A
:107F3000761C41F27073072220680499FFF765FAF6
:107F4000CC22616802EB8502CD238854606803EB84
:107F50008501CE224654606802EB8502002100F8BC
:107F60000280D020626800EB850C012F22F80C10F3
:107F700025D90020791E09B201EBC10202EB811262
:107F8000666803EB8202B25C012A04D0032A04D0A3
:107F9000042A0BD003E0401E00E0401C00B2002881
:107FA00001DB012A04D8012902D004E0801CF5E796
:107FB00026F80C100121491E09B20029DCDCDFF88B
:107FC000BC83012243463946204603F03DFC6068ED
:107FD00030F80910F1B3742202EB850201218154BB
:107FE0007520626800EB85000221115476226168D9
:107FF00002EB8502032088547722616802EB850238
:10800000042088546068C22101EB85013422415A62
:1080100002EB850281526068362101EB850130F860
:10802000092042523820626800EB8500D449115083
:108030006068C62101EB8501425A3C2101EB8501B4
:1080400042526068C42101EB8501425A3E2101EB96
:10805000850100E012E04252C9484022616802EB0B
:108060008502001F885044F620623946204602F0FF
:10807000B5FB6168C82202EB850288520698012888
:1080800005D139462046FFF77FFD00287DD13946CE
:10809000204601F049FB0028F8D11E22394620462F
:1080A00003F09EFA0604360C67D0F01D82B2394602
:1080B000204603F0E6FAFC22616802EB8502885450
:1080C00006F1080082B23946204603F0DAFAFD22B2
:1080D000616802EB8502885406F1090082B23946D4
:1080E000204603F0CEFAFE22616802EB8502885436
:1080F00006F10A0082B23946204603F0C2FAFF2296
:10810000616802EB8502885406F10D0082B239469F
:10811000204603F0B6FA80070CD54FF481716068F1
:1081200001EB850101224254606890F80211491C5C
:1081300080F8021106F10E0082B23946204603F0A3
:10814000A0FA01464FF48070626800EB8500009051
:1081500011520F36B2B23946204603F092FA014668
:1081600062680098105A00EB012100981152606873
:10817000B0F800211144A0F800110A223946204627
:1081800003F02EFA00280DDD00E091E04FF4867038
:10819000616800EB8500014401233A46204603F064
:1081A000D6FA10E00C21606801EB850143580821E4
:1081B00001EB850142584FF4867101EB85010844BB
:1081C00070A1FBF78BF939462046626C03F024F965
:1081D000002843DD606C62688188342000EB8500F4
:1081E0001152606C6268C188362000EB8500115224
:1081F000606C6268017A807A01EB0041382000EB04
:1082000085000126115021E0606C8188606800EBD8
:108210008502342000EBC60011526168606C01EBEE
:1082200085023621C08801EBC6015052606C017A8C
:10823000807A01EB0041606800EB8502382000EB9A
:10824000C600761CF6B21150082E07D233463946C6
:108250002046626C03F059F90028D5D139462046F2
:10826000A26C02F0AEFF18B3A06CC078FF2804D057
:10827000BC22616802EB85028854A06C0079FF285B
:1082800004D0BD22616802EB85028854A06C40795D
:10829000FF2804D0BE21626801EB85015054A06C18
:1082A0008079FF2804D0BF21626801EB850150541A
:1082B000616831F80900E8B3342000EB85000A5A00
:1082C000A2B94FF480520A5263683621802201EB32
:1082D00085015A523822636802EB85022849995079
:1082E00001227421636801EB85015A5462683C21C4
:1082F00001EB8501535AABB94FF484535352636871
:108300003E21802201EB85015A521D4940236268BB
:1083100003EB8503091FD15002217522636802EB2C
:1083200085029954626841F270711044CDE90001F0
:10833000102300E004E0DA0120680499FFF772F8E6
:108340003946204601F02DF841F27070009012235A
:108350001A0120680499FFF78FF843460222394634
:10836000204603F071FA7F1CBFB2A0680068B842D3
:10837000BFF678AD07B05046BDE8F08F80841E0090
:10838000260001003F204D3A25382E387820493A02
:1083900025382E38780000002DE9F74F0446806814
:1083A0004FF0000B9AB00068DA4600287EDD616964
:1083B0001C988142FADD0246FDA01B99FBF77EF86E
:1083C0001C98226900EB800101EB4019002052F853
:1083D00039501C23CDE90C0503EBC901159150520E
:1083E0002222236902EBC9010F91585224232269EA
:1083F00003EBC90113915052012640F2031713E019
:108400001C9850B106EBC60000EB8610616807EBC4
:108410008000095C1C98814204D10022314620462C
:1084200001F06CFA761CB6B2A0680068B042E7DAD8
:10843000012618E01C9860B106EBC60000EB86121E
:1084400040F20310616800EB8200095C1C988142D5
:1084500007D13146204601F0FBFA3146204601F0B3
:10846000C7FB761CB6B2A0680068B042E2DA012011
:1084700088E10A99606801EBC10202EB81170421CF
:1084800001EB8701415A10911C9939B140F2031157
:1084900001EB8701425C1C998A427DD14FF48271C5
:1084A00001EB8701119110F8018000E0FEE3002646
:1084B0001821099601EB87010E9605961791405AEF
:1084C000002869D0C4A0FAF7F9FF30E14146C7A0FF
:1084D000FAF7F4FF01E0761CF6B2072E07D26068C7
:1084E00000EB870106F17400085C0328F3D13146E4
:1084F000C2A0FAF7E3FF6068342101EBC60200EB8B
:108500008700842130F802C001EB081120F801C077
:1085100060680E9B00EB8701362000EBC600085A0E
:1085200003440E93099B03EBC003099327E0761CD9
:10853000F6B200EB870101E0761CF6B2072E04D2FA
:1085400006F17403CB5C032BF6D1342303EBC60393
:108550000093C95A91421DD83146A8A0FAF7AEFF40
:1085600060680E9A00EB8701362000EBC600085ABF
:1085700002440E92099A02EBC0020992009A895AAB
:10858000084482B260681799435A09998B4201DD09
:10859000072ECCD31C2100E0EFE0636801EB8702DB
:1085A0009958E1B30C9911B100216D1C0C9100EBAD
:1085B00087017C2000EB08104FF0820C0D506168A1
:1085C0000CEB081301EB87010C98C85463680E98F4
:1085D000DDF814C09A5807218444624501DA0598F1
:1085E000101A03EB8703802202EB0812985262688C
:1085F000832302EB870203EB08130544D1540021C7
:108600000C9105998622084405906168002001EBD1
:10861000870302EB081158540220616800E02FE044
:1086200001EB8703872202EB081188225854616806
:10863000012001EB870302EB08115854616841F2F5
:10864000707001EB87027C2101EB08111891114435
:10865000CDE900104FF4C06000EB08121023206831
:108660001099FEF7DFFE20690F990F9A415A491CB5
:1086700081522021606801EB87014258BAB350E073
:108680007C2100EB870201EB0813D5506168822240
:1086900001EB870C02EB08110C980CF801006068E4
:1086A0001799425C0C99491E1144C9B2072902D995
:1086B0000839C9B26D1C00EB87024FF0800CD0580E
:1086C0000CEB0813281A401CD0526268832302EB7B
:1086D000870C03EB08120CF80210491CC9B20C916C
:1086E00007298ED90839C9B26D1C0C9189E7FFE7BB
:1086F000189A00EB87034FF0820C9B581B9A1A4480
:10870000425062680CEB081002EB87031B5C2420CC
:1087100000EB87001354606842583BA00A99FAF7AF
:10872000CDFE08F1010000F0FF08072E08D26168B5
:108730001798085A0599C01DB1EBD00FFFF6C6AEC9
:108740006268119902F801800D9840F2BA52291A14
:108750000AEB01000D95904210D92369282603EBFE
:10876000C90306EB8B02BBF13F0F43F802A006D210
:108770000BF101001FFA80FB8A4600E082460A984E
:10878000401C80B20A90A06801680A988142BFF636
:1087900070AE0C9858B100206D1CCDE90C050AF1A3
:1087A000010140F2BA50814273D9226940E04FE0A2
:1087B00065635F636F6E6669675F6D61705F677247
:1087C0006F757020494F6D61703A25702067726F28
:1087D00075703A25640A000020204F5554505554B6
:1087E000204D415050494E470A00000020202020D3
:1087F000464D4D552025640A000000002020202011
:108800002020534D25640A0020202020736C6176BF
:1088100065202564204F7574707574732025702051
:1088200073746172746269742025640A0000000028
:1088300002EBC903282202EB8B01BBF13F0F43F887
:1088400001A005D20BF101001FFA80FB0120824636
:108850000822236902EBC9011B98585004212269A0
:1088600001EBC900149015502369159A0BF1010012
:10887000985223691E2606EBC90023F800B026692A
:10888000202303EBC90226F802A01C9820B108E0BF
:10889000FFE70AF10100DAE762681B98106260687E
:1088A000C5610120D3E100BF01EBC10202EB8117DA
:1088B0006068042101EB8701415A10911C9939B17C
:1088C00040F2031101EB87011C9A415C91427DD17A
:1088D0004FF4827101EB8701169110F80180182185
:1088E00001EB8701415A61B17C2100EB870300BF96
:1088F00001EB08129A5822B108F1010202F0FF08B8
:10890000F6E700262621099601EB87010E960596CB
:108910001791405A00287DD0FCA00A99FAF7CEFDA5
:108920003CE14146AFF23C10FAF7C8FD01E0761C8D
:10893000F6B2072E07D2606806F1740100EB8700DB
:10894000405C0428F3D13146AFF25010FAF7B6FD7F
:108950006068842300EB8701342000EBC60231F805
:1089600002C003EB081021F800C060680E9900EB0C
:108970008703362000EBC600185A01440E9109996E
:1089800001EBC0010991995A2BE0761CF6B200EB7D
:10899000870101E0761CF6B2072E04D206F17402BC
:1089A0008A5C042AF6D1342202EBC6020092895A6C
:1089B000994220D83146AFF2BC10FAF77FFD6068CB
:1089C00000EB8701362000EBC60000E03CE1085ACE
:1089D0000E9A02440E92099A02EBC0020992009A82
:1089E000895A084483B260681799425A09998A42A1
:1089F00001DD072EC9D32821626801EB8701525897
:108A0000F2B30C9A12B100226D1C0C9200EB87039A
:108A10007C2200E0E8E002EB08101D5062680C9830
:108A200002EB870C822202EB08120CF8020063684A
:108A30000E98DDF814C0595807228444614501DAC4
:108A40000598081A03EB870C802101EB08112CF81C
:108A500001006168054401EB870C832101EB0811DB
:108A60000CF8012000210C91059980220844059002
:108A7000606802EB081100EB8700415A79B300E00F
:108A800034E0862303EB08120021815461688722B9
:108A900001EB870302EB081101205854616888221A
:108AA00001EB870302EB081141F2707258546068C1
:108AB0007C2100EB870301EB08101844CDE900028C
:108AC0004FF4C06101EB0812102320681099FEF7E3
:108AD000A9FC20691399139A415A491C81522C20F0
:108AE000616800EB8703C858B0B351E000EB870220
:108AF0007C2000EB0813D55060680C9900EB870CC4
:108B0000822000EB08100CF8001060681799425C96
:108B10000C99491E1144C9B2072902D90839C9B2B2
:108B20006D1C00EB8702D0588023281A03EB081332
:108B3000401CD0526268832302EB870C03EB0812BF
:108B40000CF80210491CC9B20C9107298CD90839BC
:108B5000C9B26D1C0C9187E7FFE77C2201EB870C03
:108B600002EB08105CF800201B981044C8506068A5
:108B7000822100EB870C01EB08111CF80120302149
:108B800001EB870142546068C15867A0FAF796FC70
:108B900008F1010000F0FF08072E08D2616817985D
:108BA000085A0599C01DB1EBD00FFFF6BAAE626846
:108BB000169902F801800D9840F2BA52291A0AEB70
:108BC00001000D95904210D92369282003EBC906B6
:108BD00000EB8B00BBF13F0F46F800A006D20BF173
:108BE00001001FFA80FB8A4600E0824620460A996F
:108BF00000F0D7FB41F27070009004234FF49072A4
:108C000020681099FEF738FC4E4A04210A98FEF7B6
:108C10005BF84FF48171606801EB8701405C30B113
:108C20001A21206901EBC902815C491C8154206929
:108C3000666818214FF4807201EBC90102EB8702CC
:108C4000435AB25A1A4442520A98401C80B20A90BF
:108C5000A0680A9900688842BFF626AE0C98B8B1A1
:108C60000AF1010140F2BA506D1C814233D92269E8
:108C700002EBC903282202EB8B00BBF13F0F43F844
:108C800000A005D20BF101001FFA80FB01208246F3
:108C90002269282302EBC90203EB8B0042F800A0F3
:108CA000226915990BF10100505200E054E020694F
:108CB000149942581B995318102101EBC9014350D4
:108CC0002069149941586A1A0C2303EBC9014250D8
:108CD0001C9818B10BE00AF10100D8E760681B99F5
:108CE000C2691144C1626068C169691A81622169FF
:108CF00051F83900291A14A0FAF7E0FB216951F85C
:108D00003900281A1DB0BDE8F08F0000203D536CDB
:108D10006176652025642C20494E505554204D41E4
:108D20005050494E470A000020202020496E70759F
:108D300074732025702073746172746269742025C5
:108D4000640A000080841E00494F6D617053697A87
:108D5000652025640A0000000020D3E72DE9F04FCC
:108D60000446406897B04FF0000A80F8CBA0216914
:108D70000BA8D34681F814A04FF4FA61CDF82CA0CB
:108D8000CDE9000104234FF4106251462068FEF73C
:108D900051FA0120EAE100BF09EBC90202EB891593
:108DA000CE2101EB8501CF22129102EB8506415CB9
:108DB0008155CB21606801EB8501415C00297DD0A4
:108DC00090F8CB1000297AD00BEBCB0303EB8B117F
:108DD000E82303EB810120F801906268EA2000EBB0
:108DE000850022F800B000BF6068042101EB850116
:108DF000405A0BA94FF4FA680091CDE901804FF079
:108E0000000ACB4604234FF4106220680299FEF753
:108E10003BFAD420626800EB85000B990890115052
:108E20000CAFCDE90078082340F6181220680299AB
:108E3000FEF72AFADDE90C210020524260EB010026
:108E4000CDE90C20CDE9007808234FF412622068A8
:108E50000299FEF7E7FA0BA8CDE90008042340F6D3
:108E6000041220680299FEF70FFAD820626800EB1E
:108E700085070B99D1510BA9CDE90018042340F6C1
:108E8000081220680299FEF7FFF9DC20626800EB07
:108E900085000B990A9011500BA8CDE90008042316
:108EA00040F60C1220680299FEF7EEF9E0206168A6
:108EB00000EB85000B9B0B50002001E01EE186E0DB
:108EC00062681299515C5FEAC17C05D08DF8500050
:108ED000089810580E9001205FEA017C0AD50DF128
:108EE000500C4FF003080CF800800DF1380C4CF8D2
:108EF0002030401C8B0709D514AB4FF0010C03F850
:108F000000C00EABD75943F82070401C490708D564
:108F100014A902230B540A9953580EA941F8203082
:108F2000401C0021012804DDDDE90E379F4200DAF4
:108F30000121022806DD0EAB109F53F821309F421D
:108F400000DA0221032806DD0EA8119B50F821004B
:108F5000834200DA032114A8405CD32101EB850190
:108F60000A9150546168012282408B5D93438B5576
:108F7000CB2260684E46D021B04606EBC60303EB19
:108F8000881301EB8303C65A002E7DD006EBC6037F
:108F900003EB861302EB8303C35C002BECD031465A
:108FA000204601F0EEF80146D220626800EB850011
:108FB0000890115406EBC60101EB86116068CD22C2
:108FC000099102EB8101415C012912D018E00121D5
:108FD00080F8CB106268A2F8E89000226368EA206B
:108FE00000EB85001A52206901752169A1F81690DD
:108FF000FAE60999D32202EB8101425C08994254B6
:10900000002001901590616808980A5C314620465E
:1090100001F0DBF80746616808980A5C3146204693
:1090200001F0EFF802463146204601F0CEF8381A3A
:109030000790CD20616800EB8500085C012801D80D
:10904000019814E00A980A5C4946204601F0D9F8D4
:1090500002464946204601F0B8F8074661680A987A
:109060000A5C4946204601F0B0F8381A0190079989
:10907000884201DD40420190A8EB060001281DDD79
:10908000616808980A5C00E06DE03146204601F016
:10909000B8F802463146204601F097F8074609998C
:1090A0006268D32000EB81003146125C204601F05B
:1090B0008CF8381A159001D54042159001990798FF
:1090C000099B401A6268E42101EB830300EBD07630
:1090D0001598D35800EB6600184401EB8501042372
:1090E00050500B904FF4FA610BA8CDE9000140F607
:1090F000281220680299FEF795F934E0D42202EB99
:10910000850200218150D820626800EB8500115053
:10911000DC20626800EB85001150E022606802EB01
:10912000850281506168D02000EB8500085A58B153
:1091300000EBC00202EB8012CD2303EB82028A5CBB
:10914000022A01D9824602E0BAF1000F0BD0CD20ED
:1091500000EB8500085C012805D15146204601F04E
:1091600010F84FF0000A09F1010080B28146A068B2
:10917000016860684945BFF60FAE90F8CB0017B0A4
:10918000BDE8F08F2DE9F04F924601EBC102064693
:1091900002EB81114068042202EB810189B030F8B2
:1091A00001B04FF4FA680DF10809CDE900980024E8
:1091B0001D468DF80840129F012340F68112594642
:1091C0003068FEF72FF9BAF1000F02D003208DF8B6
:1091D000080003A9CDE900188DF80C4001234FF4D5
:1091E000186259463068FEF71DF90020CDE90400E9
:1091F00004A9CDE9001808234FF4116259463068DC
:10920000FEF742F8DDE90410A5B11F4A002311EB77
:10921000020C40F100012A466046D6F7D1FFA0FBC0
:10922000052301FB053100FB0410E91964415118C5
:10923000604105E0C919144A6041891840F10000F5
:10924000CDE9061006A8CDE90008444608234FF4EE
:10925000196259463068FEF7E5F808A8CDE9000420
:10926000089504234FF41A6259463068FEF7DAF87D
:10927000CDE90094012340F6811259463068FEF78B
:10928000D1F809B0BDE8F08F00E1F5052DE9FF4107
:1092900041F2707502AE0446CDE9006500208DF8FC
:1092A0000800012340F2031200212068FDF7C2FFED
:1092B000CDE9006511208DF808004FF49077012367
:1092C0003A4600212068FDF7B5FFCDE9006501238E
:1092D0003A4600212068FDF7ADFF44F6206103A85F
:1092E000CDE900010022022311462068FDF76FFF3F
:1092F000002803DD072804DAA168086004B0BDE88F
:10930000F081014607220348FAF7D8F86FF003000E
:10931000F4E70000900303082DE9FE4F044601EB3B
:10932000C10303EB8111FB23626803EB8109012078
:1093300012F809300025002B31D0042000EB810009
:1093400032F800B002208DF808004FF4FA664FF4AE
:10935000A06802AFCDE90076012342465946206855
:10936000FEF760F8002803DC28466D1C0328F0DBBC
:109370004FF0000A8DF808A04FEA0A05CDE9007603
:109380000123424659462068FEF74CF8002803DCCA
:1093900029466D1C0329F1DB636803F809A0BDE8C9
:1093A000FE8F2DE9FE4F054601EBC10303EB811152
:1093B000FB236A6803EB81060120935D0024002BE8
:1093C0001CD1042000EB810032F8009001278DF8B9
:1093D00008704FF4FA684FF4A06A02A9CDE90018AA
:1093E0000123524649462868FEF71CF8002803DC92
:1093F0002146641C0329F0DB69688F55BDE8FE8FA8
:109400002DE9FF4F002683B09B4614468046354623
:10941000FCF706FF0746B1464FF4FA6A761C012EA8
:1094200002D0C820DCF7A9FEA4F80090CDE9004ADC
:10943000022340F20252D8F800000499FDF724FFFD
:1094400021882180002801DD080407D5FCF7E8FE0B
:10945000C11B5945E2D32088000400D4012507B080
:109460002846BDE8F08F10B500F540510246D1F80E
:10947000A00B401C042800DB0020002304E0401C5B
:109480005B1C042800DB002002EB800404F5805400
:10949000D4F8D0470CB1042BF1DB02EB800202F5CB
:1094A00080520123C2F8D037D1F8A42B32B141F257
:1094B000D074D1F8A82B04EB80041351C1F8A00B91
:1094C00010BD00002DE9F05FDFF8F0900D46044676
:1094D0004FF0000AA9F800A0C8213948D6F7BAFE13
:1094E000FDF74CFA40F2F72105FB01F638B1E068D0
:1094F000B9F8002000EB46003149D6F792FEE0684B
:109500004FF0FF3700EB46064FF0040B042D04DA52
:10951000216951F82500032839D0B9F80010A04678
:1095200089460A462649A068D6F77BFE4FF4EF50DD
:10953000B9F1000F40F808903CDDD4F808806FF0D6
:1095400001074146B8F80C20A2F52440883831D1F3
:10955000487C0E31A84228D1606850F8252030465A
:109560000E3AD6F75EFE606830F825000E3880B2FD
:10957000304410F8021D407801EB0027216941F8C2
:1095800025B06169B8F8080041F8250012E072784A
:10959000307802F00F0200EB0220325C3044407859
:1095A00041F825B002EB002704E0042802DA226922
:1095B00042F820A03846BDE8F09F000002000020DD
:1095C0009C0400200068002101F096BD10B50446FF
:1095D0000020A1680860E1684FF492704143606820
:1095E000D6F738FE61694FF4947041432069D6F78D
:1095F00031FE4FF480520021204602F042F8002054
:1096000008E000EB80032269010403EB4013401CD7
:1096100042F8331061698142F3DC10BD2DE9F04757
:109620009A46914601296DD982681268002A69DD3F
:1096300001EBC10303EB81134FF00808456808EB09
:10964000830401222E5900E0521C02EBC20404EBF9
:10965000821408EB8407EF59B74213D10C2707EBAC
:10966000840C07EB830755F80CC0EF59BC4509D1B2
:10967000102707EB840C07EB830755F80CC0EF5954
:10968000BC4501D08A42DFDB8A423BDA00254FF03D
:10969000360C47680CEBC50607EB840807EB83071D
:1096A00038F8068027F80680476805F1740607EB4E
:1096B000840807EB830718F806806D1C07F80680FE
:1096C000082DE6DB4668182505EB8407F75BC9F82B
:1096D00000704768262606EB84043F5BCAF80070DA
:1096E0004768B9F8004005EB83057C534068BAF839
:1096F000004006EB8303C45203A0F9F7DFFE01200C
:10970000BDE8F0870020FBE7436F7079206D617042
:1097100070696E6720736C617665202564206672BF
:109720006F6D2025642E0A002DE9F0478946054615
:1097300001297DD9A8680068002879DD09EBC901F5
:10974000012701EB89140821686801EB8402825823
:1097500000E07F1C07EBC70303EB871601EB8603D2
:10976000C358934213D10C2303EB860C03EB840301
:1097700050F80CC0C3589C4509D1102303EB860C4C
:1097800003EB840350F80CC0C3589C4501D04F45EF
:10979000DFDB4F454CDA07EBC70101EB8712FC21F9
:1097A00001EB820201EB8401825C4254FD20696876
:1097B00000EB860200EB84008A5C0A54FE20696894
:1097C00000EB860200EB84008A5C0A54FF20696883
:1097D00000EB860200EB84008A5C0A544FF481712E
:1097E000686801EB8602825C4AB101EB84010122C8
:1097F0004254686890F80211491C80F802114FF435
:1098000080706A6800EB860100EB8400515A1152A7
:109810006868B0F800211144A0F800114FF4867078
:1098200000EB86016A6800EB84001144104400E0FC
:1098300054E01522D6F7F5FC002034234FF0360A09
:109840004FF038086A6803EBC00102EB860C02EBAC
:1098500084023CF801C022F801C069680AEBC0022A
:1098600001EB860C01EB84013CF802C021F802C038
:109870006A6808EBC00102EB860C02EB84025CF81C
:1098800001C0401C42F801C00828DBDBBC2069682D
:1098900000EB860200EB84008A5C0A54BD206968F4
:1098A00000EB860200EB84008A5C0A54BE206968E3
:1098B00000EB860200EB84008A5C0A54BF206968D2
:1098C00000EB860200EB84008A5C0A543A46494663
:1098D00003A0F9F7F3FD0120BDE8F0870020FBE7C6
:1098E000436F70792053494920736C617665202558
:1098F000642066726F6D2025642E0A002DE9FC41FC
:109900000F460546394B022201F09EFF07EBC701C7
:1099100001EB87146868042101EB8401425A30F896
:109920002430394632A0F9F7C9FD4FF484706968D4
:1099300000EB8400095809B1384688476868F62169
:1099400001EB8401405A00284DD100900190C821BC
:10995000686801EB8406815D490717D5FC2101EB9E
:109960008401405C800606D56B4601AA394628462C
:1099700000F050FE28B96B4601AA3946284600F08F
:1099800091FDDDE9002124A0F9F798FDDDE9001043
:1099900001431CD169688A5DD20618D5C01DC21763
:1099A00000EB52704622C00802EB840288520098F5
:1099B0004E22C01DC11700EB51706968C00802EB50
:1099C00084028852DDE900211AA0F9F777FD696861
:1099D0001822019802EB84028852696826220098B6
:1099E00002EB840288520120BDE8FC8180841E00C5
:1099F000203E536C6176652025642C20636F6E6673
:109A000069676164722025782C2073746174652005
:109A100025322E32780A00002020436F45204F73F4
:109A2000697A653A2564204973697A653A25640A3A
:109A3000000000002020536F45204F73697A653A7B
:109A40002564204973697A653A25640A000000009C
:109A50002DE9F34FADF6244D04464168DDF8280C9E
:109A600000EBC00202EB8015182000EB850831F8EE
:109A70000800CDF81C0C6168262000EB850931F840
:109A80000900DDF81C1CCDF8180C08436FD10DF649
:109A900018431A1D2046DDF8281CFFF7BFFD0DF600
:109AA000184003C8084362D140F618416846D6F70B
:109AB000D1FB00236A462046DDF8281C01F0DEFBBE
:109AC0000146CDF8180C36A0F9F7F8FC00274FF046
:109AD000040B6E464FF0360A06EB4700B0F8061C42
:109AE000A1B1C91DCA08616801EB85030AEBC70172
:109AF0005A526268394602EB850307F1740203F893
:109B000002B0B0F8062C2AA0F9F7D8FC7F1C082F69
:109B1000E2DB01236A462046DDF8281C01F0AEFB9B
:109B20000146CDF81C0C27A0F9F7C8FC00274FF020
:109B3000030B00BF06EB4701B1F8060CA0B1C01D36
:109B4000C208606800EB85030AEBC7001A5262681E
:109B500017A002EB850307F1740203F802B0B1F815
:109B6000062C3946F9F7AAFC7F1C082FE2DB626855
:109B7000DDF81C0C22F80800DDF8180C626881B2D0
:109B800014A022F80910626832F80830DDF8182CA9
:109B9000F9F794FC0DF62C4D0120BDE8F08F000084
:109BA0002020534949204973697A653A25640A009F
:109BB00020202020534D2564206C656E677468203A
:109BC00025640A002020534949204F73697A653A79
:109BD00025640A0020202020204953495A453A256F
:109BE00064202564204F53495A453A25640A0000F1
:109BF0002DE9FE4F054601EBC102406802EB8114DE
:109C0000042101EB8401405A02904FA0F9F756FC61
:109C10006868C02101EB8407C15B4FF0340A41F250
:109C200070784FF4006B4FF03809002938D10AEBF7
:109C30008406815BB9B13044CDE9000808235A4657
:109C400028680299FDF7EEFB686809EB8401435828
:109C5000742101EB8401825B415C40A0F9F72EFC8A
:109C60006868C05BE0B968683C2101EB8406815BF1
:109C7000B1B13044CDE90008082340F60802286855
:109C80000299FDF7CFFB4021686801EB840143583E
:109C9000752101EB8401825B415C3CA0F9F70EFC6D
:109CA000022668680AEBC60700EB8400C15B41B37B
:109CB000362101EBC601415A002909EBC601425881
:109CC0003FD042F48032425069680BEBC60001EB92
:109CD00084013944CDE9001882B20823286802992A
:109CE000FDF7A0FB686809EBC60100EB8400415852
:109CF000009106F17401C35B425C31462FA0F9F775
:109D0000DDFB761C082ECCDB6868262101EB840184
:109D1000415A072905D9C91DC908282202EB840226
:109D200081506968182000EB8400085A072805D97B
:109D3000C01DC0081C2202EB840288500120BDE82F
:109D4000FE8F22F48032BEE72020534D2070726FC8
:109D50006772616D6D696E670A0000002020202027
:109D6000534D3020547970653A25642053746172E4
:109D700074416464723A25342E347820466C6167ED
:109D8000733A25382E38780A000000002020202061
:109D9000534D3120547970653A25642053746172B3
:109DA00074416464723A25342E347820466C6167BD
:109DB000733A25382E38780A000000002020202031
:109DC000534D256420547970653A2564205374619D
:109DD0007274416464723A25342E347820466C6182
:109DE00067733A25382E38780A0000002DE9FE4FB7
:109DF00017460C460546FCF713FA064604EBC40169
:109E0000686801EB8411042202EB810130F801A0A3
:109E10004FF000084FF4FA6940F6050B02A9CDE9AE
:109E200000198DF8088001235A4651462868FDF72D
:109E30002BFA04469DF808008DF80800000704D5A9
:109E4000C82F02DDC820DCF798F9002C03DD9DF84F
:109E5000080000070AD5FCF7E3F9801BB842DDD300
:109E6000002C06DD9DF80800000702D40120BDE8A3
:109E7000FE8F0020FBE700002DE9FF4F93B0044662
:109E800041681498924600EBC00202EB801804224D
:109E900002EB8800085AC422029002EB8800085A9C
:109EA0000390002540F2CD51401E1E4688424DD8F9
:109EB000FCF7B6F981464FF4FA670020ADF81400BC
:109EC0000DF1140BCDE900B7022340F60D02206816
:109ED0000299FDF7D9F90546BDF81400ADF8140054
:109EE000000704D4C82E02DDC820DCF746F9002D97
:109EF00003DDBDF8140000070BD4FCF791F9A0EBCB
:109F00000900B042D9D3002D7CDDBDF81400000754
:109F100078D56168C62202EB8800085A0490FCF7E5
:109F20007FF90C904FF4FA67CDE900A7DDE9021341
:109F30002068049AFDF7A8F9051E4ADD9AF8050085
:109F4000010704D000F00F00032815D0AAE0BAF8EA
:109F500008300021079106910891ADF81C10099175
:109F60008DF81E10149A09212046ADF81A208DF89C
:109F70001F10ADF8203027E0BAF806000122514644
:109F8000B2EB103F7ED1B1F808908B7A91F80BC0FC
:109F90008F89BAF80E800021079108910991ADF8D8
:109FA0001C10ADF82090149D06918DF81E108DF8B0
:109FB0002230ADF824702046ADF81A508DF81F20DD
:109FC0008DF823C0ADF8268006A900F05EF90025C3
:109FD0005FE0BDF81400022380F40070ADF81400B7
:109FE000CDE900B740F60D0220680299FDF71AFA94
:109FF000BDF81400ADF81400FCF712F980460DF11D
:10A00000280900E04DE0CDE90097012340F60F025A
:10A0100020680299FDF738F900280ADD9DF828002C
:10A02000BDF8142000F00201022000EA1220814253
:10A0300005D0FCF7F5F8A0EB0800B042E1D3FCF73F
:10A04000EFF880464FEA0709CDE900B9022340F650
:10A050000D0220680299FDF717F90746BDF81400B4
:10A06000ADF81400000704D4C82E02DDC820DCF7C8
:10A0700084F8002F03DDBDF81400000707D4FCF7B7
:10A08000CFF800E00CE0A0EB0800B042DCD3002DDC
:10A0900008DCFCF7C5F80C99401AB042FFF442AF57
:10A0A00000E0002517B02846BDE8F08F2DE9FC47F9
:10A0B0009146044601EBC102406802EB811604227E
:10A0C00002EB860230F80280C02202EB8602855A3B
:10A0D0000027681E40F2CD52904213D81A462046FF
:10A0E000FFF784FE70B16068C22101EB8601425A1D
:10A0F00041F27071CDE900912B4641462068FDF791
:10A1000091F907463846BDE8FC8770B505464068BA
:10A110000C462A6830F8241040F2F720604302EB26
:10A12000400089B2FCF7FCFC2A690120022142F8B8
:10A13000241070BD40F2F7224A4300EB420241F680
:10A14000E4531A4440F2011313810022FFF7DDBFEC
:10A150003FB500250195079C0095ADF804200295B8
:10A160000395ADF802108DF80630C26A0121117016
:10A1700003218DF80710ADF80840694600F085F816
:10A180003FBD10B5024601EBC10303EB81135268DA
:10A19000CF2101EB83030020D15C0C0703D5032002
:10A1A00001F0F7010FE08C0703D5012001F0FD015C
:10A1B00009E04C0703D5022001F0FB0103E0CC07C6
:10A1C00001D001F0FE01D15410BD01EBC10303EB3E
:10A1D00081113AB1012A08D0022A09D0032A0AD0F3
:10A1E000002070474068D42207E04068D82204E08D
:10A1F0004068DC2201E04068E02202EB8101405827
:10A20000704710B5034601EBC10404EB81115B6894
:10A210004FF0CE0404EB8101101E595C08D0012AD6
:10A2200012D0022A19D0032805D1CA0710D11BE089
:10A230004A0701D5022010BD8A0701D5012010BDB3
:10A240000907FCD5032010BD0A07FBD4CA0701D0BB
:10A25000002010BD4907EDD410BD8A07EED40A07CF
:10A26000F0D4C907F4D110BD4A07E3D48907E5D477
:10A2700010BD01464FF0FF30896A4A780B789A4248
:10A2800002D21046521C4A70704770B5426A0424CC
:10A29000B2F9003004EB03131A446AC982E86A0079
:10A2A000416A0123B1F9002004EB021200248B540F
:10A2B000416A0A88521C12B20A80416A402A00DDB3
:10A2C0000C80416AB1F90050B1F90220954201D1E8
:10A2D000521C4A80416AB1F90220402A00DD4C80BC
:10A2E000C06A037070BD30B5856A2C78042C11D219
:10A2F0002C440825A170816A0C7805EB84040A516E
:10A30000816A18240A7804EB42028B52816A087829
:10A31000401C087030BD00002DE9F74F90B00025BB
:10A3200002200A90DFF8DCB00AAB04AACDE90053A2
:10A33000CDE9022B10ACADF8105094E80700AA4606
:10A340002B46FDF7BBF8011EBDF81000ADF810005C
:10A3500054DD70B3804601244EE002200A90ADF82F
:10A3600010A004A90AAACDF80CB0CDF800A0CDE940
:10A37000012110AF564697E80700E3B2FDF79EF8BB
:10A38000BDF810905FEA090034D001200A903046F1
:10A390008DF834600DAB0AAA8DE80D08DDE91001D7
:10A3A000B24600234A46FDF789F89DF8347001262D
:10A3B0001EE023E004200A9050460EAB0AAACDF816
:10A3C00038A08DE80D08DDE91001F3B24A46FDF72B
:10A3D00075F80E98C1B2FF2902D255FA80F505E052
:10A3E00002200A90FF20ADF81000FF35761CB6B2AF
:10A3F000BE42DFD9641CA4B24445AED913B028468E
:10A40000BDE8F08F60AE0A002DE9F74F86B0044634
:10A4100040F2022004900026E16BDFF884904FF0B8
:10A4200001080E70E16B0DF1100ACDF80C90CDF81B
:10A430000080CDE901A1B346334620460799FDF7D8
:10A440003DF8002828DDE06B07782FB3012521E0D7
:10A45000E06B30F81520DAB140F204400490216C32
:10A460000023204681F800B0216CCDE90219CDE926
:10A47000008A0799FDF722F8216C01200A7805E08F
:10A4800051F8203056FA83F6401C80B29042F7D93A
:10A490006D1CADB2BD42DBD909B03046BDE8F08FCE
:10A4A00060AE0A002DE9FF4F4FF0000889B0C3F8F5
:10A4B0000080C2F800800121CDE906811D46C24618
:10A4C00050468DF81480DFF848B105AB07A98DE838
:10A4D0000B08DDE90901164643464FF4E052FCF74C
:10A4E000EDFF00287EDD9DF8140002287AD90828A7
:10A4F00002D908208DF814000A98022400EBC0014C
:10A5000001EB801970E00120079050468DF810A0F3
:10A5100004AB07AA8DE80D08DDE90901671CFBB251
:10A520004FF4E052FCF7CAFF00285ADD022C03D199
:10A530009DF8100002280ED09DF8100030B100BF29
:10A540009DF81010069808448DF81000022C05D0D4
:10A55000032C08D00DE001200690F1E710F0FF0079
:10A5600007D1032003E010F0FF0002D104208DF892
:10A570001000C1B20998426804F1740002EB89022C
:10A5800011549DF8100050B909984168382001EB2A
:10A59000890100EBC4000A5822F480320A509DF869
:10A5A0001000032801D004281BD141F610402218C6
:10A5B000DDE90901FFF7B0FE98B1C11DCA1701EB33
:10A5C0005271CA0809994B6803EB8901362303EBE2
:10A5D000C403CA529DF81010032915D029680844F5
:10A5E000286000E004E0FCB29DF8140084428AD3A5
:10A5F0002868002802DC3068002801DD4FF00108DF
:10A600000DB04046BDE8F08F316808443060E8E79F
:10A6100060AE0A002DE9FF4F87B006460020049087
:10A6200018600A2410600594B16B1F4690460870AC
:10A630008346414B05A90120B26B8DE80F00002332
:10A640004FF4E05230460899FCF738FF00285FDDF0
:10A65000B06B007802285BD9401E00F0FF0ABAF107
:10A66000080F0AD900234FF0080A1A460094304612
:10A670000899FFF76DFD022401E0022446E0B16B6A
:10A68000A01C022C0D5C01D1022D15D01DB100BF04
:10A6900005EB0B00C5B20898716800EBC00202EB35
:10A6A000801901EB890104F174000D543DB1032DB3
:10A6B00010D0042D0ED027E04FF0010BE8E77168B1
:10A6C00001EB8900382101EBC401425822F48032A9
:10A6D000425019E041F61040221830460899FFF721
:10A6E00093FE88B173684FF0460C0C210CEB890285
:10A6F000995273684FF04E0C0CEB89029952032D5E
:10A7000011D0396808443860641CE4B25445B6D9A5
:10A71000386800280DDCD8F80000002809DC04980F
:10A720000BB0BDE8F08FD8F800100144C8F8001055
:10A73000EAE701200490F3E760AE0A002DE9F04358
:10A7400085B090460E4605460024FEF7E5FD06EB73
:10A75000C601686801EB8611042202EB8101405AB0
:10A7600044F620638146014604AA2846FEF748FEC7
:10A7700000282FD0BDF81000264610F4F04F40F20C
:10A7800002570CD041F2707104A8CDE90001ADF878
:10A79000106002233A4649462868FCF743FE4FF40E
:10A7A0008070ADF80800ADF80A80ADF80C60B846CE
:10A7B00002AE4FF4FA6700BFCDE9006706234246B8
:10A7C00049462868FCF72EFE002803DC2046641C5E
:10A7D0000328F1DB05B0BDE8F08300002DE9FF4759
:10A7E00001EBC10303EB811105460423406803EB31
:10A7F0008101002430F8018013460294ADF80C402A
:10A8000003AA41462846FEF7FBFD98B14FF4FA66CD
:10A8100002AF4FF4A16900BFCDE9007604234A4698
:10A8200041462868FCF730FD002803DC2046641C04
:10A830000328F1DB029804B0BDE8F0872DE9FF4F53
:10A8400089B04FF00008CDF81C80CDE9028892460F
:10A850000646444604AA0C9B0A99FEF7D1FDE0B3D4
:10A86000BDF8100040F2025510F4F04F0CD041F248
:10A87000707104A8CDE90001ADF8104002232A460A
:10A8800030680A99FCF7CEFDAB460DF114094FF480
:10A89000FA6500BF4FF48070ADF81400ADF816A053
:10A8A000ADF818405FF00007CDE9009506235A4641
:10A8B00030680A99FCF7B6FD002804DC39467F1C95
:10A8C0000329F1DBB8B1C820DBF757FCADF8104025
:10A8D00004AA30460C9B0A9900E010E0FEF790FDB8
:10A8E00048B1BDF8100080040ED508F101084FF4FE
:10A8F0007A70DBF742FCA8F101000228CAD3DDE937
:10A9000002010DB0BDE8F08FBDF8100041064FF414
:10A91000A16012D5002402AF4FEA0008CDE900750E
:10A920000823424630680A99FCF7AEFC0028E6DCB2
:10A930002046641C0328F1DBE1E7002781460DF186
:10A940001C0800BFCDE9008504234A4630680A99F7
:10A95000FCF79AFC002803DC38467F1C0328F1DB57
:10A960000798CDE90204CAE72DE9F04FADF5037D64
:10A9700000270546ADF808724FF4FA6182A8CDE9C8
:10A9800000013C4602234FF4987239462868FCF7D0
:10A990001EFCA9680968814200DC0127BDF8080295
:10A9A000ADF8080200F00F06C00603D46968012064
:10A9B0004C8000E00020092E0AD2DFE806F00905ED
:10A9C00005050509090905006A680121168000E0EE
:10A9D00000214FF0020BB8B1B1B1AFB1012059461F
:10A9E0000DE000BF00EBC0026B6802EB801201EBD0
:10A9F0008207DC536B68401C80B223F82260AA688F
:10AA000012688242EEDA6BE06968A246FF264C804B
:10AA100001240DF10809A868008887B2381B402876
:10AA200002DB04F13F0087B2204651460DF5C47C9D
:10AA30004FF0040816E00091019100EBC0036A6832
:10AA400003EB801308EB8303D25A031B401C2CF842
:10AA5000132003EB430309EB430280B21160BDF8FE
:10AA600004309380B842E6D941F27070391B0090EF
:10AA700002AB62AA2846491CFCF73AFC204625E0B6
:10AA8000021B02EB420300EBC00139F81380D5F83A
:10AA900004C009EB430201EB8011ADF808829288F3
:10AAA0000BEB81032CF80320BDF8082202F00F0CF9
:10AAB000B44500D26646D5F804C02CF82120696858
:10AAC000CA5A4B881A43401C4A8080B2B842D7D930
:10AAD000781C84B2A8680068B8429CDC686806806C
:10AAE0000DF5037D3046BDE8F08F2DE9F74F82B0BC
:10AAF0004FF00008ADF800800446026901EB8100C8
:10AB000000EB4111142000EBC1004646105C00B17F
:10AB100001262046FFF7ADFB05464FF01A0B65E016
:10AB2000A06AA91C049A415C2068894600F0F2FEE4
:10AB3000070052D440F2F72219FB02FA20680BEB0F
:10AB40004A01415C0A2904D00C2902D00B2928D0E3
:10AB500043E09EB1242101EB4A0681190820A26A34
:10AB600000EB85001058628ED5F75BFB618E206884
:10AB7000014431440988ADF800101DE0A36A182192
:10AB800001EB45015A5A4FF0240C0CEB4A010144E9
:10AB9000082000EB85001858D5F743FB08EB0700A9
:10ABA0001AE0BEB1618E2422431802EB4A01194417
:10ABB0000988ADF8001049008846218E42181821F6
:10ABC00001EB4A001118626B086849680026C2E967
:10ABD000000102E008EB4700804600224946206859
:10ABE00000F04CFA2046FFF744FB0546002D97DAAB
:10ABF00005B04046BDE8F08F2DE9F04F97B0002733
:10AC000001EB810204460F9702EB41150069142203
:10AC100002EBC502BA46825C02B10127042202EBB4
:10AC2000C502129286580C2202EBC50350F83590EB
:10AC3000C25832445FEA020B7DD021B9A26A0020DB
:10AC40001070A26A507001200F901A22206902EB46
:10AC5000C50201EB810C865C0CEB41114FF0080C36
:10AC60000CEBC10CCDF834C04FF0160C10220CEBDD
:10AC7000C10CCDF840C002EBC1024FF01C0C0CEB34
:10AC8000C1011191002E7DD0C15800297BD01E2317
:10AC90008A4603EBC5031299139330F80380415899
:10ACA00050F802B0894420691399425A42450BD1A9
:10ACB000282100EBC50301EB88015A58202101EB44
:10ACC000C501405A161A05E000EBC502282000EB2A
:10ACD0008800165808F101001FFA80F82068FEF776
:10ACE000C2FBC1B20591B2B21FFA89F04FEA194115
:10ACF00015928DE807082068059940F2F72211FBAC
:10AD000002F241F6E45101EB4201149101440A229E
:10AD1000059B00F0C7F917B3159860862769109B4B
:10AD20000821FB5A4FF4116203EBC30707EB8317AB
:10AD3000606B042300E09FE003EB87036768FB5A26
:10AD40000292CDE903100020CDE900032068149998
:10AD50000E220144059BFCF7D1FE208600272068C7
:10AD60000599FFF7E7F9B3B25A4620460599FFF770
:10AD7000BAFAAAEB06005FEA000AB144B34407D06E
:10AD8000216901E079E003E01198095A41458AD828
:10AD900020691299415800296ED00D9B50F83590CA
:10ADA000884650F803B04FF0000A2069282100EBD4
:10ADB000C50201EB8A0016580AF101001FFA80FA59
:10ADC000B8EB060000D546462068FEF74CFBC1B242
:10ADD00005911FFA89F1B0B2CDF80CB04FEA1942D3
:10ADE00000910D90CDE901202068059940F2F722ED
:10ADF00011FB02F241F6E45101EB420112910144D0
:10AE00000B22059B00F04EF907B30D986086276969
:10AE1000109B616BFB5A082203EBC30707EB8317F8
:10AE2000042303EB870367684FF41160FB5ACDE9F5
:10AE300002020020CDE900030491206812990E223D
:10AE40000144059BFCF75AFE2086002720680599DF
:10AE5000FFF770F9B3B25A4620460599FFF743FA57
:10AE6000A8EB06005FEA0008B144B3446FD0216943
:10AE70001198095A514598D869E01299415811B171
:10AE80000D99405800E0805880462069282100EB49
:10AE9000C50201EB8A0016580AF101001FFA80FA78
:10AEA0002068FEF7E0FAC1B205911FFA89F1B2B24B
:10AEB00001AB4FEA19400D92009183E8050120682B
:10AEC000059940F2F72211FB02F241F6E45101EB41
:10AED0004201129101440C22059B00F0E3F807B3F4
:10AEE0000D9860862769109B4FF41162FB5A606BC6
:10AEF00003EBC30707EB8317042303EB87036768A0
:10AF00000821FB5A0292CDE903100020CDE900038D
:10AF1000206812990E220144059BFCF7EFFD208664
:10AF2000002720680599FFF705F9B3B2424620468D
:10AF30000599FFF7D8F9ABEB06005FEA000BB144C7
:10AF4000B04404D021691198095A51459DD80F98F1
:10AF500017B0BDE8F08F2DE9F04395B004464021CD
:10AF600002A8D5F777F941F2707512AE4FF00009DB
:10AF7000CDE900658DF84890012340F20112494661
:10AF80002068FCF757F90DF14C08CDE90085042045
:10AF9000ADF84C0002231A0200212068FCF74AF9A0
:10AFA00002AFCDE9007508234FF4407200212068FC
:10AFB000FCF740F9CDE9007530235A0100212068E3
:10AFC000FCF738F9CDE9007520239A0100212068AB
:10AFD000FCF730F9CDE9007504234FF4116200212C
:10AFE0002068FCF727F9CDE900854FF48050ADF8D3
:10AFF0004C0002234FF4136200212068FCF71AF979
:10B00000CDE900854FF44060ADF84C00022340F6D6
:10B01000341200212068FCF70DF9CDE900658DF8A8
:10B020004890012340F2031200212068FCF702F946
:10B03000CDE9006511208DF8480001234FF490728E
:10B0400000212068FCF7F6F8CDE9006502208DF8B4
:10B0500048004FF4A06701233A4600212068FCF71E
:10B06000E9F8CDE900658DF8489001233A460021C2
:10B070002068FCF7DFF815B0BDE8F08300EB810332
:10B0800003F5805300F54050C3F8D027D0F8A43B17
:10B09000002B06D0D0F8A80B41F2D07303EB81014E
:10B0A000425070472DE9F0411E4694460746DDE9BF
:10B0B0000853DDE9062041F20C0E0C46AE4421F89F
:10B0C0000EEF81F802C0CE708A80C8800D812A46BA
:10B0D000614604F11A0000F045FC611900208876F1
:10B0E000C87607EB860000F540501C35C0F89C552B
:10B0F0000020BDE8F08100002DE9F04141F6E45662
:10B100000446871943F29C50231841F2F07C41F227
:10B11000D072002504F54050E9B3D0F8A81BD9B38C
:10B120004FF0010EC0F8A4EB0F60D0F8A81B4B60E5
:10B13000D0F8A81B01EB0C038B60D0F8A81B01F121
:10B140001803CB60D0F8A81B8B180B61D0F8A81B94
:10B1500001F5BF534B61D0F8A80B1044FCF70CFD70
:10B160005FF0000240F2F720504304EB400030440F
:10B17000FBF79CFD04EB820000F58050521CC0F8E8
:10B18000D057042AEEDB43F2AC502044FBF78EFD8F
:10B190000120BDE8F08102E0FFE70020F9E7C0F8F8
:10B1A000A05BC0F8A45B04EB0C002760C4E901308D
:10B1B00004F11800E060A01804F5BF51C4E90401CF
:10B1C000CCE72DE9F0470F461446814601EBC70155
:10B1D000406801EB8711FB2202EB81012822465CCB
:10B1E0000020A070E07020716071A071394648465F
:10B1F00000F0F6F90204120C228037D0501C85B200
:10B200003946484600F03DFAA070681C1FFA80F8E5
:10B210002A463946484600F034FAA178424601EB06
:10B2200000204000A07008F1010085B23946484670
:10B2300000F027FAE070681C1FFA80F82A463946A9
:10B24000484600F01EFA2071A07802280ED908F1B5
:10B25000010085B242463946484600F012FA607154
:10B260002A463946484600F00CFAA0711EB139460C
:10B270004846FEF796F8A078BDE8F0872DE9FF5F15
:10B28000144600984FF000094F464168019800EBC2
:10B29000C00202EB8010FB2202EB800011F800A03C
:10B2A000A4F80490A4F80290A4F808904FEA0900CA
:10B2B00004EB4001401C80B2A1F8067C0828F7D3BB
:10B2C000012B00D90123DDE9000103F1320200F076
:10B2D00087F90204120C22807DD0501C86B2DDE971
:10B2E000000100F0CEF980463246DDE90001761C0F
:10B2F000B5B200F0C6F908EB002060800126BB461D
:10B30000A0882A46401CA080681C87B2DDE90001A5
:10B3100000F0B7F9A1883A4604EB41017F1CC880D0
:10B32000DDE90001BDB200F0ACF9A188761C04EBA8
:10B330004101CA8802EB0020C880A188681C04EB88
:10B34000410187B2A1F806B8DDE900012A4600F004
:10B3500098F98046DDE900017D1C3A4600F091F93C
:10B36000A1882D1D04EB4101B61CA1F80604ADB265
:10B37000B6B2082835D2012715E06D1DA8B2451CCC
:10B380000246DDE90001361DB6B200F07AF9A18867
:10B39000AD1C04EB41017F1CB1F80628ADB210448E
:10B3A000A1F80608BFB24745E7D9A08804EB4000E2
:10B3B000B0F80614B0F8060804EB4101B1F8062C09
:10B3C0001044A1F8060CA08804EB4000B0F8061861
:10B3D00001EB090000E014E0761C1FFA80F9B6B218
:10B3E00006E006EB880005EBC801401C8DB286B272
:10B3F000A088B0F5FF7F00D966886088B0423FF62C
:10B400007FAFBAF1000F03D0DDE90001FDF7C9FFFE
:10B4100004B04846BDE8F09F2DE9F0478946144640
:10B42000824609EBC902416802EB8910FB2202EB5C
:10B43000800029220F5C0020A0704946504600F091
:10B44000CFF80204120C228057D0501C85B2494616
:10B45000504600F016F90646681C1FFA80F82A4686
:10B460004946504600F00DF906EB00208008A07018
:10B4700008F1010085B242464946504600F001F904
:10B48000A080681C86B22A464946504600F0F9F86A
:10B49000A188324601EB0020A080761CB5B2494657
:10B4A000504600F0EEF8E080681C86B22A46494615
:10B4B000504600F0E6F8E188324601EB0020E080DB
:10B4C000701C85B24946504600F0DBF82072681CBB
:10B4D00086B22A464946504600F0D3F86072701C86
:10B4E00085B232464946504600F0CBF8A0722A4653
:10B4F0004946504600F0C5F8E0721FB14946504633
:10B50000FDF74FFFA078BDE8F0872DE9F0470F4623
:10B510001446814601EBC701406801EB8711FB220D
:10B5200002EB81010025465CA078984250D9208822
:10B53000022101EBC301084482B2501C1FFA80F8BB
:10B540003946484600F09DF8A08008F1010085B218
:10B5500042463946484600F094F8A1882A4601EB55
:10B560000020A080681C1FFA80F83946484600F089
:10B5700088F8E08008F1010085B242463946484625
:10B5800000F07FF8E1882A4601EB0020E080681C8B
:10B590001FFA80F83946484600F073F8207208F127
:10B5A000010085B242463946484600F06AF86072AA
:10B5B000681C1FFA80F82A463946484600F061F8B0
:10B5C000A07242463946484600F05BF8E072012519
:10B5D0001EB139464846FDF7E4FE2846BDE8F0872F
:10B5E0002DE9F04789461546824609EBC9024168B4
:10B5F00002EB8910FB2202EB800080220F5C812687
:10B600004946504600F03DF880468224324649467D
:10B61000504600F036F808EB002020E0A2B2494680
:10B620005046641C00F02DF80646A2B2494650462A
:10B63000641C00F026F806EB002004EB4004A2B2E4
:10B6400049465046641C00F01CF8A2B20646641C31
:10B6500024B24946504600F014F806EB002080B2B0
:10B66000A84203D0A0F57F41FF39D7D1A84200D02E
:10B6700000241FB149465046FDF793FE2046BDE821
:10B68000F0872DE9F0470446008C0E46FF2715464B
:10B69000B04205D04FF40071E069D4F7DBFD268499
:10B6A000B5F5805F0DD2E2696809A5EB401152F84B
:10B6B00020204FF0010909FA01F0024204D0A069EC
:10B6C000475D3846BDE8F08706EBC60101EB8618FA
:10B6D0006068042101EB8801475A31462046FDF796
:10B6E0001BFE6E0844F62063324639462046FFF7BB
:10B6F000A5F8FA27636807EB88029A5C32B1A26961
:10B70000082302EB46021060516004E0A1690423A3
:10B7100001EB4601086030097100A1EB401189B2CC
:10B7200000224F4610E0E66907FA01F8491C56F876
:10B7300020C089B24CEA080C46F820C01F2902D963
:10B740000021401C80B2521C9A42ECDBB7E72DE985
:10B75000FF5F994600984168029800EBC00202EB37
:10B760008010FB2202EB80000A2211F800A0DDE924
:10B7700000050299FFF734FF0004000C36D0801C4E
:10B7800082B2501C84B202990098FFF77AFF4FF002
:10B79000000B814528D8012724E02246641CA4B26E
:10B7A00002990098FFF76DFF80464F4503D204EBE6
:10B7B000080084B214E00126019D0FE0142E09D880
:10B7C0002246641CA4B202990098FFF75AFF05F8BC
:10B7D000010B01E0641CA4B2761CB6B24645EDD95B
:10B7E0007F1CBFB24F45D8D985F800B0BAF1000F21
:10B7F00006D00299009804B0BDE8F05FFDF7D1BD16
:10B80000BDE8FF9F2DE9F04116460F468046FAF746
:10B8100007FD054639464046FEF78CFCC820DAF79E
:10B82000ACFC32463946404600F082F8040008D5A8
:10B83000FAF7F6FC401BB042ECD300213846FBF788
:10B840002DFA2046BDE8F0812DE9FF4F04468068BF
:10B850000E4689B000681746B04203DA00200DB0EA
:10B86000BDE8F08FFAF7DCFC814606EBC6006168A4
:10B8700000EB8618042202EB8800085A4FF0000AF9
:10B880004FF4FA6B02909EB3ADF814A004A9CDE971
:10B89000001BADF810A006234FF49872206802999F
:10B8A000FBF7F2FCBDF81000ADF818006268022347
:10B8B000BDF8141003EB880022F80010BDF8180042
:10B8C00000F00F05BD4203D04FF47A70DAF755FC53
:10B8D000BD4206D0FAF7A4FCA0EB09010C98814206
:10B8E000D1D36268BDF81810284622F82810B6E7B0
:10B8F000FFE7ADF818A006A9CDE9001B02234FF41D
:10B90000987200212068FBF762FCBDF81800ADF8C2
:10B910001800D3E770B50D46064600F009F804009C
:10B9200004D5002229463046FFF7A8FB204670BD0B
:10B930002DE9F04116460F468046FAF771FC0546A0
:10B9400001E0002C0BDA002239464046FDF7BAFD33
:10B95000040004D5FAF764FC401BB042F1D3204642
:10B96000BDE8F081002A10D004290BD003DC49B1D6
:10B97000012904D106E0072904D00A2902D019467A
:10B98000D4F74FBC1146D4F765BC70473EB509C823
:10B9900041F270744FF4907269B101EBC10505EB8F
:10B9A0008115042101EB8501595A009433F82530A3
:10B9B000FBF762FD3EBD1988ADF8081002A9CDE97C
:10B9C000001402230021FBF735FC3EBD0349002093
:10B9D00008700349087003A0F7F770BD1801002034
:10B9E00019010020657865635F4530310D0A00005C
:10B9F00006490120064A48800A211170054A0021A3
:10BA000011600549087005A0F7F758BD487000207F
:10BA1000150100202C0100203A01002065786563A3
:10BA20005F4530320D0A000004490120C8800449F6
:10BA30000B20087003A0F7F741BD000048700020FC
:10BA400015010020657865635F4530330D0A0000FD
:10BA500004490120088104490A20087003A0F7F76F
:10BA60002DBD000048700020150100206578656339
:10BA70005F4530340D0A0000134914488A68144B9E
:10BA80000260C8681860134B096919601249096897
:10BA9000491E8A4202DD1149097829B1012805D0E1
:10BAA000401C03D00EA006E010A004E0134801786B
:10BAB000012902D012A0F7F701BD0C21017018482E
:10BAC000017818A0F7F7FABC94960020F80200203D
:10BAD000FC02002000030020680000202901002053
:10BAE0006572726F72206469720D0A006572726FFE
:10BAF0007220617869730D0A0000000015010020B2
:10BB0000657865635F483031206E6F7420696E2000
:10BB10007374616E647374696C6C0D0A00000000CC
:10BB200038010020657865635F48303120636D64BB
:10BB30005F627566665F6D6F6465203D2025640DEC
:10BB40000A0000002DE9F0410E4E0F4F0F4D00246A
:10BB50004FF0010836F8141057F82400DCF7E1FE26
:10BB6000012804D1296808FA04F008432860641CFD
:10BB7000E4B2182CEED32968BDE8F04104A0F7F731
:10BB80009DBC000090020020300200203401002003
:10BB9000657865635F4930312025780D0A00000023
:10BBA000704770472DE9F04F2DED028B9BB00024BC
:10BBB00034210DA8D4F74EFB34216846D4F74AFB54
:10BBC000DFF8849199F80000012807D05FA0F7F70B
:10BBD00075FC1BB0BDEC028BBDE8F08F63480027FD
:10BBE000DFF890A107606248634DDFF8908101683B
:10BBF0006348012990ED008A6248067806D09AF8D9
:10BC0000000001283BD085F8787D82E05E49087805
:10BC1000401CC0B208708146C0EBC00005EB0015A7
:10BC200085F8087D13E000BF08EB840090ED020A60
:10BC3000B8EEC00A20EE080A10EE100AD4F782FD12
:10BC400005EBC40202F6D842641C03C2E4B2B4425B
:10BC5000EAD332234A464DA10DA8F7F73FFC0DA8C1
:10BC6000D4F721FB4F4D04464D482968224608442D
:10BC70000DA9D4F7D6FA2868204428605DE04A4927
:10BC80000878401CC0B208708346C0EBC00005EBCA
:10BC9000001989F8087D12E008EB840090ED020A93
:10BCA000B8EEC00A20EE080A10EE100AD4F74AFDDA
:10BCB00009EBC40202F6D842641C03C2E4B2B442E7
:10BCC000EAD332235A4639A16846F7F707FC3A4CC3
:10BCD0006946207800EB800005EB800000F60C3010
:10BCE000D4F7F6FA2078401C207026E008EB840098
:10BCF00090ED020AB8EEC00A20EE080A10EE100A13
:10BD0000D4F720FD05EBC40202F64852641C03C2BE
:10BD1000E4B2B442EAD3322228A16846F7F7DEFB48
:10BD200069462948D4F7D4FA28480770012068806A
:10BD300027480A2189F8001007609AF8001025A00A
:10BD4000F7F7BCFB45E70000150100206578656347
:10BD50005F4D3031206E6F7420696E207374616E98
:10BD6000647374696C6C0D0A00000000B00300205D
:10BD7000D80200203801002048700020949600204E
:10BD80001C01002000010020200100204D4A20500D
:10BD9000256420462564205232300D0A0000000040
:10BDA00000000010DC020020190100204D4A205044
:10BDB0002564204625640000180100204D4A2050CB
:10BDC0003120462564000000547B00203A01002009
:10BDD0002C010020657865635F4D303120636D6410
:10BDE0005F627566665F6D6F6465203D2025640D3A
:10BDF0000A0000002DE9F04F2DED028B9DB00024CC
:10BE0000342102A8D4F726FA34210FA8D4F722FA55
:10BE1000DFF8D48198ED640B51EC100BD4F7D6FC0D
:10BE200072490546086098ED660B51EC100BD4F78B
:10BE3000CDFC6F49DFF8BC91086099F8000001283B
:10BE400007D06DA0F7F73AFB1DB0BDEC028BBDE843
:10BE5000F08F71494FF0000A734AC1F800A06F4893
:10BE600092ED008A714A0368DFF8B4B101216D4890
:10BE70001678012B07D09BF80020012A41D00F46ED
:10BE800088F8781D8EE06A4B1A78521CD2B21A706C
:10BE90009146C2EBC20208EB0217804687F8081DE4
:10BEA00013E000BF08EB840090ED020AB8EEC00A70
:10BEB00020EE080A10EE100AD4F744FC07EBC40287
:10BEC00002F6D842641C03C2E4B2B442EAD3284664
:10BED000D4F738FCCDE900014A4656A10FA8F7F780
:10BEE000FDFA0FA8D4F7DFF9584D044656482968E3
:10BEF000224608440FA9D4F794F928682044286002
:10BF00006BE0534B81461A78521CD2B21A7092469B
:10BF1000C2EBC20208EB021787F8081D13E000BF4E
:10BF200009EB840090ED020AB8EEC00A20EE080A80
:10BF300010EE100AD4F706FC07EBC40202F6D84252
:10BF4000641C03C2E4B2B442EAD32846D4F7FAFB35
:10BF5000CDE9000152463FA102A8F7F7BFFA414CD4
:10BF6000207800EB800108EB810002A900F60C307C
:10BF7000D4F7AEF92078401C20702EE0294800EB61
:10BF8000840090ED020AB8EEC00A20EE080A10EE16
:10BF9000100AD4F7D7FB08EBC40202F64852641C1F
:10BFA00003C2E4B2B442E9D32846D4F7CBFB41EC58
:10BFB000100B2DA153EC102B02A8F7F78FFA02A952
:10BFC0002C48D4F785F92C490F70A8F802700A2183
:10BFD00089F800102949C1F800A09BF8001028A09A
:10BFE000F7F76CFA30E7000048700020F8000020F6
:10BFF000FC00002015010020657865635F4D30323C
:10C00000206E6F7420696E207374616E647374693E
:10C010006C6C0D0A00000000B0030020D802002064
:10C0200038010020949600201C010020000100200F
:10C03000200100204D4C205025642046252E3066DE
:10C04000205232300D0A000000000010DC020020F7
:10C05000190100204D4C205025642046252E3066C5
:10C0600000000000180100204D4C205031204625D2
:10C070002E306600547B00203A0100202C01002065
:10C08000657865635F4D303220636D645F6275660D
:10C09000665F6D6F6465203D2025640D0A00000019
:10C0A00005490D2008700549032008700449002047
:10C0B000086004A0F7F702BA150100203001002043
:10C0C000B80000204D30332073746F700D0A0000EB
:10C0D0000D4900200E4A0860486088600B490870CE
:10C0E000012111700B490880488008710A49A1F8A4
:10C0F000C803A1F8CA0381F8CC03401C0628FCDB66
:10C1000006A0F7F7DBB9000008B7002030010020D7
:10C110001501002038920020A08E00104D303420F0
:10C12000636C65617220616C6C206572720D0A002F
:10C13000F0B58DB034216846D4F78CF82E4E3078A7
:10C14000012804D02DA0F7F7B9F90DB0F0BD3348A0
:10C150000025344F05603248006801282CD038781B
:10C16000314C01284FF00F0230A1684632D0F7F76A
:10C17000B5F9694604F60C30D4F7AAF82E48B2EEA9
:10C180000E0A9FED301B80ED000A9FED2C0B012065
:10C1900084ED640B84ED661B84ED6A0B84ED6C1BEF
:10C1A00060800A2030702948056029480570397878
:10C1B00028A0F7F783F9C8E72F492E4A2FA308686C
:10C1C0001C6802440A3014605C6854601B89138147
:10C1D0000860ECE7F7F782F92B4D6946287800EB09
:10C1E000800004EB800000F60C30D4F771F828785A
:10C1F000401C2870DBE700001501002065786563AE
:10C200005F4D3035206E6F7420696E207374616EDF
:10C21000647374696C6C0D0A00000000B0030020A8
:10C22000D802002038010020487000204D4A2050DC
:10C2300030204625640000006C0100200000000052
:10C2400000002E400000000000001E402C010020D5
:10C250003A010020657865635F4D303520636D6479
:10C260005F627566665F6D6F6465203D2025640DB5
:10C270000A00000000000010DC020020484F4D457D
:10C28000204635300D0A0000180100202DE9F04F3E
:10C290009BB034216846D3F7DDFF34210DA8D3F7D6
:10C2A000D9FF7548067AC068D4F7F6F99FED731B7D
:10C2B00053EC112BD4F70FF9DFF8C89104460D4663
:10C2C00099F80000012805D06FA0F7F7F7F81BB028
:10C2D000BDE8F08F74484FF00008DFF8D4A1C0F833
:10C2E00000807248DFF8CCB1734F0068012810D08D
:10C2F0009BF80000012851D087F8788D07F5406041
:10C30000002E70D0012E6FD0022E6ED0032E6DD075
:10C3100099E0DFF8A89199F80000401CC0B289F8B4
:10C320000000C0EBC00107EB0110702100F6D840FF
:10C33000D3F790FF99F80020C2EBC20107EB011080
:10C3400080F8088D36B1012E08D0022E0AD0032EB7
:10C350000CD00EE000F6D84030C00AE000F54E6088
:10C3600030C006E000F6E84030C002E000F54F6063
:10C3700030C0322352A10DA8F7F7B0F80DA8D3F7BB
:10C3800092FF544D044652482968224608440DA99C
:10C39000D3F747FF28682044286046E0DFF838914B
:10C3A00099F80000401CC0B289F80000C0EBC00141
:10C3B00007EB0110702100F6D840D3F74BFF99F836
:10C3C0000020C2EBC20107EB011080F8088D36B1E6
:10C3D000012E0CD0022E0ED0032E10D012E000F64B
:10C3E000D84030C00EE023E025E027E029E000F54A
:10C3F0004E6030C006E000F6E84030C002E000F5D4
:10C400004F6030C0322335A16846F7F767F8364CE5
:10C41000207800EB800107EB8100694600F60C30C4
:10C42000D3F756FF2078401C2070CAF800801DE02A
:10C43000C0E9524107E0C0E9544104E0C0E9564177
:10C4400001E0C0E95841322228A16846F7F746F8D2
:10C4500069462948D3F73CFF012078800A2189F8F2
:10C4600000102649CAF8008081F800809BF800106F
:10C4700023A0F7F723F82AE7949600207B14AE4711
:10C48000E17A843F15010020657865635F4D3036A1
:10C49000206E6F7420696E207374616E64737469AA
:10C4A0006C6C0D0A00000000B0030020D8020020D0
:10C4B0002C010020380100204870002020010020BD
:10C4C0004D4A20502564204625640D0A00000000D6
:10C4D00000000010DC020020190100204D4A20500D
:10C4E0002564204625640000180100204D4A205094
:10C4F0003120462564000000547B00203A010020D2
:10C50000657865635F4D303620636D645F62756684
:10C51000665F6D6F6465203D2025640D0A00000094
:10C520002DE9F04F2DED068B9BB000249FEDAC8BD9
:10C53000342101A8D3F78EFE34210EA8D3F78AFE4A
:10C54000A94F3878012807D0A8A0F6F7B7FF1BB08D
:10C55000BDEC068BBDE8F08FAC494FF00009AC484C
:10C56000DFF8B0B2C1F800909FEDAB9B0168AE4818
:10C570000126DFF8AC82AB4D90ED00AA012959D01D
:10C58000AA48007801287CD088F8E86D05EB840083
:10C5900090ED020AB8EEC00A20EE0A0A10EE100A68
:10C5A000D4F7D0F808EBC40202F6B852641CE4B227
:10C5B00003C2032CEAD388F8586E002405EB8400EC
:10C5C00090ED050AB8EEC00A20EE0A0A10EE100A35
:10C5D000D4F7B8F808EBC40202F62862641CE4B28F
:10C5E00003C2032CEAD39248322292A180ED748BCD
:10C5F00080ED769B80ED788B80ED908B80ED929B2B
:10C6000080ED948B01A8F6F769FF894801A9F438F9
:10C61000D3F75EFE8B4902200870A8F802600A2159
:10C6200087F80010CBF800908048017886A0F6F7D4
:10C6300045FF8CE78C48B2460178491CCFB2C7EB66
:10C64000C70208EB0216077086F808AD05EB8400F8
:10C6500090ED020AB8EEC00A20EE0A0A10EE100AA7
:10C66000D4F770F806EBC40202F6D842641CE4B2B8
:10C6700003C2032CEAD306F540667B4986ED3C8B6A
:10C6800000E042E07F1C86ED3E9BFFB286ED408BD2
:10C69000C7EBC70208EB02160F7086F808AD00243E
:10C6A00005EB840090ED050AB8EEC00A20EE0A0AF8
:10C6B00010EE100AD4F746F806EBC40202F6D84290
:10C6C000641CE4B203C2032CEAD306F540663220B0
:10C6D00086ED3C8B86ED3E9B86ED408B00907B1E6D
:10C6E0003A4662A10EA8F6F7F9FE0EA8D3F7DBFDD5
:10C6F000644D044662482968224608440EA9D3F7CF
:10C7000090FD2868204428608CE75F48B146824647
:10C710000178491CCFB2C7EBC70208EB02160770BD
:10C7200086F8089D05EB840090ED020AB8EEC00A79
:10C7300020EE0A0A10EE100AD4F704F806EBC40241
:10C7400002F6D842641CE4B203C2032CEAD306F515
:10C7500040667F1C86ED3C8B86ED3E9BFFB286EDEE
:10C76000408BC7EBC70208EB02168AF8007086F808
:10C77000089D002405EB840090ED050AB8EEC00A80
:10C7800020EE0A0A10EE100AD3F7DCFF06EBC40213
:10C7900002F6D842641CE4B203C2032CEAD306F5C5
:10C7A0004066322086ED3C8B86ED3E9B86ED408BCD
:10C7B000009044467B1E3A4634A101A8F6F78EFE4F
:10C7C000364D01A9287800EB800004EB800000F6CC
:10C7D0000C30D3F77DFD2878401C287024E700003A
:10C7E000000000000000000015010020657865636E
:10C7F0005F4D3037206E6F7420696E207374616EE8
:10C80000647374696C6C0D0A00000000B0030020B2
:10C81000D80200202C0100200000000000805640BB
:10C8200048700020949600201C0100203801002050
:10C83000487C00204D43205033205132204625644F
:10C84000000000003A010020657865635F4D3037D5
:10C8500020636D645F627566665F6D6F6465203D21
:10C860002025640D0A000000200100204D432050C7
:10C87000256420512564204625640D0A000000002F
:10C8800000000010DC020020190100204D43205060
:10C8900025642051256420462564000018010020ED
:10C8A00070B53E4D01262DED068B05F5406442A185
:10C8B000A4F1F4009FED3AAB85F8786D9FED3A9BBB
:10C8C00084ED52AB9FED3A8B84ED549B84ED568BF7
:10C8D00084ED588BD3F7FCFC85F8E86D84ED6EABE6
:10C8E0009FED39AB3AA184ED70AB84ED728B84ED92
:10C8F000748BA4F1E000D3F7EBFC85F8586E84ED5F
:10C900008A9B84ED8CAB84ED8E8B84ED908B34A16F
:10C91000A4F1CC00D3F7DCFC85F8C86E84EDA69BAF
:10C9200084EDA89B84EDAA8B84EDAC8B2FA1A4F1A0
:10C93000B800D3F7CDFC85F8386F84EDC2AB84ED39
:10C94000C49B84EDC68B84EDC88B2CA1A4F1A400FC
:10C95000D3F7BEFC9FED2D0B85F8A86F84EDDE0BA1
:10C960009FED2C0B2DA184EDE00B84EDE28B84ED8B
:10C97000E48BA4F19000D3F7ABFC2B48007830B9DE
:10C980002A496E800A20087029490020086029A0E1
:10C99000BDEC068BBDE87040F6F790BD48700020F6
:10C9A0000000000000C0724000000000000059407C
:10C9B00000000000000000004D4A205031204631A8
:10C9C00030302052300000000000000000006940BC
:10C9D0004D4C205032204631303020523000000083
:10C9E0004D4C205033205230000000004D4C205060
:10C9F0003420463130302052300000004D4C205061
:10CA00003520463130302052300000000000000058
:10CA100000406F400000000000C062404D4C2050BC
:10CA2000362046313030000038010020150100204A
:10CA30002C010020657865635F4D30380D0A0000D9
:10CA400070B5304D01262DED068B05F5406432A101
:10CA5000A4F1F4009FED2CAB85F8786D9FED2C8B45
:10CA600084ED52AB84ED548B84ED568B84ED588B62
:10CA7000D3F72EFC9FED2C9B85F8E86D84ED6E9B23
:10CA800084ED708B84ED728B84ED748B85F8586E19
:10CA900084ED8A8B84ED8C9B84ED8E8B84ED908B62
:10CAA00023A1A4F1E000D3F713FC85F8C86E84ED50
:10CAB000A6AB84EDA89B84EDAA8B84EDAC8B20A162
:10CAC000A4F1CC00D3F704FC20A1A4F1B800D3F763
:10CAD000FFFB21A1A4F1A400D3F7FAFB21480078C1
:10CAE00048B921496E800A20087020490220087048
:10CAF0001F49002008601FA0BDEC068BBDE87040F8
:10CB0000F6F7DCBC48700020000000000000344054
:10CB100000000000000000004D4C20503120463144
:10CB2000303020523130000000000000000034C0DE
:10CB30004D4320503320513220523130000000004C
:10CB40004D4C205034205231300000004D4C2050CC
:10CB500031205231300000004D4C205030205231F5
:10CB60003000000038010020150100203A010020AB
:10CB70002C010020657865635F4D30390D0A000097
:10CB800005490A200870054903200870044900205F
:10CB9000086004A0F6F792BC150100203A010020BD
:10CBA0002C010020657865635F4D31300D0A00006F
:10CBB00002490120C88002A0F6F780BC487000201E
:10CBC000657865635F4D31310D0A0000024901202F
:10CBD000088102A0F6F772BC487000206578656392
:10CBE0005F4D31320D0A000001A0F6F767BC00006E
:10CBF000657865635F4D313320746573742070729E
:10CC00006F670D0A000000000C4910B50120086094
:10CC10000B49002008704FF4FA710A48D3F71AFB49
:10CC2000072209A10748D3F7FCFA09480168C91D82
:10CC30000160BDE8104007A0F6F740BCD802002014
:10CC400020010020000000104C4F4F503A0D0A0008
:10CC5000DC020020657865635F4D31340D0A000009
:10CC600010B58EB0052434216846D3F7F3FA0F4887
:10CC70008068002800DD044622460DA16846F6F7CC
:10CC80002DFC6846D3F70FFB0F4C02460D48216878
:10CC900008446946D3F7C5FA0C49002020600860B3
:10CCA0000BA0F6F70BFC0EB010BD00009496002010
:10CCB000474F544F204C4F4F502025640D0A454E8E
:10CCC000440D0A0000000010DC020020D802002001
:10CCD000657865635F4D31350D0A000007490A200C
:10CCE000087007490020086007480649C0F8081B7B
:10CCF0000121018005A0F6F7E1BB0000150100202D
:10CD00002C01002000000010487000206578656349
:10CD10005F4D31362072756E2070726F670D0A009C
:10CD20002DE9F04F2DED028B9BB0002434210DA88E
:10CD3000D3F790FA34216846D3F78CFADFF888A14C
:10CD40009AF80000012807D060A0F6F7B7FB1BB0E7
:10CD5000BDEC028BBDE8F08F644965484FF00009D7
:10CD6000C1F8009001686648DFF888B1012790EDAE
:10CD7000008A6448604DDFF884810678012906D076
:10CD80009BF8000001283AD085F8787D81E05E4963
:10CD90000878401CC0B208708146C0EBC00005EBAB
:10CDA000001585F8087D12E008EB840090ED020A7A
:10CDB000B8EEC00A20EE080A10EE100AD3F7C2FC43
:10CDC00005EBC40202F6D842641C03C2E4B2B442CA
:10CDD000EAD332234A464DA10DA8F6F77FFB0DA8F2
:10CDE000D3F761FA4F4D04464D482968224608445E
:10CDF0000DA9D3F716FA2868204428605EE04A4956
:10CE00000878401CC0B208708246C0EBC00005EB39
:10CE1000001989F8087D12E008EB840090ED020A01
:10CE2000B8EEC00A20EE080A10EE100AD3F78AFC0A
:10CE300009EBC40202F6D842641C03C2E4B2B44255
:10CE4000EAD33223524639A16846F6F747FB3A4CFB
:10CE5000207800EB800105EB8100694600F60C307C
:10CE6000D3F736FA2078401C207027E008EB8400C6
:10CE700090ED020AB8EEC00A20EE080A10EE100A81
:10CE8000D3F760FC05EBC40202F64852641C03C2EF
:10CE9000E4B2B442EAD3322228A16846F6F71EFB78
:10CEA00069462948D3F714FA28490A2281F80090E4
:10CEB00027496F808AF80020C1F800909BF8001085
:10CEC00024A0F6F7FBFA42E71501002065786563B8
:10CED0005F4D3137206E6F7420696E207374616E00
:10CEE000647374696C6C0D0A00000000B0030020CC
:10CEF000D8020020380100204870002094960020BD
:10CF00001C01002000010020200100204D4A20507B
:10CF1000256420462564205232300D0A00000000AE
:10CF200000000010DC020020190100204D4A2050B2
:10CF30002564204625640000180100204D4A205039
:10CF40003120462564000000547B00203A01002077
:10CF50002C010020657865635F4D313720636D6477
:10CF60005F627566665F6D6F6465203D2025640DA8
:10CF70000A0000002DE9F0472DED048B3B493A48AB
:10CF80000978067B491ED0F808808E4201DD38A062
:10CF90004CE0B0EE080AD0F8109080EE008A3948D4
:10CFA0003B4F9FED391B80ED000A9FED3A2B87ED3B
:10CFB000641B87ED662B87ED6A1B9FED381AF2EE36
:10CFC000040A87ED6C2B002528EE019A68EE208A72
:10CFD00018EE100AD3F7B6FB07EB8514C4E90A0173
:10CFE00018EE100AD3F7AEFBC4E9080118EE900A58
:10CFF000D3F7A8FBC4E90E0118EE900AD3F7A2FB01
:10D00000C4E90C0119EE100AD3F79CFBC4E9120124
:10D0100019EE100AD3F796FB6D1CC4E91001042D1C
:10D02000D6DB1F490878012806D01EA0BDEC048B72
:10D03000BDE8F047F6F742BA224880F8788D80F8CC
:10D04000796D80F87A9D012078810A2008701E4948
:10D05000002008601D4801781DA0BDEC048BBDE8D0
:10D06000F047F6F72BBA000094960020000100204C
:10D070006572726F7220696E707574206178697361
:10D080000D0A00006C0100200000000000000840B4
:10D0900048700020000000000000F83F0000C84277
:10D0A00015010020657865635F4D3138206E6F741F
:10D0B00020696E207374616E647374696C6C0D0A00
:10D0C00000000000488000202C01002038010020D2
:10D0D000657865635F4D313820636D645F627566A6
:10D0E000665F6D6F6465203D2025640D0A000000B9
:10D0F00070B5324E324A00202DED048B0121F2EE44
:10D10000040A708111702F4963229FED300A21F8C3
:10D11000D02F9FED301B8870A1F8C00006F500519C
:10D120009FED2E2B81F8F4012749002581F8CC03CF
:10D13000274880ED000A86ED641B86ED662B86EDA0
:10D140006A1BF0EE081A9FED271A80EE218A86ED01
:10D150006C2B28EE019A68EE208A00BF18EE100AA8
:10D16000D3F7F0FA06EB8514C4E90A0118EE100AA9
:10D17000D3F7E8FAC4E9080118EE900AD3F7E2FA07
:10D18000C4E90E0118EE900AD3F7DCFAC4E90C01E9
:10D1900019EE100AD3F7D6FAC4E9120119EE100AF3
:10D1A000D3F7D0FA6D1CC4E91001042DD6DBBDEC19
:10D1B000048B0DA0BDE87040F6F780B948700020E0
:10D1C00015010020E8EC0010A08E00100000704255
:10D1D0006C0100200000000000004E400000000034
:10D1E00000003E400000C842657865635F4D3139FC
:10D1F0000D0A000070B50C4D287A44B2E868182C6E
:10D20000C0F10100C2B20ED2084830F8141008482C
:10D2100050F82400DBF790FB2146EA68BDE8704037
:10D2200004A0F6F74BB970BD9496002000020020D0
:10D23000A0010020657865635F5030312061786916
:10D24000732025642070696E5F76616C756520259A
:10D25000640D0A001CB540F27E4105489FED050BA8
:10D26000CDE9000153EC102B04A0F6F727F91CBD03
:10D27000B7003501000000000000F03F7665722025
:10D280003D20252E31662C25642C25640D0A0000D6
:10D2900001A0F6F713B90000657865635F5130317E
:10D2A0005F7265730D0A000000B53F4899B04049B0
:10D2B00090EDA60B8DED160B90EDA40B8DED140BE0
:10D2C00090EDA20B8DED120B90EDA00B8DED100BE0
:10D2D00090ED9E0B8DED0E0B90ED9C0B8DED0C0BE0
:10D2E00090ED9A0B8DED0A0B90ED980B8DED080BE0
:10D2F00090ED960B8DED060B90ED940B8DED040BE0
:10D3000090ED920B8DED020B90ED900B27488DED7B
:10D31000000B097850F82110264803682648027847
:10D320002648F6F7CBF8264890ED6C0B8DED040BF4
:10D3300090ED6A0B8DED020B90ED660B8DED000B01
:10D3400090ED640B1FA053EC102BF6F7B7F82B48A9
:10D3500090ED0A0B8DED0A0B90ED080B8DED080B8F
:10D3600090ED060B8DED060B90ED040B8DED040B8F
:10D3700090ED020B8DED020B90ED000B20488DED32
:10D38000000B90E80E001F48F6F798F81E4800F1D1
:10D390000C010EC98DE80E0090E80E001BA0F6F7F8
:10D3A0008DF819B000BD0000488C0020BC000020A2
:10D3B000150100202C01002029010020240403086D
:10D3C00048700020766D61785F6C696E3D252E3364
:10D3D000662C6163635F6C696E3D252E33662C7627
:10D3E0006D61785F616E673D252E33662C616363E6
:10D3F0005F616E673D252E33660D0A00D8B60020AA
:10D400009C6D0020A004030830700020686F6D65DB
:10D410005B302D355D3D25642C25642C25642C2541
:10D42000642C25642C25640D0A0000007047000060
:10D4300004480078012802D003A0F6F73FB8074857
:10D44000DFF741BC290100206E6F7420696E2073E4
:10D45000696D206D6F64650D0A000000F401001015
:10D4600000B5164887B0007801281AD0022816D1D6
:10D47000134890ED000B13488DED040B90ED000B5D
:10D4800011488DED020B90ED000B10488DED000B57
:10D4900090ED000B0EA053EC102BF6F70FF807B031
:10D4A00000BD164890ED1C0B8DED000B90ED100BA0
:10D4B00013A053EC102BF6F701F8F0E760030020FF
:10D4C000D0030020C8030020C0030020B8030020C0
:10D4D00044454C54413A723D252E33666D6D2C689F
:10D4E0003D252E33666D6D2C6B3D252E33666D6D9F
:10D4F0002C733D252E33666D6D0D0A004878002093
:10D5000053434152413A4C613D252E33666D6D2C9B
:10D510004C623D252E33666D6D0D0A0010B51D4C15
:10D520008AB01DA094ED560B8DED080B94ED460BC3
:10D530008DED060B94ED360B8DED040B94ED260B63
:10D540008DED020B94ED160B8DED000B94ED060B9B
:10D5500053EC102BF5F7B2FF94ED540B19A08DEDA1
:10D56000080B94ED440B8DED060B94ED340B8DED13
:10D57000040B94ED240B8DED020B94ED140B8DED4B
:10D58000000B94ED040B53EC102BF5F797FF0AB04A
:10D5900010BD0000487000206A6F696E745F6D698D
:10D5A0006E3D252E33662C252E33662C252E3366B4
:10D5B0002C252E33662C252E33662C252E33660D16
:10D5C0000A0000006A6F696E745F6D61783D252EF8
:10D5D00033662C252E33662C252E33662C252E33D0
:10D5E000662C252E33662C252E33660D0A0000008E
:10D5F0000020401CC0B20C28FBD370472DE9F04F2F
:10D6000025488BB04069D3F79DF8064622480F465F
:10D610000069D3F797F804461F480D46C068D3F752
:10D6200091F8CDE900011C488068D3F78BF8824659
:10D6300019488B464068D3F785F8804616488946D6
:10D640000068D3F77FF841EC100B06A853EC102BC1
:10D6500080E8F000DDE90001CDE904018DE8000F6C
:10D660000EA0F5F72BFF174800F10C010EC98DE84D
:10D670000E0090E80E0014A0F5F720FF184800F106
:10D680000C010EC98DE80E0090E80E0015A0F5F70C
:10D6900015FF0BB0BDE8F08F700100206765617267
:10D6A0003D252E33662C252E33662C252E33662CF5
:10D6B000252E33662C252E33662C252E33660D0A37
:10D6C00000000000E00200207370723D25642C25EC
:10D6D000642C25642C25642C25642C25640D0A00FB
:10D6E000880100206D6F746F725F6469723D2564FC
:10D6F0002C25642C25642C25642C25642C25640D94
:10D700000A0000007047000000B51B4897B090ED7C
:10D710009A0B8DED140B90ED980B8DED120B90ED97
:10D72000960B8DED100B90ED940B8DED0E0B90ED97
:10D73000920B8DED0C0B90ED900B8DED0A0B90ED97
:10D74000A60B8DED080B90EDA40B8DED060B90ED67
:10D75000A20B8DED040B90EDA00B8DED020B90ED67
:10D760009E0B8DED000B90ED9C0B044853EC102BA1
:10D77000F5F7A4FE17B000BD488C0020D4030308C1
:10D7800030B58BB00024174D25E000BF1648C4EB20
:10D79000C40100EB011000F54060214690ED400B04
:10D7A0008DED080B90ED3E0B8DED060B90ED3C0BD7
:10D7B0008DED040B90ED3A0B8DED020B90ED380BD7
:10D7C0008DED000B90ED360B08A053EC102BF5F708
:10D7D00075FE641CE4B22878401C8442D6D30BB09A
:10D7E00030BD00002001002048700020506F696E9D
:10D7F000745B25645D3D25662C25662C25662C25ED
:10D80000662C25662C25660D0A0000002DE9FF41D7
:10D81000DFF83880D8F80800D2F794FF06460F46A4
:10D82000D8F80400D2F78EFF04460D46D8F8000061
:10D83000D2F788FF8DE8F00041EC100B04A053EC08
:10D84000102BF5F73BFEBDE8FF810000E46D0020E2
:10D850006D6178206D6F746F7220737064287270C0
:10D860006D293A25662C25662C25660D0A000000D8
:10D8700070B5074D002400BF55F82420214605A0AF
:10D88000F5F71CFE641CE4B21E2CF5D370BD00003D
:10D89000406F00207469636B5B25645D3D25640DFA
:10D8A0000A00000070B5074D002400BF55F8242081
:10D8B000214605A0F5F702FE641CE4B21E2CF5D348
:10D8C00070BD0000B86F00207469636B315B256424
:10D8D0005D3D25640D0A000010B50020401CC0B25B
:10D8E0001E28FBD3094803680948026809480168F3
:10D8F00009A0F5F7E3FD0E4803680E4802680E48DC
:10D900000168BDE810400DA0F5F7D8BD5401002016
:10D910005801002048010020657865635F636E74DC
:10D920005F6D61783D25642C25642C25640D0A000B
:10D9300064010020680100206800002065636174B4
:10D940005F636E745F6D61783D25642C25642C25C2
:10D95000640D0A0010B518481A4C2DED028B0078A2
:10D960009FED168B012801D017A01FE0A068D2F709
:10D9700093FE53EC182BD2F7AEFD41EC100BF6F7EB
:10D98000FFFB9FED191B51EC100B53EC112BD2F741
:10D99000EDFE0AD8A06840B1D2F77EFE53EC182BFA
:10D9A000D2F799FD124AC2E9660112A0BDEC028BC2
:10D9B000BDE81040F5F782BD150100207B14AE478D
:10D9C000E17A843F94960020657865635F53303137
:10D9D000206E6F7420696E207374616E6473746955
:10D9E0006C6C0D0A00000000000000000030914047
:10D9F00048700020657865635F5330310D0A000080
:10DA000010B518481A4C2DED028B00789FED168B3F
:10DA1000012801D017A01FE0A068D2F73DFE53EC0B
:10DA2000182BD2F758FD41EC100BF6F7A9FB9FED30
:10DA3000191B51EC100B53EC112BD2F797FE0AD89F
:10DA4000A06840B1D2F728FE53EC182BD2F743FD63
:10DA5000124AC2E9660112A0BDEC028BBDE810407B
:10DA6000F5F72CBD150100207B14AE47E17A843F09
:10DA700094960020657865635F533032206E6F7432
:10DA800020696E207374616E647374696C6C0D0A26
:10DA900000000000000000000030914048700020AD
:10DAA000657865635F5330320D0A000010B5184881
:10DAB0001A4C2DED028B00789FED168B012801D0BA
:10DAC00017A01FE0A068D2F7E7FD53EC182BD2F7A0
:10DAD00002FD41EC100BF6F753FB9FED191B51ECC7
:10DAE000100B53EC112BD2F741FE0AD8A06840B1BD
:10DAF000D2F7D2FD53EC182BD2F7EDFC124AC2E953
:10DB0000640112A0BDEC028BBDE81040F5F7D6BC55
:10DB1000150100207B14AE47E17A843F94960020E3
:10DB2000657865635F533033206E6F7420696E20B3
:10DB30007374616E647374696C6C0D0A000000008C
:10DB40000000000000309140487000206578656357
:10DB50005F5330330D0A000010B501F06DFABDE8D7
:10DB6000104001A0F5F7AABC657865635F533034B7
:10DB700020656E74657220435350206D6F64650D8F
:10DB80000A00000010B50748DFF794F80648074977
:10DB90008068012800DD08700978BDE8104004A005
:10DBA000F5F78CBCF4010010949600201A010020B7
:10DBB000657865635F53303520636C6561722071F1
:10DBC0007565756520636E743D25640D0A0000005F
:10DBD0007047000000B58DB034216846D2F73AFB9B
:10DBE000084901200870084809A100793038C2B2FC
:10DBF000064802706846F5F771FC6846F2F76CFE5D
:10DC00000DB000BD28010020D46C002029010020A7
:10DC1000657865635F53303720696E69742065638A
:10DC200061742073696D5F6D6F64653D25640D0AD5
:10DC30000000000010B50C4A0C4900204FF400030E
:10DC4000B2EE040A42F8203001EB8004401CC0B25E
:10DC500084ED000A0628F5D3D6F704F9BDE8104094
:10DC600003A0F5F72BBC0000E002002070010020AB
:10DC7000657865635F5330380D0A00000448017809
:10DC800021B10021017003A0F5F718BC0121F9E7CB
:10DC900038010020657865635F53303920636D6417
:10DCA0005F627566665F6D6F6465203D2025640D5B
:10DCB0000A0000000F490020087010490E480B6848
:10DCC0000268C3F802204B684268C3F802208B68E0
:10DCD0008268C3F80220CB68C268C3F802200B69CF
:10DCE0000269C3F8022049694069C1F8020004A032
:10DCF000F5F7E4BB390100209C6D002064960020FC
:10DD0000657865635F5331300D0A000002490120D8
:10DD1000087002A0F5F7D2BB390100206578656371
:10DD20005F5331310D0A000001A0F5F7C7BB0000B9
:10DD3000657865635F5331320D0A00000E48016853
:10DD4000D1F802200D490A604268D2F802204A60E8
:10DD50008268D2F802208A60C268D2F80220CA60C3
:10DD60000269D2F802200A614069D0F802004861D5
:10DD700003A0F5F7A3BB00007C96002030700020C4
:10DD8000657865635F5331330D0A0000154910B59E
:10DD9000154891ED000B80ED9C0B91ED021B80ED81
:10DDA0009E1B91ED042B80EDA02B91ED063B80EDA9
:10DDB000A23B91ED084B80EDA44B91ED0A5B012154
:10DDC00080EDA65B094880EC0C0B0948E2F76EFF7A
:10DDD00001210748E2F76AFFBDE8104005A0F5F70A
:10DDE0006DBB0000D8B60020488C0020E88E0010E3
:10DDF00048700020657865635F5331340D0A000078
:10DE000070B58EB034216846D2F724FA2249012039
:10DE1000234D08702148234C4FF003060079303819
:10DE200010F0FF00287006D0012808D002280AD080
:10DE3000032820D023E001F0A1FC26701FE001F0B0
:10DE40002DFE04201AE001F059FD19489FED160B34
:10DE5000267080ED000B19489FED160B80ED000B2E
:10DE600019489FED170B80ED000B1A489FED170B1B
:10DE700080ED000B03E001F0ADFB0620207016489A
:10DE8000297850F8212015A16846F5F727FB684648
:10DE9000F2F722FD0EB070BD2A010020D46C0020E4
:10DEA00060030020000100200000000000E060404E
:10DEB000B80300200000000000607540C00300208F
:10DEC0000000000000888940C80300200000000016
:10DED00000004D40D0030020C0020020657865633B
:10DEE0005F53313520726F626F5F74797065203DCA
:10DEF0002025730D0A0000002DE9F041284D9FED0B
:10DF0000260B2A4E2C4FDFF8BC802F4C2DED028BB8
:10DF100085ED000B9FED230B9FED2C8B86ED000B09
:10DF20009FED230B87ED000B9FED240B88ED000B7D
:10DF3000A068002807DDD2F7AFFB53EC182BD2F70F
:10DF4000CAFAC5E90001E068002807DDD2F7A4FBA2
:10DF500053EC182BD2F7BFFAC6E90001206900285C
:10DF600007DDD2F799FB53EC182BD2F7B4FAC7E9C7
:10DF700000016069002807DDD2F78EFB53EC182BF7
:10DF8000D2F7A9FAC8E9000112A0BDEC028BBDE8E6
:10DF9000F041F5F793BA00000000000000C05240C5
:10DFA000B80300200000000000C06240C003002051
:10DFB0000000000000F07C40C803002000000000CA
:10DFC00000004E40D0030020949600207B14AE4702
:10DFD000E17A843F657865635F5331360D0A00004E
:10DFE0000849094B002000BF01EB800292680AB18A
:10DFF00043F82020401CC0B20628F5D303A0F5F753
:10E000005DBA000094960020E00200206578656308
:10E010005F5331370D0A00000849094B002000BF4B
:10E0200001EB800292680AB143F82020401CC0B284
:10E030000628F5D303A0F5F741BA00009496002016
:10E0400088010020657865635F5331380D0A000050
:10E0500070B5104D124E00242DED028B9FED0E8BEE
:10E0600005EB84008068002809DDD2F715FB53EC2E
:10E07000182BD2F730FAD2F7A9FB46F82400641C1B
:10E08000E4B2062CECD3BDEC028B06A0BDE87040D8
:10E09000F5F714BA949600207B14AE47E17A843FDA
:10E0A00070010020657865635F5331390D0A000007
:10E0B00010B5D5F7D7FEBDE8104001A0F5F7FEB9C1
:10E0C000657865635F5332300D0A000010B5F021AA
:10E0D0000348D2F7BFF8BDE8104002A0F5F7EEB94B
:10E0E000506E0020657865635F53323120636C6544
:10E0F00061722074696D65207469636B0D0A00009C
:10E1000000B58DB034216846D2F7A4F8084809A1BB
:10E1100082686846F5F7E2F969460848D2F7D8F808
:10E1200007490120488007A0F5F7C8F90DB000BDE8
:10E13000949600205741495420256400547B0020C8
:10E1400048700020657865635F5730310D0A000024
:10E150005348007840287CD2DFE800F09E62646675
:10E16000686A6C6E70727476787A7E808284868833
:10E170008A8C383A3C3E40424446484A4C4E5052C3
:10E180005456585A5C5E608E909294202224262821
:10E190002A2C2EA13032343696989A9CFFF75AB822
:10E1A000FFF782B8FFF744B9FFF75AB9FFF7B6B9DE
:10E1B000FFF724BAFFF7A8BAFFF7E2BAFFF726BBCA
:10E1C000FFF756BBFFF76EBBFFF786BBFFF7C2BB7F
:10E1D000FFF716BCFFF76ABCFFF7BEBCFFF7D2BC67
:10E1E000FFF7F6BCFFF7F6BCFFF724BDFFF746BD0F
:10E1F000FFF760BDFFF78ABDFFF796BDFFF79EBD35
:10E20000FFF7C4BDFFF7FCBDFFF776BEFFF7E8BE22
:10E21000FFF702BFFFF71CBFFFF74ABFFFF756BF6C
:10E22000FDF72ABCFDF7BEBCFDF7E4BDFDF738BF26
:10E23000FDF74EBFFDF77CBFFEF728B8FEF770B9BB
:10E24000FEF72EBBFEF7FCBBFEF79ABCFEF7B0BC98
:10E2500000E021E0FEF7BABCFEF7C6BCFEF7D4BC76
:10E26000FEF7FEBCFEF73ABDFEF75ABDFEF782BED2
:10E27000FEF73EBFFFF744BFFEF7BCBFFDF762BC31
:10E28000FDF78EBCFDF78DBCFDF7A0BBFDF7B0BB65
:10E29000FDF7CABBFDF7DCBB02A0F5F70FB970476D
:10E2A000949600204E6F2076616C696420434D4443
:10E2B0000D0A0000114800782F2812D009DC1C2814
:10E2C00015D0202815D0212815D0242815D1FFF7E6
:10E2D00097BD302807D0332807D034280DD1FFF759
:10E2E00011BAFEF7D5BFFFF7A1B8FFF781B9FFF765
:10E2F00071BCFFF70BBDFFF717BD70479496002068
:10E3000082B0CDE9000121F0004001909DED000BAD
:10E3100002B051EC100B70472DE9FE4F81460020F2
:10E32000009001900290142220213048D5F752FD30
:10E33000074614222021401CD5F74CFD2C4E0446E4
:10E34000EA46B84214D9E51B6A1E791C5046D5F737
:10E350004DFD9DF800002D280CD06D1EE9B26846D9
:10E3600000F00CFFB0600A2200216846D5F748FD96
:10E3700001252AE0AD1EE9B20AF1010000F0FEFE1F
:10E380004042EFE7274614222021601CD5F722FDEA
:10E39000A0EB07080446A8F10102791C6846D5F7EE
:10E3A00025FD9DF800002D2813D0A8F10100C1B271
:10E3B000684600F0E3FE06EB850188600A22002132
:10E3C0006846D5F71DFD6D1CEDB24D45DAD3BDE8AD
:10E3D000FE8FA8F10200C1B20AF1010000F0CEFEEA
:10E3E000014606EB850049428160E7E7D46C0020D6
:10E3F0009496002070B50546074800242A4620213F
:10E40000D5F7E8FC010004F1010401F10100E4B2D8
:10E41000F4D1641EE0B270BDD46C002003490A88B8
:10E420005206FCD5C2B28A8070470000001001403D
:10E4300010B5002821D0114B0022001F196803E0FD
:10E44000814203D80A4649680029F9D152B11368BC
:10E45000841A9C4204D1006818441060104602E0FF
:10E46000506000E0186039B102680B1A934203D182
:10E470000B681A4402604968416010BD9004002096
:10E48000F748F74BF74A007859789B78532801D022
:10E49000732807D1302901D1312B04D0532804D05F
:10E4A000732802D0D7E0162009E0302901D1322BA1
:10E4B00004D0532805D0732803D0CCE01720107067
:10E4C0007047302901D1332B04D0532804D073284E
:10E4D00002D0C0E01820F2E7302901D1342B04D05B
:10E4E000532804D0732802D0B5E01920E7E730297B
:10E4F00001D1352B04D0532804D0732802D0AAE0D0
:10E500001A20DCE7302901D1362B04D0532804D05F
:10E51000732802D09FE01B20D1E7302901D1372B8F
:10E5200004D0532804D0732802D094E01C20C6E7FE
:10E53000302901D1382B04D0532804D0732802D0BD
:10E5400089E01D20BBE7302901D1392B04D05328A5
:10E5500004D0732802D07EE01E20B0E7312901D11B
:10E56000302B04D0532804D0732802D073E01F202E
:10E57000A5E7312901D1312B04D0532804D07328C9
:10E5800002D068E020209AE7312901D1322B04D053
:10E59000532804D0732802D05DE021208FE7312971
:10E5A00001D1332B04D0532804D0732802D052E079
:10E5B000222084E7312901D1342B04D0532804D000
:10E5C000732802D047E0232079E7312901D1352B88
:10E5D00004D0532804D0732802D03CE024206EE7F6
:10E5E000312901D1362B04D0532804D0732802D00E
:10E5F00031E0252063E7312901D1372B04D053289E
:10E6000004D0732802D026E0262058E7312901D112
:10E61000382B04D0532804D0732802D01BE02720C5
:10E620004DE7312901D1392B04D0532804D0732868
:10E6300002D010E0282042E7322901D1302B04D04B
:10E64000532804D0732802D005E0292037E7322967
:10E6500001D1312B04D04D2804D06D2802D0CBE05D
:10E660002A202CE7302901D1312B04D04D2804D0A9
:10E670006D2802D0C0E0022021E7302901D1322BE1
:10E6800004D04D2804D06D2802D0B5E0032016E751
:10E69000302901D1332B04D04D2804D06D2802D06D
:10E6A000AAE004200BE7302901D1342B04D04D28F7
:10E6B00004D06D2802D09FE0052000E7302901D169
:10E6C000352B04D04D2804D06D2802D094E00620CC
:10E6D000F5E6302901D1362B04D04D2804D06D2821
:10E6E00002D089E00720EAE6302901D1372B04D097
:10E6F0004D2804D06D2802D07EE00820DFE63029C6
:10E7000001D1382B04D04D2804D06D2802D073E0FD
:10E710000920D4E6302901D1392B04D04D2804D06A
:10E720006D2802D068E00A20C9E6312901D1302BDA
:10E7300004D04D2804D06D2802D05DE00B20BEE649
:10E74000312901D1312B04D04D2804D06D2802D0BD
:10E7500052E00C20B3E6312901D1322B04D04D28F0
:10E7600004D06D2802D047E00D20A8E6312901D160
:10E77000332B04D04D2804D06D2802D03CE00E206D
:10E780009DE6312901D1342B04D04D2804D06D28C9
:10E7900002D031E00F2092E6312901D1352B04D08F
:10E7A0004D2804D06D2802D026E0102087E63129BC
:10E7B00001D1362B04D04D2804D06D2802D01BE0A7
:10E7C00011207CE6312901D1372B04D04D2804D00B
:10E7D0006D2802D010E0122071E6312901D1382BCA
:10E7E00004D04D2804D06D2802D005E0132066E641
:10E7F000312901D1392B04D0572804D0772802D0F1
:10E8000005E014205BE6302901D1312B04D05028DB
:10E8100004D0702802D005E0152050E6302901D13F
:10E82000312B04D0492804D0692802D020E02B20C5
:10E8300045E6302901D1312B04D0492804D069287C
:10E8400002D015E02C203AE6302901D1322B04D039
:10E85000492809D0692807D00AE02D202FE60000BA
:10E86000D46C002094960020302901D1332B04D0A1
:10E87000512804D0712802D089E02E201FE63029CB
:10E8800001D1312B04D0512804D0712802D07EE070
:10E890002F2014E6302901D1322B04D0512804D086
:10E8A000712802D073E0302009E6302901D1332BE2
:10E8B00004D0512804D0712802D068E03120FEE550
:10E8C000302901D1342B04D0512804D0712802D032
:10E8D0005DE03220F3E5302901D1352B04D05128F9
:10E8E00004D0712802D052E03320E8E5302901D16C
:10E8F000362B04D0512804D0712802D047E03420B0
:10E90000DDE5302901D1372B04D0512804D07128FE
:10E9100002D03CE03520D2E5302901D1382B04D09B
:10E92000512804D0712802D031E03620C7E53029C3
:10E9300001D1392B04D0512804D0712802D026E00F
:10E940003720BCE5312901D1302B04D0512804D027
:10E95000712802D01BE03820B1E5312901D1312BDB
:10E9600004D0512804D0712802D010E03920A6E547
:10E97000312901D1322B04D0512804D0712802D082
:10E9800005E03A209BE5312901D1332B04D04528FD
:10E9900004D0652802D026E03B2090E5302901D143
:10E9A000312B04D0452804D0652802D01BE03C2040
:10E9B00085E5302901D1322B04D0452804D06528C3
:10E9C00002D010E03D207AE5302901D1332B04D06C
:10E9D000452804D0652802D005E03E206FE53029A7
:10E9E00001D1342B04D0482804D0682802D005E097
:10E9F0003F2064E5302901D1312B01D000205EE5B4
:10EA000001205CE570B58AB0064624216846D1F73E
:10EA100021FC2448244C0568009594ED900B51ECA2
:10EA2000100BD1F7D3FE019094ED920B51EC100B2B
:10EA3000D1F7CCFE029094ED940B51EC100BD1F772
:10EA4000C5FE039094ED9C0B51EC100BD1F7BEFE6C
:10EA5000049094ED9E0B51EC100BD1F7B7FE05908E
:10EA600094EDA00B51EC100BD1F7B0FE069094ED95
:10EA7000A20B51EC100BD1F7A9FE079094ED8E0B71
:10EA800051EC100BD1F7A2FE0890B5FBF6F006FB97
:10EA90001050002803D169460448DEF7F1F80AB0A7
:10EAA00070BD00002C010020488C0020F4010010F3
:10EAB000D5F7E2FAD5F7ABF9FCE70000F0B50B307B
:10EAC000154D20F007010024144A0FE003688B4223
:10EAD0000BD38B4205D95E1A43184768C3E9006718
:10EAE00000E04368136002C004E0021D10680028C3
:10EAF000ECD12046002802D1286808B10020F0BDE2
:10EB0000064A07481060074A121A22F00702C0E9B5
:10EB1000002401202860D7E79404002090040020FE
:10EB200084B9002080BB00202DE9F05F654C4FF0D8
:10EB30008008012684F800800020667002222146A9
:10EB4000D5F7F2FC4FF47A70F7F742FE23272770CF
:10EB5000002565701420A070E67026714FF0020940
:10EB600084F80590A57184F807800822214640F2B8
:10EB70000160D5F7D9FC4FF47A70F7F729FE4FF012
:10EB80002F0B84F800B065701420A07084F80390F7
:10EB9000FE2020716571A571E5710822214640F2C1
:10EBA0000160D5F7C1FC4FF47A70F7F711FE84F8D5
:10EBB00000B065704FF0160884F80280E57025718A
:10EBC0006571A571E5710822214640F20160D5F713
:10EBD000ABFC4FF47A70F7F7FBFD2770657084F893
:10EBE0000280E6701020207165714020A0714FF006
:10EBF000600A84F807A00822214640F20160D5F798
:10EC000093FC4FF47A70F7F7E3FD2770657084F892
:10EC10000280082084F803902071657184F806A0B2
:10EC2000024684F807A0214640F20160D5F77CFC3B
:10EC30004FF47A70F7F7CCFD2770657084F8028086
:10EC40000320E0702020207165717A20A07184F883
:10EC500007A00822214640F20160D5F765FC4FF479
:10EC60007A70F7F7B5FD84F800B0657084F802801B
:10EC7000E570032020716571A571E57108222146B8
:10EC800040F20160D5F750FC4FF47A70F7F7A0FD21
:10EC9000277065701420A070E670267184F80590C6
:10ECA000A571E5710822214640F20160D5F73CFCD0
:10ECB0004FF47A70F7F78CFDBDE8F05F02A0F4F72F
:10ECC000FDBB00000A0000206D6F746F725F696EFB
:10ECD00069745F5250444F5F6373705F6173796E04
:10ECE00063204F4B0D0A00002DE9F05F6E4C4FF092
:10ECF0002308002584F8008065701827A770012676
:10ED0000E670812020716671A5718020E071082273
:10ED1000214640F20160D5F707FC4FF47A70F7F70F
:10ED200057FD4FF02F0A84F800A06570A7704FF0D0
:10ED3000020B84F803B0FE2020716571A571E571A6
:10ED40000822214640F20160D5F7EEFB4FF47A70BD
:10ED5000F7F73EFD4FF02B0984F800906570A7701F
:10ED60000320E07025716571A571E57108222146C7
:10ED700040F20160D5F7D8FB4FF47A70F7F728FD21
:10ED800084F800906570A7700520E0706420207101
:10ED90006571A571E5710822214640F20160D5F741
:10EDA000C3FB4FF47A70F7F713FD84F800A0657089
:10EDB0004FF01A0984F80290E57025716571A5710C
:10EDC000E5710822214640F20160D5F7ADFB4FF412
:10EDD0007A70F7F7FDFC84F80080657084F8029083
:10EDE000E6701020207165714120A0716020E071F3
:10EDF0000822214640F20160D5F796FB4FF47A7065
:10EE0000F7F7E6FC84F80080657084F8029084F8D7
:10EE100003B02020207165716420A0716020E07132
:10EE20000822214640F20160D5F77EFB4FF47A704C
:10EE3000F7F7CEFC84F800A0657084F80290E570C6
:10EE400084F804B06571A571E5710822214640F28D
:10EE50000160D5F769FB4FF47A70F7F7B9FC84F8D5
:10EE600000806570A770E670812020716671A571C1
:10EE7000E5710822214640F20160D5F755FB4FF4B9
:10EE80007A70F7F7A5FC26706670022221462846A4
:10EE9000D5F74AFB4FF47A70F7F79AFCBDE8F05FBC
:10EEA00002A0F4F70BBB00000A0000206D6F746F26
:10EEB000725F696E69745F5450444F5F6373705F33
:10EEC0006173796E63204F4B0D0A00002DE9F04706
:10EED000584C2F20602620706670A6700025E570C3
:10EEE00001202071657140F2016AA571E571082267
:10EEF00021465046D5F718FB4FF47A794846F7F784
:10EF000067FC232727707A206070A670E570257152
:10EF10006571A571E571082221465046D5F704FBBD
:10EF20004846F7F755FC277081206070A670E570A1
:10EF3000E820207103206071A571E5710822214647
:10EF40005046D5F7F1FA4846F7F742FC2770832080
:10EF50006070A670E5704FF0640884F804806571F5
:10EF6000A571E571082221465046D5F7DDFA4846DD
:10EF7000F7F72EFC277084206070A670E57084F887
:10EF800004806571A571E571082221465046D5F7C8
:10EF9000CBFA4846F7F71CFC2B2727704FF04008A8
:10EFA00084F80180A670E570062020716571A57156
:10EFB000E571082221465046D5F7B6FA4846F7F7DC
:10EFC00007FC277084F80180A670E5700720207187
:10EFD0006571A571E571082221465046D5F7A4FA5E
:10EFE0004846F7F7F5FB277084F80180A670E570B6
:10EFF0000F2020716571A571E571082221465046E8
:10F00000D5F792FA4846F7F7E3FB277084F80180BA
:10F01000A670E5701F2020716571A571E571082249
:10F0200021465046D5F780FA4846BDE8F047F7F745
:10F03000CFBB00000A0000202DE9F041254C00253F
:10F04000082625706570A670E570257140F20128CC
:10F050006571A571072221464046D5F765FA4FF440
:10F060007A773846F7F7B4FB062020706570A670F3
:10F07000E57025716571A571072221464046D5F7D7
:10F0800053FA3846F7F7A4FB072020706570A67086
:10F09000E570257165710246A57121464046D5F798
:10F0A00043FA3846F7F794FB0F2020706570A6707E
:10F0B000E57025716571A571072221464046D5F797
:10F0C00033FA3846F7F784FBBDE8F04102A0F4F7C5
:10F0D000F5B900000A0000206D6F746F725F7365F0
:10F0E0006E645F70646F5F656E61626C65204F4B2C
:10F0F0000D0A00000E4910B523220A7006224A703C
:10F1000010228A700022CA70E8230B7103234B710E
:10F110008A71CA7140F201600822D5F705FA4FF4EE
:10F120007A70F7F755FBBDE8104002A0F4F7C6B9B6
:10F130000A0000206D6F746F725F7365745F637394
:10F14000705F74696D650D0A0000000030B510E055
:10F1500003460A4602E01478002C0ED013F8014B47
:10F1600012F8015B44F0200445F02005AC42F2D0D7
:10F17000401C0278002AEBD1002030BD30B5034698
:10F18000002002466FF02F0407E09D5C00EB80003A
:10F1900004EB4000521C2844D2B28A42F5D3024903
:10F1A000884200D9002030BD00CA9A3B70B5494D55
:10F1B000494C4FF0000629884FF020000A043ED544
:10F1C000C1F30D02454988544548521CD4F70EFE40
:10F1D000FFF756F920782F282BD0302829D0312856
:10F1E00029D0322827D0332823D0342821D01B28F7
:10F1F00021D01C281DD01D281DD0242819D02C2832
:10F2000019D0202801D0212815D10420FFF784F837
:10F2100020782F280DD030280BD0332809D034285F
:10F2200007D01C2805D0202803D0212801D024286D
:10F2300001D1FFF73FF82E80C821284841E0294D31
:10F2400029880A0445D5C1F30D022749885424486A
:10F25000521CD4F7CBFDFFF713F920782F282BD0C1
:10F26000302829D0312829D0322827D0332823D05C
:10F27000342821D01B2821D01C281DD01D281DD0AA
:10F28000242819D02C2819D0202801D0212802D1D7
:10F290000420FFF741F820782F280DD030280BD01C
:10F2A000332809D0342807D01C2805D0202803D0C3
:10F2B000212801D0242801D1FEF7FCFF2E80C8218F
:10F2C0000948D0F7C7FFBDE8704024210248D0F7B5
:10F2D000C1BF70BDA800002094960020AC6700203C
:10F2E000D46C0020AA000020746800202DE9F041B1
:10F2F0007C4D7D4F4FF0000429884FF020000A0418
:10F3000072D57A4ACEB252FA81F111F8011C202945
:10F3100000D09055C82275497548D4F767FDFFF7AE
:10F32000AFF83878F0B32F2856D0302854D0312891
:10F3300052D0322850D033284ED034284CD03528E3
:10F340004AD0362848D0372846D0382844D03928E3
:10F3500042D03A2840D03B283ED019283CD01F2824
:10F360003AD0202838D0042836D0052834D00628B2
:10F3700032D00C2830D00D282ED00E282CD00F28BB
:10F380002AD0112828D0142826D01D2824D01E28A1
:10F3900022D0222820D023281ED024281CD029287F
:10F3A0001AD000E01AE02A2816D03C2814D03D28B4
:10F3B00012D03E2810D03F280ED03046FFF71AF862
:10F3C000062806D84BA0F4F779F82C80C8214748C6
:10F3D00075E00620FEF7A0FFFEF7BAFEC8222C80DB
:10F3E0000021424878E0FFE7474D29880A0477D595
:10F3F000464ACEB252FA81F111F8011C202900D000
:10F400009055C82241493A48D4F7F0FCFFF738F844
:10F410003978E9B32F2959D0302957D0312955D01F
:10F42000322953D0332951D034294FD035294DD0EA
:10F4300036294BD0372949D0382947D0392945D0EA
:10F440003A2943D03B2941D019293FD01F293DD02B
:10F4500020293BD0042939D0052937D0062935D0B9
:10F460000C2933D00D2931D00E292FD00F292DD0C2
:10F4700011292BD0142929D01D2927D01E2925D0A8
:10F48000222923D0232921D024291FD0292900E093
:10F490001EE01BD02A2919D03C2917D03D2915D0B0
:10F4A0003E2913D03F2911D03046FEF7A3FF06288E
:10F4B00009D810A0F4F702F814482C80C821BDE840
:10F4C000F041D0F7C7BE0620FEF726FFFEF740FE4C
:10F4D000C8220E482C800021BDE8F041D4F790BC32
:10F4E000BDE8F081A800002094960020AC670020C1
:10F4F000D46C0020706172616D73206E756D6265F1
:10F500007220657272000000AA000020746800205A
:10F510000FB42DE9F04F8FB02098D1F713F90646BC
:10F520000F461F98D1F70EF904460D461E98D1F7E5
:10F5300009F9CDE904011D98D1F704F9CDE90201DB
:10F540001C98D1F7FFF8CDE900011B98D1F7FAF824
:10F5500082468B461A98D1F7F5F880468946199865
:10F56000D1F7F0F841EC100B0AA853EC102B80E80F
:10F57000F000DDE90401CDE90801DDE90201CDE992
:10F580000601DDE90001CDE904018DE8000F05A0C9
:10F590001899F3F793FF0FB00020BDE8F00F5DF866
:10F5A00014FB000025642C252E33662C252E336693
:10F5B0002C252E33662C252E33662C252E33662CD7
:10F5C000252E33662C252E33662C252E33660D0A08
:10F5D000000000002DE9F0472DED068B9FED4A8BD2
:10F5E0004B4E062086F808089FED4A0B06F500648E
:10F5F00084ED080B84ED100B9FED480B84ED140B8C
:10F600009FED480B84ED200B9FED489B84ED289BDC
:10F610009FED480B84ED2C0B9FED480B84ED340BD4
:10F620009FED480B002584ED400B9FED48AB53EC5C
:10F63000192B51EC180BD0F74EFF8946804653EC3E
:10F640001A2B51EC180BD0F746FF0F464FEA000378
:10F6500006EB8512184682ED0A8B82ED088B30325C
:10F6600039468BC24046494682E803036D1C062D8D
:10F67000EEDB86ED648BC6E9663786ED6A8BC6E9FC
:10F680006C379FED341B9FED350B86ED061B86ED29
:10F69000040B86ED161B86ED140B86ED261B86EDFE
:10F6A000240B86ED361B86ED340B86ED461B86ED6E
:10F6B000440B86ED561B86ED540B2C489FED290B11
:10F6C00084EDC09B80ED800B80ED820B9FED280BBD
:10F6D0004FF4B47480ED840B0020034642F21075A1
:10F6E0005FF0010206EB001101F5E961401CC1E980
:10F6F00000540A72CB600628F4DB1F48A0F81A2ECB
:10F70000BDEC068BBDE8F08700000000000034402F
:10F710004870002000000000000000000000000011
:10F7200000C875400000000000C0714000000000EB
:10F73000000059400000000000003E4000000000B2
:10F7400000506740000000000060544000000000CE
:10F750000000244000000000008076C0000000008F
:10F76000008076407B14AE47E17A843F488C0020CD
:10F7700000000000008056404880002070B5454CD5
:10F7800000262DED028B04F500659FED430B84F8F8
:10F79000086885ED100B9FED421B314685ED141B6B
:10F7A00085ED1C0B85ED201B9FED3F0B9FED401B56
:10F7B0009FED412B04EB8110491C80ED0A0B80ED7D
:10F7C000080B80ED0E1B80ED0C1B80ED122B80EDE5
:10F7D000102B0429EEDB3A48D0ED008A18EE900A8F
:10F7E000D0F7B0FFB6EE000AE4E9640128EE808AA3
:10F7F00018EE100AD0F7A6FFC4E9020118EE900A2D
:10F80000D0F7A0FFC4E9060118EE100AD0F79AFF5E
:10F810009FED2C1BC4E908019FED2C0B04ED5E1B32
:10F8200004ED600B04ED4E1B04ED500B04ED3E1B8C
:10F8300004ED400B04ED2E1B04ED300B9FED250B6A
:10F84000284885EDC00B9FED250B4FF4B47380ED78
:10F85000800B9FED250B4CF2503580ED820B9FED18
:10F86000240BA4F5C87480ED840B0020012200BF96
:10F8700004EB001101F5E961401CC1E900530A7273
:10F88000CE600428F4DB1C48A0F81A2EBDEC028BD5
:10F8900070BD0000487000200000000000006940BA
:10F8A0000000000000000000000000000088B340DD
:10F8B00000000000006AE8400000000080841E4153
:10F8C0006C0100200000000000F915C100000000DC
:10F8D00000F9154100000000000059407B14AE47BC
:10F8E000E17A843F488C00209A9999999999A93F87
:10F8F0000000000000805640488000202DE9F041C3
:10F900002DED048B9FED508A504F032087F8080897
:10F910009FED4F0B07F5006484ED100B9FED4E0B30
:10F9200084ED140B9FED4E1B002684ED1C1B84ED13
:10F93000200B84ED2C0BB2EE040ADFED4B0A28EE0F
:10F94000009A68EE208A00BF18EE100AD0F7FAFE7F
:10F9500007EB8615C5E90A0118EE100AD0F7F2FE8A
:10F96000C5E9080119EE100AD0F7ECFEC5E90E0151
:10F9700019EE100AD0F7E6FEC5E90C0118EE900A60
:10F98000D0F7E0FEC5E9120118EE900AD0F7DAFED2
:10F99000761CC5E91001042ED6DB18EE100AD0F74C
:10F9A000D1FEE7E9640118EE100AD0F7CBFEC7E9F3
:10F9B000020118EE100AD0F7C5FEC7E9060118EEDD
:10F9C000100AD0F7BFFE9FED291BC7E908019FED84
:10F9D000290B07ED5E1B07ED600B07ED4E1B07EDD6
:10F9E000500B07ED3E1B07ED400B07ED2E1B07EDFF
:10F9F000300B9FED220B254884EDC00B9FED210BB2
:10FA00004FF4B47480ED800B80ED820B9FED200BE2
:10FA100042F2107580ED840B002003460122A7F509
:10FA2000C87700BF07EB001101F5E961401CC1E98F
:10FA300000540A72CB600428F4DB1748A0F81A2E91
:10FA4000BDEC048BBDE8F081000016434870002037
:10FA50000000000000A0694000000000000000005D
:10FA600000000000000069400000C84200000000E3
:10FA70000088B3C0000000000088B3400000000010
:10FA8000000059407B14AE47E17A843F488C002047
:10FA90000000000000805640488000202DE9F04121
:10FAA000574F4FF001082DED048B07F50064F2EE7F
:10FAB0000E9A9FED540B87F8088884ED100B9FED8C
:10FAC000530B84ED140B9FED531B002684ED1C1B80
:10FAD000B0EE081A84ED200B89EE818A84ED2C0BA0
:10FAE000DFED4E0AB2EE040A28EE209A68EE008A94
:10FAF00018EE100AD0F726FE07EB8615C5E90A01B5
:10FB000018EE100AD0F71EFEC5E9080118EE900A9B
:10FB1000D0F718FEC5E90E0118EE900AD0F712FED4
:10FB2000C5E90C0119EE100AD0F70CFEC5E9120167
:10FB300019EE100AD0F706FE761CC5E91001042E56
:10FB4000D6DB19EE900AD0F7FDFDE7E9640119EE66
:10FB5000900AD0F7F7FDC7E9020119EE900AD0F735
:10FB6000F1FDC7E9060119EE900AD0F7EBFD9FED14
:10FB70002C0BC7E9080107ED5E0B9FED2B1B9FEDDA
:10FB80002C0B07ED601B07ED4E0B9FED2B0B9FED34
:10FB90002E2B07ED500B9FED2A0B314807ED3E0B46
:10FBA00007ED400B07ED2E2B07ED300B9FED280BDB
:10FBB000424684EDC00B9FED280B4FF4B47480EDEA
:10FBC000800B9FED280B42F2107580ED820B80EDCB
:10FBD000841B00200346A7F5C87700BF07EB001180
:10FBE00001F5E961401CC1E900540A72CB600428A8
:10FBF000F4DB1E48A0F81A2EBDEC048BBDE8F081A2
:10FC0000487000200000000000A0694000000000D3
:10FC10000000000000000000000069400000C84231
:10FC200000000000008056C0000000000080564028
:10FC300000000000008066C00000000000806640F8
:10FC4000000000000020AC40000000000020ACC01C
:10FC500000000000000059407B14AE47E17A843F69
:10FC6000488C00209A9999999999A93F4880002039
:10FC700000B52DED048B83B041EC190BD0F738FFA4
:10FC800041EC180B18EE100A18EE901A8DED008B4F
:10FC9000002818BF0120084320F00040C0F17F6019
:10FCA00000F1E040C00F14D019EE101A19EE900ABE
:10FCB0008DED009B002918BF0121084320F0004072
:10FCC000C0F17F6000F1E040C00F04BF0120F5F7F4
:10FCD000F3FD51EC180B03B0BDEC048B00BD00002C
:10FCE0002DE9F04700242DED068B07464FF0010863
:10FCF00026469FED378BA146D0F7D5FA30B138466E
:10FD0000D0F7D1FA05469FED349B53E0B0EE480A98
:10FD1000F0EE680ABDEC068BBDE8F087202804D021
:10FD20002D2807D02E280CD00EE06EB9B8F1010FA7
:10FD30003FD009E046B9B8F1010F05D14FF0FF38C7
:10FD400037E0B9F1000F13D0A0F1300ABAF10A0F71
:10FD500033D20126AC420FDA53EC192B51EC180BBD
:10FD6000D0F7B9FB41EC180B5046D0F795FC1AE0E0
:10FD70004FF0010925461CE0281BD0F78DFC41EC13
:10FD8000110BB0EE490AF0EE690AF4F705FA385D96
:10FD9000B0EE40AAF0EE60AA3038D0F77DFC53EC0C
:10FDA0001A2BD0F798FB53EC182BD0F7EDFA41EC57
:10FDB000180B641C385D0028B0D14046D0F76CFCAD
:10FDC00053EC182BD0F787FB41EC100BA2E7000097
:10FDD00000000000000000000000000000002440BF
:10FDE000F0B50646012187B00846DCF787FF012100
:10FDF0001020DCF7B3FF234F072209213846D8F73C
:10FE000080FD07220A213846D8F77BFD4FF4C060F9
:10FE1000049002208DF814008DF8150000248DF850
:10FE2000164001258DF8175004A93846D8F718FD5B
:10FE3000ADF80440ADF80640ADF80840ADF80C4010
:10FE40000C20114CADF80A00009669462046F3F7E5
:10FE500035F901212046F3F7E8F8012240F2255157
:10FE60002046F3F712F925208DF8180003208DF8AD
:10FE700019008DF81A008DF81B5006A8DBF70CFD51
:10FE800007B0F0BD00000240001001400200000079
:10FE90005230ED13454C3531303100000000000088
:10FEA00000000000000000000007280018000010FB
:10FEB00024000100001100002000010001010000E9
:10FEC000560500007150301042616E742D44533558
:10FED0004300000000000000000000000007680070
:10FEE000380000126400010000140000200001002E
:10FEF00001010000888866660793192042616E74CC
:10FF00002D4A4D43000000000000000000000000EA
:10FF10000007E800780000146400010000160000EB
:10FF20002000010001010000FFFFFF0052920000CD
:10FF300042616E742D485352000000000000000022
:10FF4000000000000007E8007800001864000100CD
:10FF5000001C00002000010001010000E10200007F
:10FF6000EDE20B0042616E742D42444844450000AE
:10FF700000000000000000000007B8007800001139
:10FF800064000100001400002000010001010000D5
:10FF9000214300000081000042616E742D444D3306
:10FFA00045353536000000000000000000076800FD
:10FFB000380000126400010000140000200001005D
:10FFC00001010000FFFFFFFF000000000000000033
:10FFD0000000000000000000000000000000000021
:10FFE0000000000000000000000000000000000011
:10FFF0000000000000000000000000000000F03FD2
:020000040803EF
:1000000000000000000000000000000000000000F0
:100010000000000000000000555555555555C53FDE
:100020007D6FEB0312D6D4BF5544880E55C1C93F2E
:100030003B8F68B52882A4BF88B20175E0EF493FC5
:1000400009F7FD0DE13D023F4B2D8A1C273A03C005
:10005000C88A599CE52A004059018D1B6C06E6BFF1
:1000600082922EB1C5B8B33F4FBB610567ACDD3F8F
:10007000182D4454FB21E93F9BF681D20B73EF3FCF
:10008000182D4454FB21F93FE2652F227F2B7A3C47
:10009000075C143326A6813CBDCBF07A8807703C00
:1000A000075C143326A6913CC4EB98999999C9BF73
:1000B000711623FEC671BCBF6D9A74AFF2B0B3BFA8
:1000C0009AFDDE522DDEADBF2F6C6A2C44B4A2BF68
:1000D0000D5555555555D53FFF8300922449C23FD4
:1000E0006E204CC5CD45B73F513DD0A0660DB13F08
:1000F000EB0D76244B7BA93F11DA22E33AAD903F1A
:10010000000000000000E03F000000000000E0BF31
:100110000000E0FE422EE63F0000E0FE422EE6BF79
:10012000763C7935EF39EA3D763C7935EF39EABDF1
:100130003E5555555555C53F93BDBE166CC166BF5E
:100140002CDE25AF6A56113FF16BD2C541BDBBBE57
:10015000D0A4BE726937663E000000000000F03F88
:10016000000000000000F83F000000000000000058
:100170000000004003B8E23F000000000000000063
:1001800006D0CF43EBFD4C3E033333333333E33FF1
:10019000FFAB6FDBB66DDB3F4D268F515555D53F1D
:1001A00001411DA96074D13F65DBC9934A86CD3FEB
:1001B000EF4E454A287ECA3F3E5555555555C53FD9
:1001C00093BDBE166CC166BF2CDE25AF6A56113FCB
:1001D000F16BD2C541BDBBBED0A4BE726937663ECD
:1001E0004C5555555555A53F7751C1166CC156BF55
:1001F0009015CB19A001FA3EAD529C804F7E92BE65
:10020000C4B1B4BD9EEE213ED43888BEE9FAA8BD83
:10021000000000000000000000004054FB21F93FF6
:100220003163621A61B4D03D0000601A61B4D03D00
:100230007370032E8A19A33B0000002E8A19A33B7A
:10024000C14920259A837B3900000000000000008E
:100250006E83F9A22915444ED15727FCC0DD34F531
:10026000999562DB4190433CAB6351FE61C5BBDEB7
:100270003A6E24B7E0D24D42EA2E49061C92D109CB
:100280001CEB1DFE3EA729B1F53582E88444BB2E48
:1002900026709CE9417E5FB439D69139F439538395
:1002A0008B5F849C3B28F9BDFF97F81F0F9805DEF4
:1002B0008B112FEF1F6D0A5ACF7E366DB709CB27F2
:1002C000663F464F2DEA5F9EC7BA27757BF1E5EB87
:1002D000F739073DEA92528AB15FFB6B085D8D1FCB
:1002E000A6F810111111813FD561C119A0012ABFD3
:1002F0007DFEB157E31DC73EEB9C2B8AE6E55ABE57
:100300007CD5CF5A3AD9E53D00404040404040407E
:1003100040404141414141404040404040404040D8
:10032000404040404040404040050202020202027C
:1003300002020202020202020220202020202020CB
:1003400020202002020202020202909090909090DF
:10035000101010101010101010101010101010109D
:100360001010101002020202020288888888888811
:1003700008080808080808080808080808080808FD
:1003800008080808020202024000000009030308EE
:100390004572726F723A20746F6F206D616E7920B2
:1003A000736C61766573206F6E206E6574776F7203
:1003B0006B3A206E756D5F736C617665733D256475
:1003C0002C2045435F4D4158534C4156453D2564D3
:1003D0000A0000005130373A6A6F696E74733D2528
:1003E0002E336620252E336620252E336620252EBB
:1003F000336620252E336620252E336620706174E7
:10040000683D252E336620252E336620252E336643
:1004100020252E336620252E336620252E33660DAB
:100420000A000000726F626F745F737461746520FC
:100430003D2025730D0A73696D5F6D6F6465203D06
:100440002025640D0A7469636B203D2025640D0A24
:1004500070617468203D20252E33662C252E33666E
:100460002C252E33662C252E33662C252E33662C18
:10047000252E33660D0A6A6F696E74203D20252E85
:1004800033662C252E33662C252E33662C252E33F1
:10049000662C252E33662C252E33660D0A000000AF
:1004A0006163745B305D3D25642C6163745B315D19
:1004B0003D25642C6163745B325D3D25640D0A61EA
:1004C00063745F617869733D252E33662C252E3366
:1004D000662C252E33662C252E33662C252E33666E
:1004E0002C252E33660D0A00524F5F49444C4500BF
:1004F000524F5F4D4F564500524F5F4A4F470000E5
:10050000524F5F504F535F4D554C5F52454C00006A
:10051000524F5F5354414E445F5354494C4C00007A
:10052000524F5F4155544F5F53494E00524F5F4504
:1005300052524F5200000000524F5F504F535F53D2
:10054000494E474C455F414253000000524F5F50B7
:100550004F535F4D554C5F4142530000524F5F5027
:100560004F535F494E540000524F5F504F535F53FB
:10057000494E474C455F434152540000524F5F5033
:100580004F535F494E545F4341525400706C656154
:1005900073652073656C65637420746865206D6F86
:1005A000646520533037203120666F722073696D87
:1005B000756C6174696F6E2C533037203020666F14
:1005C000722072756E2077697468206D6F746F7217
:1005D0000D0A00000A536C6176653A25640A204EC4
:1005E000616D653A25730A204F75747075742073B8
:1005F000697A653A202564626974730A20496E70CD
:1006000075742073697A653A202564626974730A87
:100610002053746174653A2025640A2044656C6136
:10062000793A2025645B6E735D0A2048617320442B
:10063000433A2025640A0000534341524100000020
:1006400044454C5441000000434E430041524D008C
:1006500080060308000000209C0400008C0C0008A9
:10066000DC0703089C040020E4F60000A8580208F8
:10067000DC0703080000001090EE0000A8580208F4
:10068000412B01020270091122334455667788120A
:100690002C1420640523206833200713600D3320B9
:1006A0000213B00F1420B01F422013B0211420C435
:1006B000251B201624411A78081AE4101AEE041398
:1006C000F0271420F42B5B206C1C01202D01020369
:1006D00004041506070809AC7A030A183914011333
:1006E0001009E80403081005030819041A4C041A39
:1006F000F8101A20081A68041A38041A7C041A5CC4
:10070000041AF0182A2C28D12B7041040A180692DA
:1007100011054E0AD7233C23C8421AF07809100469
:100720001AFF0132016908690C11141802401A08F5
:10073000041159089A0C04291C69045A04040A1962
:1007400010040A1114043A010213040812401A801A
:10075000651112102A800A1A010B12041A080F1AC6
:10076000201A890E797069846978691809126429D8
:1007700004692829C8A904291C29D859041A086819
:1007800019671A08831B08027819081A408329126E
:100790002A0110490D191819B21A04081E48060337
:1007A0000838041A40041A4C0401120A1502040104
:1007B0006C121923D0071C05FB01A012141AF4BFF8
:1007C0003A090C120F32323A070C3A050C3A250C52
:0C07D0001201320A3A290C01FA00000064
:040000050800018965
:00000001FF
