:020000040800F2
:1000000010430224AD020008F50310083D940008D7
:10001000F10310088D011008F140010800000000F4
:1000200000000000000000000000000019FC0008B3
:10003000A73A000800000000FD031008F10B0108BA
:10004000C7020008C7020008C7020008C70200086C
:10005000C7020008C7020008C7020008C70200085C
:10006000C7020008C7020008C7020008C70200084C
:10007000C7020008C7020008C7020008C70200083C
:10008000C7020008C7020008C7020008C70200082C
:10009000C7020008C7020008C7020008C70200081C
:1000A000C7020008C7020008C7020008C70200080C
:1000B000C7020008C70200089D221208C7020008F4
:1000C000C7020008C7020008C7020008C7020008EC
:1000D000C7020008A1400108C7020008C7020008C3
:1000E000B5011008C702000800000000C7020008A0
:1000F000C7020008C7020008C7020008C7020008BC
:10010000C7020008C7020008910D0108C7020008D5
:10011000C7020008C7020008C7020008C70200089B
:10012000C7020008C7020008C7020008C70200088B
:10013000C702000839560008C7020008C7020008B5
:1001400000000000000000000000000000000000AF
:10015000C7020008C7020008C7020008C70200085B
:10016000C7020008C7020008C7020008C70200084B
:10017000C7020008C7020008C7020008000000000C
:10018000C7020008C7020008C7020008C70200082B
:10019000C7020008C7020008C7020008C70200081B
:1001A000C7020008C7020008C7020008C70200080B
:1001B000C7020008C7020008C7020008C7020008FB
:1001C000C7020008C7020008C7020008C7020008EB
:1001D000C7020008C7020008C7020008C7020008DB
:1001E000C7020008C7020008C7020008C7020008CB
:1001F000C7020008C7020008C7020008C7020008BB
:10020000C7020008C7020008C7020008C7020008AA
:10021000810D0108C7020008C7020008C7020008D4
:10022000C7020008C7020008C7020008000000005B
:10023000C7020008C702000800000000C70200084B
:10024000C7020008C7020008C7020008C70200086A
:10025000C7020008C7020008C7020008C70200085A
:10026000C7020008C7020008C7020008C70200084A
:10027000C7020008C7020008C7020008000000000B
:10028000C702000800000000C702000800000000CC
:1002900000000000C7020008DFF80CD000F05AFB95
:1002A00000480047F90D0208104302240648804721
:1002B00006480047FEE7FEE7FEE7FEE7FEE7FEE74B
:1002C000FEE7FEE7FEE7FEE7ED0C010899020008F5
:1002D0002DE9F05F0546002092469B46884606467B
:1002E000814640241BE0284641464746224600F00E
:1002F000D6F853465A46C01A914110D311461846B3
:10030000224600F0BDF82D1A67EB01084F46224641
:100310000120002100F0B4F817EB00094E41201E27
:10032000A4F10104DFDC484631462A464346BDE8D5
:10033000F09F2DE9F0410024061B254671F10006CF
:1003400005DA01240027D0EB070067EB0101161E38
:1003500073F1000605DA0027D2EB0702012567EBEF
:100360000303FFF7B5FF86460E4617469C46AC4290
:1003700004D00025D0EB050E65EB010624B100206A
:10038000D2EB000760EB030C704631463A466346F9
:10039000BDE8F08140EA01039B0703D009E008C9EA
:1003A000121F08C0042AFAD203E011F8013B00F83A
:1003B000013B521EF9D2704730B505462A460B461E
:1003C00012F8010B13F8014B08B1A042F8D01CB190
:1003D000002802D06D1CF1E7284630BD10B5044658
:1003E00004E00B7800F8013B03B1491C521EF8D21F
:1003F000204610BD10B5002200E0521C835C8C5CCE
:10040000A34201D1002BF8D1D8B2E1B2401A10BDFD
:100410002DE9F04791460F4680460446002614F821
:10042000015B2DB1FFF040FE0068405DC007F6D1D2
:100430002B2D02D02D2D18D0641E4A463946204659
:1004400000F03DF827B13968A14201D1C7F800801A
:1004500071054FF002040BD54042002803DD14F073
:100460003FF80460A007BDE8F08746F48066E4E743
:100470000028F8DA14F034F804606FF00040F2E776
:10048000202A04DB203A00FA02F100207047914054
:10049000C2F1200320FA03F3194390407047202A49
:1004A00004DB203A21FA02F00021704721FA02F31E
:1004B000D040C2F1200291400843194670472DE90F
:1004C000F05F82460078002715468B460AF101044A
:1004D000B946302801D09DB113E014F8010B012773
:1004E000782803D0582801D045B10AE00DB1102D6D
:1004F00007D10027102514F8010B02E0082500E0C1
:100500000A250026B0460EE005FB080005FB06F1B3
:10051000012701EB10461FFA80F8B6F5803F00D3A3
:10052000B94614F8010B294600F038FA0028EBDA36
:10053000BBF1000F05D00FB1641E00E05446CBF8AC
:100540000040B9F1000F06D013F0CAFF022101608C
:10055000C81EBDE8F09F48EA0640FAE72DE9FE4FC5
:10056000804681EA0300C00F0C46009021F0004154
:1005700023F00045B8EB0200A94105D240462146D0
:1005800090461C460B46024623F00040104347D0DD
:10059000270DC7F30A00C3F30A510290401A0190D5
:1005A00040286BDAC3F3130040F4801B0098924696
:1005B00020B10023D2EB030A63EB0B0B01985946E1
:1005C000C0F140025046FFF75BFF06460D4650461D
:1005D0005946019A00F0D0F910EB0800614100245F
:1005E00087EA115284EAE7731A4340D0009A62B353
:1005F000019A012A4FEA075215DC001B61EB020148
:100600004FF0004202EA0752CDE90042001C41F5DA
:10061000801132462B4600F0DEF903B0BDE8F08FC2
:1006200040462146F9E7001B61EB0201001C41F541
:10063000801300185B412018A2F5001747EB030157
:1006400040EAD570B6196D4111E06D084FEA3606E3
:1006500045EAC0754FEA0752001B61EB0201001C1E
:1006600041F5801149084FEA3000001951413246E6
:100670002B4603B0BDE8F04F00F09EB90098012270
:1006800040000023D0EB020263EBE07300982146A8
:100690004FEAE074B8EB000061EB0401E9E783F096
:1006A00000435BE781F0004158E72DE9FE4F81EA06
:1006B000030404F0004421F0004100944FF0000BCB
:1006C00023F0004350EA01045ED052EA03045BD0F9
:1006D000C3F30A54C1F30A552C44A4F2F334019431
:1006E000A0FB0254C1F3130141F48011C3F31303BF
:1006F00043F4801301FB024400FB034E840A970A73
:1007000044EA815447EA8357A4FB076802958D0A9F
:1007100005FB07854FEA932C04FB0C542705029D2B
:100720004FEA065847EA1637B5EB08056EEB070C9B
:10073000870E920E47EA811742EA8312A7FB020155
:10074000B6EB0B0164EB00042B0D43EA0C335E188F
:1007500044EB1C50DA465146E7FB0201C5F3130493
:100760004FEA0B3343EA14534FEA0432019C43EA45
:100770000603A4F10C040294009CCDE900B400F03F
:100780002AF903B0BDE8F08F00200146F9E72DE912
:10079000F04D81EA030404F0004B21F000451446BB
:1007A0004FF0000A23F0004150EA050220D054EA3D
:1007B00001021DD0C5F30A570246C5F31303C1F366
:1007C0001300C1F30A5640F4801543F48013A7EBDD
:1007D0000608101BD64608F2FD3873EB050002D35D
:1007E00008F1010801E092185B41B8F1000F03DA4B
:1007F00000200146BDE8F08D00204FF48011064630
:1008000084460EE0171B73EB050705D3121B63EB41
:10081000050306434CEA010C49084FEA30009218E0
:100820005B4150EA0107EDD152EA030012D082EA9F
:10083000040083EA0501084305D0101BAB4106D232
:100840000122002306E000224FF0004302E06FF097
:10085000010253101AEB06004CEB085110EB0A0092
:1008600041EB0B01BDE8F04D00F0A6B870B521F0EA
:10087000004303430CD0C1F30A550024D5EB040513
:1008800064EB0403D617AD1AB34102DB0020014626
:1008900070BD201841EB025170BD00002DE9F04100
:1008A000054621F000400C46284309D0C4F30A5005
:1008B00040F23341884205DD28462146BDE8F081FB
:1008C0002846FBE740F2FE31884210DC0CDB4FEAA1
:1008D000043040EA155050EA053105D0104804F0C4
:1008E000004101430020E9E700200146E6E7A0F2CD
:1008F00033404642C6F1400228462146FFF7C0FD7C
:1009000007468846284621463246FFF7C8FD43463B
:100910003A4600F051F83246BDE8F041FFF7B0BD6D
:100920000000F03F30B5041E71F1000404DB4FF00D
:100930000044404264EB0101141E73F1000405DB26
:100940001C464FF00043524263EB0403994208BF38
:10095000904230BD064C074D06E0E06840F00103D0
:1009600094E8070098471034AC42F6D3FFF798FCA0
:100970006C2802088C280208202A06DBCB17203AB4
:1009800041FA02F043EAE07306E041FA02F3D04094
:10099000C2F1200291400843194670473A2800D21C
:1009A000303820F02002412A01D3A2F137008842DA
:1009B00001D34FF0FF30704710B5141E73F10004DF
:1009C00008DA401C41F1000192185B411A4301D141
:1009D00020F0010010BD2DE9F04D92469B4611B16B
:1009E000B1FA81F202E0B0FA80F220329046FFF7CD
:1009F00047FD04460F4640EA0A0041EA0B01534610
:100A00005A46084313D0114653EA010019D0C8F1E1
:100A100040025046FFF743FD05460E4650465946F4
:100A20004246FFF72DFD084305D0012004E0204693
:100A30003946BDE8F08D0020054346EAE0762C43B8
:100A400037430A986305E40AA0EB08000022FD0A78
:100A500044EA47540A3002D500200146E9E701057F
:100A600010196941DDE9084500196941BDE8F04DFB
:100A7000A2E7000070B52DED048B05460C46164626
:100A800094ED060B9FED601B20EE010B9FED601BAC
:100A900080EE012BB0EE428BB0EE480B14F010F854
:100AA00095ED001B20EE019B94ED060B9FED561B70
:100AB00020EE010B9FED561B80EE012BB0EE428B1A
:100AC000B0EE480B14F054FE95ED021B01EE009BB6
:100AD00094ED060B9FED4C1B20EE010B9FED4C1B84
:100AE00080EE012BB0EE428BB0EE480B13F0E8FF26
:100AF00094ED001B01EE409B94ED060B9FED421B15
:100B000020EE010B9FED421B80EE012BB0EE428BDD
:100B1000B0EE480B14F02CFE94ED021B01EE409B4E
:100B200086ED009B94ED060B9FED371B20EE010B2D
:100B30009FED371B80EE012BB0EE428BB0EE480BE1
:100B400014F016FE95ED001BB1EE411B20EE019B4B
:100B500094ED060B9FED2C1B20EE010B9FED2C1B43
:100B600080EE012BB0EE428BB0EE480B13F0A8FFE5
:100B700095ED021B01EE009B94ED060B9FED221BF1
:100B800020EE010B9FED221B80EE012BB0EE428B7D
:100B9000B0EE480B14F0ECFD94ED001B01EE009B51
:100BA00094ED060B9FED181B20EE010B9FED181B1B
:100BB00080EE012BB0EE428BB0EE480B13F080FFBD
:100BC00094ED021B01EE409B86ED029B95ED040B1C
:100BD00094ED041B30EE410B86ED040B95ED060BF6
:100BE00094ED061B30EE410B86ED060B96ED061BD1
:100BF000B0EE410B9FED081B0AF076FF86ED060B69
:100C00000020BDEC048B70BD112D4454FB21094024
:100C100000000000008066400000000000000000AE
:100C200070B52DED088BBCB004460D46B0EE409B70
:100C3000B0EE41ABB0EE42BB164695ED0A3BB0EECE
:100C4000432B95ED083BB0EE431B95ED063BB0EE14
:100C5000430B2AA802F040FA94ED0A3BB0EE432B76
:100C600094ED083BB0EE431B94ED063BB0EE430B16
:100C700018A802F031FA9DED2C0BB0EE408B9DEDE3
:100C8000300B8DED2C0B8DED308B9DED2E0BB0EEE2
:100C9000408B9DED360B8DED2E0B8DED368B9DED46
:100CA000340BB0EE408B9DED380B8DED340B8DED9C
:100CB000388B9DED2A0B94ED001B20EE010B9DED72
:100CC0002C1B94ED022B01EE020B9DED2E2B94EDCF
:100CD000043BB0EE401B02EE031B9DED2A0B95ED8D
:100CE000002B20EE020B9DED2C2B95ED023B02EE2E
:100CF000030B9DED2E2B95ED043B02EE030B31EE25
:100D0000400B86ED000B9DED300B94ED001B20EEAB
:100D1000010B9DED321B94ED022B01EE020B9DEDBC
:100D2000342B94ED043BB0EE401B02EE031B9DED13
:100D3000300B95ED002B20EE020B9DED322B95ED47
:100D4000023B02EE030B9DED342B95ED043B02EECE
:100D5000030B31EE400B86ED020B9DED360B94ED4F
:100D6000001B20EE010B9DED381B94ED022B01EED4
:100D7000020B9DED3A2B94ED043BB0EE401B02EECE
:100D8000031B9DED360B95ED002B20EE020B9DED28
:100D9000382B95ED023B02EE030B9DED3A2B95EDC2
:100DA000043B02EE030B31EE400B86ED040B06AA6A
:100DB00018A92AA809F028FE6B4602AA04A9B0EED9
:100DC0004B2BB0EE4A1BB0EE490B06A802F06CFEAE
:100DD0009FED0E1B9DED040B0AF086FE86ED060BC3
:100DE0009FED0A1B9DED020B0AF07EFE86ED080BBF
:100DF0009FED061B9DED000B0AF076FE86ED0A0BBB
:100E000000203CB0BDEC088B70BD0000000000006D
:100E10000000000031B52DED080B2DED0A8B0446C6
:100E20009DED0A1B21EE011B9DED0C2B9DED0C3B56
:100E300002EE031B9DED0E2B9DED0E3B02EE031B00
:100E40009DED102B9DED103B02EE031BB0EE410B10
:100E500014F0E6FCB0EE409B94ED001B21EE011B6C
:100E600094ED022B94ED023B02EE031B94ED042B58
:100E700094ED043B02EE031B94ED062B94ED063B30
:100E800002EE031BB0EE410B14F0CAFCB0EE40AB17
:100E90009DED0A0B94ED001B20EE010B9DED0C1B4C
:100EA00094ED022B01EE020B9DED0E1B94ED042B35
:100EB00001EE020B9DED101B94ED062B01EE020BD3
:100EC000B0EE40BB29EE0A0B8BEE001BB0EE418B5F
:100ED000B7EE000BB4EEC08BF1EE10FA04DDB7EE06
:100EE000000BB0EE408B0AE0BFEE000BB4EEC08BFF
:100EF000F1EE10FA03D2BFEE000BB0EE408BB5EE70
:100F0000C08BF1EE10FA17D294ED000BB1EE400B4E
:100F100084ED000B94ED020BB1EE400B84ED020B5F
:100F200094ED040BB1EE400B84ED040B94ED060B35
:100F3000B1EE400B84ED060BB0EEC80BB0EE40CB2B
:100F400013F0D2FABDEC0A8B09B030BD70B52DEDAF
:100F5000088B04460D4694ED001B21EE011B94ED19
:100F6000022B94ED023B02EE031B94ED042B94ED57
:100F7000043B02EE031B94ED062B94ED063B02EEC0
:100F8000031B94ED082B94ED083B02EE031B94ED3C
:100F90000A2B94ED0A3B02EE031BB0EE410B14F05A
:100FA0003FFCB0EE409B95ED001B21EE011B95ED43
:100FB000022B95ED023B02EE031B95ED042B95ED04
:100FC000043B02EE031B95ED062B95ED063B02EE6E
:100FD000031B95ED082B95ED083B02EE031B95EDE9
:100FE0000A2B95ED0A3B02EE031BB0EE410B14F009
:100FF00017FCB0EE40AB9FED300BB4EEC09BF1EEB2
:1010000010FA06D39FED2C0BB4EEC0ABF1EE10FA44
:1010100004D2BFEE000BBDEC088B70BD94ED000B4D
:1010200095ED001B20EE010B94ED021B95ED022BBC
:1010300001EE020B94ED041B95ED042B01EE020B67
:1010400094ED061B95ED062B01EE020B94ED081BAB
:1010500095ED082B01EE020B94ED0A1B95ED0A2B82
:10106000B0EE40BB01EE02BB29EE0A0B8BEE008B0B
:10107000B7EE000BB4EEC08BF1EE10FA04DDB7EE64
:10108000000BB0EE408B0AE0BFEE000BB4EEC08B5D
:10109000F1EE10FA03D2BFEE000BB0EE408BB0EED3
:1010A000480B13F021FA9FED061B20EE011B9FED6C
:1010B000062B81EE020BAEE7F168E388B5F8E43E5B
:1010C0000000000000806640112D4454FB210940BF
:1010D0002DE9F0412DED108BECB004460D4616467F
:1010E0001F4695ED000B8DED6A0B95ED020B8DED16
:1010F000680B95ED040B8DED660B95ED060B8DEDF4
:10110000640B95ED080B8DED620B95ED0A0B8DEDE3
:10111000600B9DED6A0B9FEDFE1B20EE010B9FED1A
:10112000FE1B80EE012B8DED002B9DED000B13F0CF
:10113000C7FCB0EE409B9DED6A0B9FEDF51B20EECA
:10114000010B9FEDF51B80EE012B8DED002B9DED2E
:10115000000B14F00DFBB0EE40AB9DED680B9FED66
:10116000EC1B20EE010B9FEDEC1B80EE012B8DEDB7
:10117000002B9DED000B13F0A3FC8DED5E0B9DEDA0
:10118000680B9FEDE31B20EE010B9FEDE31B80EE50
:10119000012B8DED002B9DED000B14F0E9FA8DED88
:1011A0005C0B9DED660B9FEDDA1B20EE010B9FEDB6
:1011B000DA1B80EE012B8DED002B9DED000B13F063
:1011C0007FFC8DED5A0B9DED660B9FEDD11B20EE44
:1011D000010B9FEDD11B80EE012B8DED002B9DEDC2
:1011E000000B14F0C5FA8DED580B9DED640B9FEDCF
:1011F000C81B20EE010B9FEDC81B80EE012B8DED6F
:10120000002B9DED000B13F05BFCB0EE40BB9DEDA1
:10121000640B9FEDBF1B20EE010B9FEDBF1B80EE0B
:10122000012B8DED002B9DED000B14F0A1FAB0EE1B
:1012300040DB9DED620B9FEDB61B20EE010B9FED99
:10124000B61B80EE012B8DED002B9DED000B13F0F6
:1012500037FCB0EE40CB9DED620B9FEDAD1B20EE59
:10126000010B9FEDAD1B80EE012B8DED002B9DED55
:10127000000B14F07DFAB0EE408B9DED600B9FEDFE
:10128000A41B20EE010B9FEDA41B80EE012B8DED26
:10129000002B9DED000B13F013FC8DED560B9DED17
:1012A000600B9FED9B1B20EE010B9FED9B1B80EEC7
:1012B000012B8DED002B9DED000B14F059FA8DEDF7
:1012C000540B9DED680B9DED661B30EE010B9FED01
:1012D000901B20EE010B9FED901B80EE012B8DEDFE
:1012E000002B9DED000B13F0EBFBB0EE40FB9DEDF2
:1012F000680B9DED661B30EE010B9FED851B20EE0C
:10130000010B9FED851B80EE012B8DED002B9DEDDC
:10131000000B14F02DFAB0EE40EB94ED0C0B8DEDBC
:10132000520B94ED100B8DED500B94ED1C0B8DEDCD
:101330004E0B94ED240B8DED4C0B94ED280B8DEDA5
:101340004A0B94ED300B8DED480B94ED3C0B8DED7D
:10135000460B94ED000B8DED3A0B94ED020B8DEDE9
:101360003C0B94ED040B8DED3E0B94ED060B8DEDD7
:10137000400B94ED080B8DED420B94ED0A0B8DEDB7
:10138000440B9DED500BB5EEC00BF1EE10FA1FD3E0
:101390009DED4E0BB5EEC00BF1EE10FA18D99DED98
:1013A0004A0BB5EEC00BF1EE10FA11D39DED4C0BCC
:1013B0009DED481B30EE010BB5EEC00BF1EE10FABF
:1013C00006D99DED460BB5EEC00BF1EE10FA06D82E
:1013D00040F2FD306CB0BDEC108BBDE8F0819DEDAE
:1013E0004C0B9DED481B30EE011B9DED460B0CEEAA
:1013F000001B9DED5A0B21EE001B2BEE084B9DEDC3
:10140000463B9DED4A0BB0EE402B04EE432B9DED89
:10141000583BB0EE410B03EE020B8DED2C0B9DED16
:101420004C0B9DED481B30EE011B9DED460B0CEE69
:10143000001B9DED580BB1EE400B21EE002B2BEE67
:10144000084B9DED463B9DED4A0BB0EE401B04EE74
:10145000431B9DED5A3BB0EE420B03EE010B8DEDAD
:101460002A0B9DED521B9DED5E2B9DED2C0B02EE8C
:10147000001B9DED2A0B9DED4E2B30EE023B9DEDAA
:101480005C2BB0EE410B02EE030B8DED280B9DEDB6
:10149000501B9DED5C2B9DED2C0B02EE401B9DED3A
:1014A0002A0B9DED4E2B30EE023B9DED5E2BB0EEF8
:1014B000410B02EE030B8DED260B9DED280B29EE63
:1014C000001B2AEE0D0B20EE082B9DED460B02EEC5
:1014D000401B8DED2E1B9DED280B2AEE001B29EEE7
:1014E0000D0B20EE082B9DED460B02EE001B8DED43
:1014F000301B9DED260B8DED320BB1EE4A0B20EE2D
:101500000B0B29EE0E1B01EE0D0B8DED120B07E000
:10151000112D4454FB21094000000000008066406A
:1015200029EE0F0B20EE080B2CEE0A1B01EE0D0B23
:101530002CEE091B21EE0E1B01EE0B0B8DED100B9B
:1015400029EE0B0B2AEE0E1B01EE0D0B8DED0E0B93
:101550002AEE0F0B20EE080B29EE0D1B01EE4C0BB3
:101560002CEE0A1B21EE0E1B01EE0B0B8DED0C0B6E
:101570002FEE0D0B8DED0A0BB1EE4E0B20EE080B8E
:101580002FEE0B1B01EE0C0B8DED080B29EE0F0B54
:1015900020EE0C0B2AEE0D1B01EE480B29EE0E1B64
:1015A00021EE0B1B01EE480B8DED140B9DED561B30
:1015B0009DED120B21EE002B9DED541B9DED100BAC
:1015C00001EE002B8DED162B9DED540BB1EE401B63
:1015D0009DED120B21EE002B9DED561B9DED100B8A
:1015E00001EE002B8DED182B2AEE0F0B20EE0C0BCD
:1015F00029EE0D1B01EE080B2AEE0E1B21EE0B1B34
:1016000001EE480B8DED1A0B9DED561B9DED0E0B5B
:1016100021EE002B9DED541B9DED0C0B01EE002BDC
:101620008DED1C2B9DED540BB1EE401B9DED0E0B73
:1016300021EE002B9DED561B9DED0C0B01EE002BBA
:101640008DED1E2BB1EE4E0B20EE0C0B2FEE0B1B77
:1016500001EE480B8DED200B9DED561B9DED0A0B09
:1016600021EE002B9DED541B9DED080B01EE002B90
:101670008DED222B9DED540BB1EE401B9DED0A0B21
:1016800021EE002B9DED561B9DED080B01EE002B6E
:101690008DED242B96ED0A3BB0EE432B96ED083BE7
:1016A000B0EE431B96ED063BB0EE430B02AB04AA33
:1016B00006A914A802F0F8F99DED060B8DED340B88
:1016C0009DED040B8DED360B9DED020B8DED380B72
:1016D00096ED0A3BB0EE432B96ED083BB0EE431B74
:1016E00096ED063BB0EE430B3A463AA92EA80FF012
:1016F00069F94FF0000800BF0DE007EBC80090ED5E
:10170000001BB0EE410B0EF071F907EBC80080ED45
:10171000000B08F10108B8F1060FEEDB002059E6D6
:101720000FB52DED028BADF52D7DAF9890ED000B33
:101730008DEDA00BAF9890ED020B8DEDA20BAF9845
:1017400090ED040B8DEDA40BAF9890ED060B8DED95
:10175000A60BAF9890ED080B8DEDA80BAF9890ED10
:101760000A0B8DEDAA0BB09890ED0A0B8DED040BD2
:1017700090ED080B8DED020B90ED060B8DED000B3F
:1017800094AA9DED042B9DED021B9DED000BA0A9DD
:10179000FFF746FA9DED940B8DED860B9DED960BB4
:1017A0008DED840B9DED980B8DED820B9DED9A0BCD
:1017B0008DED800B9DED9C0B8DED7E0B9DED9E0BBD
:1017C0008DED7C0BAF9890ED0C0B8DED7A0BAF98F7
:1017D00090ED100B8DED780BAF9890ED1C0B8DED0F
:1017E000760BAF9890ED240B8DED740BAF9890EDC8
:1017F000280B8DED720BAF9890ED300B8DED700BCB
:10180000AF9890ED3C0B8DED6E0B00206D90B19874
:1018100090ED040B9FEDFE1BB4EEC10BF1EE10FA40
:1018200004D26D9840F002006D9001E06D986D90CB
:10183000B19890ED080BB5EEC00BF1EE10FA04D2A2
:101840006D9840F008006D9001E06D986D909DEDF1
:10185000780BB5EEC00BF1EE10FA1FD39DED760BB1
:10186000B5EEC00BF1EE10FA18D99DED720BB5EE86
:10187000C00BF1EE10FA11D39DED740B9DED701BB2
:1018800030EE010BB5EEC00BF1EE10FA06D99DED6E
:101890006E0BB5EEC00BF1EE10FA07D840F2FD303A
:1018A0000DF52D7DBDEC028B04B000BD9DED7C2BB4
:1018B0009DED7E1B9DED800B5AA801F00DFC9DED6A
:1018C0005A2B9DED860B9DED6E1B01EE420B8DEDAF
:1018D000880B9DED602B9DED840B9DED6E1B01EE45
:1018E000420B8DED8A0B9DED662B9DED820B9DEDE0
:1018F0006E1B01EE420B8DED8C0B9DED880BB0EE57
:10190000C00B9FEDC51BB4EEC10BF1EE10FA11D266
:101910009DED8A0BB0EEC00B9FEDBF1BB4EEC10B6B
:10192000F1EE10FA06D2B19890ED000BB29880ED6E
:10193000000B18E09DED880B8DED040B9DED8A0BDF
:101940008DED020B9DED041B9DED020B12F0D8FFF7
:101950009FEDB31B20EE010B9FEDB31B80EE012B1F
:10196000B29880ED002BB19890ED000B8DED040B3B
:10197000B29890ED000B8DED020B9DED041B9DEDDB
:10198000020B0AF0D9F8B29880ED000B9DED740BB4
:101990009DED701B30EE010B20EE000B9DED721BD8
:1019A00001EE010B8DED040B9DED040B13F038FFE0
:1019B0008DED580B9DED8C1B9DED780B31EE400BA2
:1019C0008DED560B9DED880B20EE000B9DED8A1BD7
:1019D0009DED8A2B01EE020B8DED040B9DED040BAA
:1019E00013F01EFF8DED540B9DED880B8DED020B5A
:1019F0009DED8A0B8DED000B9DED021B9DED000B07
:101A000012F07EFF9FED861B20EE010B9FED861BE3
:101A100080EE012BB29890ED000B30EE420B8DED75
:101A2000040B9FED831B9DED040B0AF05DF8B0EEF7
:101A3000C00B9FED811BB4EEC10BF1EE10FA05DD7A
:101A40009DED540BB1EE400B8DED540B9DED540B01
:101A50009DED7A1B30EE410B8DED540B9DED540B3B
:101A600020EE000B9DED561B01EE010B8DED040BDE
:101A70009DED040B13F0D4FE8DED520B9DED760B16
:101A80009DED581B30EE010B9FED631B30EE011BEB
:101A90009DED520BB4EEC01BF1EE10FA12D39DED8A
:101AA000760B9DED581B30EE410BB0EEC00B9FED59
:101AB0005A1B30EE411B9DED520BB4EEC01BF1EEF4
:101AC00010FA02DD40F2FE30EAE69DED760B9DED68
:101AD000581B30EE011B9DED520BB4EEC01BF1EE16
:101AE00010FA08D29DED760B9DED581B30EE010BE0
:101AF0008DED520B18E09DED760B9DED581B30EEF1
:101B0000410BB0EEC01B9DED520BB4EEC01BF1EECD
:101B100010FA09DD9DED760B9DED581B30EE410B63
:101B2000B0EEC00B8DED520B9DED541B9DED560B91
:101B300012F0E6FE9FED3A1B20EE011B9FED3A2BC3
:101B400081EE020B8DED500B9DED520B20EE000B44
:101B50009DED761B01EE010B9DED581BB0EE402B69
:101B600001EE412B9DED760BB0EE001B20EE011B2C
:101B70009DED520B21EE001B82EE010B8DED4E0B05
:101B80009DED4E0BB7EE001B00EE401B8DED021BD2
:101B90009DED020B13F044FE8DED040B9DED4E1BED
:101BA0009DED040B12F0ACFE9FED1D1B20EE011B02
:101BB0009FED1D2B81EE020B8DED4C0B9DED760BF9
:101BC00020EE000B9DED581B01EE010B9DED521B0D
:101BD000B0EE402B01EE412B9DED760BB0EE001BDD
:101BE00020EE011B9DED580B21EE001B82EE010B38
:101BF0008DED4A0B9DED4A0BB7EE001B00EE401B2E
:101C00008DED021B9DED020B13F00AFE18E00000A3
:101C100000000000008056C0F168E388B5F8E43E9B
:101C20000000000000806640112D4454FB21094053
:101C3000000000000000000000000000008056408E
:101C40008DED040B9DED4A1B9DED040B12F058FE2B
:101C50001FED0D1B20EE010B1FED0D1B80EE012B68
:101C60001FED110B30EE420B8DED480B6D9800F01F
:101C7000020060B39DED500B1FED111B31EE401BB8
:101C80009DED4C0B31EE000BB29880ED020B9DEDFB
:101C9000740B9DED701B30EE010B8DED040B9DED73
:101CA000721B9DED040B12F02BFE1FED231B20EE8B
:101CB000010B1FED232B80EE021B9DED480BB1EEB7
:101CC000400B30EE410BB29880ED040B29E09DED06
:101CD000500B1FED271B31EE401B9DED4C0B31EEE1
:101CE000400BB29880ED020B9DED740B9DED701BC7
:101CF00030EE010B8DED040B9DED721B9DED040B81
:101D000012F0FEFD1FED3A1B20EE010B1FED3A2BEA
:101D100080EE021B9DED480B30EE410BB29880ED3A
:101D2000040B00204790479014E04799B29800EBCD
:101D3000C10090ED000B8DED040B9DED040B0DF03B
:101D400055FE4799B29800EBC10080ED000B479813
:101D5000401C479047980328E7DBB29890ED020BB0
:101D600090ED041B30EE010B8DED200BB29890ED41
:101D7000000B8DED1E0B9DED1E0B1FED551B20EE78
:101D8000011B1FED592B81EE020B8DED040B9DED18
:101D9000040B12F095FEB0EE408B9DED200B1FED75
:101DA0005E1B20EE011B1FED622B81EE020B8DED01
:101DB000040B9DED040B12F083FE28EE000B8DED5D
:101DC000340B9DED1E0B1FED681B20EE011B1FED5C
:101DD0006C2B81EE020B8DED040B9DED040B13F0CB
:101DE000C7FCB1EE400B8DED360B9DED200B1FEDCA
:101DF000721B20EE011B1FED762B81EE020B8DED89
:101E0000040B9DED040B13F0B3FCB0EE408B9DED85
:101E10001E0B1FED7B1B20EE011B1FED7F2B81EEA8
:101E2000020B8DED040B9DED040B12F049FE28EE24
:101E3000000B8DED380B9DED200B1FED851B20EE6B
:101E4000011B1FED892B81EE020B8DED040B9DED27
:101E5000040B12F035FEB0EE408B9DED1E0B1FED16
:101E60008E1B20EE011B1FED922B81EE020B8DEDE0
:101E7000040B9DED040B13F07BFC28EE000B8DEDA5
:101E80003A0B9DED1E0B1FED981B20EE011B1FED65
:101E90009C2B81EE020B8DED040B9DED040B12F0DB
:101EA0000FFE8DED3C0B9DED200B1FEDA11B20EED9
:101EB000011B1FEDA52B81EE020B8DED040B9DED9B
:101EC000040B13F055FCB0EE408B9DED1E0B1FED87
:101ED000AA1B20EE011B1FEDAE2B81EE020B8DED38
:101EE000040B9DED040B13F043FC28EE000B8DED6D
:101EF0003E0B9DED200B1FEDB41B20EE011B1FEDD3
:101F0000B82B81EE020B8DED040B9DED040B13F04D
:101F10002FFCB1EE400B8DED400B1FEDBB0B8DED9B
:101F2000420B9DED200B1FEDC01B20EE011B1FED92
:101F3000C42B81EE020B8DED040B9DED040B12F012
:101F4000BFFD8DED440B9DED360B8DED1C0B9DED16
:101F50003A0B8DED360B9DED1C0B8DED3A0B9DED87
:101F6000380B8DED1C0B9DED400B8DED380B9DED71
:101F70001C0B8DED400B9DED3E0B8DED1C0B9DED77
:101F8000420B8DED3E0B9DED1C0B8DED420B22AAFD
:101F90005AA934A808F038FDB19890ED060B8DEDE4
:101FA0000A0BB19890ED080B8DED080BB19890EDF0
:101FB0000A0B8DED060B9DED221B9DED222BB7EE3E
:101FC000000B01EE420B8DED020B9DED020B13F0A9
:101FD00027FC8DED040B9DED220B8DED020B9DED8D
:101FE000021B9DED040B12F08BFC1FEDF31B20EE8A
:101FF000010B1FEDF31B80EE012B8DED142B9DEDDE
:10200000221B9DED222BB7EE000B01EE420B8DED56
:10201000020B9DED020B13F003FCB1EE400B8DEDB6
:10202000040B9DED220B8DED020B9DED021B9DED32
:10203000040B12F065FC9FEDFE1B20EE010B9FEDE3
:10204000FE1B80EE012B8DED162B9DED140BB0EEDB
:10205000C00B9FEDFB1BB4EEC10BF1EE10FA68DD77
:102060009DED260B8DED040B9DED240B8DED020BEC
:102070009DED041B9DED020B12F042FC9FEDEC1B4D
:1020800020EE010B9FEDEC1B80EE012B8DED102B54
:102090009DED260BB1EE400B8DED040B9DED240B59
:1020A000B1EE400B8DED020B9DED041B9DED020B7F
:1020B00012F026FC9FEDDE1B20EE010B9FEDDE1BD8
:1020C00080EE012B8DED122B9DED2E0BB1EE400B12
:1020D0008DED040B9DED280B8DED020B9DED041B8A
:1020E0009DED020B12F00CFC9FEDD11B20EE010BBD
:1020F0009FEDD11B80EE012B8DED182B9DED2E0B4E
:102100008DED040B9DED280BB1EE400B8DED020B18
:102110009DED041B9DED020B12F0F2FB9FEDC41B25
:1021200020EE010B9FEDC41B80EE012B8DED1A2BD1
:1021300025E09DED0A0B8DED1A0B8DED180B9DED35
:10214000320B8DED040B9DED2C0BB1EE400B8DEDA4
:10215000020B9DED041B9DED020B12F0D1FB9FEDD8
:10216000B41B20EE010B9FEDB42B80EE021B9DED06
:102170000A0B31EE400B8DED120B8DED100BB1986B
:1021800090ED060B8DED040B9DED180B8DED020B04
:102190009DED041B9DED020B09F0A6FC8DED180BC7
:1021A000B19890ED060B8DED040B9DED1A0B8DEDA6
:1021B000020B9DED041B9DED020B09F095FC8DEDCE
:1021C0001A0BB19890ED0A0B8DED040B9DED100BE1
:1021D0008DED020B9DED041B9DED020B09F084FCBF
:1021E0008DED100BB19890ED0A0B8DED040B9DED6C
:1021F000120B8DED020B9DED041B9DED020B09F002
:1022000073FC8DED120B9DED181B9DED0A0B31EE4D
:10221000400BB0EEC01B9DED142B9DED080B32EE74
:10222000400BB0EEC00B31EE001B9DED102B9DED71
:10223000060B32EE400BB0EEC00B31EE000B8DED15
:102240000C0B9DED1A1B9DED0A0B31EE400BB0EE11
:10225000C01B9DED162B9DED080B32EE400BB0EE32
:10226000C00B31EE001B9DED122B9DED060B32EEE7
:10227000400BB0EEC00B31EE000B8DED0E0B6D98E8
:1022800000F00800D8B39DED140BB5EEC00BF1EED5
:1022900010FA16D29DED160BB5EEC00BF1EE10FA4A
:1022A0000FDB9DED180BB29880ED060B9DED140B26
:1022B000B29880ED080B9DED100BB29880ED0A0BE3
:1022C000ABE09DED160BB5EEC00BF1EE10FA17D298
:1022D0009DED140BB5EEC00BF1EE10FA10DB9DED89
:1022E0001A0BB29880ED060B9DED160BB29880ED9F
:1022F000080B9DED120BB29880ED0A0B8DE028E0E3
:102300009DED0C0B9DED0E1BB4EEC10BF1EE10FA22
:102310000FD89DED180BB29880ED060B9DED140BB8
:10232000B29880ED080B9DED100BB29880ED0A0B72
:1023300073E09DED1A0BB29880ED060B9DED160B28
:10234000B29880ED080B9DED120BB29880ED0A0B50
:1023500063E09DED140BB5EEC00BF1EE10FA16DB49
:102360009DED160BB5EEC00BF1EE10FA0FD29DED00
:10237000180BB29880ED060B9DED140BB29880ED12
:10238000080B9DED100BB29880ED0A0B45E09DED1A
:10239000160BB5EEC00BF1EE10FA16DB9DED140B2B
:1023A000B5EEC00BF1EE10FA0FD29DED1A0BB298FC
:1023B00080ED060B9DED160BB29880ED080B9DEDA0
:1023C000120BB29880ED0A0B27E09DED0C0B9DEDF2
:1023D0000E1BB4EEC10BF1EE10FA0FD89DED180BE9
:1023E000B29880ED060B9DED140BB29880ED080BB2
:1023F0009DED100BB29880ED0A0B0EE09DED1A0BCF
:10240000B29880ED060B9DED160BB29880ED080B8F
:102410009DED120BB29880ED0A0BB19890ED060B72
:102420008DED040BB29890ED060B8DED020B0BE0D9
:102430000000000000806640112D4454FB2109403B
:10244000F168E388B5F8E43E9DED041B9DED020BB9
:1024500009F04AFBB29880ED060BB19890ED0A0B9B
:102460008DED040BB29890ED0A0B8DED020B9DEDF6
:10247000041B9DED020B09F037FBB29880ED0A0BAF
:102480000320479014E04799B29800EBC10090ED0B
:10249000000B8DED040B9DED040B0DF0A7FA479991
:1024A000B29800EBC10080ED000B4798401C4790AC
:1024B00047980628E7DB0020FFF7F2B92DE9F04145
:1024C0002DED108BBAB005460E46144696ED000B66
:1024D0008DED380B96ED020B8DED360B96ED040B62
:1024E0008DED340B96ED060B8DED320B96ED080B52
:1024F0008DED300B96ED0A0B8DED2E0B9DED380B0F
:102500009FEDFE1B20EE010B9FEDFE1B80EE012BCD
:102510008DED0A2B9DED0A0B12F0D2FA8DED2C0BEE
:102520009DED380B9FEDF51B20EE010B9FEDF51B8C
:1025300080EE012B8DED0A2B9DED0A0B13F018F99F
:102540008DED2A0B9DED360B9FEDEC1B20EE010B64
:102550009FEDEC1B80EE012B8DED0A2B9DED0A0B00
:1025600012F0AEFAB0EE409B9DED360B9FEDE31BF3
:1025700020EE010B9FEDE31B80EE012B8DED0A2B6E
:102580009DED0A0B13F0F4F8B0EE408B9DED340B8B
:102590009FEDDA1B20EE010B9FEDDA1B80EE012B85
:1025A0008DED0A2B9DED0A0B12F08AFA8DED280BAA
:1025B0009DED340B9FEDD11B20EE010B9FEDD11B48
:1025C00080EE012B8DED0A2B9DED0A0B13F0D0F858
:1025D0008DED260B9DED320B9FEDC81B20EE010B00
:1025E0009FEDC81B80EE012B8DED0A2B9DED0A0B94
:1025F00012F066FA8DED240B9DED320B9FEDBF1BA3
:1026000020EE010B9FEDBF1B80EE012B8DED0A2B01
:102610009DED0A0B13F0ACF88DED220B9DED300B08
:102620009FEDB61B20EE010B9FEDB61B80EE012B3C
:102630008DED0A2B9DED0A0B12F042FA8DED200B69
:102640009DED300B9FEDAD1B20EE010B9FEDAD1B03
:1026500080EE012B8DED0A2B9DED0A0B13F088F80F
:102660008DED1E0B95ED0C0BB0EE40AB95ED100B08
:102670008DED1C0B95ED1C0BB0EE40DB95ED240BA6
:10268000B0EE40EB95ED280BB0EE40FB95ED300B36
:102690008DED1A0B95ED3C0B8DED180B9DED1C0B84
:1026A000B5EEC00BF1EE10FA19D3B5EEC0DBF1EECA
:1026B00010FA14D9B5EEC0FBF1EE10FA0FD39DED70
:1026C0001A0B3EEE000BB5EEC00BF1EE10FA06D978
:1026D0009DED180BB5EEC00BF1EE10FA06D840F2E6
:1026E000FD303AB0BDEC108BBDE8F0819FED870B5B
:1026F00084ED000B9FED850B84ED020B9FED830BAA
:1027000084ED040B9DED2C0B20EE0A0B84ED0C0BDD
:102710009DED2A0B20EE0A0B84ED0E0B9DED1C0B9C
:1027200084ED100BB0EE4A0B08EE0D0B9DED2C1B4B
:1027300020EE010B84ED180BB0EE4A0B08EE0D0BEA
:102740009DED2A1B20EE010B84ED1A0B9DED1C0B59
:1027500009EE0D0B84ED1C0B9DED280B20EE0E1BDE
:102760009DED260B00EE0F1BB0EE41BB9DED260B41
:10277000B1EE400B20EE0E1B9DED280B00EE0F1B63
:1027800031EE0D0BB0EE40CB29EE0B0B08EE0C0B2F
:1027900030EE0A1B9DED2C0B21EE000B84ED240B7B
:1027A00029EE0B0B08EE0C0B30EE0A1B9DED2A0BED
:1027B00021EE000B84ED260B9DED1C0B08EE4B0B60
:1027C00009EE0C0B84ED280B9DED1A0B3EEE001B61
:1027D0009DED280B21EE001B9DED260B00EE0F1B3F
:1027E000B0EE41BB9DED1A0B3EEE001B9DED260B9E
:1027F000B1EE400B21EE001B9DED280B00EE0F1BF0
:1028000031EE0D0BB0EE40CB29EE0B0B08EE0C0BAE
:1028100030EE0A1B9DED2C0B21EE000B84ED300BEE
:1028200029EE0B0B08EE0C0B30EE0A1B9DED2A0B6C
:1028300021EE000B84ED320B9DED1C0B08EE4B0BD3
:1028400009EE0C0B84ED340B9DED1A0B3EEE000BE4
:102850009DED201B9DED182B01EE020B9DED281B1D
:1028600020EE010B9DED241B9DED1E2B21EE023B66
:102870009DED181BB0EE4F2B03EE412B9DED261B5B
:1028800001EE020BB0EE40BB9DED1A0B3EEE000BCD
:102890009DED202B9DED181B02EE010B9DED261BDF
:1028A000B1EE411B20EE011B9DED240B9DED1E2B77
:1028B00020EE023B9DED180BB0EE4F2B03EE402BAC
:1028C0009DED280B00EE021B31EE0D0BB0EE40CB60
:1028D00029EE0B0B08EE0C0B30EE0A1B9DED2C0BBA
:1028E00021EE000B9DED2A1B9DED222B21EE022BEC
:1028F0009DED1E1B22EE012B0CE00000112D445417
:10290000FB2109400000000000806640000000003C
:10291000000000009DED181B02EE410B84ED3C0B06
:1029200029EE0B0B08EE0C0B30EE0A1B9DED2A0B6B
:1029300021EE000B9DED2C1B9DED222B21EE022B99
:102940009DED1E1B22EE012B9DED181B02EE010BCF
:1029500084ED3E0B9DED1C0B08EE4B0B09EE0C0BB2
:1029600084ED400B95ED000B8DED0C0B95ED020BFE
:102970008DED0E0B95ED040B8DED100B95ED060B0B
:102980008DED120B95ED080B8DED140B95ED0A0BEB
:102990008DED160B4FF000082DE000270DE008EB41
:1029A000480004EB001000EBC70090ED000B6846F8
:1029B00000EBC70080ED000B7F1C032FEFDB03272C
:1029C00007E01FED2E0B684600EBC70080ED000B03
:1029D0007F1C062FF5DB08EB480004EB00121FED0F
:1029E000352B1FED361B1FED370B0CA968460DF07C
:1029F000E9FF08F10108B8F1060FCEDB002070E610
:102A000010B507F0EDFE00F0F1F904F086FE0EF0CF
:102A1000F5F84FF4E1201EF0F1FF07F087FB07F017
:102A200007FD03F0E9FC0D48FDF0B6FC07F0C8FF18
:102A300007F0A0FF07F078FF07F04AFF62B608A092
:102A400011F012FD40F201430B4A0A210BA011F0D4
:102A50000BFD184811F008FD10BD0000F40400241F
:102A600042616E745F686172645F73657475702033
:102A7000646F6E650D0A00005D00350177656C635B
:102A80006F6D6520746F2042616E7420483720524C
:102A90006F626F7420636F6E74726F6C3A2076652C
:102AA000723D25642C6264646174653D25642C2547
:102AB000640D0A006C26020810B500244E48006818
:102AC00001282CD14D48007848BB4D480068D0F80B
:102AD00002004C490860084600684B490968401AE2
:102AE0004A49096848434FF4B471484300EE100A5C
:102AF000B8EEC00BB7EE001B20EE011B444890ED72
:102B0000000AB8EEC02B81EE020B424890ED001A8D
:102B1000B7EEC11A80EE012B3F4880ED002B3F48F5
:102B200000780A2867D101213D48FDF069FC3D4845
:102B300090F8CC03142805D13B480068401C3A4962
:102B4000086013E0374890F8CC0338B9364800687D
:102B5000052803D901203149087007E0314890F871
:102B6000CC03FF2802D10C202C490870002434E04B
:102B7000264850F8240000EE100AB8EEC00B294891
:102B8000483000EBC40090ED001B20EE010B9FEDE0
:102B9000272B80EE021B1E4850F8240000EE100A7E
:102BA000B8EEC00B21EE001B1A4800EB840090ED3C
:102BB000000AB7EEC02A144850F8240000EE100AAC
:102BC000B8EEC00B01EE020BBDEEC00B10EE100A0A
:102BD000184941F82400601CC4B2042CC8DB074823
:102BE0000078012807D0002401E0601CC4B212481C
:102BF00000688442F9DB10BD98010024F500002430
:102C0000280600249C900124A8B50124B4010024C6
:102C1000F40100249C010024C0B50124D800002444
:102C2000786D0124A08B0124F8000024000000002E
:102C300000807640FC900124680000242DE9F041DA
:102C40002DED048B98B006460F4690460A259FED61
:102C50001B0BB0EE408B302231466846FDF79AFBE5
:102C6000012422E000EE104AB8EEC01B00EE105A1C
:102C7000B8EEC00B81EE002BB0EE429B43463A46C5
:102C80000CA9B0EE490B304603F03EFA3A460CA9C7
:102C9000684607F03FFD30EE080BB0EE408B302267
:102CA0000CA96846FDF776FB641CAC42DADDB0EE99
:102CB000480B18B0BDEC048BBDE8F08100000000AB
:102CC00000000000F0B52DED068B99B005460E46CC
:102CD00017460A2008EE100A9FED1C0BB0EE409B31
:102CE000302229466846FDF755FB012420E000EE1E
:102CF000104AB8EEC00BB8EEC81B80EE012BB0EE48
:102D000042AB3B4632460CA9B0EE4A0B284603F0D4
:102D1000FBF932460CA9684607F0FCFC30EE090BC3
:102D2000B0EE409B30220CA96846FDF733FB641CD3
:102D300018EE100A00EBD071B4EB610FD7DDB0EEE6
:102D4000490B19B0BDEC068BF0BD0000000000007F
:102D5000000000002DE9F0412DED048B98B0804675
:102D60000E4617460A249FED1F0BB0EE408B3B46E4
:102D700032466946B6EE000B404603F0C5F92046E0
:102D800004EBD07149104D1C22E000EE105AB8EE51
:102D9000C01B00EE104AB8EEC00B81EE002BB0EE67
:102DA000429B3B4632460CA9B0EE490B404603F02D
:102DB000ABF932460CA9684607F0ACFC30EE080BC4
:102DC000B0EE408B30220CA96846FDF7E3FA6D1C8B
:102DD000A542DADDB0EE480B18B0BDEC048BBDE8BF
:102DE000F0810000000000000000000010B50CF0B1
:102DF000AFFE0CF05FFE10BD30B52DED0C8BA3B017
:102E000004460D461CAA04F11801204609F016FDDF
:102E100016AA05F11801284609F010FD1CA91CA8E6
:102E200002F036FBB0EE408B16A916A802F030FB7C
:102E3000B0EE409B9FED620BB4EEC08BF1EE10FA4A
:102E40000ED29FED5F0BB4EEC09BF1EE10FA07D2ED
:102E50002946204607F08EFC23B0BDEC0C8B30BD1C
:102E60009FED570BB4EEC08BF1EE10FA04D2214661
:102E7000284609F07DFCEFE79FED510BB4EEC09BB7
:102E8000F1EE10FA04D22946204609F071FCE3E77E
:102E900016A91CA802F0FCFAB0EE40AB10AA21461D
:102EA000284609F0CBFC1CA910A802F0F1FAB0EEFC
:102EB00040DB16A910A802F0EBFAB0EE40BB28EEFA
:102EC000090BB0EE40CB0AEE4ACB9FED3D0BB4EEC2
:102ED000C0CBF1EE10FA14D29FED3B0B8DED0E0B33
:102EE0008DED0CBBB0EE484BB0EE493BB0EE4B2B3A
:102EF000B0EE4D1BB0EE4A0B0CA90EA800F068F81E
:102F00001DE02BEE0A0B0DEE490B80EE0C1B8DED38
:102F10000E1B2BEE080B0DEE4A0B80EE0C1B8DEDFD
:102F20000C1BB0EE484BB0EE493BB0EE4B2BB0EE75
:102F30004D1BB0EE4A0B0CA90EA800F049F894ED19
:102F4000000B9DED1C1B9DED0E2B02EE010B8DED7C
:102F5000060B94ED020B9DED1E1B9DED0E2B02EE5C
:102F6000010B8DED080B94ED040B9DED201B9DEDE9
:102F70000E2B02EE010B8DED0A0B95ED000B9DED76
:102F8000161B9DED0C2B02EE010B8DED000B95ED4C
:102F9000020B9DED181B9DED0C2B02EE010B8DED30
:102FA000020B95ED040B9DED1A1B9DED0C2B02EE13
:102FB000010B8DED040B694606A807F0DBFB4BE720
:102FC000F168E388B5F8E43E00000000000000006E
:102FD00090ED005BB7EE006BB4EEC65BF1EE10FA5D
:102FE00006DC90ED005BB5EEC05BF1EE10FA21D28D
:102FF00090ED005BB7EE006BB4EEC65BF1EE10FA3D
:1030000003DDB7EE005B80ED005B90ED005BB5EE9D
:10301000C05BF1EE10FA03D29FED2D5B80ED005BFB
:1030200090ED006BB0EE425B06EE005B85EE036B4D
:1030300081ED006B91ED005BB5EEC05BF1EE10FA37
:1030400009DB91ED005BB7EE006BB4EEC65BF1EE11
:1030500010FA00D8704791ED005BB7EE006BB4EE4C
:10306000C65BF1EE10FA03DDB7EE005B81ED005BAD
:1030700091ED005BB5EEC05BF1EE10FA03D29FED6F
:10308000145B81ED005B91ED006BB0EE415B16EEE1
:10309000005B85EE046B80ED006B90ED005BB7EE9E
:1030A000006BB4EEC65BF1EE10FA03DDB7EE005B29
:1030B00080ED005B90ED005BB5EEC05BF1EE10FAC9
:1030C00003D29FED035B80ED005B00BFC2E7000011
:1030D000000000000000000010B52DED0C8B044630
:1030E000B0EE408BB0EE41ABB0EE429B9FEDF20BE9
:1030F00029EE000B9FEDF21B80EE012BB0EE42BBE0
:10310000B0EE4B0B11F0DCFCB0EE40CB9FEDEA0BC8
:103110002AEE000B9FEDEA1B80EE012BB0EE42BBC6
:10312000B0EE4B0B11F0CCFC2CEE000B84ED000B41
:103130009FEDE10B29EE000B9FEDE11B80EE012BD3
:10314000B0EE42BBB0EE4B0B11F0BAFCB0EE40CB90
:103150009FEDD90B2AEE000B9FEDD91B80EE012BC2
:10316000B0EE42BBB0EE4B0B12F002FB2CEE00CBEC
:103170009FEDD10B28EE000B9FEDD11B80EE012BB4
:10318000B0EE42BBB0EE4B0B12F0F2FA2CEE00CBDD
:103190009FEDC90B29EE000B9FEDC91B80EE012BA3
:1031A000B0EE42BBB0EE4B0B12F0E2FAB0EE40DBF9
:1031B0009FEDC10B28EE000B9FEDC11B80EE012B94
:1031C000B0EE42BBB0EE4B0B11F07AFC0DEE40CBF3
:1031D00084ED02CB9FEDB80B29EE000B9FEDB81BE1
:1031E00080EE012BB0EE42BBB0EE4B0B11F068FC51
:1031F000B0EE40CB9FEDB00B2AEE000B9FEDB01B65
:1032000080EE012BB0EE42BBB0EE4B0B12F0B0FAE9
:103210002CEE00CB9FEDA80B28EE000B9FEDA81B1A
:1032200080EE012BB0EE42BBB0EE4B0B11F048FC30
:103230002CEE00CB9FEDA00B29EE000B9FEDA01B09
:1032400080EE012BB0EE42BBB0EE4B0B12F090FAC9
:10325000B0EE40DB9FED980B28EE000B9FED981B26
:1032600080EE012BB0EE42BBB0EE4B0B12F080FAB9
:103270000DEE00CB84ED04CB9FED8F0B29EE000B00
:103280009FED8F1B80EE012BB0EE42BBB0EE4B0BDF
:1032900012F06EFAB0EE40CB9FED870B2AEE000BDA
:1032A0009FED871B80EE012BB0EE42BBB0EE4B0BC7
:1032B00011F006FC2CEE000B84ED060B9FED7E0B4F
:1032C00029EE000B9FED7E1B80EE012BB0EE42BB82
:1032D000B0EE4B0B12F04CFAB0EE40CB9FED760BFC
:1032E0002AEE000B9FED761B80EE012BB0EE42BB69
:1032F000B0EE4B0B12F03CFA2CEE00CB9FED6E0BB8
:1033000028EE000B9FED6E1B80EE012BB0EE42BB52
:10331000B0EE4B0B12F02CFA2CEE00CB9FED660BAF
:1033200029EE000B9FED661B80EE012BB0EE42BB39
:10333000B0EE4B0B11F0C4FBB0EE40DB9FED5E0B2B
:1033400028EE000B9FED5E1B80EE012BB0EE42BB22
:10335000B0EE4B0B11F0B4FB0DEE00CB84ED08CBBF
:103360009FED550B29EE000B9FED551B80EE012BB9
:10337000B0EE42BBB0EE4B0B12F0FAF9B0EE40CB20
:103380009FED4D0B2AEE000B9FED4D1B80EE012BA8
:10339000B0EE42BBB0EE4B0B12F0EAF92CEE00CBD4
:1033A0009FED450B28EE000B9FED451B80EE012B9A
:1033B000B0EE42BBB0EE4B0B11F082FB2CEE00CB1B
:1033C0009FED3D0B29EE000B9FED3D1B80EE012B89
:1033D000B0EE42BBB0EE4B0B11F072FBB0EE40DB37
:1033E0009FED350B28EE000B9FED351B80EE012B7A
:1033F000B0EE42BBB0EE4B0B12F0BAF90DEE40CB83
:1034000084ED0ACB9FED2C0B2AEE000B9FED2C1BBD
:1034100080EE012BB0EE42BBB0EE4B0B12F0A8F9E0
:10342000B1EE400B84ED0C0B9FED230B2AEE000B4D
:103430009FED231B80EE012BB0EE42BBB0EE4B0B99
:1034400011F03EFBB0EE40CB9FED1B0B28EE000BC6
:103450009FED1B1B80EE012BB0EE42BBB0EE4B0B81
:1034600012F086F92CEE000B84ED0E0B9FED120B83
:103470002AEE000B9FED121B80EE012BB0EE42BB3B
:10348000B0EE4B0B11F01CFBB0EE40CB9FED0A0BE6
:1034900028EE000B9FED0A1B80EE012BB0EE42BB25
:1034A000B0EE4B0B11F00CFB2CEE000B84ED100B6F
:1034B0000020BDEC0C8B10BD112D4454FB210940A4
:1034C00000000000008066402DE9F0472DED0A8BDA
:1034D000A0B081460D46B0EE409B16461F46DDE982
:1034E000328AB9F1010F06D0B9F1020F7ED0B9F1DD
:1034F000030F57D157E0B7B905F5806090ED121B67
:1035000081EE090BB7EE001B31EE408B90ED121BE4
:1035100081EE090BB0EE001B80EE012BB7EE000B25
:1035200030EE42AB0BE095EDAC1B81EE090BB0EE3B
:10353000001B80EE018B95EDAC0B80EE09AB0024F7
:103540002EE0B7EE000B30EE480B05EBC40090ED1B
:10355000001B20EE010B05F1F00000EBC40090ED24
:10356000001B08EE010B06EBC40080ED000BB7EE6C
:10357000000B30EE4A0B05EBC40090ED001B20EE73
:10358000010B05F1F00000EBC40090ED001B0AEE0A
:10359000010B06F1300000EBC40080ED000B641C51
:1035A000032CCEDB46E2002F7BD105F5806090ED49
:1035B000121B81EE090BB7EE001B31EE408B00248D
:1035C0003CE028EE090B95ED601B80EE012BB0EE80
:1035D00042BBB0EE4B0B11F073FA95ED601B20EE81
:1035E000010B05F5E47000EBC40000E0CEE090EDC7
:1035F000001B05F5C47000EBC40090ED00CB00EE9D
:1036000001CB28EE090B95ED601B80EE012BB0EE8F
:1036100042BBB0EE4B0B12F0ABF895ED601B20EE09
:10362000010B05F5F07000EBC40090ED001B00EEFF
:1036300001CB06EBC40080ED00CB641C032CC0DB87
:103640001AAA314605F5C47009F0F8F814AA1AA9A7
:1036500005F5D87000F0FAF914A808F0D3FA0024A0
:103660001BE014A800EBC40090ED000B05F5806092
:1036700090ED121B20EE010BB0EE002B80EE021B32
:1036800006EBC40090ED000B31EE000B06F13000AC
:1036900000EBC40080ED000B641C032CE1DB74E044
:1036A000FFE795EDAC0B80EE098B00243CE028EEA3
:1036B000090B95ED601B80EE012BB0EE42BBB0EE26
:1036C0004B0B11F0FDF995ED601B20EE010B05F59C
:1036D000E47000EBC40090ED001B05F5C47000EB36
:1036E000C40090ED00CB00EE01CB28EE090B95ED68
:1036F000601B80EE012BB0EE42BBB0EE4B0B12F024
:1037000037F895ED601B20EE010B05F5F07000EB2E
:10371000C40090ED001B00EE01CB06F1300000EB81
:10372000C40080ED00CB641C032CC0DB1AAA06F198
:10373000300105F5C47009F081F814AA1AA905F53D
:10374000D87000F083F914A808F05CFA002419E09E
:1037500014A800EBC40090ED000B95EDAC1B20EE1F
:10376000011BB0EE002B81EE020B06F1300000EBE6
:10377000C40090ED001B31EE400B06EBC40080ED61
:10378000000B641C032CE3DB00BF53E1002F75D159
:1037900005F5806090ED121B81EE090BB7EE001B62
:1037A00031EE408B00241AE0B7EE000B30EE480BF0
:1037B00005F1300000EBC40090ED001B20EE010B82
:1037C00005F5907000EBC40090ED001B08EE010BB6
:1037D00006F1F00000EBC40080ED000B641C4445D2
:1037E000E2DB05F1F00306F1F002002150460096FD
:1037F0000DF080FD05F5806090ED121BB7EE002BFB
:1038000082EE010BB2EE042B80EE021B31EE080BB0
:10381000B0EE408BB7EE000BB4EEC08BF1EE10FAB9
:1038200003DDB7EE000BB0EE408B002419E0B7EEDD
:10383000000B30EE480B05F1300000EBC40090EDBA
:10384000001B20EE010B05F5907000EBC40090ED1D
:10385000001B08EE010B14A800EBC40080ED000B68
:10386000641C4445E3DB08A805F1F00314AA002119
:10387000009050460DF03EFD002411E036E008A80F
:1038800000EBC40090ED000B06EBC40090ED001BB4
:1038900030EE410B02A800EBC40080ED000B641C6D
:1038A000032CECDB02A808F0ADF900241BE002A811
:1038B00000EBC40090ED000B05F5806090ED121B4D
:1038C00020EE010BB0EE002B80EE021B06EBC400D5
:1038D00090ED000B31EE000B06F1300000EBC40060
:1038E00080ED000B641C032CE1DBA2E095EDAC0B3A
:1038F00080EE098B00241AE0B7EE000B30EE480B87
:1039000005F1300000EBC40090ED001B20EE010B30
:1039100005F5907000EBC40090ED001B08EE010B64
:1039200006F1900000EBC40080ED000B641C4445E0
:10393000E2DB06F130002B4606F1900200210090F8
:1039400050460DF0D7FC95EDAC1BB7EE002B82EE88
:10395000010BB2EE042B80EE021B38EE410BB0EEF1
:10396000408BB5EEC08BF1EE10FA03D29FED350B14
:10397000B0EE408B002419E0B7EE000B30EE480BA0
:1039800005F1300000EBC40090ED001B20EE010BB0
:1039900005F5907000EBC40090ED001B08EE010BE4
:1039A00014A800EBC40080ED000B641C4445E3DB6D
:1039B00008A82B4614AA0021009050460DF09AFC4E
:1039C000002412E008A800EBC40090ED000B06F103
:1039D000300000EBC40090ED001B30EE410B02A85C
:1039E00000EBC40080ED000B641C032CEADB02A892
:1039F00008F008F9002419E002A800EBC40090EDDB
:103A0000000B95EDAC1B20EE011BB0EE002B81EE00
:103A1000020B06F1300000EBC40090ED001B30EE0D
:103A2000010B06EBC40080ED000B641C032CE3DBF0
:103A300000BF00BF00BF002020B0BDEC0A8BBDE876
:103A4000F08700000000000000000000034693ED36
:103A5000020B91ED041B20EE010B93ED041B91ED85
:103A6000022B01EE420B82ED000B93ED040B91ED66
:103A7000001B20EE010B93ED001B91ED042B01EEDA
:103A8000420B82ED020B93ED000B91ED021B20EE39
:103A9000010B93ED021B91ED002B01EE420B82ED29
:103AA000040B002070477047F0B52DED088B91B0E6
:103AB0000446B0EE408BB0EE419BB0EE42AB0E46FA
:103AC00017461D4694ED0C2B94ED0C3BB7EE001BF6
:103AD00002EE431BB0EE410B11F0A2FEB0EE40BB74
:103AE00094ED0C1BB1EE411BB0EE410BB0EE4B1B45
:103AF00010F006FF9FEDED1B20EE010B9FEDED1B7F
:103B000080EE012B8DED082B94ED0C1BB1EE411BCB
:103B1000B0EE410BB1EE4B1B10F0F2FE9FEDE31B3C
:103B200020EE010B9FEDE31B80EE012B8DED0A2BA8
:103B3000B0EECB0B9FEDE11BB4EEC10BF1EE10FA32
:103B400058DD94ED002BB0EE421B94ED062BB0EE49
:103B5000420B10F0D5FE9FEDD51B20EE010B9FED23
:103B6000D51B80EE012B8DED042B94ED002BB1EED7
:103B7000422BB0EE421B94ED062BB1EE422BB0EE81
:103B8000420B10F0BDFE9FEDC91B20EE010B9FED17
:103B9000C91B80EE012B8DED062B94ED102BB0EEA2
:103BA000421B94ED0E2BB0EE420B10F0A9FE9FEDE0
:103BB000BF1B20EE010B9FEDBF1B80EE012B8DED97
:103BC0000C2B94ED102BB1EE422BB0EE421B94ED7A
:103BD0000E2BB1EE422BB0EE420B10F091FE9FED9A
:103BE000B31B20EE010B9FEDB31B80EE012B8DED7F
:103BF0000E2B3DE08DED0E8B8DED0C8B94ED023B8D
:103C000094ED0C2BB1EE422BB5EEC02BF1EE10FA79
:103C100002D24FF0FF3000E0012002EE100AB8EEB1
:103C2000C22B23EE020B94ED081B10F069FE9FEDF2
:103C30009F1B20EE010B9FED9F2B80EE021B94ED4E
:103C40000C0BB1EE400BB5EEC00BF1EE10FA02D248
:103C50004FF0FF3000E0012000EE100AB8EEC02B5C
:103C6000B0EE480B02EE410B8DED060B8DED040B13
:103C70009DED0C1BB0EE410BB0EE481B07F034FF7E
:103C80008DED0C0B9DED0E1BB0EE410BB0EE481B05
:103C900007F02AFF8DED0E0B9DED041BB0EE410BDE
:103CA000B0EE4A1B07F020FF8DED040B9DED061BC7
:103CB000B0EE410BB0EE4A1B07F016FF8DED060B80
:103CC0009DED0C0B30EE480BB0EEC00B9DED081BCC
:103CD00031EE491BB0EEC11B30EE010B9DED041B14
:103CE00031EE4A1BB0EEC11B30EE010B8DED000B27
:103CF0009DED0E0B30EE480BB0EEC00B9DED0A1B98
:103D000031EE491BB0EEC11B30EE010B9DED061BE1
:103D100031EE4A1BB0EEC11B30EE010B8DED020BF4
:103D2000B5EEC09BF1EE10FA58D29DED080BB5EE42
:103D3000C00BF1EE10FA13D29DED0A0BB5EEC00BDD
:103D4000F1EE10FA0CDB9DED0C0B86ED000B9DEDFA
:103D5000080B87ED000B9DED040B85ED000B95E046
:103D60009DED0A0BB5EEC00BF1EE10FA13D29DEDEE
:103D7000080BB5EEC00BF1EE10FA0CDB9DED0E0B4F
:103D800086ED000B9DED0A0B87ED000B9DED060BFC
:103D900085ED000B7AE09DED000B9DED021BB4EE6E
:103DA000C10BF1EE10FA0CD89DED0C0B86ED000B5B
:103DB0009DED080B87ED000B9DED040B85ED000BD1
:103DC00064E09DED0E0B86ED000B9DED0A0B87ED7B
:103DD000000B9DED060B85ED000B57E09DED080BEC
:103DE000B5EEC00BF1EE10FA13DB9DED0A0BB5EE4C
:103DF000C00BF1EE10FA0CD29DED0C0B86ED000B12
:103E00009DED080B87ED000B9DED040B85ED000B80
:103E10003CE09DED0A0BB5EEC00BF1EE10FA13DBA2
:103E20009DED080BB5EEC00BF1EE10FA0CD29DED36
:103E30000E0B86ED000B9DED0A0B87ED000B9DED43
:103E4000060B85ED000B21E09DED000B9DED021BA7
:103E5000B4EEC10BF1EE10FA0CD89DED0C0B86ED13
:103E6000000B9DED080B87ED000B9DED040B85ED20
:103E7000000B0BE09DED0E0B86ED000B9DED0A0B8C
:103E800087ED000B9DED060B85ED000B95ED001BFE
:103E9000B0EE410BB0EE4A1B07F026FE85ED000B9D
:103EA000002011B0BDEC088BF0BD00000000000048
:103EB00000806640112D4454FB210940F168E388DD
:103EC000B5F8E43EF0B52DED108B9DB004460D46DF
:103ED00016461F469FEDFE0BB0EE408B95ED000B96
:103EE000B0EE409B95ED020BB0EE40AB95ED040BB0
:103EF000B0EE40BB95ED060BB0EE40CB9FEDF60B60
:103F0000B0EE40DB9FEDF60BB0EE40EB9FEDF60B15
:103F1000B0EE40FB9FEDF60B8DED1A0B9FEDEC0B19
:103F20008DED180B94ED000B8DED0C0B94ED020B49
:103F30008DED0E0B94ED040B8DED100B94ED0A0B33
:103F40008DED120BB5EEC0DBF1EE10FA17D9B5EE20
:103F5000C0EBF1EE10FA12D9B5EEC0FBF1EE10FA9B
:103F60000DD99DED1A0BB5EEC00BF1EE10FA06D986
:103F70009DED180BB5EEC00BF1EE10FA05D240F234
:103F8000FD301DB0BDEC108BF0BD9FEDDB0BDC48B0
:103F900080ED000B9FEDDB0BDC4880ED000B9FED0F
:103FA000DC0BDD4880ED000B9FEDCB0BDB4880ED9B
:103FB000000B9FEDD41B89EE010B9FEDD91B20EE6A
:103FC000010BD94880ED000B9FEDCE0B8AEE001B54
:103FD0009FEDD30B21EE000BD44880ED000B9FED3D
:103FE000C91B8BEE010B9FEDCE1B20EE010BD048C1
:103FF00080ED000BCC4890ED000B10F061FDCD483A
:1040000080ED000BC94890ED000B10F059FDCA4837
:1040100080ED000BC64890ED000B10F051FDC74835
:1040200080ED000BC04890ED000B11F0A1FBC448DF
:1040300080ED000BBD4890ED000B11F099FBC148DD
:1040400080ED000BBA4890ED000B11F091FBBE48DB
:1040500080ED000BAA4890ED000BAC4890ED001BE2
:10406000B44890ED002B01EE020BB84880ED000B38
:104070009FED970B80ED020BA44890ED000BB1EE85
:10408000400BAF4890ED001B20EE010BAF4880EDD8
:10409000040B9B4890ED000B9C4890ED001BA6483C
:1040A00090ED002B01EE020BBEEE001B20EE010B8B
:1040B000A74880ED000BB0EE080B11F0B1FBB0EE9D
:1040C000002B80EE021B8E4890ED000B8F4890ED88
:1040D000002B994890ED003B02EE030B21EE000B04
:1040E0009B4880ED020B894890ED000BB1EE400B30
:1040F000944890ED001B20EE010B954880ED040BD9
:104100007F4890ED000B814890ED001B8B4890EDAF
:10411000002B01EE020BBEEE001B20EE010B8D48C2
:1041200080ED000BB0EE080B11F07AFBB1EE400B06
:10413000B0EE002B80EE021B714890ED000B73482F
:1041400090ED002B7D4890ED003B02EE030B21EE3D
:10415000000B804880ED020B6C4890ED000BB1EE37
:10416000400B794890ED001B20EE010B794880ED63
:10417000040B634890ED000B644890ED001B6D4804
:1041800090ED002B01EE020B644890ED001B30EE29
:10419000410B714880ED000B9FED4D0B80ED020B44
:1041A0005A4890ED000BB1EE400B654890ED001BB6
:1041B00020EE010B684880ED040B514890ED000B98
:1041C000524890ED001B5C4890ED002B01EE020B75
:1041D000524890ED001B30EE410BBEEE001B20EE6E
:1041E000010B5E4880ED000BB0EE080B11F018FBE0
:1041F000B0EE002B80EE021B414890ED000B4348CF
:1042000090ED002B4C4890ED003B02EE030B434831
:1042100090ED002B30EE420B21EE000B4F4880ED6D
:10422000020B3A4890ED000BB1EE400B454890ED83
:10423000001B20EE010B494880ED040B304890ED47
:10424000000B324890ED001B3C4890ED002B01EE36
:10425000020B324890ED001B30EE410BBEEE001B0E
:1042600020EE010B3E4880ED000BB0EE080B11F084
:10427000D7FAB1EE400BB0EE002B80EE021B2048C7
:1042800090ED000B214890ED002B2C4890ED003B69
:1042900002EE030B214890ED002B30EE420B21EE95
:1042A000000B2F4880ED020B184890ED000BB1EE8B
:1042B000400B254890ED001B20EE010B284880EDB7
:1042C000040B264890ED000B234890ED001B49E0BD
:1042D00000000000000000000000000000004E4050
:1042E0000000000000005940000000000080414034
:1042F0000000000000E075400000000000605F402A
:104300001002002400000000008066401802002413
:1043100000000000009081402002002428020024B8
:10432000112D4454FB21094030020024380200249E
:1043300040020024480200245002002458020024B5
:1043400060020024680200247002002470B7012477
:1043500088B70124A0B70124B8B70124D0B701243D
:10436000E8B7012430EE410BDF4880ED000BDF4859
:1043700090ED020BDE4890ED021B30EE410BDA4867
:1043800080ED020BD94890ED040BD94890ED041B49
:1043900030EE410BD44880ED040BD64890ED000B75
:1043A000D34890ED001B30EE410BD34880ED000B5D
:1043B000D04890ED020BCE4890ED021B30EE410B41
:1043C000CD4880ED020BCB4890ED040BC84890ED32
:1043D000041B30EE410BC84880ED040BC24812F0BC
:1043E00002FAC64880ED000BBF4890ED000BC348B1
:1043F00090ED001B80EE012BC14880ED002BBA48E8
:1044000090ED020BBD4890ED001B80EE012BBC48E7
:1044100080ED022BB44890ED040BB84890ED001BE2
:1044200080EE012BB64880ED042BB3491DF1E7FF68
:10443000B44880ED000BB04890ED000BB04890ED13
:10444000001BB04890ED002B02EE410BAE4880ED12
:10445000000BA94890ED020BA94890ED021BA9485A
:1044600090ED002B02EE410BA74880ED020BA24815
:1044700090ED040BA24890ED041BA24890ED002B98
:1044800002EE410BA04880ED040B12F0ACF99F48FE
:1044900080ED000B984890ED000B994890ED001BC3
:1044A000984890ED002B02EE410B984890ED001BD0
:1044B00080EE012B964880ED002B8F4890ED020B8B
:1044C0008F4890ED021B8F4890ED002B02EE410BC0
:1044D0008E4890ED001B80EE012B8D4880ED022B65
:1044E000854890ED040B864890ED041B854890EDBF
:1044F000002B02EE410B854890ED001B80EE012B56
:10450000834880ED042B834A01467D4812F040F930
:1045100079497F481DF173FF7F4880ED000B774894
:1045200090ED000BB0EE001B80EE012B7B4880ED80
:10453000002B744890ED000B20EE000B764890EDB8
:10454000001B90ED002B01EE020B6E4890ED001B5E
:10455000B0EE002B21EE021B704890ED002B01EE17
:10456000420BB0EE002B80EE021B6B4890ED000B6F
:1045700081EE002B6A4880ED002B6A4890ED000B1D
:1045800020EE000B654890ED001B90ED002B01EE36
:10459000420B634890ED001B90ED002B01EE420BA7
:1045A000B0EE408BB5EEC08BF1EE10FA05D25EA0F6
:1045B0000FF05AFF40F2FE30E3E45A4890ED001B42
:1045C00021EE011B554890ED002B90ED003B02EED3
:1045D000431B534890ED002B90ED003B02EE431B34
:1045E000B0EE410B11F01CF9B1EE400B534880EDD9
:1045F000000B3F4890ED000B414890ED001B4748F1
:1046000090ED002B02EE010B414890ED001B444859
:1046100090ED002B02EE010B3E4890ED001B474849
:1046200090ED002B02EE010B454880ED000B304869
:1046300090ED020B324890ED021B384890ED002BB4
:1046400002EE010B324890ED021B354890ED002B35
:1046500002EE010B2F4890ED021B384890ED002B25
:1046600002EE010B364880ED020B214890ED040B61
:10467000234890ED041B294890ED002B02EE010B1E
:10468000234890ED041B264890ED002B02EE010B11
:10469000204890ED041B294890ED002B02EE010B01
:1046A000274880ED040B90ED040B8DED040B90ED8D
:1046B000000B8DED000B90ED020B8DED020B8DEDDF
:1046C00006CB96ED062BB0EE421B9DED062BB0EE11
:1046D000420B07F009FA8DED060B3A460CA9684625
:1046E0000CF0E4F800204CE400B80124D0B7012419
:1046F000B8B70124E8B7012418B8012478020024CF
:1047000030B801248002002460B80124880200240B
:1047100048B8012478B801249002002498020024AB
:10472000A00200242002002444656C746144697274
:10473000656374206572726F720D0A00A80200240E
:1047400090B80124F0B52DED0C8B99B005460E46BE
:1047500017461C4695ED000B8DED0C0B95ED020BED
:104760008DED0E0B95ED040B8DED100B95ED0A0BF9
:104770008DED120B6A460CA93046FCF77BF99DEDD6
:10478000000BB0EE409B9DED020BB0EE40AB9DEDFB
:10479000040BB0EE40BB9DED060BB0EE40CB9FEDA1
:1047A000FC0BB0EE408B9FEDFC0BFD4880ED000B49
:1047B0009FEDFC0BFD4880ED000B9FEDFD0BFE48CF
:1047C00080ED000B9FEDFD0BFE4880ED000BFE48D9
:1047D00080ED009B80ED02AB80ED04BB90ED000B03
:1047E000B1EE400BB0EE001B80EE01DBB0EE080B2B
:1047F00011F016F8F44890ED021B20EE010BB0EE1C
:10480000001B80EE012B3DEE020BF04880ED000B0B
:10481000B0EE080B11F004F8B1EE400BEA4890ED51
:10482000001B20EE011BB0EE002B81EE020B90ED81
:10483000021BB0EE002B81EE023B30EE430BE3484F
:1048400080ED020BE04890ED040BE04880ED040B96
:10485000DD4890ED000BB1EE400BB0EE001B80EE9A
:1048600001DBB0EE080B10F0DBFFD74890ED021B28
:1048700020EE010BB0EE001B80EE012B3DEE420B53
:10488000D34880ED000BB0EE080B10F0C9FFCE4806
:1048900090ED001B20EE011BB0EE002B81EE020B11
:1048A00090ED021BB0EE002B81EE023B30EE430B8D
:1048B000C74880ED020BC44890ED040BC44880ED5E
:1048C000040BB74890ED000BC24880ED000B9FED44
:1048D000B00B80ED020BBC4890ED000BB94890ED99
:1048E000001B30EE010BBC4880ED000BB64890ED8C
:1048F000040BB94880ED020BA94890ED000BB0EE17
:10490000001B20EE010BB44890ED001BB0EE002B15
:1049100002EE410BB14880ED000BAF4890ED000B6B
:1049200020EE000BA14890ED001B90ED002B01EE56
:10493000020B9B4890ED001B90ED002B01EE420B0B
:104940009D4890ED001B90ED002B01EE420B9E4820
:1049500090ED021B90ED022B01EE020B90ED041B7B
:1049600090ED042B01EE020B9D4880ED000B964864
:1049700090ED040BB1EE001B20EE010B90ED041B3B
:1049800020EE010B954890ED001B90ED002B01EE01
:10499000020B944880ED000B814890ED000BB2EEC5
:1049A000001B20EE010B884890ED041B20EE011B3C
:1049B00090ED042B894890ED000BB0EE003B20EE0B
:1049C000030B874890ED003B20EE030B01EE420BFA
:1049D000854880ED000B7C4890ED040BB1EE001B88
:1049E00020EE010B90ED041B20EE012B6F4890EDA3
:1049F000000B20EE000B6A4890ED001B90ED003B91
:104A000001EE430B764890ED001B21EE011B02EEF8
:104A1000401B764880ED001B734890ED000B20EEA4
:104A2000000B704890ED001BB1EE002B21EE021B35
:104A30006E4890ED002B01EE420BB0EE408BB5EED0
:104A4000C08BF1EE10FA08D269A00FF00DFD40F214
:104A5000FE3019B0BDEC0C8BF0BD634890ED001B2F
:104A600021EE011B5F4890ED002BB1EE003B22EEE2
:104A7000032B5E4890ED003B02EE431BB0EE410B72
:104A800010F0CEFE584890ED001BB1EE411B30EE09
:104A9000011BB0EE002B81EE020B524890ED001B83
:104AA00080EE012B574880ED002B4D4890ED000B18
:104AB0004A4890ED001B534890ED002B01EE020B8D
:104AC000B0EE002B80EE021B3F4890ED040B81EE10
:104AD000002B4D4880ED002B4A4890ED000B3048EC
:104AE00090ED001B30EE410B474890ED001B81EE2E
:104AF000002BB0EE42DBB0EE4D0B0FF001FEB1EE3D
:104B0000400B424880ED000B3E4890ED000B2448DE
:104B100090ED002B30EE420BB0EE401B3A4890ED8A
:104B2000000B0FF0EDFEB1EE400B384880ED000BAE
:104B300090ED000B9FED1B1B20EE010B9FED341B36
:104B400080EE012B344880ED002B204890ED000BC7
:104B50001D4880ED000B1D4890ED020B1A4880EDBA
:104B6000020B1A4890ED040B174880ED040B0C481B
:104B700090ED000B174880ED000B9FED050B80EDCD
:104B8000020B114890ED000B0E4890ED001B45E024
:104B900000000000000000000000000000605F4016
:104BA000100200240000000000806640180200246B
:104BB000000000000090814020020024000000005E
:104BC00000004E402802002490B80124C0B80124FF
:104BD000D8B8012408B9012418B90124B00200246E
:104BE000B8020024C0020024C8020024D00200241D
:104BF000646973637269206E6567617469766520A4
:104C0000310D0A00D8020024E00200243002002402
:104C1000112D4454FB210940F0B8012430EE010B62
:104C2000FE4880ED000BFE4890ED040BFB4880ED44
:104C3000020BFC4890ED000BB0EE001B20EE010BC8
:104C4000F64890ED001BB0EE002B02EE410BF6484B
:104C500080ED000BF14890ED000B20EE000BF348C7
:104C600090ED001B90ED002B01EE020BED4890ED56
:104C7000001B90ED002B01EE420BED4890ED001B68
:104C800090ED002B01EE420BE54890ED021B90EDFC
:104C9000022B01EE020B90ED041B90ED042B01EEB4
:104CA000020BE44880ED000BDD4890ED040BB1EE03
:104CB000001B20EE010B90ED041B20EE010BDA48E7
:104CC00090ED001B90ED002B01EE020BDA4880ED19
:104CD000000BD44890ED000BB2EE001B20EE010B50
:104CE000CF4890ED041B20EE011B90ED042BCE4825
:104CF00090ED000BB0EE003B20EE030BCD4890EDA5
:104D0000003B20EE030B01EE420BCC4880ED000B84
:104D1000C34890ED040BB1EE001B20EE010B90EDAB
:104D2000041B20EE012BC14890ED000B20EE000B80
:104D3000BC4890ED001B90ED003B01EE430BBD48DD
:104D400090ED001B21EE011B02EE401BBC4880EDE4
:104D5000001BBA4890ED000B20EE000BB64890ED1A
:104D6000001BB1EE002B21EE021BB54890ED002B8D
:104D700001EE420BB0EE408BB5EEC08BF1EE10FAB7
:104D800005D2B0A00FF070FB40F2FE3061E6AB48F8
:104D900090ED001B21EE011BA74890ED002BB1EE1A
:104DA000003B22EE032BA64890ED003B02EE431B96
:104DB000B0EE410B10F034FDA04890ED001BB1EEB9
:104DC000411B30EE011BB0EE002B81EE020B9A4826
:104DD00090ED001B80EE012B9F4880ED002B954845
:104DE00090ED000B904890ED001B9B4890ED002B40
:104DF00001EE020BB0EE002B80EE021B884890ED16
:104E0000040B81EE002B954880ED002B924890ED2D
:104E1000000B844890ED001B30EE410B8F4890ED65
:104E2000001B81EE002BB0EE42DBB0EE4D0B0FF01D
:104E300067FCB1EE400B8A4880ED000B864890ED90
:104E4000000B784890ED002B30EE420BB0EE401B8B
:104E5000824890ED000B0FF053FDB1EE400B8048FF
:104E600080ED000B90ED000B1FEDB21B20EE010B4F
:104E70001FED991B80EE012B7A4880ED022B7A48BA
:104E800090ED000B664880ED000B774890ED020B2B
:104E9000634880ED020B744890ED040B604880ED90
:104EA000040B604890ED000B704880ED000B1FED87
:104EB000C80B80ED020B5A4890ED000B6C4890ED4A
:104EC000001B30EE010B554880ED000B544890ED6F
:104ED000040B524880ED020B524890ED000BB0EEEF
:104EE000001B20EE010B4D4890ED001BB0EE002B97
:104EF00002EE410B4C4880ED000B484890ED000B52
:104F000020EE000B494890ED001B90ED002B01EEC8
:104F1000020B444890ED001B90ED002B01EE420B7C
:104F2000434890ED001B90ED002B01EE420B3C48F6
:104F300090ED021B90ED022B01EE020B90ED041B95
:104F400090ED042B01EE020B3A4880ED000B344843
:104F500090ED040BB1EE001B20EE010B90ED041B55
:104F600020EE010B304890ED001B90ED002B01EE80
:104F7000020B314880ED000B2A4890ED000BB2EE99
:104F8000001B20EE010B264890ED041B20EE012BA8
:104F900090ED041B244890ED000BB0EE003B20EE9A
:104FA000030B244890ED003B20EE030B02EE410B77
:104FB000224880ED000B1A4890ED040BB1EE001B67
:104FC00020EE010B90ED041B20EE012B174890ED15
:104FD000000B20EE001B134890ED000B90ED003B02
:104FE00000EE431B134890ED000B20EE000B02EE89
:104FF000410B134880ED000B104890ED000B20EEA4
:10500000000B0D4890ED001BB1EE002B21EE021BB2
:105010000B4890ED002B01EE420B2BE018B9012458
:1050200090B8012410020024B002002418020024C9
:1050300020020024B8020024C0020024C802002478
:10504000D0020024646973637269206E65676174BD
:1050500069766520320D0A00D8020024E00200249F
:1050600030020024F0B80124D8B8012408B9012482
:1050700028020024B0EE408BB5EEC08BF1EE10FAA2
:1050800005D24DA00FF0F0F940F2FE30E1E44F48B8
:1050900090ED001B21EE011B4D4890ED002BB1EE71
:1050A000003B22EE032B4B4890ED003B02EE431BEE
:1050B000B0EE410B10F0B4FB444890ED001BB1EE94
:1050C000411B30EE011BB0EE002B81EE020B40487D
:1050D00090ED001B80EE012B3F4880ED002B3F48F8
:1050E00090ED000B3E4890ED001B3B4890ED002BEF
:1050F00001EE020BB0EE002B80EE021B394890ED62
:10510000040B81EE002B384880ED002B324890EDE7
:10511000000B364890ED001B30EE410B324890ED0D
:10512000001B81EE002BB0EE42DBB0EE4D0B0FF01A
:10513000E7FAB1EE400B2E4880ED000B264890EDCB
:10514000000B2A4890ED002B30EE420BB0EE401BD6
:10515000254890ED000B0FF0D3FBB1EE400B244837
:1051600080ED000B90ED000B9FED221B20EE010B5C
:105170009FED221B80EE012B224880ED042B90ED49
:10518000000B84ED000B90ED020B84ED020B90ED13
:10519000040B84ED040B84ED06CB97ED062BB0EEEB
:1051A000421B94ED062BB0EE420B06F09DFC84ED05
:1051B000060B00204DE40000646973637269206E81
:1051C0006567617469766520330D0A00C8020024A2
:1051D000C0020024D0020024D8020024B802002417
:1051E000B002002490B80124E00200241002002440
:1051F000300200240000000000806640112D44545D
:10520000FB210940F0B801242DE9F0412DED108B70
:10521000A4B005460F46144697ED000BB0EE40AB28
:1052200097ED020BB0EE40BB97ED040BB0EE40CB18
:1052300097ED060B8DED220B9FED8D0B2AEE000BEB
:105240009FED8D1B80EE012B8DED0A2B9DED0A0B42
:105250000FF036FC8DED200B9FED850B2AEE000B39
:105260009FED851B80EE012B8DED0A2B9DED0A0B2A
:1052700010F07EFA8DED1E0B9FED7D0B2BEE000BDB
:105280009FED7D1B80EE012B8DED0A2B9DED0A0B12
:105290000FF016FCB0EE40DB9FED750B2BEE000B14
:1052A0009FED751B80EE012B8DED0A2B9DED0A0BFA
:1052B00010F05EFA8DED1C0B9FED6D0B2CEE000BCC
:1052C0009FED6D1B80EE012B8DED0A2B9DED0A0BE2
:1052D0000FF0F6FBB0EE40EB9FED650B2CEE000BF4
:1052E0009FED651B80EE012B8DED0A2B9DED0A0BCA
:1052F00010F03EFA8DED1A0B9FED610B0FF0E0FB05
:10530000B0EE40FB9FED5E0B10F032FA8DED180B06
:1053100095ED0C0BB0EE409B95ED100BB0EE408B75
:10532000B5EEC09BF1EE10FA04D9B5EEC08BF1EEEC
:1053300010FA06D840F2FD3024B0BDEC108BBDE869
:10534000F0819FED510B84ED000B9FED4F0B84ED31
:10535000020B9FED4D0B84ED040B9DED200BB0EE89
:10536000491B08EE001B84ED0C1B9FED470B84EDE1
:105370000E0BB1EE481B9DED1E0B21EE000B84EDD4
:10538000100BB0EE490B08EE0D0B20EE0F0B84ED69
:10539000180BB0EE490B08EE0D0B9DED181B20EE1F
:1053A000010B84ED1A0BB1EE481B9DED1C0B21EE99
:1053B000000B84ED1C0BB0EE490B08EE0E0B20EE3B
:1053C0000F0B84ED240BB0EE490B08EE0E0B9DED98
:1053D000181BB1EE411B20EE010B84ED260BB1EE44
:1053E000481B9DED1A0B21EE000B84ED280B95ED6B
:1053F000000B8DED0C0B95ED020B8DED0E0B95ED6D
:10540000040B8DED100B95ED0A0B8DED120B4FF08B
:10541000000827E000260DE008EB480004EB001030
:1054200000EBC60090ED000B684600EBC60080ED77
:10543000000B761C032EEFDB032607E09FED120B1B
:10544000684600EBC60080ED000B761C062EF5DBEF
:1054500008EB480004EB00120CA968460BF026FA92
:1054600008F10108B8F1040FD4DB002064E7000064
:10547000112D4454FB2109400000000000806640CB
:1054800061732D3852C10040000000000000000090
:1054900090ED000B91ED001B20EE010B90ED021B37
:1054A00091ED022B01EE020B90ED041B91ED042B0C
:1054B00001EE020B7047F0B504460D46B0EE402BEE
:1054C000059EB7EE000BB0EE401B0020002155E01A
:1054D00005EBC10797ED003B04EBC10797ED004BCF
:1054E00033EE443B83EE024BB0EE440BB5EEC00B03
:1054F000F1EE10FA41D0B5EEC00BF1EE10FA19DD65
:1055000003EB811797ED044B84EE003BB4EEC13BF7
:10551000F1EE10FA0ED203EB811797ED043B83EE08
:10552000004BB0EE441B4F1C4FF0010C0CFA07F778
:105530000743B8B2B5EEC00BF1EE10FA1DD203EB83
:10554000811797ED063BB1EE434B84EE003BB4EE82
:10555000C13BF1EE10FA10D203EB811797ED063B39
:10556000B1EE433B83EE004BB0EE441B4F1C4FF0BB
:10557000010C0CFA07F70743B8B2491C9142A7DBAC
:1055800086ED001BF0BD10B5002210E002EB4204D6
:10559000036903EBC40100230B604B608B60CB609D
:1055A0000B614B6100F12C0343F82210521C042ABA
:1055B000ECD30024C46304644464C464846403249A
:1055C000036803F58053C3F83041036803F5805343
:1055D0000469C3F81C4103694833046804F5805426
:1055E000C4F8283110BD10B500220EE002EB4204D1
:1055F000C36803EBC40100230B604B608B60CB607E
:1056000000F1180343F82210521C042AEED30024A0
:1056100084620324036803F58053C3F82C410368B4
:1056200003F58053C468C3F81441036803F580533D
:10563000C468C3F8204110BD10B5024801F0CCFA8F
:1056400010BD0000A805002410B5A2B0044601203A
:105650008DF83300002012908DF841008DF8430042
:1056600001208DF828008DF856008DF832000020BA
:105670008DF84C0001208DF8840040030F9000202D
:105680008DF85C0018908DF885008DF886004FF439
:10569000C360169000208DF830000B9001208DF82B
:1056A000350000208DF836008DF840001D901B90CD
:1056B00014908DF864008DF87A0001208DF8420076
:1056C0002020209001208DF8440000208DF8550006
:1056D0004FF0405009904FF480400E9000208DF81C
:1056E000310002201F9000208DF878008DF879009D
:1056F0008DF8540001208DF8340000201A9001200C
:105700008DF8700009A9204600F06AFA01208DF892
:1057100004000290002000908DF81C008DF80D0010
:105720008DF80C004FF40010069000208DF8140046
:105730004FF40010049000208DF81D004FF4067007
:1057400008906946204600F0EDF922B010BD000037
:1057500070B506463068D0F8004224F4706402F058
:105760003DFC05461348854205D31348854202D2C5
:1057700044F400741AE01048854205D30F4885426E
:1057800002D244F4407411E00C48854203D30C4823
:10579000854200D20AE00A48854205D3094885427D
:1057A00002D244F4807401E044F480643068C0F8AC
:1057B000004270BD002D3101C00E16020087930318
:1057C00000E1F50580D1F00870B504460D462E467F
:1057D000334622460021044801F02EFE10B14FF05E
:1057E000FF3070BD0020FCE7A80500242DE9F0473C
:1057F00006460B46914606F118052A69D5F810C0F1
:10580000002755F822109C68C86800F00040B0F1ED
:10581000004F02D10220BDE8F087187800F00400A4
:10582000C8B3C8686FF30F00D3F824A040EA0A0099
:10583000C860C86840F48030C8603068006E40F4CA
:105840008010D6F800A0CAF86000187800F00800B0
:1058500008B3B3F82CA088686AF31F408860C86852
:1058600040F40030C860C86820F44020D3F830A06D
:1058700040EA0A00C8603068406E40F48010D6F8F4
:1058800000A0CAF864003068006D40F08060D6F86F
:1058900000A0CAF85000187800F0100058B18868CD
:1058A0006FF30D00D3F818A040EA0A008860C868BA
:1058B00040F08060C860187800F0040018B91878CB
:1058C00000F01000F0B1C86840F08040C860C868BF
:1058D00040F00040C86000BF521C042A00D3121FD1
:1058E00000BF55F822107F1CC86800F00040B0F1DE
:1058F000004F07D155F82C10C86820F00040C86050
:10590000022088E77F1C2068086088686FF30D001C
:10591000D4F804A040EA0A008860A06868B1A468CE
:10592000206848608868DFF8F8A100EA0A00B4F847
:1059300004A040EA0A40886007E0002048608868C8
:10594000DFF8DCA100EA0A008860187800F0100097
:10595000A0B1C86820F4F000B3F820A040EACA4023
:10596000C860C8686FF31100D3F81CA040EA0A00B1
:10597000C860C86840F48020C8601FE0C8686FF342
:105980000E00D3F804A040EA0A00C860187800F0BE
:10599000010038B1C86820F44030D3F814A040EAC0
:1059A0000A00C860187800F0200038B1C86820F0FC
:1059B0004060D3F810A040EA0A00C860187800F0F0
:1059C000040038B1886820F44040D3F828A040EAA9
:1059D0000A008860C86840F00050C860C86820F0BD
:1059E0008040C860C86840F00040C860187800F087
:1059F000020038B1C86820F06070D3F80CA040EA0B
:105A00000A00C86076E000BF521C042A00D3121FAF
:105A100000BF55F82210C86800F00040B0F1004FF8
:105A200017D1624655F822104FF000080DE0C86803
:105A300020F00040C86000BF521C042A00D3121F8F
:105A400000BF55F8221008F10108B845EFD3022035
:105A5000E1E67F1CA4682068086088686FF30D0089
:105A6000D4F804A040EA0A008860A06868B1A4687D
:105A7000206848608868DFF8A8A000EA0A00B4F847
:105A800004A040EA0A40886007E000204860886877
:105A9000DFF88CA000EA0A008860187800F0100097
:105AA00060B1C8686FF31100D3F81CA040EA0A0087
:105AB000C860C86840F48020C86013E0C8686FF30D
:105AC0000E00D3F804A040EA0A00C860187800F07D
:105AD000010038B1C86820F44030D3F814A040EA7F
:105AE0000A00C860C86840F00040C860C86820F07C
:105AF0008040C860A068002885D1B9F1000F04D0AB
:105B0000886840F00040886003E0886820F000402A
:105B10008860C86840F08050C8602A6100207AE63A
:105B2000FFFF00C010B5036803F580531B6847F6FC
:105B30000204A3430C682343046804F580542360E3
:105B40000C798B6843EA04330C7B43EAC432036864
:105B500003F580535B684DF20104A34313430468CB
:105B600004F5805463604C7B0B6A43EA044203688B
:105B700003F58053D3F80031164C234013430468D7
:105B800004F58054C4F800310C7D0B6943EA04131A
:105B90004C7F43EA0432036803F58053D3F80431A1
:105BA0000D4C23401343046804F58054C4F80431B9
:105BB0000C7F8B6943EAC472036803F58053D3F802
:105BC0000831064C23401343046804F58054C4F89C
:105BD000083110BD00C0FEFFEFEFC0FFFFFFC07F28
:105BE00010B50C688B6823430C7943EAC4630C7BC3
:105BF00043EAC4534C7B43EA84538C7B43EA4453CB
:105C0000CC7B43EA04530C7C0CB9012400E0002453
:105C100043EAC4434C7C0CB9012400E0002443EA6D
:105C200044438C7C43EA04434C6923438C692343FB
:105C30000C7F43EA04334C7F43EAC4238C7F0CB9C6
:105C4000012400E0002443EA8423CC7F43EA442378
:105C500091F820400CB9012400E0002443EA042319
:105C600051F8244F23430C7943EA04138C6843EA28
:105C7000040203681B683D4C2340134304682360FF
:105C80000B7E5B060C7D43EA04630C7B43EA844392
:105C90004C7B43EA44438C7B24390CB9012400E05B
:105CA000002443EA04434C6B43EA040203685B6844
:105CB0002F4C234013430468636091F840404B6CC1
:105CC00043EA04220368DB6840F20F14A343134342
:105CD0000468E36091F854400B6D43EA440391F883
:105CE0004C400CB9012400E0002443EAC41331F80D
:105CF000484F43EA044203681B6F4FF60D7423407C
:105D00001343046823678B7B4C7B43EA440203689C
:105D1000D3F8903023F0030313430468C4F89030A1
:105D20000368D3F8003D23F072030C692343046831
:105D3000C4F8003D0C7E4B6948390CB9012400E0E1
:105D4000002443EA841391F8614043EA041391F874
:105D5000624043EAC4020368D3F8303D23F07B037A
:105D600013430468C4F8303D10BD00008380040074
:105D70000080F8C010B52DED068B92B0B0EE408BD0
:105D8000B0EE419BB0EE42AB0446B0EE4A2BB0EE13
:105D9000491BB0EE480B6846FDF79EF92146684660
:105DA00004F082FE002012B0BDEC068B10BD000096
:105DB00010B52DED108B98B0044604F1F00104F1FC
:105DC000900004F0D7FCB0EE40DB04F1F001204677
:105DD00004F0D0FCB0EE40EB04F19001204604F05A
:105DE000C9FCB0EE40FB12AA04F1F00104F19000EE
:105DF00006F024FD0CAA04F1F001204606F01EFD79
:105E000006AA04F19001204606F018FD04F5D872A8
:105E100012A906A8FDF71AFE04F5D8701CF156FA6F
:105E2000B0EE408B9FEDB40BB4EEC08BF1EE10FAE8
:105E300005D240F27E4018B0BDEC108B10BD2DEEA7
:105E40000E0B20EE0F0BB0EE001B28EE011B80EEB8
:105E5000012B84ED602B04F5D87005F0D3FE06A964
:105E60000CA8FFF715FB2DEE0D1B20EE010BB0EE7D
:105E7000001B28EE011B21EE081B80EE01AB06A9DA
:105E800012A8FFF705FBB1EE400B2EEE0E1B20EE25
:105E9000010BB0EE001B28EE011B21EE081B80EE6B
:105EA00001BB12A90CA8FFF7F3FA2FEE0F1B20EE8F
:105EB000010BB0EE001B28EE011B21EE081B80EE4B
:105EC00001CB94ED000B20EE0A0B94ED241B0BEE9E
:105ED000010B94ED3C1B0CEE010B84ED620B94ED79
:105EE000020B20EE0A0B94ED261B0BEE010B94ED3A
:105EF0003E1B0CEE010B84ED640B94ED040B20EEC5
:105F00000A0B94ED281B0BEE010B94ED401B0CEEDD
:105F1000010B84ED660B04F5E472214604F5C470B0
:105F200006F08CFC04F5E47005F06CFE04F5FC72E0
:105F300004F1900104F5C47006F080FC04F5FC70D7
:105F400005F060FE04F5047204F1F00104F5C4707C
:105F500006F074FC04F5047005F054FE04F5F072CC
:105F600004F5E47104F5D870FDF770FD04F5F070E8
:105F700005F048FE6A4604F5047104F5E470FDF787
:105F800065FD04F5047104F5E470FFF781FAB0EEE5
:105F9000409BB7EE000BB4EEC09BF1EE10FA04DDAF
:105FA000B7EE000BB0EE409B0AE0BFEE000BB4EE84
:105FB000C09BF1EE10FA03D2BFEE000BB0EE409B97
:105FC000B0EE490B0EF090FA94ED601B20EE010B41
:105FD00084ED680B94ED700BB5EEC00BF1EE10FA8A
:105FE00002D24FF0FF3000E001209DED040BB5EE32
:105FF000C00BF1EE10FA02D24FF0FF3100E00121A8
:10600000484300280DDA94ED680B94ED601BB0EE68
:10601000002B21EE021B9FED3A2B11EE020B84EDBB
:10602000680B6A4604F5FC7104F5E470FDF70EFD9B
:1060300004F5FC7104F5E470FFF72AFAB0EE409B1A
:10604000B7EE000BB4EEC09BF1EE10FA04DDB7EE34
:10605000000BB0EE409B0AE0BFEE000BB4EEC09B1D
:10606000F1EE10FA03D2BFEE000BB0EE409BB0EEA3
:10607000490B0EF039FA94ED601B20EE010B84ED14
:106080006A0B94ED700BB5EEC00BF1EE10FA02D274
:106090004FF0FF3000E001209DED040BB5EEC00B8A
:1060A000F1EE10FA02D24FF0FF3100E00121484337
:1060B00000280DDA94ED6A0B94ED601BB0EE002B16
:1060C00021EE021B9FED0E2B11EE020B84ED6A0BED
:1060D00094ED680BB5EEC00BF1EE10FA06D994ED15
:1060E0006A0BB5EEC00BF1EE10FA02D840F27F4019
:1060F000A1E600209FE60000F168E388B5F8E43EE1
:10610000112D4454FB2109402DE9F04F2DED028B58
:10611000BDB08146B0EE408B8A4617469B46D846B6
:10612000B5EEC08BF1EE10FA06D3B7EE000BB4EE6D
:10613000C08BF1EE10FA05DDFF203DB0BDEC028B07
:10614000BDE8F08F00240DE004EB440209EB0211DE
:1061500004EB44026B4603EB02103022FAF71AF903
:10616000601CC4B24445EFDD012631E0002429E083
:10617000002523E004EB4400694601EB001000EB2E
:10618000C50090ED000BB7EE001B31EE481B20EE72
:10619000010B601C00EB400001EB001000EBC500A0
:1061A00090ED001B08EE010B04EB440001EB001026
:1061B00000EBC50080ED000B681CC5B2BD42D9DB09
:1061C000601CC4B2A8EB0600A042D1DA701CC6B2B3
:1061D0004645CBDD00250AE0684600EBC50090EDA2
:1061E000000B0AEBC50080ED000B681CC5B2BD4278
:1061F000F2DB0020A1E7000070B52DED028BC8B0E6
:1062000005460E4695ED000B8DED300B95ED020B1E
:106210008DED320B95ED040B8DED340B95ED060BEA
:106220008DED2A0B95ED080B8DED2C0B95ED0A0BE2
:106230008DED2E0B95ED0C0B8DED240B95ED0E0BCE
:106240008DED260B95ED100B8DED280B42AA2AA99A
:1062500030A806F0F3FA42A81CF138F89FED621B53
:10626000B4EEC10BF1EE10FA05D240F2064048B090
:10627000BDEC028B70BD42A805F0C4FC1EAA24A987
:1062800030A806F0DBFA1EA81CF120F89FED561B83
:10629000B4EEC10BF1EE10FA02D240F20640E6E78E
:1062A0001EA942A8FFF7F4F8B0EE408B002411E0DD
:1062B00030A800EBC40090ED000B42A800EBC40036
:1062C00090ED001B08EE010B18A800EBC40080ED58
:1062D000000B641C032CEBDB3CAA24A918A806F0D5
:1062E000ADFA3CA81BF1F2FF9FED3F1BB4EEC10BD2
:1062F000F1EE10FA02D240F20640B8E73CA805F0F1
:1063000081FC36AA3CA942A8FDF7A0FB36A805F0FF
:1063100079FC00240CE042A800EBC40090ED000BD7
:1063200004EB440006A901EBC00080ED000B641CE7
:10633000032CF0DB00240CE03CA800EBC40090ED43
:10634000000B04EB440006A901EBC00080ED020B3A
:10635000641C032CF0DB00240CE036A800EBC40026
:1063600090ED000B04EB440006A901EBC00080EDAA
:10637000040B641C032CF0DB6B4602AA04A99FEDFE
:106380001C2B9FED1B1B9FED1A0B06A8FDF78CFB2A
:106390009DED181BB0EE410B09F028FB86ED000BBC
:1063A0009DED1A1BB0EE410B09F020FB86ED020BB0
:1063B0009DED1C1BB0EE410B09F018FB86ED040BA4
:1063C0009DED040B09F012FB86ED060B9DED020B13
:1063D00009F00CFB86ED080B9DED000B09F006FBA8
:1063E00086ED0A0B002042E7F168E388B5F8E43E49
:1063F000000000000000000000B587B000200390FE
:106400000490059006900090019002903C483D4910
:106410000860C720486000213A4881600921C160B6
:1064200000210161F9F08FFF364800683649884243
:1064300022D034480068B0F1804F1DD03148006848
:106440003249884218D02F4800683149884213D019
:106450002C4800682F4988420ED02A4800682E49EF
:10646000884209D0274800682C49884204D0254832
:1064700000682349884206D14FF48050039003A955
:10648000204802F057FB1F4800681F4988422CD063
:106490001C480068B0F1804F27D01A4800681B499B
:1064A000884222D017480068194988421DD01548F3
:1064B00000681849884218D0124800681849884274
:1064C00013D010480068174988420ED00D48006864
:1064D0001149884209D00B4800681049884204D00D
:1064E000084800680649884207D1002000900190C2
:1064F00002906946034802F063FA07B000BD00004D
:1065000000400140F4040024000001400004004069
:1065100000080040000C004000040140001800404A
:10652000001000400014004070B52DED088B0446AB
:106530009FED4F0BB0EE408B9FED4D0BB0EE409BAF
:10654000207AC0B9002508E094ED000B04F1180092
:1065500000EBC50080ED000B6D1CB5F57A7FF3DB19
:10656000002141F65870015394ED000B84ED040BAB
:10657000BDEC088B70BD6089B0F57A7F02DD4FF409
:106580007A7060816089002801DC0120608141F619
:106590005870005B401C81B241F658700153005B9B
:1065A0006189884203DB002141F65870015394ED64
:1065B000000B41F65870015B04F1180000EBC100BC
:1065C00080ED000B00254AE0608900EE100AB8EE6D
:1065D000400BB0EE002B80EE021B00EE105AB8EE1E
:1065E000C00B30EE411B00EE100AB8EE400B9FEDE1
:1065F000222B20EE020BB0EE002B80EE023B81EE50
:10660000030BB0EE40ABBEEE001B2AEE011B21EEE9
:106610000A1BB0EE410B0EF0ABFAB0EE40BB39EE08
:106620000B0BB0EE409B41F65870005B2844461CB3
:106630006089B04201DC6089361A04F1180000EB71
:10664000C60090ED001BB0EE480B01EE0B0BB0EE58
:10665000408B60896330642190FBF1F005446089D0
:10666000A842B1DC88EE090B84ED040B00BF7FE784
:1066700000000000000000009A9999999999D93F6B
:1066800001480068704700002404004010B504462B
:106690000CB9012010BD94F83500022803D08020E9
:1066A00060650120F6E734492068884205D3334904
:1066B0002068884201D8012000E00020C0B10420F9
:1066C00084F835002C49206888420AD32B49206879
:1066D000884206D82068006820F001002168086020
:1066E00048E02068006820F001002168086041E06F
:1066F0002068006820F00E00216808601E492068AC
:1067000088420AD31D492068884206D8206800685C
:1067100020F001002168086005E02068006820F092
:10672000010021680860206E006820F48070216EEE
:10673000086094F85C100120884011490860D4E991
:1067400019104860E06E40B1E06E006820F480707F
:10675000E16E0860D4E91C10486000BF002084F896
:10676000340000BF012084F83500206D10B12046B0
:10677000216D884700208DE710000240B8040240D8
:106780000454025870B50446F9F036FD0646254615
:10679000681C10B104480078054400BFF9F02CFDD6
:1067A000801BA842FAD370BD1400002470B50546C2
:1067B00005F12C02536952F823109669906908B9C3
:1067C000012070BDD06900B1761C002423E0086967
:1067D00008604FF08070C860486928B148698860D7
:1067E000C86840F00070C860C86840F00040C860E9
:1067F000106A18B1C86840F08040C8609069401EB7
:10680000A04207D900BF5B1C042B00D31B1F00BF95
:1068100052F82310641CB442D9D3286800F5805084
:10682000C0F828110020906100BFCAE730B50446C7
:106830000D4604F12C0050F825100AB1042D02D3A6
:106840000120606530BD0A600A61C86840F0807050
:10685000C8602BB18B604B61C86840F00070C860A5
:10686000C86840F00040C8600020EBE7704702466F
:1068700009B9012070471068006800F00C00C86278
:1068800010680068C0F3001081F8280010680068E4
:1068900000F06000486210680068C0F3002080F0DB
:1068A000010081F8200010680068C0F34020C8771C
:1068B00010680068C0F3802080F0010088771068BD
:1068C0000068C0F3C020487710680068C0F300304B
:1068D00008771068006800F400508861106800684C
:1068E00000F48040486110680068C0F3004088747C
:1068F00010680068C0F3404080F0010048741068E0
:106900000068C0F3C04080F001000874106800689F
:10691000C0F30050C87310680068C0F3405088731B
:1069200010680068C0F38050487310680068C0F3B6
:10693000C05008731068006800F0E060886010685C
:106940000068C0F3C06008711068006800F0E040A3
:10695000086010684068C0F30D0048631068406824
:10696000C0F3004080F0010081F8320010684068F8
:10697000C0F3404081F8310010684068C0F38040A7
:1069800081F8300010684068C0F3006081F838007A
:1069900010684068C0F34460C8631068C068C0F302
:1069A000002081F840001068C06800F00F004864C3
:1069B0001068006FC0F3400081F854001068006F49
:1069C000C0F3C01080F0010081F84C001068006F27
:1069D00000F0700008651068006F000C8864106893
:1069E000D0F8900000F0010081F856001068D0F84F
:1069F0009000C0F3400081F855001068D0F8000DF9
:106A000000F0720088651068D0F8300D00F02300A7
:106A1000C8651068D0F8300DC0F3C00081F862007E
:106A20001068D0F8300DC0F3001081F861001068D4
:106A3000D0F8300DC0F3801080F0010081F86000C4
:106A4000002017E7024609B90120704710688068E6
:106A500000F00100087010688068C0F34000C87042
:106A600010688068C0F38000087110688068C0F307
:106A7000C000087210688068C0F300104871106888
:106A80008068C0F3401080F0010048721068806890
:106A900000F0C000C86010688068C0F30020C871B2
:106AA00010688068C0F34020887110688068C0F367
:106AB0008020887010688068C00F48700020C4E78C
:106AC0002DE9F84F06468B4606F12C07D7F81480BF
:106AD0000020009057F828505C46B86930B930461D
:106AE00000F004FA10B90120BDE8F88F4FF0000A59
:106AF00027E0686978B10CB90120F5E728692060C2
:106B000070696060A4680CB90120EDE768692060D5
:106B10007069606003E02869206070696060E868FF
:106B2000C0F30E00009000BF08F10108B8F1040F97
:106B300001D3A8F1040800BF57F82850A4680AF14F
:106B4000010AB869401E5045D3D80CB90120CBE7E3
:106B5000E868C0F30E010098A1EB00097069484590
:106B600004D328692060C4F8049012E0686970B109
:106B70002869206070696060A4680CB90120B3E7DF
:106B8000686920607069A9EB0000606001E0012085
:106B9000AAE70020A8E72DE9F04180460E4608F15B
:106BA0002C046569A06930B9404600F09FF910B91E
:106BB0000120BDE8F08100BFA069401E0544042DFE
:106BC00000D32D1F00BF54F82570F868C0F30E00E5
:106BD00030600020EDE7000010B50446206800F5A5
:106BE0008050D0F8600100F04000402817D12068A4
:106BF00000F58050D0F8340100F0400040280ED15C
:106C0000204600F073F9012802D1204600F0E7FA8F
:106C100048F24001206800F58050C0F860112068FB
:106C200000F58050D0F8600100F0010088B12068C4
:106C300000F58050D0F8340100F0010048B1204642
:106C4000F9F0C4FA48F20101206800F58050C0F85C
:106C50006011206800F58050D0F8600100F4804099
:106C6000B0F5804F4DD1206800F58050D0F8340148
:106C700000F48040B0F5804F43D1606D40F00800D3
:106C80006065206800F58050D0F8600100F4805005
:106C9000B0F5805F1DD1206800F58050D0F860010C
:106CA00041F202110840884201D1012000E0002099
:106CB000A065206800F58050D0F8340120F44041F0
:106CC000206800F58050C0F83411E02084F85100AD
:106CD00014E0206800F58050D0F8600100F4CD4049
:106CE000B0F5CD4F01D1012000E00020A0654FF4A8
:106CF000CD41206800F58050C0F860112046F9F0C1
:106D000063FA2068D0F8B00000F4C040B0F5C04F7E
:106D10000BD12068D0F8B800E065E02084F851007D
:106D20002046F9F052FA0020E0652068D0F8B00063
:106D300000F0100010280AD12068D0F8C00000F040
:106D400060002066204600F00DFA002020662068D2
:106D5000D0F8B00000F0200020280AD12068D0F838
:106D6000C00000F00F0060662046FFF77FFD0020A6
:106D700060660648006800F4800030B14FF480007F
:106D8000024908602046F9F027FA10BDA800005813
:106D900038B504460CB9012038BD94F8510010B93B
:106DA000204600F023F9232084F8510000BF4D480D
:106DB000006840F002004B4908600846006800F097
:106DC0000200009000BF00BF207A18B9002001F037
:106DD000B7FD03E04FF4000001F0B2FD206800F5BC
:106DE0008050006840F00101206800F5805001608B
:106DF000F9F002FA05460CE0F9F0FEF9401BB0F597
:106E0000FA7F06D904206065E02084F85100012053
:106E1000C2E7206800F58050006800F001000028FB
:106E2000EAD12046FEF794FC01F0D8F82E49B0FBD9
:106E3000F1F0401E2168C1F8DC002046FEF704FC9A
:106E4000206800F58050D0F8000120F4E01040F4F4
:106E50000021206800F58050C0F80011207D00F06E
:106E6000030030B101206065E02084F8510001206A
:106E700092E7206800F58050D0F8080147F6FE71CF
:106E80008843616940EA4101206800F58050C0F8FC
:106E900008112046FEF7A7FB2046FEF774FB60684A
:106EA00000796168497940EA01202168C1F800034E
:106EB0006068C07800066168897840EA01406168CE
:106EC000497840EA01206168097808432168C1F8DF
:106ED000040300206065102084F8510084F85200FB
:106EE000002059E7F444025840420F00F0B507462D
:106EF00007F12C03196953F82120002500240026EE
:106F0000986908B10020F0BD3DE06D1CD06800F02C
:106F1000805000B3641C012C00D10E4600BF491CF8
:106F2000042900D3091F00BF53F82120D06800F0C6
:106F3000004058B9D06800F0804038B10120D861D5
:106F400000BF491C042900D3091F00BF19615E61FD
:106F50009C610120D7E7D06800F0005050B10E4688
:106F6000012400BF491C042900D3091F00BF53F8A6
:106F7000212008E0641C00BF491C042900D3091F1C
:106F800000BF53F82120D06800F0004008B9042D5C
:106F9000BBD334B3314653F8212000251FE01069DC
:106FA00010604FF08070D060506928B150699060D7
:106FB000D06840F00070D060D06840F00040D060F1
:106FC000186A18B1D06840F08040D06000BF491CFA
:106FD000042900D3091F00BF53F821206D1CA542CE
:106FE000DDD30020986100BF8DE7000010B586B0AA
:106FF00004465749206888427ED100BF5548006842
:1070000040F00400534908600846006800F004009E
:10701000009000BF00BF00BF0846006840F00100BC
:1070200008600846006800F00100009000BF00BF43
:1070300000BF0846006840F080000860084600680D
:1070400000F08000009000BF00BF00BF084600684D
:1070500040F0400008600846006800F040000090E2
:1070600000BF00BF00BF0846006840F00200086093
:107070000846006800F00200009000BF00BF00BF9B
:1070800034480838006840F4004032490839086044
:107090000846006800F40040009000BF00BF00BF39
:1070A0000846006840F4803008600846006800F434
:1070B0008030009000BF00BF00BF0846006840F469
:1070C000003008600846006800F40030009000BFFF
:1070D00000BF322001900220029000200390022085
:1070E00004900B20059001A91B4800F0E7F98620C9
:1070F00001900220029000E028E00020039002208E
:1071000004900B20059001A9144800F0D7F94FF422
:107110006050019002200290002003900220049011
:107120000B20059001A90E4800F0C8F9012001903C
:107130000290002003900220049001A9064800F06C
:10714000BDF901221146044800F0E2FA06B010BD74
:1071500000800240E0440258000802580000025833
:107160000004025870472DE9F04704460F46904648
:1071700099462068D0F8000200F0010010B101200B
:10718000BDE8F0872068D0F8005225F0787040EA1A
:10719000475525F4F81040EA084545F00C0545F040
:1071A00001052068C0F80052F9F026F8064607E00D
:1071B000F9F022F8801BB0F57A7F01D90120DFE7D2
:1071C0002068D0F8000200F001000028F0D120680B
:1071D000D0F8040280B2C9F800000020D0E700B562
:1071E0001BF1CEFA00BD70B504460D460DB9012065
:1071F00070BD94F85200102805D129462046FEF7AC
:10720000EFFC0020F4E70120F2E7000010B5024691
:1072100009B9012010BD0878CC7840EA44000C7907
:1072200040EA84000C7A40EAC4004C7940EA041039
:107230004C7A0CB9012400E0002440EA4410CC79D7
:1072400040EA04208C7940EA44208C7840EA84208B
:107250004C7840EAC470CC6840EA04031068806847
:10726000034C204018431468A0600020D2E70000BF
:1072700000F8FF7F30B50146002201F12C0050F8E4
:10728000224091F85100102864D1232081F8510048
:1072900000230EE0E06840F08040E06000BF521C38
:1072A000042A00D3121F00BF01F12C0050F8224025
:1072B0005B1C042BEED30125CD640868006840F008
:1072C00002000D6828600868006840F001000D6841
:1072D00028600868D0F8000D40F001000D68C5F87E
:1072E000000D086800F58050D0F8040140F0010559
:1072F000086800F58050C0F80451086800F5805017
:10730000D0F8080140F00105086800F58050C0F889
:107310000851086800F58050D0F8600140F481758C
:10732000086800F58050C0F86051102081F85100C5
:10733000222081F85200086800F58050D0F834010E
:107340004DF2410528430D6805F58055C5F8340117
:10735000002030BD0120FCE72DE9F04104460F4636
:10736000154637B9606D40F0010060650120BDE849
:10737000F08194F8510010285CD100223946204653
:10738000FEF734FA28B1606D40F00200606501201C
:10739000EDE704F11800A16A50F8218000BFA06A4F
:1073A000401CA062A06A042802D3A06A001FA06249
:1073B00000BF04F11800A16A50F82110206800F500
:1073C0008050C0F82011F8F017FF064627E020682B
:1073D00000F58050D0F8600100F4805070B1606D0D
:1073E00040F008006065206800F58050D0F860012A
:1073F000A065E02084F851000120B8E7681C70B156
:10740000F8F0FAFE801BA84200D845B9606D40F044
:1074100004006065102084F851000120A7E7D8F827
:107420000C0000F000400028D1D1102084F8510059
:1074300000209CE701209AE72DE9F04705460F461A
:10744000904699462868D0F8000200F0010010B17B
:107450000120BDE8F0872868D0F8004224F0787059
:1074600040EA475424F4F81040EA084424F00C00A1
:10747000041D44F001041FFA89F00D4908600D480D
:10748000C0F80042F8F0B8FE064607E0F8F0B4FE97
:10749000801BB0F57A7F01D90120DAE72868D0F89F
:1074A000000200F001000028F0D100BFD1E7000089
:1074B000048202400080024070470000F8B5024696
:1074C0000B460021002600240020824D00BFFCE076
:1074D000012707FA01F61F6807EA0604B4427CD1C7
:1074E0005F68022F02D05F68122F1AD14FEAD10CC9
:1074F00002F1200757F82C004F074FEAD76C0F27EF
:1075000007FA0CF7B8434FEA417C4FEADC6C1F697D
:1075100007FA0CF738434FEAD10C02F1200747F87D
:107520002C0010684FEA410C032707FA0CF7B84308
:107530001F7907F003074FEA410C07FA0CF73843AD
:1075400010605F68012F08D05F68022F05D05F6868
:10755000112F02D05F68122F17D190684FEA410CAB
:10756000032707FA0CF7B8434FEA410CDF6807FA24
:107570000CF738439060506801278F40B8431F795B
:10758000C7F300178F4038435060D0684FEA410C72
:10759000032707FA0CF7B8434FEA410C9F6807FA34
:1075A0000CF73843D0605F6807F08057B7F1805F11
:1075B00095D100BF484F3F6847F00207DFF818C178
:1075C000CCF8007067463F6807F00207009700BFDD
:1075D00000BF424F4FEA910C00E075E057F82C00D5
:1075E0008F074FEA177C0F2707FA0CF7B8433C4F79
:1075F000BA4201D100272DE03A4FBA4201D101270A
:1076000028E0394FBA4201D1022723E0374FBA426E
:1076100001D103271EE0364FBA4201D1042719E0F9
:10762000344FBA4201D1052714E0334FBA4201D199
:1076300006270FE0314FBA4201D107270AE0304F49
:10764000BA4201D1082705E02E4FBA4201D10927DD
:1076500000E00A274FEA817C4FEA1C7C07FA0CF70E
:1076600038431E4F4FEA910C47F82C002868A0437E
:107670005F6807F48037B7F5803F00D1204328606A
:107680006868A0435F6807F40037B7F5003F00D192
:10769000204368604FF0B0473868A0435F6807F444
:1076A0008017B7F5801F00D120434FF0B0473860F6
:1076B0007868A0435F6807F40017B7F5001F00D192
:1076C00020434FF0B0477860491C1029FFF400AF09
:1076D000F8BD000080000058F44402580804005827
:1076E000000002580004025800080258000C02581A
:1076F000001002580014025800180258001C0258CA
:10770000002002580024025842694A4042617047F2
:107710000AB1018300E04183704710B50320F8F0FF
:1077200093FD002000F008F808B1012010BD00F022
:1077300077F80020FAE7000070B504460E4800789C
:107740004FF47A71B1FBF0F00C490968B1FBF0F528
:10775000284601F019F908B1012070BD102C07D29C
:1077600000222146501E00F0A7F80548046001E001
:107770000120F2E70020F0E71400002418000024A4
:10778000100000244178154A11600178F9B1121DEA
:1077900041681160017B0907C27A41EA0261827A7D
:1077A00041EAC241427B41EA8241827B41EA424155
:1077B000C27B41EA0241427A41EA0221027A41EA6D
:1077C000420102781143054A0832116005E00021A8
:1077D000024A121D1160121D1160704798ED00E001
:1077E00040F001010D4A11600C497039096841F4FB
:1077F00080310A4A703A116000BF00BF00BFBFF37A
:107800004F8F00BF00BF00BF00BF00BF00BFBFF36E
:107810006F8F00BF00BF00BF7047000094ED00E015
:1078200008B500BF1B48006840F002001949086015
:107830000846006800F00200009000BF00BF03206F
:10784000F8F002FD002211466FF00B0000F034F852
:10785000002211466FF00A0000F02EF800221146B7
:107860006FF0090000F028F800221146501F00F0C8
:1078700023F800221146101F00F01EF800221146C6
:10788000901E00F019F800221146501E00F014F866
:1078900008BD0000F444025801460846002809DBF0
:1078A00000F01F0301229A4043099B0003F1E023EB
:1078B000C3F8002100BF70472DE9F05F80460D46F8
:1078C00016461AF11BFD074639462A46334601F093
:1078D0000700C0F1070ABAF1040F02D94FF0040AF9
:1078E00001E0C0F1070AD14600F1040ABAF1070F1E
:1078F00002D24FF0000A01E0A0F1030AD4464FF093
:10790000010A0AFA09FAAAF1010A0AEA020A0AFABB
:107910000CFA4FF0010B0BFA0CFBABF1010B0BEA6D
:10792000030B4AEA0B04214640461AF1EFFCBDE87E
:10793000F09F000070B501460022012000230024C2
:107940009FED811AB0EE410A9FED7F1AF0EE410AD9
:107950007E4D2D6805F003027C4D2D68C5F3053082
:107960007A4D2D1D2D6805F01003784D14352D68C6
:10797000C5F3CC0515FB03F501EE105AB8EE411A1C
:10798000B0EE410A22B1012A4DD0022A7DD169E030
:107990006E4D283D2D68C5F340152DB36B4D283D28
:1079A0002D68C5F3C1066A4D25FA06F4B4FBF0F55F
:1079B00001EE105AF8EE411A9FED661A80EE012A88
:1079C000624D10352D68C5F3080501EE105AB8EE6A
:1079D000411A32EE011AB7EE002A31EE021A21EEF8
:1079E000811AF0EE410A1DE0594DB5FBF0F501EEAC
:1079F000105AF8EE411A9FED571A80EE012A534DA6
:107A000010352D68C5F3080501EE105AB8EE411A7D
:107A100032EE011AB7EE002A31EE021A21EE811A77
:107A2000F0EE410A5EE04C4DB5FBF0F501EE105A68
:107A3000B8EE412A9FED471AC0EE011A434D1035AA
:107A40002D68C5F3080501EE105AB8EE411A31EE63
:107A5000811AF7EE001A31EE211A22EE011AF0EE29
:107A6000410A3FE03D4DB5FBF0F501EE105AF8EE4E
:107A7000411A9FED381A80EE012A344D10352D68D9
:107A8000C5F3080501EE105A00E00CE0B8EE411A0B
:107A900032EE011AB7EE002A31EE021A21EE811AF7
:107AA000F0EE410A1EE02C4DB5FBF0F501EE105A48
:107AB000B8EE412A9FED271AC0EE011A234D10356A
:107AC0002D68C5F3080501EE105AB8EE411A31EEE3
:107AD000811AF7EE001A31EE211A22EE011AF0EEA9
:107AE000410A00BF00BF194D10352D68C5F346256A
:107AF0006D1C01EE105AB8EE411AC0EE811ABCEEB0
:107B0000E11A81ED001A114D10352D68C5F30645B7
:107B10006D1C01EE105AB8EE411AC0EE811ABCEE8F
:107B2000E11A81ED011A094D10352D68C5F306657E
:107B30006D1C01EE105AB8EE411AC0EE811ABCEE6F
:107B4000E11A81ED021A70BD0000000028440258BD
:107B50000090D0030000004600093D0040787D0100
:107B600070B5014600220120002300249FED811AF8
:107B7000B0EE410A9FED7F1AF0EE410A7E4D2D686E
:107B800005F003027C4D2D68C5F305507A4D2D1D7F
:107B90002D6805F48073784D1C352D68C5F3CC0530
:107BA00015FB03F501EE105AB8EE411AB0EE410A8A
:107BB00022B1012A4DD0022A7DD169E06E4D283DC7
:107BC0002D68C5F340152DB36B4D283D2D68C5F3C9
:107BD000C1066A4D25FA06F4B4FBF0F501EE105A21
:107BE000F8EE411A9FED661A80EE012A624D1835B3
:107BF0002D68C5F3080501EE105AB8EE411A32EEB1
:107C0000011AB7EE002A31EE021A21EE811AF0EEC7
:107C1000410A1DE0594DB5FBF0F501EE105AF8EEA2
:107C2000411A9FED571A80EE012A534D18352D68E1
:107C3000C5F3080501EE105AB8EE411A32EE011AEA
:107C4000B7EE002A31EE021A21EE811AF0EE410A57
:107C50005EE04C4DB5FBF0F501EE105AB8EE412A4E
:107C60009FED471AC0EE011A434D18352D68C5F334
:107C7000080501EE105AB8EE411A31EE811AF7EEFE
:107C8000001A31EE211A22EE011AF0EE410A3FE00D
:107C90003D4DB5FBF0F501EE105AF8EE411A9FED9F
:107CA000381A80EE012A344D18352D68C5F30805C1
:107CB00001EE105A00E00CE0B8EE411A32EE011A63
:107CC000B7EE002A31EE021A21EE811AF0EE410AD7
:107CD0001EE02C4DB5FBF0F501EE105AB8EE412A2E
:107CE0009FED271AC0EE011A234D18352D68C5F3F4
:107CF000080501EE105AB8EE411A31EE811AF7EE7E
:107D0000001A31EE211A22EE011AF0EE410A00BFEC
:107D100000BF194D18352D68C5F346256D1C01EEC1
:107D2000105AB8EE411AC0EE811ABCEEE11A81ED8C
:107D3000001A114D18352D68C5F306456D1C01EE6E
:107D4000105AB8EE411AC0EE811ABCEEE11A81ED6C
:107D5000011A094D18352D68C5F306656D1C01EE35
:107D6000105AB8EE411AC0EE811ABCEEE11A81ED4C
:107D7000021A70BD00000000284402580090D00391
:107D80000000004600093D0040787D0170B50446C2
:107D90000D4600268D48006800F00700A8420ED26C
:107DA0008A48006820F00700284388490860084690
:107DB000006800F00700A84201D0012070BD2078C3
:107DC00000F00200022807D18148006820F00F006F
:107DD000E16808437E490860207800F0010000282F
:107DE00051D07B48006820F47060A168084378494E
:107DF00008606068022807D1754818380068C0F329
:107E00004040F8B90120D9E76068032807D17048DD
:107E100018380068C0F34060A0B90120CEE7606860
:107E2000012807D16A4818380068C0F3002048B913
:107E30000120C3E7664818380068C0F3800008B91D
:107E40000120BBE762480838006820F0070061683D
:107E500008435F4908390860F8F0CEF906466068C3
:107E6000022811D108E0F8F0C7F9801B41F28831EF
:107E7000884201D90320A1E755480838006800F07E
:107E800038001028EFD13AE06068032811D108E0EB
:107E9000F8F0B2F9801B41F28831884201D9032001
:107EA0008CE74B480838006800F038001828EFD1FC
:107EB00025E06068012811D108E0F8F09DF9801BE9
:107EC00041F28831884201D9032077E740480838D9
:107ED000006800F038000828EFD110E008E0F8F062
:107EE0008BF9801B41F28831884201D9032065E774
:107EF00037480838006800F038000028EFD13348D0
:107F0000006800F00700A8420ED93048006820F051
:107F1000070028432D4908600846006800F0070064
:107F2000A84201D0012049E7207800F0040004288D
:107F300007D12748006820F07000216908432449D0
:107F40000860207800F00800082809D12048001DAA
:107F5000006820F07000616908431D49091D086030
:107F6000207800F01000102809D11948001D006881
:107F700020F4E060A16908431549091D08602078D4
:107F800000F02000202809D111480830006820F0B6
:107F90007000E16908430E490831086000F050F8AC
:107FA0000B49096801F470614FF4807292FAA2F2F1
:107FB000B2FA82F2D140074A515CC84006490860D3
:107FC0000020FFF7B9FB0020F8E600000020005277
:107FD00018440258941A02081800002410B5F8F04A
:107FE00047F90949096801F00F01012292FAA2F24A
:107FF000B2FA82F2D140054A515CC8400449086097
:108000000846006810BD000018440258941A02087F
:108010001C00002410B5FFF7E1FF0749096801F4CF
:10802000E0614FF4807292FAA2F2B2FA82F2D14089
:10803000024A515CC84010BD1C440258941A020800
:1080400070B5012500EE905A002201210023002482
:10805000DFED861AB0EE610ADFED841AB0EE611A28
:108060000020834D2D6805F0380535B1082D15D059
:10807000102D15D0182D7CD114E07D4D103D2D68AC
:10808000C5F3401545B17A4D103D2D68C5F3C106C5
:10809000784D25FA06F000E07648E5E07648E3E022
:1080A0007648E1E0724D18352D6805F00302704DF9
:1080B00018352D68C5F305116D4D1C352D6805F07B
:1080C00001036B4D24352D68C5F3CC0515FB03F575
:1080D00001EE905AF8EE611AB0EE610A22B1012A5F
:1080E0004FD0022A7DD16BE0614D103D2D68C5F364
:1080F00040152DB35E4D103D2D68C5F3C1065D4D95
:1081000025FA06F4B4FBF1F501EE905AB8EE612AB7
:10811000DFED5B1AC0EE212A554D20352D68C5F3E1
:10812000080501EE905AF8EE611A72EEA11AF7EE08
:10813000002A71EEA21A62EE211AB0EE611A1FE057
:108140004C4DB5FBF1F501EE905AB8EE612ADFED2A
:108150004C1AC0EE212A464D20352D68C5F308057E
:1081600001EE905AF8EE611A72EEA11AF7EE002AAB
:1081700000E077E071EEA21A62EE211AB0EE611A09
:108180005EE03D4DB5FBF1F501EE905AB8EE612A87
:10819000DFED3B1AC0EE212A354D20352D68C5F3A1
:1081A000080501EE905AF8EE611A72EEA11AF7EE88
:1081B000002A71EEA21A62EE211AB0EE611A3FE0B7
:1081C0002E4DB5FBF1F501EE905AB8EE612ADFEDC8
:1081D0002C1AC0EE212A264D20352D68C5F308053E
:1081E00000E00EE001EE905AF8EE611A72EEA11A6C
:1081F000F7EE002A71EEA21A62EE211AB0EE611AB1
:108200001EE01D4DB5FBF1F501EE905AF8EE612A26
:10821000DFED1B1A80EE212A154D20352D68C5F3A0
:10822000080501EE905AF8EE611A72EE211AB7EEC7
:10823000002A71EE821A62EEA11AB0EE611A00BF36
:1082400000BF0B4D20352D68C5F346256D1C00EE93
:10825000905AF8EE601A81EE212AFCEEC21A11EE55
:10826000900A01E0044800BF00BF70BD000000009C
:10827000104402580090D00300093D0040787D0171
:108280000000004670B504460025207800F001008B
:10829000002870D0F748006800F0380010280CD093
:1082A000F448006800F03800182812D1F14818305E
:1082B000006800F0030002280BD1EE481038006877
:1082C000C0F34040002869D06068002866D10120D2
:1082D00070BD00BF6068B0F5803F08D1E548103838
:1082E000006840F48030E349103908602EE060688F
:1082F00068B9E0481038006820F48030DD49103952
:1083000008600846006820F4802008601EE060686D
:10831000B0F5A02F0DD1D7481038006840F4802068
:10832000D449103908600846006840F4803008607D
:108330000CE0D0481038006820F48030CD49103966
:1083400008600846006820F48020086000BF60686C
:1083500090B1F7F051FF054606E0F7F04DFF401BE6
:10836000642801D90320B3E7C24810380068C0F37D
:1083700040400028F1D011E0F7F03EFF054606E04E
:10838000F7F03AFF401B642801D90320A0E7B94861
:1083900010380068C0F340400028F1D1207800F088
:1083A0000200022847D1B348006800F0380058B1F5
:1083B000B048006800F0380018283ED1AD481830A9
:1083C000006800F00300B8BBAA4810380068C0F38A
:1083D000800018B1E06808B9012079E7A548103895
:1083E000006820F01900E1680843A24910390860CC
:1083F000F7F002FF054606E0F7F0FEFE401B0228FC
:1084000001D9032064E79B4810380068C0F380005E
:108410000028F1D097480C38006820F47C304FF4E5
:108420007C3292FAA2F2B2FA82F2216991400843B8
:1084300090490C3908604AE0FFE7E06868B38D486E
:108440001038006820F01900E168084389491039A4
:108450000860F7F0D1FE054606E0F7F0CDFE401BC0
:10846000022801D9032033E7824810380068C0F39E
:1084700080000028F1D07F480C38006820F47C3060
:108480004FF47C3292FAA2F2B2FA82F22169914060
:10849000084378490C39086019E0764810380068BC
:1084A00020F00100734910390860F7F0A5FE054679
:1084B00006E0F7F0A1FE401B022801D9032007E7E0
:1084C0006C4810380068C0F380000028F1D1207893
:1084D00000F01000102877D16648006800F03800DE
:1084E00008280CD06348006800F03800182823D111
:1084F00060481830006800F0030001281CD15D4876
:1085000010380068C0F3002020B1E069802801D055
:108510000120DDE657480C38006820F0F8404FF0A5
:10852000F84292FAA2F2B2FA82F2216A914008432A
:1085300050490C39086047E0E06958B34D4810389D
:10854000006840F080004B4910390860F7F054FE95
:10855000054606E0F7F050FE401B022801D9032033
:10856000B6E6444810380068C0F300200028F1D077
:1085700040480C38006820F0F8404FF0F84292FA7A
:10858000A2F2B2FA82F2216A9140084339490C39C9
:10859000086019E037481038006820F0800035493D
:1085A00010390860F7F028FE054606E0F7F024FED3
:1085B000401B022801D903208AE62E4810380068A3
:1085C000C0F300200028F1D1207800F0080008282E
:1085D00036D16069D0B127486430006840F00100AE
:1085E000244964310860F7F007FE054606E0F7F01D
:1085F00003FE401B022801D9032069E61D486430B0
:108600000068C0F340000028F1D019E01948643038
:10861000006820F00100174964310860F7F0ECFDB4
:10862000054606E0F7F0E8FD401B022801D90320CB
:108630004EE6104864300068C0F340000028F1D1D5
:10864000207800F02000202834D1A069D8B1094852
:108650001038006840F48050064910390860F7F07F
:10866000CBFD054608E0F7F0C7FD401B022803D903
:1086700003202DE610440258AF480068C0F3403094
:108680000028F0D016E0AC48006820F48050AA49D9
:108690000860F7F0B1FD054606E0F7F0ADFD401BC0
:1086A000022801D9032013E6A3480068C0F3403034
:1086B0000028F2D1207800F0040004287DD19F48E2
:1086C000006840F480709D490860F7F095FD05460C
:1086D00006E0F7F091FD401B642801D90320F7E57F
:1086E0009648006800F480700028F2D000BFA068AF
:1086F000012808D190487030006840F001008E4990
:10870000703108602DE0A06868B98B48703000684F
:1087100020F001008849703108600846006820F0A8
:10872000040008601DE0A06805280DD18248703063
:10873000006840F004008049703108600846006815
:1087400040F0010008600CE07B487030006820F0C9
:1087500001007949703108600846006820F0040083
:10876000086000BFA068A0B1F7F046FD054608E02C
:10877000F7F042FD401B41F28831884201D90320C5
:10878000A6E56D4870300068C0F340000028EFD0C7
:1087900013E0F7F031FD054608E0F7F02DFD401B32
:1087A00041F28831884201D9032091E56248703056
:1087B0000068C0F340000028EFD1606A00287CD038
:1087C0005D481030006800F03800182876D0606AE4
:1087D000022874D15848006820F08070564908601B
:1087E000F7F00AFD054606E0F7F006FD401B0228FB
:1087F00001D903206CE550480068C0F340600028B0
:10880000F2D100BFD4E90A1041EA00104A492831E8
:10881000096840F2F3329143084347492831086020
:10882000208E401EC0F30800616B491E4FF47E424B
:1088300002EA41210843218F491ED20102EA014187
:1088400008433C21095D491E120202EA0161084306
:1088500039493031086000BF081D00684FF6F871D3
:1088600088434FF6F87292FAA2F2B2FA82F2A16C41
:10887000914008433049343108602F482C3000685B
:1088800020F00C00216C08432B492C31086008466D
:10889000006820F00200616C084327492C31086011
:1088A0000846006840F4803008600846006840F4DC
:1088B000003008600846006802E03BE038E01FE056
:1088C00040F4802008600846006840F0010008601D
:1088D0001948006840F0807017490860F7F08CFC78
:1088E000054606E0F7F088FC401B022801D903206A
:1088F000EEE411480068C0F340600028F2D019E0AF
:108900000D48006820F080700B490860F7F074FC97
:10891000054606E0F7F070FC401B022801D9032051
:10892000D6E405480068C0F340600028F2D101E0B9
:108930000120CDE40020CBE4004402580048025856
:108940000349096821F460010143014A116070473D
:1089500004040058042808D14FF0E021096941F0CF
:1089600004014FF0E022116107E04FF0E0210969B6
:1089700021F004014FF0E02211617047012001490C
:10898000086070470000002470B504462546681E44
:10899000B0F1807F01D301200FE0681E4FF0E0218D
:1089A00048610F214FF0FF3019F1B0FC00204FF06B
:1089B000E021886107200861002070BD7047000039
:1089C00030B502460B4600BF92F83C00012801D1A9
:1089D000022030BD012082F83C0000BF10684168D1
:1089E000106884680F4D1068A84203D00E4D1068BF
:1089F000A84203D121F470015868014321F07001AD
:108A00001868014324F080049868044310684160AA
:108A10001068846000BF002082F83C0000BF00BFE7
:108A2000D7E70000000001400004014038B50446CB
:108A30002068B0F1804F0DD100BF3948006840F088
:108A40000100374908600846006800F00100009006
:108A500000BF63E03349206888420DD100BF304831
:108A6000006840F002002E4908600846006800F0E7
:108A70000200009000BF51E02B492068884216D1C7
:108A800000BF2748006840F00400254908600846F8
:108A9000006800F00400009000BF00BF01221146F2
:108AA0001E20FEF709FF1E20FEF7F6FE36E01F49E6
:108AB0002068884216D100BF1948006840F00800BD
:108AC000174908600846006800F00800009000BFE1
:108AD00000BF002211463220FEF7EEFE3220FEF7E4
:108AE000DBFE1BE012492068884217D100BF0C480A
:108AF0000830006840F480300949083108600846B1
:108B0000006800F48030009000BF00BF02221146D0
:108B10007420FEF7D1FE7420FEF7BEFE38BD0000C3
:108B2000E84402580004004000080040000C0040E7
:108B3000004001402DE9F04104460D46002600BFEB
:108B400094F83C00012802D10220BDE8F081012008
:108B500084F83C0000BF022084F83D00206886684D
:108B60004148064026F47F462068866028685028E1
:108B70003BD00CDC202860D004DC002853D0102827
:108B800065D155E030285DD0402860D141E06028B3
:108B900035D070280DD0B0F5805F03D0B0F5005F00
:108BA00055D115E020688068304908402168886008
:108BB0004EE0D5E902136A68206808F057F920688A
:108BC00086682948064046F07706206886603FE0C0
:108BD000D5E902136A68206808F048F920688068BF
:108BE00040F480402168886032E0EA686968206863
:108BF00008F0AAF95021206808F044F928E0EA6852
:108C00006968206808F0B5F96021206808F03AF931
:108C10001EE0EA686968206808F096F9402120683B
:108C200008F030F914E00021206808F02BF90FE07B
:108C30001021206808F026F90AE02021206808F0B9
:108C400021F905E03021206808F01CF900E000BFA0
:108C500000BF012084F83D0000BF002084F83C00E4
:108C600000BF00BF71E7000088FFCEFFF8FFFEFFE6
:108C700010B5044620680069C0F34000D8B12068F0
:108C8000C068C0F34000B0B16FF002002168086115
:108C9000012020772068806900F0030018B1204689
:108CA000F7F089FB05E0204600F0BEF82046F7F01B
:108CB00083FB0020207720680069C0F38000D8B1D2
:108CC0002068C068C0F38000B0B16FF00400216874
:108CD0000861022020772068806900F4407018B194
:108CE0002046F7F068FB05E0204600F09DF820469E
:108CF000F7F062FB0020207720680069C0F3C00015
:108D0000D8B12068C068C0F3C000B0B16FF00800EF
:108D100021680861042020772068C06900F0030002
:108D200018B12046F7F047FB05E0204600F07CF83C
:108D30002046F7F041FB0020207720680069C0F34F
:108D40000010D8B12068C068C0F30010B0B16FF057
:108D5000100021680861082020772068C06900F4AD
:108D6000407018B12046F7F026FB05E0204600F0E1
:108D70005BF82046F7F020FB002020772068006990
:108D800000F0010058B12068C06800F0010030B167
:108D90006FF0010021680861204600F047F8206864
:108DA0000069C0F3C01058B12068C068C0F3C0109B
:108DB00030B16FF08000216808612046F7F0C2FAF8
:108DC00020680069C0F3002058B12068C068C0F373
:108DD000C01030B16FF08000216808612046F7F0C4
:108DE000B1FA20680069C0F3801058B12068C068EB
:108DF000C0F3801030B16FF0400021680861204658
:108E000000F0FFF820680069C0F3401058B12068F6
:108E1000C068C0F3401030B16FF0200021680861D5
:108E20002046FFF7CBFD10BD7047000010B504468B
:108E3000494884427DD149480068052190FBF1F200
:108E400001FB120000285DD14548006845490860D3
:108E50000846006844490968401A444908600846C1
:108E6000006843490968884203D94048006840497E
:108E700008603C4800683C4908604FF4A0713D48D8
:108E8000F7F0C5F8364800683A490860F9F714FE6B
:108E900033480068374948670846406F0968401AF8
:108EA0003549086008460068B0F57A7F20D9334913
:108EB000087800EBD0714910A0EB410131B94FF4B3
:108EC000A0722C492E48F7F765FA05E04FF4A0721E
:108ED00028492C48F7F75EFA28480078401C2749B3
:108EE000087025484FF47A71026827A00BF0BCFA8D
:108EF0002148006829490968884203D91E4800684A
:108F0000264908602648007808B90DF0E3FE1348AA
:108F10000068322190FBF1F201FB120008B918F051
:108F2000EFF80E480068401C0C49086040211D48BD
:108F300000E002E0FEF7E8FB0DE01B48844209D1A7
:108F400020211848FEF7E0FB05480068401C044952
:108F5000086000E000BF10BD740400240400002479
:108F60001C010024280100242C01002430010024CD
:108F700034010024749101242001002408000024FD
:108F8000B4920124F49301247469636B203E20257C
:108F9000642C25646D730D0A000000002401002478
:108FA000F500002400100258B404002470B50446F3
:108FB0000D4600BF94F83C00012801D1022070BD8D
:108FC000012084F83C0000BF022084F83D002946BF
:108FD000204607F063FF2068C06820F04000216849
:108FE000C8602068C06820F480402168C860012003
:108FF00084F83D0000BF002084F83C0000BF00BFA3
:10900000DDE77047704770472DE9F041044620685E
:10901000C569206807682068866805F00F08B8F100
:10902000000F0DD105F0200050B107F0200010B95D
:1090300006F0805020B1204608F07FFCBDE8F081AA
:10904000B8F1000F72D05D48304018B907F4907045
:1090500000287AD005F0010048B107F4807030B1E3
:10906000012021680862E06F40F00100E06705F030
:10907000020048B106F0010030B102202168086208
:10908000E06F40F00400E06705F0040048B106F02E
:10909000010030B1042021680862E06F40F0020056
:1090A000E06705F0080078B107F0200028B906F065
:1090B000805010B906F0010030B108202168086224
:1090C000E06F40F00800E067E06F70B305F020004B
:1090D00040B107F0200010B906F0805010B12046D2
:1090E00008F02BFCE06F00F0080020B920688068D1
:1090F00000F0400018B3204608F00FFC206880689C
:1091000000F04000B8B12068806820F0400021687D
:109110008860606F58B12A48616F0865606FFDF71D
:10912000B5FA10B1606F016D88470DE00DE0204683
:10913000FFF769FF08E02046FFF765FF04E02046DF
:10914000FFF761FF0020E06778E705F4801078B151
:1091500006F4800060B14FF480102168086220207E
:1091600084F8790084F87A002046FFF74BFF65E722
:1091700005F0800048B107F0800010B906F4000047
:1091800018B1204609F0F0F858E705F0400030B17A
:1091900007F0400018B1204619F188F84EE705F4B1
:1091A000000040B107F0804028B12068006820F03E
:1091B00080402168086000BF40E700000100001007
:1091C0000319010810B504460CB9012010BDA069AF
:1091D00000B100E000BF94F8790028B9002084F8BD
:1091E0007800204600F02AF8242084F879002068CE
:1091F000006820F0010021680860204608F0E2FBCA
:10920000012800D1E2E7606B10B1204608F0CAFAED
:109210002068406820F49040216848602068806899
:1092200020F02A00216888602068006840F0010072
:1092300021680860204608F02AFBC7E710B586B011
:1092400004462149206888423BD100BF1F4800687E
:1092500040F001001D4908600846006800F0010068
:10926000009000BF00BF00BF18481030006840F0F9
:1092700010001649103108600846006800F0100020
:10928000009000BF00BF4FF40070019002200290D8
:1092900001200390022004900720059001A90C48AA
:1092A000FEF70CF94FF48060019001A90848FEF721
:1092B00005F92520FEF7F0FA032211462520FEF7D6
:1092C000FBFA06B010BD000000100140E044025857
:1092D0000000025810B5034693F87A00202867D1A1
:1092E00001B10AB9012010BD00BF93F87800012830
:1092F00001D10220F7E7012083F8780000BF59660A
:10930000A3F86820A3F86A2000BF9868B0F5805FD2
:109310000AD1186920B940F2FF10A3F86C001CE0D4
:10932000FF20A3F86C0018E0986848B9186918B9CC
:10933000FF20A3F86C0010E07F20A3F86C000CE085
:109340009868B0F1805F08D1186918B97F20A3F838
:109350006C0002E03F20A3F86C0000BF0020D8673B
:10936000222083F87A0000BF002083F8780000BF35
:109370001868806840F001001C68A06018680068E8
:1093800000F0005060B11868006840F480701C68FC
:1093900020601868806840F080501C68A06005E07C
:1093A0001868006840F490701C68206000209AE7FC
:1093B000022098E71D4A0168914236D11C4909886C
:1093C00001F4004189BB1A49098801F4804171B157
:1093D000184909780A2903D00021154A118024E090
:1093E0001349098841F40041114A11801DE01149D7
:1093F00009780D2906D10E49098841F480410C4AAB
:10940000118012E00B490978094A1288C2F30D0253
:10941000094B995406490988491C054A118011468F
:109420000988C72901DD0021118070470010014023
:1094300064000024660000244016002400BFFEE7FC
:109440002DE9F04F2DED048B81B082460D460024AE
:1094500095ED0C0BB0EE408B95F8380000EE100A3D
:10946000B8EE400BB0EE409B4FF403612846F6F097
:10947000CEFD85ED0C8BBCEEC90B10EE100A85F805
:109480003800F7A15046F6F797FF07460FB10020C6
:109490003870F4A15046F6F78FFF07462FB1002031
:1094A00001B0BDEC048BBDE8F08FEFA1504619F17F
:1094B00068F90746002F42D0287810B140F24F409B
:1094C000EEE7092028707F1D00E07F1C38782028F7
:1094D000FBD0012400E0641C385D10B1385D202809
:1094E000F9D1BB4600200BF804003222594605F2A0
:1094F0004470F6F773FF07EB0408012411E018F835
:109500000400202800D10BE018F80400312803DB08
:1095100018F80400392802DD40F24E40C0E704E0AC
:10952000641C18F804000028E9D100BF08F101000C
:10953000F6F096FD4FF4EC6148510020B0E7CCA165
:10954000504619F11EF90746002F42D0287810B175
:1095500040F24F40A4E7072028703F1D00E07F1C29
:1095600038782028FBD0012400E0641C385D10B15D
:10957000385D2028F9D1BB4600200BF804003222C8
:10958000594605F24470F6F729FF07EB0408012459
:1095900011E018F80400202800D10BE018F80400AE
:1095A000312803DB18F80400392802DD40F24E4070
:1095B00076E704E0641C18F804000028E9D100BF35
:1095C00008F10100F6F04CFD4FF4EC614851002029
:1095D00066E7A9A1504619F1D4F8074637B12878B3
:1095E00010B140F24F405BE701202870A3A1504624
:1095F00019F1C7F8074637B1287810B140F24F404B
:109600004EE7022028709EA1504619F1BAF807468D
:1096100037B1287810B140F24F4041E7032028705D
:1096200098A1504619F1ADF8074637B1287810B126
:1096300040F24F4034E70C20287093A1504619F1B6
:10964000A0F8074637B1287810B140F24F4027E71D
:10965000062028708EA1504619F193F806461EB3D5
:1096600001240EE0305D202800D109E0305D302873
:1096700002DB305D392802DD40F24E4010E703E0A6
:10968000641C305D0028EDD100BF305D10B940F2A0
:10969000534005E7701CF6F0E3FC688068881428E6
:1096A00011DB40F25340FBE62878012808D02878E7
:1096B000022805D02878032802D028780C2802D167
:1096C0004FF48A60ECE673A1504619F15AF8064649
:1096D0003EB301240EE0305D202800D109E0305D6A
:1096E000302802DB305D392802DD40F24E40D7E6FB
:1096F00003E0641C305D0028EDD100BF305D10B97F
:1097000040F25340CCE6314663A00AF0ADFE701C37
:10971000F6F0A6FCA880A888142808DB40F2534085
:10972000BEE62878032802D140F25140B8E65FA196
:10973000504619F126F806467EB32878022802D052
:1097400040F24F40ACE6032414E0305D202800D105
:109750000FE0305D302802DB305D392808DD305DF8
:109760002E2805D0305D2D2802D040F24E4097E6DD
:1097700003E0641C305D0028E7D100BF305D10B904
:1097800040F24E408CE6012185F82017F01C18F0BD
:10979000B7F805F5806080EDBC0B45A1504618F187
:1097A000F0FF06467EB32878022802D040F24F40F0
:1097B00076E6032414E0305D202800D10FE0305D10
:1097C000302802DB305D392808DD305D2E2805D0D9
:1097D000305D2D2802D040F24E4061E603E0641C6B
:1097E000305D0028E7D100BF305D10B940F24E4037
:1097F00056E6012185F82117F01C18F081F805F5CF
:10980000DE6080ED020B2BA1504618F1BAFF064630
:109810002EB32878022802D040F24F4040E60324BD
:1098200014E0305D202800D10FE0305D302802DBED
:10983000305D392808DD305D2E2805D0305D2D28BB
:1098400002D040F24E402BE603E0641C305D00285D
:10985000E7D100BF305D78BB40F24E4020E636E0F5
:109860002F2F00003A000000474F544F2000000007
:1098700053554220000000004D4C20004D4A20006E
:109880004D4320004D532000484F4D45200000001F
:10989000500000005100000043656E746572506F07
:1098A000696E743D25730D0A000000004A313D00C9
:1098B0004A323D004A333D00FFE7012185F8221777
:1098C000F01C18F01DF805F5DE6080ED040BF8A122
:1098D000504618F156FF06467EB32878022802D07B
:1098E00040F24F40DCE5032414E0305D202800D135
:1098F0000FE0305D302802DB305D392808DD305D57
:109900002E2805D0305D2D2802D040F24E40C7E50C
:1099100003E0641C305D0028E7D100BF305D10B962
:1099200040F24E40BCE5012185F82317F01C17F0EA
:10993000E7FF05F5DE6080ED060BDEA1504618F16D
:1099400020FF06467EB32878022802D040F24F401E
:10995000A6E5032414E0305D202800D10FE0305D3F
:10996000302802DB305D392808DD305D2E2805D037
:10997000305D2D2802D040F24E4091E503E0641C9A
:10998000305D0028E7D100BF305D10B940F24E4095
:1099900086E5012185F82417F01C17F0B1FF05F5C5
:1099A000DE6080ED080BC4A1504618F1EAFE0646C1
:1099B0007EB32878022802D040F24F4070E503249D
:1099C00014E0305D202800D10FE0305D302802DB4C
:1099D000305D392808DD305D2E2805D0305D2D281A
:1099E00002D040F24E405BE503E0641C305D00288D
:1099F000E7D100BF305D10B940F24E4050E5012183
:109A000085F82517F01C17F07BFF05F5DE6080ED6B
:109A10000A0BAAA1504618F1B4FE074687B328786E
:109A200010B140F24F403BE504241DE0385D202892
:109A300000D118E0385D302802DB385D392802DDBE
:109A4000385D2E2802D10520287010E0385D4428AA
:109A500006D1601C385C492802D11020287006E02D
:109A600040F24E401CE5641C385D0028DED100BF8A
:109A7000287805280CD1385D18B940F24E400FE522
:109A800012E03919481E17F03BFF85ED0A0B0BE079
:109A9000A01C385C10B940F24E4001E53919881C11
:109AA000F6F0DEFA85F8220086A1504618F169FE2C
:109AB000074647B1287810B140F24F40F0E4142037
:109AC00028700020ECE481A1504618F15AFE0746A8
:109AD000F7B3287810B140F24F40E1E4122028702B
:109AE00002248DE0385D202800D188E0385D4428CC
:109AF0001DD1601C385C492819D1012085F823004C
:109B0000A01C385C10B940F24E40C9E43919881CD9
:109B10000A226946F6F77CFC85F822003819801C79
:109B20000099884202D140F24E40B9E46CE0385DC1
:109B3000212823D1601C385C44281FD1A01C385C2C
:109B400049281BD1032085F82300E01C385C00E085
:109B50005BE010B940F24E40A2E43919C81C0A2259
:109B60006946F6F755FC85F822003819C01C0099A3
:109B7000884202D140F24E4092E445E0385D5228DE
:109B800019D1022085F82300601C385C10B940F21E
:109B90004E4085E43919481C0A226946F6F738FC1C
:109BA00085F822003819401C0099884202D140F201
:109BB0004E4075E428E0385D21281DD1601C385CDA
:109BC000522819D1042085F82300A01C385C10B954
:109BD00040F24E4064E43919881C0A226946F6F7BF
:109BE00017FC85F822003819801C0099884202D1A0
:109BF00040F24E4054E407E040F24E4050E4641C12
:109C0000385D00287FF46EAF00BF31A1504618F1D7
:109C1000B8FD074647B1287810B140F24F403FE405
:109C20001320287000203BE42BA1504618F1A9FD19
:109C300007464FB3287810B140F24F4030E40B2074
:109C4000287003240EE0385D202800D109E0385D3B
:109C5000302802DB385D392802DD40F24E401FE437
:109C600003E0641C385D0028EDD100BFF81CF6F05D
:109C7000F7F9A5F82808B5F82808022801DC385DAE
:109C800010B940F25A400BE414A1504618F179FD86
:109C9000074667B1287810B140F24F4000E40D202C
:109CA0002870042429E0385D20281BD124E032E00C
:109CB0004A343D004A353D004A363D00574149543B
:109CC00000000000454E444946000000494600009F
:109CD000454C53450000000054524B0054414E4740
:109CE00000000000385D302802DB385D312802DDDD
:109CF00040F24E4012E403E0641C385D0028D2D1EB
:109D000000BF381DF6F0ACF9A5F82A08385D10B987
:109D100040F25D4012E4F4A1504618F132FD0746CE
:109D200037B1287810B140F24F4007E40F20287077
:109D3000EFA1504618F125FD07464FB128780F28AE
:109D400006D0287810B140F24F4031E40E20287040
:109D5000E8A1504618F115FD06462EB302240EE088
:109D6000305D202800D109E0305D302802DB305D15
:109D7000392802DD40F24E401AE403E0641C305DF5
:109D80000028EDD100BF305D10B940F25E400FE415
:109D9000B01CF6F065F985F8220095F8220001283C
:109DA0000BDD40F25E4013E428780F2802D02878BB
:109DB0000E2802D140F25E400AE4CFA1504618F1CD
:109DC000E0FC06463EB32878062824D0012414E09F
:109DD000305D202800D10FE0305D302802DB305D9F
:109DE000392808DD305D2E2805D0305D2D2802D0C1
:109DF00040F24E4004E403E0641C305D0028E7D1EB
:109E000000BF305D10B940F24E4006E4701C17F000
:109E100077FD85ED9A0BB5A1504618F1B2FC0646C8
:109E2000C6B3287805283AD02878092837D028786A
:109E30000B2834D028780D2831D028780F282ED040
:109E400028780E282BD02878102828D001240EE05E
:109E5000305D202800D109E0305D302802DB305D24
:109E6000392802DD40F24E4008E403E0641C305D16
:109E70000028EDD100BF305D10B940F2544008E435
:109E8000701CF6F0EDF8288128890A2803DB40F2DF
:109E9000544008E403E0287808B91120287097A1FD
:109EA000504618F16EFC06461EB301240EE0305DEC
:109EB000202800D109E0305D302802DB305D3928F0
:109EC00002DD40F24E4012E403E0641C305D0028E5
:109ED000EDD100BF305D10B940F2554007E4701C71
:109EE000F6F0BEF8E880E8880A2802DB40F2554028
:109EF00008E4BFEE000B85ED040B81A1504618F17C
:109F000040FC064656B328780B2827D028780F281F
:109F100024D02878122821D0012411E0305D202897
:109F200000D10CE0305D302802DB305D392805DDE2
:109F3000305D2E2802D040F24E4018E403E0641C4D
:109F4000305D0028EAD100BF305D10B940F24E40CC
:109F50000DE4701C17F0D4FC85ED040B69A150468C
:109F600018F10FFC074637B1287810B140F24F4086
:109F700008E408202870AFF2B021504618F101FC27
:109F80000646EEB32878122849D07078432805D1C8
:109F9000012085F838004FF002080CE07078412865
:109FA00004D1022085F83800804604E0002085F8BE
:109FB00038004FF00108444611E0305D202800D100
:109FC0000CE0305D302802DB305D392805DD305D86
:109FD0002E2802D040F24E400AE403E0641C305DBB
:109FE0000028EAD100BF06EB080017F089FC85EDD8
:109FF0000C0B95ED0C0BB5EEC00BF1EE10FA00E07A
:10A000000DE00BD895ED0C1BB0EE410B53EC102B73
:10A010003DA00AF029FA40F2574014E41EE02878E7
:10A02000012808D02878022805D02878032802D0F3
:10A030002878062812D195ED0C0BB5EEC00BF1EE89
:10A0400010FA0BD895ED0C1BB0EE410B53EC102B16
:10A0500031A00AF009FA40F2574043E44FF00009FA
:10A0600031A1504618F18DFB074629E0781CF5F028
:10A07000F7FF8046B8F1000F1BDD287828B128785B
:10A08000042802D040F24F402CE4B9F10A0F02DB61
:10A0900040F2524026E4B8F1010F02DB40F2564094
:10A0A00020E40420287005F1200000F8098009F15F
:10A0B00001097F1C1CA1384618F163FB074600BF4D
:10A0C000002FD3D101E00AF1010A9AF800002028FC
:10A0D000F9D05046F5F0A6FF20B1287810B940F22B
:10A0E0004E4014E4002012E4524553455400000051
:10A0F00053455400444F0000480000005A0000003F
:10A1000052000000454E4400302D46656564726182
:10A1100074653D25660D0A00312D466565647261E2
:10A1200074653D25660D0A004D00000000B587B03E
:10A13000142102A8F5F06BFF00BF3548006840F419
:10A140008070334908600846006800F48070019010
:10A1500000BF00BF00BF0846006840F00400086070
:10A160000846006800F00400019000BF00BF00BF77
:10A170000846006840F4807008600846006800F4F3
:10A180008070019000BF00BF00BF0846006840F427
:10A19000807008600846006800F48070019000BF7D
:10A1A00000BF4FF4807002900020039001200490C3
:10A1B00002A91848FDF782F94FF4005002900020E0
:10A1C00003900120049002A91348FDF777F94FF49A
:10A1D00080600290002003900120049002A90D48A5
:10A1E000FDF76CF94FF4006002900020039001200D
:10A1F000049002A90748FDF761F9002201212820F7
:10A20000FDF75AFB2820FDF747FB07B000BD000013
:10A21000E0440258002002580008025838B50020D7
:10A2200000906B4601223B4801683B48FCF79BFFCE
:10A23000044614B16FF0040038BD6B460122354866
:10A2400001683548FCF78FFF044614B16FF0040035
:10A25000F2E7009800F0040008B90120ECE76B4633
:10A2600000222C4801682C48FCF77DFF044614B1FD
:10A270006FF00400E0E7009800F48050B0F5805FD4
:10A280001FD0009800F40050B0F5005F07D100988F
:10A2900000F48070B0F5807F01D10220CCE70098F7
:10A2A00000F40050B0F5005F01D10320C4E700982E
:10A2B00000F48070B0F5807F01D10420BCE7052058
:10A2C000BAE76B461F22134801681348FCF74BFF9F
:10A2D000044614B16FF00400AEE7009800F480501B
:10A2E00008B90620A8E7009800F01C00182801D142
:10A2F0000220A1E7009800F01C00082801D10320EB
:10A300009AE7009800F01C00142801D1042093E77C
:10A31000052091E72C000024A805002438B5002072
:10A320000090002420202849086000BF16E06B46FA
:10A33000122221462548FCF716FF054625B1214685
:10A3400023A00AF091F808E0009800F01F00A04256
:10A3500002D11D48046005E000BF641C1A48006873
:10A360008442E4D900BF214620A00AF07DF81648B7
:10A3700000681F2802D94FF0FF3038BD4FF400436A
:10A380000022114801681148FDF756F8054615B13D
:10A390004FF0FF30F1E700BF6B4600220A4801682A
:10A3A0000A48FCF7E0FE05462DB115A00AF05CF85E
:10A3B0004FF0FF30E1E7009800F400400028EBD1B7
:10A3C000F6F006F80020D8E72C000024A8050024A9
:10A3D0005265616420416464726573732025642052
:10A3E0006572726F72200D0A000000006C616E3899
:10A3F00037323061646472203D2025640D0A00000C
:10A4000048414C5F4554485F526561645048595219
:10A4100065676973746572204C414E383732305F1E
:10A42000424352204572726F72200D0A00000000F4
:10A4300000B587B0142102A8F5F0E9FD00BF2E4851
:10A44000006840F010002C4908600846006800F0E1
:10A450001000019000BF00BF00BF0846006840F038
:10A46000100008600846006800F01000019000BF6E
:10A4700000BF00BF0846006840F0100008600846B2
:10A48000006800F01000019000BF00BF00222021F2
:10A490001A48FDF73DF9002240211848FDF738F928
:10A4A000002210211548FDF733F9202002900120E9
:10A4B0000390002004900220059002A90F48FCF7A9
:10A4C000FDFF402002900120039000200490022014
:10A4D000059002A90948FCF7F1FF10200290012025
:10A4E0000390002004900220059002A90348FCF785
:10A4F000E5FF07B000BD0000E0440258001002581C
:10A500002DE9F04192B00546884616461F466A4638
:10A510004146284602F092F99FED610BB0EE402BC8
:10A52000002477E0684600EBC40090ED000BB5EE28
:10A53000C00BF1EE10FA2DD006EBC40090ED000B2D
:10A5400005EBC40090ED001B30EE410B684600EBBC
:10A55000C40090ED001B80EE015B06A901EB041026
:10A5600080ED005B07EBC40090ED000B05EBC40031
:10A5700090ED001B30EE410B684600EBC40090EDFF
:10A58000001B80EE015B6000401C01EBC00080ED11
:10A59000005B3EE006EBC40090ED000B07EBC4004F
:10A5A00090ED001B80FE410B05EBC40090ED001BFD
:10A5B000B4EEC10BF1EE10FA20D806EBC40090ED1A
:10A5C000000B07EBC40090ED001B80FE010B05EBB8
:10A5D000C40090ED001BB4EEC10BF1EE10FA0DDBE0
:10A5E00006A901EB041080ED002BB1EE420B6000D8
:10A5F000401C01EBC00080ED000B0AE006A901EB56
:10A60000041080ED002B6000401C01EBC00080EDC9
:10A61000002B641C032C85DB9DED060B9DED081BB8
:10A6200080FE410B9DED0A1B9DED0C5B81FE451BE1
:10A6300080FE010B9DED0E1B9DED105B81FE451B09
:10A6400080FE013B9DED060B9DED081B80FE010B7E
:10A650009DED0A1B9DED0C5B81FE051B80FE410BF1
:10A660009DED0E1B9DED105B81FE051B80FE414B99
:10A67000B5EEC04BF1EE10FA0BD3B7EE000BB4EE13
:10A68000C03BF1EE10FA04DCB4EEC43BF1EE10FA7C
:10A6900003DD002012B0BDE8F0810120FAE70000E0
:10A6A000000000205FA002422DE9F04706460F4659
:10A6B000904614213846F5F0AAFC4FF0010A3446C2
:10A6C00010E020780D2806D160780A2803D10AF11D
:10A6D000010AA41C00E0641C207818B940F21D4057
:10A6E000BDE8F087C245ECD30025A14602E0641C1A
:10A6F000681C85B220780D2802D160780A2801D024
:10A70000142DF4DB2A4649463846F5F743FE00206F
:10A71000E6E700002DE9F0412DED028B05460E46DF
:10A7200017469FED120BB0EE408B002414E006EBB1
:10A73000C40090ED001B05EBC40090ED002B31EE42
:10A74000421BB0EE410BB0EE001B0AF045FB30EEB1
:10A75000080BB0EE408B641CBC42E8DBB0EE480B4B
:10A760000BF05EF8BDEC028BBDE8F081000000004C
:10A770000000000070B52DED048B04460D4695EDEC
:10A78000001B94ED002B31EE421BB0EE410BB0EEFE
:10A79000001B0AF021FBB0EE409B95ED021B94EDEF
:10A7A000022B31EE421BB0EE410BB0EE001B0AF063
:10A7B00013FB39EE009B95ED041B94ED042B31EE59
:10A7C000421BB0EE410BB0EE001B0AF005FB39EE68
:10A7D000000BB0EE408B0BF023F8BDEC048B70BD8A
:10A7E0001FB5F5F01BFD01208DF800001F480190FA
:10A7F00007208DF8080003208DF80B0001208DF84C
:10A800000F0000208DF80E008DF80D008DF801006E
:10A810008DF80A008DF809008DF80C006846FCF7E9
:10A82000B1FF01208DF80000114801900D208DF836
:10A83000080003208DF80B0000208DF80F00012088
:10A840008DF80E0000208DF80D0001208DF801001C
:10A8500000208DF80A008DF809008DF80C0068467C
:10A86000FCF790FF0420FCF7BBFF1FBD0000043085
:10A87000004004301CB50024114812490860012032
:10A880008DF8000000208DF8010045208DF80200B1
:10A8900019208DF8030003208DF8040000208DF8A6
:10A8A0000500C1F804D00121064801720649C160C3
:10A8B000064901614FF4BF614161FCF769FA1CBDB3
:10A8C00000800240A805002460000430000004302D
:10A8D00000B587B04FF0804011490860EF20486014
:10A8E00000210F4881600F49C16000210161802172
:10A8F0008161F5F028FD4FF48050039003A90848CA
:10A90000FEF718F920200090802002906946044844
:10A91000FEF756F80248F5F030FD07B000BD000024
:10A92000F40300243F420F0000B585B00F481049E2
:10A9300008600020486000210D4881604CF25031D1
:10A94000C1600021016180218161F5F0FCFC0720DC
:10A950000090102001900020029069460448FEF704
:10A9600025FB0348F5F009FD05B000BD00040040DB
:10A970003404002400B587B00F4810490860C72090
:10A98000486000210D48816040F2CF71C160002114
:10A990000161F5F0D8FC4FF48050039003A90748FB
:10A9A000FEF7C8F800200090029069460348FEF7C1
:10A9B00007F807B000BD0000000800407404002440
:10A9C00000B587B00E480F490860C72048600021D5
:10A9D0000C4881600921C16000210161F5F0B3FCE0
:10A9E0004FF48050039003A90648FEF7A3F8002017
:10A9F0000090029069460348FDF7E2FF07B000BDF2
:10AA0000000C0040B404002470B505460E46134601
:10AA100000210FE000220AE09FED210B01EB410035
:10AA200003EBC00000EBC20080ED000B521C032AB8
:10AA3000F2DB491C0329EDDB00212CE0002227E09A
:10AA4000002422E001EB410003EBC00000EBC20058
:10AA500090ED000B01EB410005EBC00000EBC400E2
:10AA600090ED001B04EB440006EBC00000EBC200BD
:10AA700090ED002B01EE020B01EB410003EBC00057
:10AA800000EBC20080ED000B641C032CDADB521CCF
:10AA9000032AD5DB491C0329D0DB002070BD000050
:10AAA000000000000000000070B504460D4694ED63
:10AAB000001BB7EE002B31EE021B94ED082B31EE9C
:10AAC000021B94ED102B31EE021B9FED4B2B82FEEF
:10AAD000011BB0EE410B0AF0A3FEB0EE001B80EEAE
:10AAE000012B85ED002B94ED001BB7EE002B31EE12
:10AAF000021B94ED082B31EE421B94ED102B31EE2E
:10AB0000421B9FED3D2B82FE011BB0EE410B0AF074
:10AB100087FEB0EE001B80EE012B85ED022B94ED3D
:10AB2000001BB7EE002B32EE411B94ED082B31EEEB
:10AB3000021B94ED102B31EE421B9FED2F2B82FE5A
:10AB4000011BB0EE410B0AF06BFEB0EE001B80EE75
:10AB5000012B85ED042B94ED001BB7EE002B32EE9C
:10AB6000411B94ED082B31EE421B94ED102B31EE7E
:10AB7000021B9FED212B82FE011BB0EE410B0AF060
:10AB80004FFEB0EE001B80EE012B85ED062B94ED01
:10AB90000E2B94ED0A3B32EE432BB0EE421B95EDAB
:10ABA000022BB0EE420B17F13DFC85ED020B94ED4C
:10ABB000042B94ED0C3B32EE432BB0EE421B95ED93
:10ABC000042BB0EE420B17F12DFC85ED040B94ED38
:10ABD000062B94ED023B32EE432BB0EE421B95ED7B
:10ABE000062BB0EE420B17F11DFC85ED060B284637
:10ABF00001F02CF8002070BD0000000000000000F3
:10AC000010B52DED108B88B0B0EE40BBB0EE419B7F
:10AC1000B0EE428BB0EE43AB0446B5EEC0BBF1EEF6
:10AC200010FA0ED3B5EEC0ABF1EE10FA09D3B5EEC3
:10AC3000C09BF1EE10FA04D9B5EEC08BF1EE10FA1C
:10AC400004D8FF2008B0BDEC108B10BDB5EEC0BB22
:10AC5000F1EE10FA03D184ED00AB0020F2E7B0EE84
:10AC6000000B29EE000B20EE0A1B81EE080B29EEEB
:10AC7000091B21EE092B82EE081B81EE082B30EE1A
:10AC800002DBB4EECDBBF1EE10FA4FD8B0EE000B04
:10AC90002AEE000B20EE080BB0EE081B80EE012B15
:10ACA000B0EE42EBB1EE4B0B20EE080B20EE081B92
:10ACB000B0EE000B81EE002BB0EE42CB2EEE0E0B71
:10ACC00020EE0E0B0CEE0C0B8DED060B9DED060B26
:10ACD0000AF0A6FDB1EE4C1B30EE010BB0EE40FBCE
:10ACE0000BF098FD8DED040B9DED060B0AF098FD21
:10ACF000B1EE4C1B31EE400BB0EE40FB0BF08AFD89
:10AD00008DED020B9DED040B9DED021B30EE010B52
:10AD10008DED000B9DED000B20EE001B81EE080B6E
:10AD200030EE0A0B84ED000B00208BE729EE091BA7
:10AD300081EE080B80EE081BB1EE002B81EE020BBA
:10AD4000B0EE001B2BEE011B81EE092B30EE020B47
:10AD50002AEE0A2B82EE091B81EE092B30EE020B44
:10AD60008AEE081B30EE410BB0EE40CBB0EE4C0B40
:10AD70000AF056FD89EE081BB0EE002B81EE023B77
:10AD800030EE430B20EE090B84ED000B002059E759
:10AD90002DE9FF412DED0E0B2DED108B9CB0B0EE8B
:10ADA000428BB0EE43DBB0EE44CBB0EE45EBB0EE01
:10ADB000469B05460C4616461F469DED2C0BB5EEF0
:10ADC000C00BF1EE10FA2CD3B5EEC0EBF1EE10FA99
:10ADD00027D3B4EECDEBF1EE10FA22DCB5EEC0CB0A
:10ADE000F1EE10FA1DD39DED2E0BB5EEC00BF1EE7A
:10ADF00010FA16D9B5EEC08BF1EE10FA11D9B5EEF6
:10AE0000C0DBF1EE10FA0CD9B0EEC91B9DED2E0B94
:10AE10009FEDFE2B30EE020BB4EEC01BF1EE10FAEC
:10AE200006DDFF201CB0BDEC108B12B0BDE8F08138
:10AE30009DED2C0BB5EEC00BF1EE10FA16D1B4EE71
:10AE40004ECBF1EE10FA01D0FA20EBE785ED00CB06
:10AE50009FEDF00B84ED000B9FEDEE0B86ED000BEC
:10AE60009FEDEC0B87ED000B0020DBE73EEE4CBBCB
:10AE7000B0EECB0B20EE080BB6EE001B29EE011B4B
:10AE800001EE090B8DED060B9DED060B0AF0C8FCDB
:10AE9000B0EE40FBB0EEC90BB4EECF0BF1EE10FA02
:10AEA00003DDB0EEC90BB0EE40FB9DED2E0BB4EE12
:10AEB000C0FBF1EE10FA03DD9DED2E0BB0EE40FB72
:10AEC000B5EEC0FBF1EE10FA78D0B0EEC94B3FEE14
:10AED000444B84EE085BB0EE450BB5EEC00BF1EED3
:10AEE00010FA03D29FEDCB4BB0EE440BB7EE005BF4
:10AEF00085EE0F4BB0EECB5BB6EE006B2FEE066B24
:10AF000026EE0F6B86EE087B35EE475BB0EEC96B25
:10AF1000B0EEC97B3FEE477B26EE076B86EE087BE3
:10AF200035EE475BB0EEC96B3FEE466BB6EE007B8D
:10AF300026EE076BB0EEC97B3FEE477B26EE076B34
:10AF400086EE087B35EE475B24EE052BB5EEC02B75
:10AF5000F1EE10FA03D29FEDAF4BB0EE442B8FEE23
:10AF6000081B30EE024B34EE014B8DED164BB0EE6C
:10AF7000C94B24EE005BB6EE004B28EE044B24EEEA
:10AF8000004B04EE005BB5EEC0BBF1EE10FA02D24E
:10AF90004FF0FF3000E0012004EE100AB8EEC44B81
:10AFA000B0EE4C3B05EE043B2FEE025BB5EEC0BBB2
:10AFB000F1EE10FA03D24FF0FF3001E07CE0012007
:10AFC00004EE100AB8EEC46BB0EE434B05EE064B30
:10AFD0008DED064B28EE004B24EE004B24EE004B8B
:10AFE000B1EE086B84EE065BB0EEC94BB6EE006BBB
:10AFF00024EE064B24EE004B04EE005BB5EEC0BB26
:10B00000F1EE10FA02D24FF0FF3000E0012004EE22
:10B01000100AB8EEC44B25EE044B0CEE004B8DED40
:10B020001A4BB6EE004B2FEE044B24EE024B24EEEF
:10B03000025BB5EEC0BBF1EE10FA02D24FF0FF306A
:10B0400000E0012004EE100AB8EEC44B25EE044BDC
:10B0500003EE024B9DED1A5B34EE054B8DED1A4B62
:10B0600028EE014B24EE014B24EE014BB1EE086BB0
:10B0700084EE065BB6EE004B2FEE044B24EE014B44
:10B0800014EE015BB5EEC0BBF1EE10FA02D24FF048
:10B09000FF3000E0012004EE100AB8EEC44B25EEAC
:10B0A000045B9DED064B04EE015B9DED1A4B35EE06
:10B0B000044B8DED1A4B07E09FED560B8DED160BF3
:10B0C0009FED540B8DED1A0B9DED2C0B9FED4F1B3F
:10B0D00030EE011B9DED1A0BB4EEC01BF1EE10FA21
:10B0E0001CD285ED00EBB5EEC0BBF1EE10FA02D23A
:10B0F0004FF0FF3000E0012000EE100AB8EEC00B68
:10B1000020EE0F0B84ED000B9FED420B86ED000B44
:10B110009FED400B87ED000B002083E63DEE4C0BCE
:10B12000B0EE40BBB0EECB0B20EE080BB6EE001B32
:10B1300029EE011B01EE090B8DED060B9DED060BB3
:10B140000AF06EFBB0EE40ABB0EEC90B9FED2F1BCB
:10B150003AEE011BB4EEC10BF1EE10FA01DDFC205A
:10B1600060E69DED2E0BB4EEC0ABF1EE10FA03DD00
:10B170009DED2E0BB0EE40ABB5EEC0ABF1EE10FA8C
:10B1800073D0B0EEC94B3AEE444B84EE085BB0EEA0
:10B19000450BB7EE005B85EE0A4BB0EECB5BB6EE2F
:10B1A000006B2AEE066B26EE0A6B86EE087B35EE08
:10B1B000475BB0EEC96BB0EEC97B3AEE477B26EE3B
:10B1C000076B86EE087B35EE475BB0EEC96B3AEE57
:10B1D000466BB6EE007B26EE076BB0EEC97B3AEE0F
:10B1E000477B26EE076B86EE087B35EE475B24EE49
:10B1F000054BB0EE442B8AEE084BB0EE441B30EE0C
:10B20000024B34EE014B8DED164B07E0F168E388FD
:10B21000B5F8E43E0000000000000000B0EEC94BAD
:10B2200024EE005BB6EE004B28EE044B24EE004B00
:10B2300004EE005BB5EEC0BBF1EE10FA02D24FF0A7
:10B24000FF3000E0012004EE100AB8EEC44BB0EE6F
:10B250004C3B05EE043B2AEE025BB5EEC0BBF1EEC3
:10B2600010FA03D24FF0FF3001E07CE0012004EE41
:10B27000100AB8EEC46BB0EE434B05EE064B8DEDF5
:10B28000064B28EE004B24EE004B24EE004BB1EEB3
:10B29000086B84EE065BB0EEC94BB6EE006B24EE95
:10B2A000064B24EE004B04EE005BB5EEC0BBF1EEA6
:10B2B00010FA02D24FF0FF3000E0012004EE100A35
:10B2C000B8EEC44B25EE044B0CEE004B8DED1A4B43
:10B2D000B6EE004B2AEE044B24EE024B24EE025B4A
:10B2E000B5EEC0BBF1EE10FA02D24FF0FF3000E035
:10B2F000012004EE100AB8EEC44B25EE044B03EE19
:10B30000024B9DED1A5B34EE054B8DED1A4B28EE8A
:10B31000014B24EE014B24EE014BB1EE086B84EEA1
:10B32000065BB6EE004B2AEE044B24EE014B14EE06
:10B33000015BB5EEC0BBF1EE10FA02D24FF0FF3068
:10B3400000E0012004EE100AB8EEC44B25EE045BC9
:10B350009DED064B04EE015B9DED1A4B35EE044B63
:10B360008DED1A4B07E01FED550B8DED160B1FED04
:10B37000570B8DED1A0B3DEE4E0BB0EEC01B8DED55
:10B38000101B9DED101B28EE011BB0EE410B0AF0C7
:10B3900047FA8DED120B9DED120B9DED2E1BB4EEB9
:10B3A000C10BF1EE10FA03DD9DED2E0B8DED120BAE
:10B3B0009DED120BB5EEC00BF1EE10FA3CD09DEDF9
:10B3C000100B9DED121B80EE012B9DED120B80EEFC
:10B3D000081B32EE010B8DED140B9DED100B20EED2
:10B3E000001B9DED120B81EE002B9DED100B9DEDD2
:10B3F000121B20EE010B80EE081B32EE010BB6EEA5
:10B40000001B20EE010B8DED180BB4EECEDBF1EE40
:10B4100010FA08D29DED180B9DED141B0DEE010BDB
:10B420008DED180B10E09DED180B9DED141B0EEE2D
:10B43000010B8DED180B07E01FED8A0B8DED140B42
:10B440001FED8C0B8DED180B9DED2C0B9DED1A1B3C
:10B4500030EE411B9DED180B31EE400B8DED0C0BCA
:10B460009DED0C0BB5EEC00BF1EE10FA29DB85ED6E
:10B4700000DBB5EEC0BBF1EE10FA02D24FF0FF30A8
:10B4800000E0012000EE100AB8EEC00B20EE0A0B1F
:10B4900084ED000B9DED120B86ED000B9DED0C0B6A
:10B4A00087ED000BB0EEC90B1FEDA81B3AEE011B98
:10B4B000B4EEC10BF1EE10FA01DDFD20B2E4002084
:10B4C000B0E4B4EECDCBF1EE10FA6FDD85ED00EB1C
:10B4D0003CEE0E1B81EE080BB0EEC92B82EE081B72
:10B4E00081EE082B30EE020BB0EEC91B21EE012BD2
:10B4F00082EE081B81EE082B30EE420B8DED060B21
:10B50000B0EEC90B20EE0C0B80EE081B9DED2C0B52
:10B5100031EE000BB0EEC91B21EE011BB0EEC92BC2
:10B5200021EE022BB0EE083B82EE031B81EE082BCE
:10B5300082EE081B30EE410B8DED040BB0EEC90B13
:10B5400020EE000BB0EE002B80EE021B81EE080B0C
:10B550003CEE4E1B30EE010BB0EEC91B21EE012B71
:10B5600082EE081B3CEE0E2B31EE021B20EE010B8F
:10B570008DED020B9DED040B20EE002B9DED060BD7
:10B580009DED021B00EE412B8DED002B9DED000B80
:10B59000B5EEC00BF1EE10FA06D39DED060BB5EE3D
:10B5A000C00BF1EE10FA02D1FE203BE42AE09DED43
:10B5B000000B0AF035F99DED041B31EE400BB1EEA6
:10B5C000401B9DED060B81EE002B84ED002B1FED43
:10B5D000EF0B86ED000B1FEDF10B87ED000BB0EECE
:10B5E000C90B94ED001BB0EEC11B1FEDF82B31EE23
:10B5F000021BB4EEC10BF1EE10FA01DDFF2011E4E5
:10B6000000200FE41FEDFD0B8DED0E0B8DED0ADB21
:10B6100000BF8CFE0E0B8DED080B00BF9DED0E0BD9
:10B620009FEDF71B30EE010B8DED0E0B9DED0C0B1E
:10B63000B5EEC00BF1EE10FA0ED28DED0ADB9DEDEA
:10B640000A0B9DED081B30EE010BB0EE001B80EEE7
:10B65000012BB0EE42DB20E09DED0C0BB5EEC00BF4
:10B66000F1EE10FA0EDD8DED08DB9DED0A0B9DED80
:10B67000081B30EE010BB0EE001B80EE012BB0EE8C
:10B6800042DB0AE09DED0C0BB5EEC00BF1EE10FABB
:10B6900003D1B7EE000B8DED0E0B3DEE4C0BB0EE73
:10B6A00040BBB0EECB0B20EE080BB6EE001B29EE34
:10B6B000011B01EE090B8DED060B9DED060B0AF04B
:10B6C000AFF8B0EE40AB9DED2E0BB4EEC0ABF1EE9B
:10B6D00010FA03DD9DED2E0BB0EE40ABB5EEC0AB26
:10B6E000F1EE10FA7ED0B0EEC94B3AEE444B84EE48
:10B6F000085BB0EE450BB7EE005B85EE0A4BB0EE93
:10B70000CB5BB6EE006B2AEE066B26EE0A6B86EE7E
:10B71000087B35EE475BB0EEC96BB0EEC97B3AEE05
:10B72000477B26EE076B86EE087B35EE475BB0EE77
:10B73000C96B3AEE466BB6EE007B26EE076BB0EEB9
:10B74000C97B3AEE477B26EE076B86EE087B35EE2B
:10B75000475B24EE054BB0EE442B8AEE084BB0EE6F
:10B76000441B30EE024B34EE014B8DED164BB0EE28
:10B77000C94B24EE005BB6EE004B28EE044B24EEE2
:10B78000004B04EE005BB5EEC0BBF1EE10FA02D246
:10B790004FF0FF3000E0012004EE100AB8EEC44B79
:10B7A000B0EE4C3B05EE043B2AEE025BB5EEC0BBAF
:10B7B000F1EE10FA02D24FF0FF3000E0012004EE6B
:10B7C000100AB8EEC46BB0EE434B05EE064B8DEDA0
:10B7D000064B28EE004B24EE004B24EE004BB1EE5E
:10B7E000086B00E06BE084EE065BB0EEC94BB6EE92
:10B7F000006B24EE064B24EE004B04EE005BB5EE2E
:10B80000C0BBF1EE10FA02D24FF0FF3000E0012091
:10B8100004EE100AB8EEC44B25EE044B0CEE004BC0
:10B820008DED1A4BB6EE004B2AEE044B24EE024B84
:10B8300024EE025BB5EEC0BBF1EE10FA02D24FF07F
:10B84000FF3000E0012004EE100AB8EEC44B25EEF4
:10B85000044B03EE024B9DED1A5B34EE054B8DED70
:10B860001A4B28EE014B24EE014B24EE015BB1EEA6
:10B87000086B85EE064BB6EE005B2AEE055B25EE07
:10B88000016BB0EE445B16EE015BB5EEC0BBF1EEB2
:10B8900010FA02D24FF0FF3000E0012004EE100A4F
:10B8A000B8EEC44B25EE045B9DED064B04EE015B48
:10B8B0009DED1A4B35EE044B8DED1A4B07E09FEDD5
:10B8C000520B8DED160B9FED500B8DED1A0B3DEECF
:10B8D0004E0B8DED100B9DED101B28EE011BB0EEF5
:10B8E000410B09F09DFF8DED120B9DED120B9DEDAF
:10B8F0002E1BB4EEC10BF1EE10FA03DD9DED2E0B05
:10B900008DED120B9DED120BB5EEC00BF1EE10FAA2
:10B910003CD09DED100B9DED121B80EE012B9DED9B
:10B92000120B80EE081B32EE010B8DED140B9DED1A
:10B93000100B20EE001B9DED120B81EE002B9DEDF8
:10B94000100B9DED121B20EE010B80EE081B32EE5A
:10B95000010BB6EE001B20EE010B8DED180BB4EEC3
:10B96000CEDBF1EE10FA08D29DED180B9DED141B05
:10B970000DEE010B8DED180B10E09DED180B9DEDFC
:10B98000141B0EEE010B8DED180B07E09FED1E0B47
:10B990008DED140B9FED1C0B8DED180B9DED2C0BFD
:10B9A0009DED1A1B30EE411B9DED180B31EE400B47
:10B9B0008DED0C0B9DED0E0BB7EE001BB4EEC10B25
:10B9C000F1EE10FAFFF42AAE85ED00DB84ED00AB5A
:10B9D0009DED120B86ED000B9FED0B0B87ED000B21
:10B9E000B0EEC90B9FED0A1B3AEE011BB4EEC10B82
:10B9F000F1EE10FA01DDF92060E500205EE50000BF
:10BA00009A9999999999B93F0000000000000000A7
:10BA1000F168E388B5F8E43E30B504469FED302B7D
:10BA2000B0EE420B002058E001EBC00595ED002B75
:10BA300004EBC00595ED003BB4EEC32BF1EE10FA1C
:10BA40001BDB03EB801595ED042BB5EEC02BF1EE5F
:10BA500010FA12D001EBC00595ED002B04EBC005E8
:10BA600095ED003B32EE432B03EB801595ED043B47
:10BA700082EE034BB0EE441B27E001EBC00595EDD1
:10BA8000002B04EBC00595ED003BB4EEC32BF1EEAB
:10BA900010FA1AD203EB801595ED062BB5EEC02BEC
:10BAA000F1EE10FA11D004EBC00595ED002B01EB7F
:10BAB000C00595ED003B32EE432B03EB801595ED71
:10BAC000063B82EE034BB0EE441BB4EEC01BF1EE1E
:10BAD00010FA01DDB0EE410B401C9042A4DB30BDFA
:10BAE0000000000000000000B0EE402B32EE410BE1
:10BAF000B0EE403BB5EEC03BF1EE10FA02D24FF093
:10BB0000FF3200E00122BDEEC30B10EE101AB42389
:10BB100003FB02115A0091FBF2F000EE100AB8EE9E
:10BB2000C04B9FED035BB0EE420B05EE440B70473C
:10BB3000000000000080764000B52DED028BB0EED5
:10BB4000406BB0EE417BB0EE471BB0EE460BFFF70B
:10BB5000CBFFB0EE406B36EE470BB0EE408B9FED67
:10BB60000F0BB4EEC08BF1EE10FA05DD9FED0D0B5F
:10BB700036EE400BB0EE406B9FED0C0BB4EEC08B7D
:10BB8000F1EE10FA05D29FED070B36EE000BB0EE8A
:10BB9000406BB0EE460BBDEC028B00BD0000000018
:10BBA0000080564000000000008066400000000059
:10BBB000008056C070B52DED028B05460E469FEDF8
:10BBC0000F0BB0EE408B34460EE005EBC40090ED59
:10BBD000001B05EBC40090ED002BB0EE480B01EE0E
:10BBE000020BB0EE408B641C042CEEDBB0EE480B75
:10BBF00009F016FEBDEC028B70BD000000000000D5
:10BC00000000000010B52DED028B0446204616F111
:10BC10005DFBB0EE408BB5EEC08BF1EE10FA11D0AB
:10BC200094ED000B80EE081B84ED001B94ED020BDD
:10BC300080EE081B84ED021B94ED040B80EE081BC4
:10BC400084ED041B0020BDEC028B10BD10B52DED62
:10BC5000028B044694ED001B21EE011B94ED022B98
:10BC600094ED023B02EE031B94ED042B94ED043B98
:10BC700002EE031B94ED062B94ED063B02EE031B34
:10BC8000B0EE410B09F0CCFDB0EE408B9FED110BF7
:10BC9000B4EEC08BF1EE10FA17DB94ED000B80EEE2
:10BCA000081B84ED001B94ED020B80EE081B84ED55
:10BCB000021B94ED040B80EE081B84ED041B94ED35
:10BCC000060B80EE081B84ED061B0020BDEC028BEA
:10BCD00010BD0000F168E388B5F8E43EF0B59DB012
:10BCE000002769462C48FAF7ADFE01208DF80000C8
:10BCF00069462948FBF78AFA00250CE0C5EB851058
:10BD000000EBC510254901EBC0020023294622485B
:10BD1000FAF78CFD6D1C042DF0D3FEF7FFFA00BF7F
:10BD20006420FAF72FFDFEF779FA064631461CA08B
:10BD300008F09AFB012EF3DD022E06D0032E08D068
:10BD4000042E0AD0052E0FD10BE04FF400546700EB
:10BD50000EE000244FF480470AE04FF4005400271F
:10BD600006E00024002703E04FF40054670000BF02
:10BD700000BF04A90848FAF77AFD0A94099704A9B4
:10BD80000548FBF730FA0448FBF774FA0248FAF763
:10BD90000DFD1DB0F0BD0000A80500240002043018
:10BDA0004C414E383732305F4765744C696E6B5387
:10BDB00074617465203D202564200D0A0000000098
:10BDC0002DE9F0432DED028BA7B00746884691463A
:10BDD0000A269FED2E0BB0EE408B302239460EA87E
:10BDE000F4F7D8FA012448E000252DE000EE104ACF
:10BDF000B8EEC01B00EE106AB8EEC02B81EE020B4D
:10BE0000B7EE001B31EE400B07F1300000EBC50030
:10BE100090ED001B20EE011B00EE104AB8EEC02B87
:10BE200000EE106AB8EEC03B82EE030B07F590708F
:10BE300000EBC50090ED002B00EE021B02A800EB0A
:10BE4000C50080ED001B6D1C4545CFDB1AA80EAB6D
:10BE500002AA00210090484605F04CFA03221AA9D4
:10BE60000EA8FEF757FC30EE080BB0EE408B3022E8
:10BE70001AA90EA8F4F78EFA641CB442B4DDB0EE31
:10BE8000480B27B0BDEC028BBDE8F083000000003A
:10BE900000000000F0B52DED108BA3B004460D4658
:10BEA00016461F4695ED000BB0EE409B95ED020B3C
:10BEB000B0EE408B95ED040BB0EE40DB95ED060B3C
:10BEC0008DED200B94ED0C0B8DED1E0B94ED100BF6
:10BED000B0EE40EB94ED1C0BB0EE40AB94ED240BB8
:10BEE000B0EE40BB94ED300B8DED1C0B94ED340B9C
:10BEF0008DED1A0B94ED000B8DED0E0B94ED020BF6
:10BF00008DED100B94ED040B8DED120B94ED0A0BDF
:10BF10008DED140BB5EEC0EBF1EE10FA17D3B5EEC4
:10BF2000C0ABF1EE10FA12D9B5EEC0BBF1EE10FACB
:10BF30000DD99DED1C0BB5EEC00BF1EE10FA06D33A
:10BF40009DED1A0BB5EEC00BF1EE10FA05D240F2E2
:10BF5000FD3023B0BDEC108BF0BD9FED470B28EEFC
:10BF6000000B9FED471B80EE012BB0EE42FBB0EEC5
:10BF70004F0B09F0FDFB9DED1EFB0AEE00FB38EEBA
:10BF80000D0B9FED3D1B20EE010B9FED3D1B80EE49
:10BF9000012B8DED002B9DED000B08F091FD0BEEBC
:10BFA00000FB9DED1C0B3FEE00CB9FED330B29EE0C
:10BFB000000B9FED331B80EE012BB0EE42FBB0EE89
:10BFC0004F0B08F07DFD20EE0C0B8DED020B9FED6D
:10BFD0002A0B29EE000B9FED2A1B80EE012BB0EE01
:10BFE00042FBB0EE4F0B09F0C3FB20EE0C0B8DEDC6
:10BFF000040B9FED210B28EE000B9FED211B80EE23
:10C00000012BB0EE42FBB0EE4F0B08F059FDB0EE45
:10C010004EFB0AEE00FB38EE0D0B9FED171B20EEDA
:10C02000010B9FED171B80EE012B8DED002B9DED7D
:10C03000000B09F09DFB0BEE40FB9DED1A0B3FEE54
:10C04000400B8DED060B9DED200B39EE000B8DEDB9
:10C05000080B96ED062BB0EE421B9DED082BB0EEC3
:10C06000420BFFF741FD8DED080B3A460EA902A8E1
:10C0700004F01CFC00206CE7112D4454FB21094006
:10C080000000000000806640F0B52DED108BB1B0CF
:10C0900005460F4616461C4695ED000B8DED240B0C
:10C0A00095ED020B8DED260B95ED040B8DED280B18
:10C0B00095ED0A0B8DED2A0B18AA24A93846F4F742
:10C0C000D9FC9DED180B8DED160B9DED1A0BB0EE06
:10C0D00040BB9DED1C0B8DED140B9DED1E0B8DEDEE
:10C0E000120B95ED0C0B8DED100B95ED100B8DEDEE
:10C0F0000E0B95ED1C0BB0EE408B95ED240BB0EEC6
:10C10000409B95ED300B8DED0C0B95ED340B8DEDCB
:10C110000A0B9DED0E0BB5EEC00BF1EE10FA17D326
:10C12000B5EEC08BF1EE10FA12D9B5EEC09BF1EE70
:10C1300010FA0DD99DED0C0BB5EEC00BF1EE10FA17
:10C1400006D39DED0A0BB5EEC00BF1EE10FA05D249
:10C1500040F2FD3031B0BDEC108BF0BD9DED160B03
:10C16000B0EEC00B9FEDA41BB4EEC10BF1EE10FAC4
:10C170000DD2B0EECB0B9FEDA01BB4EEC10BF1EED8
:10C1800010FA04D296ED000B84ED000B0FE09DED4C
:10C19000161BB0EE4B0B08F0B3FB9FED991B20EE86
:10C1A000010B9FED991B80EE012B84ED002B96ED8A
:10C1B000002BB0EE421B94ED002BB0EE420BFFF7CC
:10C1C000BBFC84ED000B94ED000B8DED080B9DED99
:10C1D000140B9DED0E1B30EE411B9DED0A0B31EE55
:10C1E00000CB9DED161B21EE011B0BEE0B1BB0EEE1
:10C1F000410B09F015FBB0EE40DB9DED161BB0EED8
:10C200004B0B08F07DFB9FED7E1B20EE011B9FED8D
:10C210007E2B81EE020B94ED001B31EE400B8DED79
:10C22000000B9FED7B1B9DED000BFFF75DFCB0EE5F
:10C23000C00B9FED791BB4EEC10BF1EE10FA03DDDC
:10C24000B1EE4D0BB0EE40DB9DED100B9DED0C1BE8
:10C2500030EE010B3DEE400BB0EE40DB2DEE0D1B42
:10C260000CEE0C1BB0EE410B09F0DAFAB0EE40AB6D
:10C2700038EE090B9FED601B30EE010BB4EECA0BDC
:10C28000F1EE10FA0CD338EE490BB0EEC00B9FED77
:10C290005A1B30EE410BB4EECA0BF1EE10FA02DD80
:10C2A00040F2FE3056E738EE090BB4EECA0BF1EE61
:10C2B00010FA04D238EE090BB0EE40AB0EE038EEC7
:10C2C000490BB0EEC00BB4EECA0BF1EE10FA05DD6F
:10C2D00038EE490BB0EEC00BB0EE40ABB0EE4D1BEC
:10C2E000B0EE4C0B08F00CFB9FED451B20EE011B44
:10C2F0009FED452B81EE020B8DED060B2AEE0A0B0E
:10C3000008EE080B09EE490BB0EE001B28EE011BEE
:10C3100021EE0A1B80EE01EBB7EE001B0EEE4E1B6A
:10C32000B0EE410B09F07CFA8DED000BB0EE4E1B28
:10C330009DED000B08F0E4FA9FED311B20EE011B90
:10C340009FED312B81EE020B8DED040B28EE080BD7
:10C3500009EE090B0AEE4A0BB0EE001B28EE011B9A
:10C3600021EE091B80EE01FBB7EE001B0FEE4F1B09
:10C37000B0EE410B09F054FA8DED000BB0EE4F1BFF
:10C380009DED000B08F0BCFA9FED1D1B20EE011B7C
:10C390009FED1D2B81EE020B9FED191B31EE400B23
:10C3A0008DED020B9DED060B9FED1B1B31EE401B2F
:10C3B0009DED040B31EE400B84ED020B9DED020B65
:10C3C0009FED151B30EE410B84ED040B9DED120B20
:10C3D0009DED081B30EE410B84ED060B96ED062B10
:10C3E000B0EE421B94ED062BB0EE420BFFF77CFB48
:10C3F00084ED060B0020ADE6F168E388B5F8E43E75
:10C400000000000000806640112D4454FB210940CB
:10C410000000000000000000000000000080564006
:10C420002DE9F0412DED108BACB005460F461446BA
:10C4300097ED000B8DED2A0B97ED020B8DED280B80
:10C4400097ED040B8DED260B97ED060B8DED240B70
:10C450009DED2A0B9FEDA51B20EE010B9FEDA51B6B
:10C4600080EE012B8DED0A2B9DED0A0B08F028FBC9
:10C47000B0EE40DB9DED2A0B9FED9C1B20EE010BE7
:10C480009FED9C1B80EE012B8DED0A2B9DED0A0B81
:10C4900009F06EF9B0EE40EB9DED280B9FED931B7C
:10C4A00020EE010B9FED931B80EE012B8DED0A2BEF
:10C4B0009DED0A0B08F004FBB0EE40FB9DED280B50
:10C4C0009FED8A1B20EE010B9FED8A1B80EE012B56
:10C4D0008DED0A2B9DED0A0B09F04AF9B0EE40BB39
:10C4E0009DED260B9FED811B20EE010B9FED811B27
:10C4F00080EE012B8DED0A2B9DED0A0B08F0E0FA82
:10C500008DED220B9DED260B9FED781B20EE010B90
:10C510009FED781B80EE012B8DED0A2B9DED0A0B14
:10C5200009F026F98DED200B95ED0C0BB0EE409B3C
:10C5300095ED100BB0EE40CB95ED1C0BB0EE408BA3
:10C5400095ED240BB0EE40AB95ED300B8DED1E0B51
:10C5500095ED340B8DED1C0BB5EEC0CBF1EE10FA62
:10C5600017D3B5EEC08BF1EE10FA12D9B5EEC0AB11
:10C57000F1EE10FA0DD99DED1E0BB5EEC00BF1EEEC
:10C5800010FA06D39DED1C0BB5EEC00BF1EE10FAC0
:10C5900006D240F2FD302CB0BDEC108BBDE8F0812E
:10C5A0009FED560B84ED000B9FED540B84ED020BB9
:10C5B0009FED520B84ED040B2DEE090B84ED0C0B5B
:10C5C0002EEE090B84ED0E0B84ED10CBB0EE490B73
:10C5D0000BEE080B20EE0D0B84ED180BB0EE490BA3
:10C5E0000BEE080B20EE0E0B84ED1A0BB0EE4C0B8D
:10C5F0000FEE080B84ED1C0B9DED220B2FEE000BB4
:10C6000020EE0A1B9DED200BB1EE402BB0EE480B47
:10C6100002EE0A0B0BEE001B31EE090B8DED1A0B2F
:10C62000B1EE4B1B9DED220B21EE000B20EE0A0B11
:10C630009DED201BB1EE412BB0EE481B02EE0A1B14
:10C640000FEE010B30EE0C0B8DED180B9DED1A0B60
:10C650002DEE000B84ED240B9DED1A0B2EEE000B3E
:10C6600084ED260B9DED180B84ED280B95ED000B4A
:10C670008DED0C0B95ED020B8DED0E0B95ED040B76
:10C680008DED100B95ED0A0B8DED120B4FF00008A0
:10C6900027E000260DE008EB480004EB001000EB5B
:10C6A000C60090ED000B684600EBC60080ED000B65
:10C6B000761C032EEFDB032607E09FED100B684688
:10C6C00000EBC60080ED000B761C062EF5DB08EBB8
:10C6D000480004EB00120CA9684604F0E7F808F1E2
:10C6E0000108B8F1040FD4DB002054E7112D4454A5
:10C6F000FB210940000000000080664000000000AF
:10C700000000000030B503460C46012000212BE05C
:10C7100004EBC10595ED000B02EBC10595ED001B87
:10C7200080FE010B03EBC10595ED001BB4EEC10BC0
:10C73000F1EE10FA14DB04EBC10595ED000B02EBF2
:10C74000C10595ED001B80FE410B03EBC10595ED86
:10C75000001BB4EEC10BF1EE10FA01D8012500E088
:10C7600000254543A8B2491C0329D1DB30BD000098
:10C7700030B52DED048B93B004460D460CAA04F1A0
:10C780001801204600F05AF806AA2946204600F073
:10C7900055F80CA815F19AFDB0EE409B9FED250BC6
:10C7A000B4EEC09BF1EE10FA07D229462046FDF701
:10C7B000E1FF13B0BDEC048B30BD0CA906A8F8F75F
:10C7C00067FE29EE091B80EE018BB5EEC08BF1EE02
:10C7D00010FA04D229462046FDF7CCFFE9E7B7EE70
:10C7E000000BB4EEC08BF1EE10FA05DD294604F122
:10C7F0001800FDF7BFFFDCE794ED000B9DED0C1B6F
:10C8000008EE010B8DED000B94ED020B9DED0E1B60
:10C8100008EE010B8DED020B94ED040B9DED101B4A
:10C8200008EE010B8DED040B29466846FDF7A2FFCB
:10C83000BFE70000F168E388B5F8E43E034691EDF8
:10C84000000B93ED001B30EE410B82ED000B91EDE0
:10C85000020B93ED021B30EE410B82ED020B91EDCA
:10C86000040B93ED041B30EE410B82ED040B002012
:10C870007047F7B52DED0E0B2DED068B92B0B0EE97
:10C88000448BB0EE459BB0EE46AB04460D461646D3
:10C8900018A8FFF7DBF968469DED1E3B9DED1C2BAC
:10C8A0009DED1A1B9DED180B00F012F833462A4639
:10C8B0002146B0EE4A2BB0EE491BB0EE480B68465D
:10C8C000F7F7F2F8002012B0BDEC068B11B0F0BD06
:10C8D00001B52DED080B2DED0C8B01469DED0CBB2C
:10C8E0002BEE0BBB9DED0ECB9DED0EDB0CEE0DBBD1
:10C8F0009DED10CB9DED10DB0CEE0DBB9DED12CB35
:10C900009DED12DB0CEE0DBBB0EE4BABB0EECABB37
:10C910009FED63CBB4EECCBBF1EE10FA02D29FEDEB
:10C92000620B03E0B0EE00BB8BEE0A0B9DED0CBB7F
:10C930002BEE00BB9DED0ECB2BEE0C6B9DED0CBBDF
:10C940002BEE00BB9DED10CB2BEE0C7B9DED0CBBBD
:10C950002BEE00BB9DED12CB2BEE0C8B9DED0EBB99
:10C960002BEE00BB9DED0ECB2BEE0C9B9DED0EBB7D
:10C970002BEE00BB9DED10CB2BEE0C1B9DED0EBBEB
:10C980002BEE00BB9DED12CB2BEE0C2B9DED10BBC7
:10C990002BEE00BB9DED10CB2BEE0C3B9DED10BBA9
:10C9A0002BEE00BB9DED12CB2BEE0C4B9DED12BB85
:10C9B0002BEE00BB9DED12CB2BEE0C5B33EE05BBDB
:10C9C000B7EE00CB3CEE4BBB81ED00BB31EE48BB7C
:10C9D00081ED02BB32EE07BB81ED04BB31EE08BB3B
:10C9E00081ED06BB39EE05BBB7EE00CB3CEE4BBB91
:10C9F00081ED08BB34EE46BB81ED0ABB32EE47BB8E
:10CA000081ED0CBB34EE06BB81ED0EBB33EE09BBF2
:10CA1000B7EE00CB3CEE4BBB81ED10BB002237E004
:10CA2000002332E002EB420001EBC00000EBC30048
:10CA300090ED00BBB7EE00CBB4EECCBBF1EE10FA3C
:10CA400009DDB7EE00BB02EB420001EBC00000EBDA
:10CA5000C30080ED00BB02EB420001EBC00000EB25
:10CA6000C30090ED00BBBFEE00CBB4EECCBBF1EE4B
:10CA700010FA09D2BFEE00BB02EB420001EBC0008E
:10CA800000EBC30080ED00BB5B1C032BCADB521C18
:10CA9000032AC5DB0020BDEC0C8B09B000BD0000F3
:10CAA000F168E388B5F8E43E0000000000000000F3
:10CAB00030B52DED108B8BB00446B4F89001B8B9A9
:10CAC0006320A4F8D000002084F8D200A4F89201DA
:10CAD000A4F89401A4F896019FEDFE0B84ED300BB1
:10CAE0009FEDFC0B84ED320B0BB0BDEC108B30BD19
:10CAF000B4F8D000632802D10020A4F8D00094ED4F
:10CB00002E0BB0EE40FB94ED300B8DED080B94ED49
:10CB1000540B8DED060B94ED5A0B8DED040B94ED3B
:10CB20005C0B8DED020B94ED5E0BB0EE409B94ED33
:10CB3000600BB0EE40BB94ED620BB0EE40CBB7EEB5
:10CB4000000B84ED680B94ED2A0B94ED681B20EE2E
:10CB500001DBB5EEC0DBF1EE10FA07D29FEDDD0B85
:10CB6000B0EE40DB40F2B140A4F8D00094ED2CAB25
:10CB7000B5EEC0ABF1EE10FA07D29FEDD60BB0EEDA
:10CB800040AB40F2B240A4F8D000B4F892010028C3
:10CB90007ED094F8D20000287AD1A4F89201A4F8AB
:10CBA000D00094F8D20060B994ED020B84ED2E0B06
:10CBB00094ED020B84ED360B94ED2E0BB0EE40FBA2
:10CBC00003E094ED2E0B84ED360B94ED000B94ED09
:10CBD0002E1B30EE410BB5EEC00BF1EE10FA02D277
:10CBE0004FF0FF3000E0012084F8D40094F9D40025
:10CBF00000285ADD94ED1E0B8DED060B94ED220BF3
:10CC00008DED040B94ED220B8DED020B94ED260BB4
:10CC1000B0EE409B9DED060BB5EEC00BF1EE10FAA9
:10CC200008D994ED0E0B9DED061BB4EEC10BF1EE91
:10CC300010FA03D240F2B640A4F8D0009DED040BE8
:10CC4000B5EEC00BF1EE10FA18D994ED120B9DED74
:10CC5000041BB4EEC10BF1EE10FA0FD39DED020BE5
:10CC6000B5EEC00BF1EE10FA08D994ED120B9DED64
:10CC7000021BB4EEC10BF1EE10FA03D240F2B74042
:10CC8000A4F8D000B5EEC09BF1EE10FA08D900E090
:10CC900041E294ED160BB4EEC90BF1EE10FA5CD242
:10CCA0004FF49760A4F8D00057E094ED200B8DED81
:10CCB000060B94ED240B8DED040B94ED240B8DED00
:10CCC000020B94ED280BB0EE409B9DED060BB5EEEC
:10CCD000C00BF1EE10FA08D994ED100B9DED061B78
:10CCE000B4EEC10BF1EE10FA03D240F2B640A4F854
:10CCF000D0009DED040BB5EEC00BF1EE10FA18D983
:10CD000094ED140B9DED041BB4EEC10BF1EE10FA83
:10CD10000FD39DED020BB5EEC00BF1EE10FA08D962
:10CD200094ED140B9DED021BB4EEC10BF1EE10FA65
:10CD300003D240F2B740A4F8D000B5EEC09BF1EEAC
:10CD400010FA06D994ED180BB4EEC90BF1EE10FAF7
:10CD500003D24FF49760A4F8D00094ED060B9DED3C
:10CD6000061BB4EEC10BF1EE10FA03DD9DED060BD0
:10CD700084ED060B94ED0C0B94ED0A1BB4EEC10B85
:10CD8000F1EE10FA03DB40F2B540A4F8D00094EDC8
:10CD9000360B94ED0A1BB4EEC10BF1EE10FA08DC71
:10CDA00094ED360B94ED0C1BB4EEC10BF1EE10FAC2
:10CDB00003D240F2B540A4F8D00094ED000B94EDFE
:10CDC0000A1BB4EEC10BF1EE10FA07DD94ED0A0B6D
:10CDD00084ED3C0B0120A4F89A0117E094ED000BC0
:10CDE00094ED0C1BB4EEC10BF1EE10FA07D294EDEA
:10CDF0000C0B84ED3C0B0120A4F89A0106E094EDA5
:10CE0000000B84ED3C0B0020A4F89A0194ED3C0B40
:10CE100094ED2E1B30EE411B94F9D40000EE100A65
:10CE2000B8EEC00B21EE00EBB4F8D00000287DD1A5
:10CE300094F8D2000028FAD1A4F89801012084F8CF
:10CE4000D2009FED240B84ED3E0B94ED080BB0EE69
:10CE5000406B94ED060BB0EE405B94ED040BB0EE2E
:10CE6000404B04F5A07302AA04A906A89DED063B59
:10CE7000B0EE492B9DED041BB0EE4E0BFDF788FF85
:10CE800000EE100AB8EE400B8DED000B9DED000B8F
:10CE9000B5EEC00BF1EE10FA06D040F2B440A4F8A3
:10CEA000D000042084F8D2009FED0A0B84ED420BE1
:10CEB0009FED080B84ED440B9FED060B84ED460BB4
:10CEC0009FED040B84ED480B9FED020B84ED4A0BA4
:10CED00004E0000000000000000000001FED030B54
:10CEE00084ED4C0B1FED050B84ED4E0B9DED040BFB
:10CEF000B5EEC00BF1EE10FA7ED09DED040BB0EE56
:10CF0000C00B8DED040B94ED080BB0EEC00B84ED5F
:10CF1000080B94ED080B9DED041B31EE400B80EEE9
:10CF2000091B84ED421B9DED042B00E0F4E0B7EEFD
:10CF3000000B80EE021B94ED040B9DED062B32EEF0
:10CF4000400BB0EEC00B9DED042BB6EE003B22EE85
:10CF5000032B9DED043B22EE032B82EE093B30EECA
:10CF6000432B94ED080B94ED083B9DED044B34EE00
:10CF7000433B20EE030B80EE093B32EE430B94ED76
:10CF8000082B9DED043B33EE422BB6EE003B22EE28
:10CF9000032B94ED083B9DED044B34EE433B22EE16
:10CFA000032B82EE093B30EE432B94ED420B01EE56
:10CFB000020B84ED440B9DED040B80EE091B94EDF8
:10CFC000440B31EE000B84ED460B94ED080B94ED11
:10CFD000421B20EE011BB6EE000B29EE000B94ED78
:10CFE000422B20EE020B94ED422B00EE021B94ED3F
:10CFF000040B9DED062B00E037E032EE400BB5EE62
:10D00000C00BF1EE10FA02D24FF0FF3000E0012029
:10D0100000EE100AB8EEC02B94ED040B01EE020BEB
:10D0200084ED560B94ED441B94ED420B31EE400B16
:10D030009DED041B20EE011B94ED040B9DED062BD2
:10D0400032EE400BB5EEC00BF1EE10FA02D24FF00B
:10D05000FF3000E0012000EE100AB8EEC02B94ED86
:10D06000560B01EE020B84ED580B9DED060BB5EE51
:10D07000C00BF1EE10FA0CD094ED501B9DED062B79
:10D0800081EE020B94ED461B30EE010B84ED480B54
:10D0900003E094ED460B84ED480B9DED020BB5EEDD
:10D0A000C00BF1EE10FA2AD09DED020B80EE091BA9
:10D0B00094ED480B31EE000B84ED4A0B94ED061B0A
:10D0C0009DED060B30EE412B9DED021B82EE010B18
:10D0D00094ED4A1B30EE010B9DED021B81EE092BF6
:10D0E00030EE420B84ED4C0B9DED020B80EE091BE4
:10D0F00094ED4C0B31EE000B84ED4E0B0BE094EDF8
:10D10000480B84ED4A0B94ED480B84ED4C0B94EDE9
:10D11000480B84ED4E0B05E0B4F8D00010B10420AC
:10D1200084F8D200B4F8940100287DD00020A4F83F
:10D13000940194F8D2000228F7D094F8D200032882
:10D14000F3D094F8D20060B994ED020B84ED360B65
:10D1500094ED360BB0EE40FB94ED000B84ED3C0BF0
:10D1600003E094ED2E0B84ED360B0020A4F898011B
:10D17000022084F8D200B5EEC0ABF1EE10FA0ADD61
:10D1800094ED300B94ED681B20EE010B80EE0A1B32
:10D1900084ED381B03E01FEDB10B84ED380B94EDEB
:10D1A000320BB0EEC00B84ED3A0B1FEDB60B84EDE5
:10D1B0003E0B94F8D30001287DDA94ED3A0B80EE13
:10D1C000091B84ED421B94ED3A0B94ED421B20EEBB
:10D1D000010BB6EE001B29EE011B94ED422B21EE54
:10D1E000021B94ED422B01EE420B94ED381B30EE06
:10D1F000010B8DED060B94ED3A0BB0EE40BB1FED2D
:10D20000CB0BB0EE40CB94ED220B8DED040B9DEDDE
:10D21000060BB0EEC00B8DED060B9DED061B9DEDD4
:10D22000042B81EE020B00E0AFE19DED041B81EECB
:10D23000092B30EE420B84ED460B94ED460BB5EE18
:10D24000C00BF1EE10FA09D89DED061B21EE091B6B
:10D25000B0EE410B08F0E4FA8DED040B9DED040BEC
:10D26000B5EEC00BF1EE10FA51D09DED060BB5EE08
:10D27000C00BF1EE10FA4AD09DED040B80EE091BB5
:10D2800094ED420B31EE000B84ED440B9DED060B4B
:10D290009DED041B80EE012B94ED440B32EE000B50
:10D2A0009DED041B81EE092B30EE420B84ED460B05
:10D2B0009DED041B00E03FE081EE090B94ED461B61
:10D2C00030EE010B84ED480B9DED040BB6EE001B18
:10D2D00020EE010B9DED041B20EE010B80EE091BDF
:10D2E0009DED060B30EE410B84ED560B9DED040BCE
:10D2F00020EE001B81EE090B94ED561B9DED062BD5
:10D3000031EE421B30EE010B84ED580B96E19FEDA0
:10D31000F70B84ED440B9FEDF50B84ED460B9FED71
:10D32000F30B84ED480B9FEDF10B84ED560B9FED55
:10D33000EF0B84ED580B81E194F8D30001287DD1E7
:10D340009FEDEA0B84ED420B9FEDE80BB0EE40BB86
:10D350009FEDE60BB0EE40CB94ED220B8DED040B70
:10D3600094ED380BB0EEC00B8DED060B9DED061B5A
:10D370009DED042B81EE020B9DED041B81EE092B2C
:10D3800030EE420B84ED460B94ED460BB5EEC00B30
:10D39000F1EE10FA09D89DED061B21EE091BB0EE47
:10D3A000410B08F03DFA8DED040B9DED040BB5EE3D
:10D3B000C00BF1EE10FA51D09DED060BB5EEC00B8F
:10D3C000F1EE10FA4AD09DED040B80EE091B94EDAE
:10D3D000420B31EE000B84ED440B9DED061B9DEDE1
:10D3E000042B81EE020B94ED441B30EE010B9DEDFE
:10D3F000041B81EE092B30EE420B84ED460B9DEDB4
:10D40000040B80EE091B94ED460B31EE000B84ED0E
:10D41000480B9DED040BB6EE001B20EE010B9DEDBD
:10D42000041B20EE011B81EE090B9DED061B31EE66
:10D43000400B84ED560B9DED040B00E023E020EE45
:10D44000001B81EE090B94ED561B9DED062B31EE72
:10D45000421B30EE010B84ED580BEFE09FEDA30B68
:10D4600084ED440B9FEDA10B84ED460B9FED9F0BCC
:10D4700084ED480B9FED9D0B84ED560B9FED9B0BB0
:10D4800084ED580BDAE094F8D30001287DDD9FEDA0
:10D49000970B84ED420B94ED380BB0EEC00B8DED85
:10D4A000060B9FED920BB0EE40BB94ED3A0BB0EE45
:10D4B00040CB94ED3A1BB6EE002B21EE021B94ED0F
:10D4C0003A2B21EE021B9DED062B09EE021BB0EE5E
:10D4D000410B08F0A5F98DED040B94ED3A0B9DED91
:10D4E000041BB4EEC10BF1EE10FA03DD94ED3A0B20
:10D4F0008DED040B94ED220B9DED041BB4EEC10BDE
:10D50000F1EE10FA03D294ED220B8DED040B9DED9C
:10D51000040BB5EEC00BF1EE10FA7BD094ED3A0B94
:10D520009DED041B31EE400B80EE091B84ED441B86
:10D530009DED040BB7EE002B82EE001B9DED040B5E
:10D54000B6EE002B20EE020B9DED042B20EE022BFD
:10D5500082EE090B9DED062B32EE400B94ED3A2B3B
:10D5600094ED3A3B9DED044B34EE433B22EE032B0E
:10D5700082EE093B30EE430B94ED3A2B9DED043BDC
:10D5800033EE422BB6EE003B00E057E022EE032BD9
:10D5900094ED3A3B9DED044B34EE433B22EE032BDE
:10D5A00082EE093B30EE432B94ED440B01EE020B6F
:10D5B00084ED460B9DED041B81EE090B94ED461B9B
:10D5C00030EE010B84ED480BB6EE000B29EE000B9C
:10D5D00094ED441B20EE010B94ED441B20EE010B57
:10D5E00094ED441B0CEE010B9DED061B31EE400B40
:10D5F00084ED560B94ED460B94ED441B30EE411B2D
:10D6000094ED560B9DED042B02EE410B84ED580B6F
:10D6100014E0FFE79FED350B84ED440B9FED330BDA
:10D6200084ED460B9FED310B84ED480B9FED2F0BE6
:10D6300084ED560B9FED2D0B84ED580BB4F896013D
:10D64000F0B394F8D20060B994ED020B84ED360B80
:10D6500094ED360BB0EE40FB94ED000B84ED3C0BEB
:10D6600003E094ED2E0B84ED360B0020A4F8980116
:10D67000A4F89601032084F8D2009FED1C0B84EDE2
:10D680003E0BB5EEC0ABF1EE10FA06DD94ED300BBB
:10D6900080EE0A1B8DED061B03E09FED140B8DED54
:10D6A000060B94ED120BB1EE400B8DED040B9DEDCE
:10D6B000060BB1EE400B9DED041B80EE012B00E04C
:10D6C00001E084ED422B94F8D20005280DD2DFE86A
:10D6D00010F0050011000E068B080B090020A4F8BD
:10D6E000D0009FED020B84ED320BF8E30000000048
:10D6F000000000000120A4F8D00094ED3E0B0DEED8
:10D700000A0B84ED3E0B94ED3E0B94ED4E1BB4EEF4
:10D71000C10BF1EE10FA0EDD0020A4F8D0000120BC
:10D72000A4F89801B4F89A01002803D040F2B3405D
:10D73000A4F8D00054E294ED3E0B94ED4C1BB4EEF3
:10D74000C10BF1EE10FA7CDD022084F8D30094EDD9
:10D75000420BB0EE408B29EE080B20EE080B20EEBA
:10D76000081BB1EE082B81EE020B94ED081BB6EE00
:10D77000002B21EE021B21EE082BB0EE401B02EE27
:10D78000081B94ED040B9DED062B32EE400BB5EE1D
:10D79000C00BF1EE10FA01D2C01E00E0012000EE35
:10D7A000100AB8EEC00B21EE000B94ED041B01EE45
:10D7B000080B84ED400B94ED440B94ED421B30EECE
:10D7C000410BB0EE408B9DED040BB6EE001B20EE3E
:10D7D000010B20EE080B20EE081B94ED040B9DEDD1
:10D7E000062B32EE400BB5EEC00BF1EE10FA02D272
:10D7F0004FF0FF3000E0012000EE100AB8EEC00B41
:10D8000021EE000B94ED561B01EE080B94ED401B2E
:10D8100030EE010B84ED400B94ED460B94ED441B70
:10D8200030EE410BB0EE408B29EE080B20EE080BDA
:10D8300020EE080BB1EE082B80EE021B9DED040BD1
:10D8400000E0C3E0B6EE002B20EE020B20EE080B4A
:10D8500010EE081B94ED040B9DED062B32EE400BF1
:10D86000B5EEC00BF1EE10FA02D24FF0FF3000E03F
:10D87000012000EE100AB8EEC00B21EE000B94ED73
:10D88000581B01EE080B94ED401B30EE010B84EDAC
:10D89000400B94ED480B94ED461B30EE410BB0EE7F
:10D8A000408B94ED400B9DED061B01EE080B84EDC3
:10D8B000400B94ED4A0B94ED481B30EE410BB0EE5B
:10D8C000408B29EE080B20EE080B20EE081BB1EE72
:10D8D000082B81EE020B9DED061B11EE080B94ED5B
:10D8E000401B30EE010B84ED400B94ED4C0B94ED9E
:10D8F0004A1B30EE410BB0EE408B9DED020BB6EEB5
:10D90000001B20EE010B9DED021B20EE011B81EEA2
:10D91000090B20EE080B9DED021BB6EE002B21EE4D
:10D92000021B21EE081B01EE080B9DED061B11EEFC
:10D93000080B94ED401B30EE010B84ED400B94ED91
:10D940003E0B94ED4C1B30EE410BB0EE408BB1EE34
:10D95000490B20EE080B20EE080B20EE081BB1EE61
:10D96000082B81EE020B9DED021BB6EE002B21EE83
:10D97000021B21EE081B01EE080B9DED021BB6EE0B
:10D98000002B21EE021B9DED022B21EE022B82EEDD
:10D99000091B94ED062B9DED063B33EE422B32EE38
:10D9A000411B08EE010B9DED061B11EE080B94EDDB
:10D9B000401B30EE010B84ED400B9DED020B09EE98
:10D9C000480BB1EE400B84ED320B09E194ED3E0BB8
:10D9D00094ED4A1BB4EEC10BF1EE10FA7EDD02208D
:10D9E00084F8D30094ED420BB0EE408B29EE080B87
:10D9F00020EE080B20EE081BB1EE082B81EE020B87
:10DA000094ED081BB6EE002B21EE021B21EE082B35
:10DA1000B0EE401B02EE081B94ED040B9DED062BAF
:10DA200032EE400BB5EEC00BF1EE10FA01D2C01E83
:10DA300000E0012000EE100AB8EEC00B21EE000B52
:10DA400094ED041B01EE080B84ED400B94ED440BA8
:10DA500094ED421B30EE410BB0EE408B9DED040B7C
:10DA6000B6EE001B20EE010B20EE080B20EE081B8B
:10DA700094ED040B9DED062B32EE400BB5EEC00B82
:10DA8000F1EE10FA02D24FF0FF3000E0012000EE7C
:10DA9000100AB8EEC00B21EE000B94ED561B01EE00
:10DAA000080B94ED401B30EE010B84ED400B94ED20
:10DAB000460B94ED441B30EE410BB0EE408B29EE4B
:10DAC000080B20EE080B20EE080BB1EE082B80EEC1
:10DAD000021B9DED040BB6EE002B00E081E020EE72
:10DAE000020B20EE080B10EE081B94ED040B9DEDCD
:10DAF000062B32EE400BB5EEC00BF1EE10FA02D25F
:10DB00004FF0FF3000E0012000EE100AB8EEC00B2D
:10DB100021EE000B94ED581B01EE080B94ED401B19
:10DB200030EE010B84ED400B94ED480B94ED461B59
:10DB300030EE410BB0EE408B94ED400B9DED061B9B
:10DB400001EE080B84ED400B94ED4A0B94ED481B5D
:10DB500030EE410BB0EE408B29EE080B20EE080BA7
:10DB600020EE081BB1EE082B81EE020B9DED061B8B
:10DB700011EE080B94ED401B30EE010B84ED400BD1
:10DB800094ED3E0B94ED4A1B30EE410BB0EE408B12
:10DB90009DED020BB6EE001B20EE010B9DED021B6E
:10DBA00020EE011B81EE090B20EE080B9DED021B00
:10DBB000B6EE002B21EE021B21EE081B01EE080B36
:10DBC0009DED061B11EE080B94ED401B30EE010B92
:10DBD00084ED400B9DED020BB1EE400B84ED320B5A
:10DBE0004CE394ED3E0B94ED481BB4EEC10BF1EE0B
:10DBF00010FA7CDD022084F8D30094ED420BB0EEE5
:10DC0000408B29EE080B20EE080B20EE081BB1EE2E
:10DC1000082B81EE020B94ED081BB6EE002B21EED3
:10DC2000021B21EE082BB0EE401B02EE081B94ED08
:10DC3000040B9DED062B32EE400BB5EEC00BF1EE62
:10DC400010FA01D2C01E00E0012000EE100AB8EE6A
:10DC5000C00B21EE000B94ED041B01EE080B84EDCC
:10DC6000400B94ED440B94ED421B30EE410BB0EEB3
:10DC7000408B9DED040BB6EE001B20EE010B20EE59
:10DC8000080B20EE081B94ED040B9DED062B32EEE5
:10DC9000400BB5EEC00BF1EE10FA02D24FF0FF30A0
:10DCA00000E0012000EE100AB8EEC00B21EE000BE0
:10DCB00094ED561B01EE080B94ED401B30EE010B6A
:10DCC00084ED400B94ED460B94ED441B30EE410B7C
:10DCD000B0EE408B29EE080B20EE080B20EE080B6F
:10DCE000B1EE082B80EE021B9DED040B00E059E025
:10DCF000B6EE002B20EE020B20EE080B10EE081BF8
:10DD000094ED040B9DED062B32EE400BB5EEC00BEF
:10DD1000F1EE10FA02D24FF0FF3000E0012000EEE9
:10DD2000100AB8EEC00B21EE000B94ED581B01EE6B
:10DD3000080B94ED401B30EE010B84ED400B94ED8D
:10DD4000480B94ED461B30EE410BB0EE408B94ED4A
:10DD5000400B9DED061B01EE080B84ED400B94ED8E
:10DD60003E0B94ED481B30EE410BB0EE408B29EE9C
:10DD7000080B20EE080B20EE081BB1EE082B81EEFD
:10DD8000020B9DED061B11EE080B94ED401B30EECF
:10DD9000010B84ED400BB1EE490B20EE080B84ED36
:10DDA000320B6BE294ED3E0B94ED461BB4EEC10BCF
:10DDB000F1EE10FA7EDD012084F8D30094ED420BE1
:10DDC000B0EE408B29EE080B20EE080B20EE081B6E
:10DDD000B1EE082B81EE020B94ED081BB6EE002B82
:10DDE00021EE021B21EE082BB0EE401B02EE081BB9
:10DDF00094ED040B9DED062B32EE400BB5EEC00BFF
:10DE0000F1EE10FA01D2801E00E0012000EE100AAF
:10DE1000B8EEC00B21EE000B94ED041B01EE080BD5
:10DE200084ED400B94ED440B94ED421B30EE410B1E
:10DE3000B0EE408B9DED040BB6EE001B20EE010B07
:10DE400020EE080B20EE081B94ED040B9DED062B35
:10DE500032EE400BB5EEC00BF1EE10FA02D24FF0ED
:10DE6000FF3000E0012000EE100AB8EEC00B21EEFA
:10DE7000000B94ED561B01EE080B94ED401B30EEA9
:10DE8000010B84ED400B94ED460B94ED441B30EEFA
:10DE9000410BB0EE408B29EE080B20EE080B20EE74
:10DEA000080BB1EE082B80EE021B9DED040BB6EEC5
:10DEB000002B00E03AE020EE020B20EE080B10EE03
:10DEC000081B94ED040B9DED062B32EE400BB5EED6
:10DED000C00BF1EE10FA03D24FF0FF3001E005E283
:10DEE000012000EE100AB8EEC00B21EE000B94EDFD
:10DEF000581B01EE080B94ED401B30EE010B84ED36
:10DF0000400B94ED3E0B94ED461B30EE410BB0EE12
:10DF1000408B94ED400B9DED061B01EE080B84ED4C
:10DF2000400B9FEDFE0B84ED320BA7E194ED3E0B11
:10DF300094ED441BB4EEC10BF1EE10FA7EDD00202F
:10DF400084F8D30094ED420BB0EE408B29EE080B21
:10DF500020EE080B20EE081BB1EE082B81EE020B21
:10DF600094ED081BB6EE002B21EE021B21EE082BD0
:10DF7000B0EE401B02EE081B94ED040B9DED062B4A
:10DF800032EE400BB5EEC00BF1EE10FA01D2401E9E
:10DF900000E0012000EE100AB8EEC00B21EE000BED
:10DFA00094ED041B01EE080B84ED400B94ED440B43
:10DFB00094ED421B30EE410BB0EE408B9DED040B17
:10DFC000B6EE001B20EE010B20EE080B20EE081B26
:10DFD00094ED040B9DED062B32EE400BB5EEC00B1D
:10DFE000F1EE10FA02D24FF0FF3000E0012000EE17
:10DFF000100AB8EEC00B21EE000B94ED561B01EE9B
:10E00000080B94ED401B30EE010B84ED400B94EDBA
:10E010003E0B94ED441B30EE410BB0EE408B29EEED
:10E02000080B20EE080B20EE080BB1EE082B80EE5B
:10E03000021B9DED040BB6EE002B00E040E020EE4D
:10E04000020B20EE080B10EE081B94ED040B9DED67
:10E05000062B32EE400BB5EEC00BF1EE10FA02D2F9
:10E060004FF0FF3000E0012000EE100AB8EEC00BC8
:10E0700021EE000B94ED581B01EE080B94ED401BB4
:10E0800030EE010B84ED400B9DED041B09EE481BA7
:10E0900094ED040B9DED062B32EE400BB5EEC00B5C
:10E0A000F1EE10FA02D24FF0FF3000E0012000EE56
:10E0B000100AB8EEC00B21EE000B84ED320BDDE050
:10E0C00094ED3E0B94ED421BB4EEC10BF1EE10FA51
:10E0D00075DD002084F8D30094ED420BB0EE408B48
:10E0E00029EE080B20EE080B20EE081BB1EE082BE2
:10E0F00081EE020B94ED081BB6EE002B21EE021B05
:10E1000021EE082BB0EE401B02EE081B94ED040B31
:10E110009DED062B32EE400BB5EEC00BF1EE10FA82
:10E1200001D2401E00E0012000EE100AB8EEC00B44
:10E1300021EE000B94ED041B01EE080B84ED400B67
:10E1400094ED3E0B94ED421B30EE410BB0EE408B54
:10E150009DED040BB6EE001B20EE010B20EE080B2C
:10E1600020EE081B94ED040B9DED062B32EE400BC8
:10E17000B5EEC00BF1EE10FA02D24FF0FF3000E026
:10E18000012000EE100AB8EEC00B21EE000B94ED5A
:10E19000561B01EE080B94ED401B30EE010B84ED95
:10E1A000400B94ED040B9DED061B31EE400BB5EEDC
:10E1B000C00BF1EE10FA03D24FF0FF3001E00BE09C
:10E1C000012000EE100AB8EEC00B9DED041B20EEFE
:10E1D000010B84ED320B51E0002084F8D30094ED64
:10E1E0003E0BB0EE408B29EE080B20EE080B20EE24
:10E1F000081BB1EE082B81EE020B94ED081BB6EE66
:10E20000002B21EE021B21EE082BB0EE401B02EE8C
:10E21000081B94ED040B9DED062B32EE400BB5EE82
:10E22000C00BF1EE10FA01D2401E00E0012000EE1A
:10E23000100AB8EEC00B21EE000B94ED041B01EEAA
:10E24000080B84ED400B94ED081B09EE081B94EDC0
:10E25000040B9DED062B32EE400BB5EEC00BF1EE3C
:10E2600010FA02D24FF0FF3000E0012000EE100A59
:10E27000B8EEC00B21EE000B84ED320B94ED361B93
:10E2800094ED402B94F9D40000EE100AB8EEC00BC8
:10E2900002EE001B84ED2E1BB4F8980118B194ED2A
:10E2A0003C0B84ED2E0BB4F89801F8B994ED2E0BCD
:10E2B00094ED3C1BB4EEC10BF1EE10FA03DB94F9C4
:10E2C000D40000280CDC94ED2E0B94ED3C1BB4EE36
:10E2D000C10BF1EE10FA09D894F9D400002805DA40
:10E2E0000320A4F8D0000120A4F8980100E3012045
:10E2F000A4F8D00094ED3E0B0DEE0A0B84ED3E0B1E
:10E30000B5EEC0ABF1EE10FA05D10020A4F8D000B4
:10E310000120A4F8980194ED3E0B03E000000000FA
:10E320000000000094ED481BB4EEC10BF1EE10FAB2
:10E330007EDD94ED420BB0EE408B94ED380BB0EEE9
:10E34000C00B20EE080BB6EE001B2BEE011B21EEDE
:10E35000081B01EE080B29EE081B21EE081B21EE1D
:10E36000081BB1EE082B81EE023B30EE430B84ED2F
:10E37000400B94ED440B94ED421B30EE410BB0EE9C
:10E38000408B29EE080B20EE080B20EE081BB1EEA7
:10E39000082B81EE020B9DED061B11EE080BB6EE6D
:10E3A000001B2CEE011B21EE081B01EE480B94ED27
:10E3B000401B30EE010B84ED400B94ED460B94EDC9
:10E3C000441B30EE410BB0EE408B94ED560B20EE2B
:10E3D000080B9DED041BB6EE002B21EE021B21EE77
:10E3E000081B01EE480B94ED401B30EE010B84ED51
:10E3F000400B94ED480B94ED461B30EE410BB0EE14
:10E40000408BB1EE490B20EE080B20EE080B20EEFE
:10E41000081BB1EE082B81EE020B9DED041BB6EE3E
:10E42000002B21EE021B21EE081B01EE080B00E081
:10E4300014E094ED581B11EE080B94ED401B30EEE8
:10E44000010B84ED400B1FED4B0B84ED320B0020D4
:10E45000A4F8D0000120A4F8980193E194ED3E0BBC
:10E4600094ED461BB4EEC10BF1EE10FA7DDD0220F7
:10E4700084F8D30094ED420BB0EE408B94ED380B52
:10E48000B0EEC00B20EE080BB6EE001B2BEE011B0E
:10E4900021EE081B01EE080B29EE081B21EE081BDC
:10E4A00021EE081BB1EE082B81EE023B30EE430B50
:10E4B00084ED400B94ED440B94ED421B30EE410B88
:10E4C000B0EE408B29EE080B20EE080B20EE081B67
:10E4D000B1EE082B81EE020B9DED061B11EE080B31
:10E4E000B6EE001B2CEE011B21EE081B01EE480BC3
:10E4F00094ED401B30EE010B84ED400B94ED460B88
:10E5000094ED441B30EE410BB0EE408B94ED560B76
:10E5100020EE080B9DED041BB6EE002B21EE021B36
:10E5200021EE081B01EE480B94ED401B30EE010B71
:10E5300084ED400B94ED3E0B94ED461B30EE410B09
:10E54000B0EE408BB1EE490B20EE080B20EE080B2D
:10E5500020EE081BB1EE082B81EE020B9DED041B93
:10E56000B6EE002B21EE021B00E016E021EE081BA8
:10E5700001EE080B94ED581B11EE080B94ED401BB7
:10E5800030EE010B84ED400B9DED040B09EE480BC2
:10E59000B1EE400B84ED320BF4E094ED3E0B94EDC4
:10E5A000441BB4EEC10BF1EE10FA69DD022084F8D1
:10E5B000D30094ED420BB0EE408B94ED380BB0EEEF
:10E5C000C00B20EE080BB6EE001B2BEE011B21EE5C
:10E5D000081B01EE080B29EE081B21EE081B21EE9B
:10E5E000081BB1EE082B81EE023B30EE430B84EDAD
:10E5F000400B94ED440B94ED421B30EE410BB0EE1A
:10E60000408B29EE080B20EE080B20EE081BB1EE24
:10E61000082B81EE020B9DED061B11EE080BB6EEEA
:10E62000001B2CEE011B21EE081B01EE480B94EDA4
:10E63000401B30EE010B84ED400B94ED3E0B94ED4E
:10E64000441B30EE410BB0EE408B94ED560B20EEA8
:10E65000080B9DED041BB6EE002B21EE021B21EEF4
:10E66000081B01EE480B94ED401B30EE010B84EDCE
:10E67000400B9DED040BB1EE400B84ED320B81E0BD
:10E6800094ED3E0B94ED421BB4EEC10BF1EE10FA8B
:10E690004FDD022084F8D30094ED420BB0EE408BA6
:10E6A00094ED380BB0EEC00B20EE080BB6EE001B5D
:10E6B0002BEE011B21EE081B01EE080B29EE081BB7
:10E6C00021EE081B21EE081BB1EE082B81EE023B68
:10E6D00030EE430B84ED400B94ED3E0B94ED421B6A
:10E6E00030EE410BB0EE408B29EE080B20EE080B0C
:10E6F00020EE081BB1EE082B81EE020B9DED061BF0
:10E7000011EE080BB6EE001B2CEE011B21EE081BD0
:10E7100001EE480B94ED401B30EE010B84ED400BF5
:10E72000B1EE491BB0EE4C0B11EE080B84ED320B31
:10E7300028E0002084F8D30094ED3E0BB0EE408B2F
:10E7400094ED380BB0EEC00B20EE080BB6EE001BBC
:10E750002BEE011B21EE081B01EE080B29EE081B16
:10E7600021EE081B21EE081BB1EE082B81EE023BC7
:10E7700030EE430B84ED400BB0EE4B0B09EE480B33
:10E7800084ED320B94ED361B94ED402B94F9D400BC
:10E7900000EE100AB8EEC00B02EE001B84ED2E1B3B
:10E7A000B4F89801F8B994ED2E0B94ED3C1BB4EE3F
:10E7B000C10BF1EE10FA03DB94F9D40000280CDC55
:10E7C00094ED2E0B94ED3C1BB4EEC10BF1EE10FA60
:10E7D00009D894F9D400002805DA0320A4F8D00061
:10E7E0000120A4F8980183E00120A4F8D00094ED62
:10E7F0003E0B0DEE0A0B84ED3E0BB5EEC0ABF1EE19
:10E8000010FA05D10020A4F8D0000120A4F8980146
:10E8100094ED3E0B94ED421BB4EEC10BF1EE10FAF9
:10E820001EDD94ED420BB0EE408B9DED040BB6EE79
:10E83000001B20EE010B20EE080B20EE080B9DEDD7
:10E84000061B01EE080B84ED400B0020A4F8D0005D
:10E850000120A4F898019FED530B84ED320B17E0D3
:10E8600094ED3E0BB0EE408B9DED040BB6EE001B1D
:10E8700020EE010B20EE080B20EE080B9DED061B91
:10E8800001EE080B84ED400B9DED040B84ED320B83
:10E8900094ED360B94ED401B30EE010B84ED2E0B06
:10E8A000B4F89801F8B994ED2E0B94ED3C1BB4EE3E
:10E8B000C10BF1EE10FA03DB94F9D40000280CDC54
:10E8C00094ED2E0B94ED3C1BB4EEC10BF1EE10FA5F
:10E8D00009D894F9D400002805DA0320A4F8D00060
:10E8E0000120A4F8980103E0002084F8D20000BFC2
:10E8F00000BFB5EEC0DBF1EE10FA2FD094ED2E0B79
:10E9000030EE4F0B80EE0D1B84ED301BB4F89801F8
:10E9100018B394F8D200032803D094F8D200022848
:10E920000BD1B4F8D000A8B99FED1E0B84ED300BCD
:10E930009FED1C0B84ED320B0CE0B4F8D00048B90D
:10E9400094ED060B20EE0A0B84ED300B9FED150BBA
:10E9500084ED320B002084F8D20007E09FED110B0C
:10E9600084ED300B9FED0F0B84ED320B0020A4F8EB
:10E970009201A4F89401A4F896019DED060B84ED94
:10E98000540B9DED040B84ED5A0B9DED020B84EDB1
:10E990005C0B84ED5E9B84ED60BB84ED62CB00BFBD
:10E9A000FEF7A2B800000000000000002DE9F041D1
:10E9B0002DED108BADF53E7D06468846174698ED49
:10E9C000000B8DEDBC0B98ED020B8DEDBA0B98EDA5
:10E9D000040B8DEDB80B98ED060BB0EE408B98ED67
:10E9E000080BB0EE409B9FEDFA0B28EE000B9FED5D
:10E9F000FA1B80EE012B8DED0A2B9DED0A0B06F024
:10EA00005FF88DEDB60B9FEDF20B28EE000B9FED3E
:10EA1000F21B80EE012B8DED0A2B9DED0A0B06F00B
:10EA2000A7FE8DEDB40B9FEDEA0B29EE000B9FEDD9
:10EA3000EA1B80EE012B8DED0A2B9DED0A0B06F0F3
:10EA40003FF88DEDB20B9FEDE20B29EE000B9FED31
:10EA5000E21B80EE012B8DED0A2B9DED0A0B06F0DB
:10EA600087FE8DEDB00B96ED0C0B8DEDAE0B96ED9C
:10EA70000E0B8DEDAC0B96ED100B8DEDAA0B96EDFC
:10EA8000180B8DEDA80B96ED1A0B8DEDA60B96EDE0
:10EA90001C0B8DEDA40B96ED240B8DEDA20B96EDCA
:10EAA000260B8DEDA00B96ED280B8DED9E0B96EDB4
:10EAB0001E0B8DED9C0B96ED200B8DED9A0B96EDBC
:10EAC000220B8DED980B96ED2A0B8DED960B96EDA6
:10EAD0002C0B8DED940B96ED2E0B8DED920B9DED89
:10EAE0009C0B9DED9A1B30EE011B9DED980B31EEBA
:10EAF000000BB7EE001BB4EE410BF1EE10FA10D193
:10EB00009DED960B9DED941B30EE011B9DED920B40
:10EB100031EE000BB7EE001BB4EE410BF1EE10FA34
:10EB200007D040F203400DF53E7DBDEC108BBDE8F3
:10EB3000F0819DED9C0BB7EE001BB4EE410BF1EEA6
:10EB400010FA06D1B0EE48AB9FEDA5BB9FEDA4CB6C
:10EB50001EE09DED9A0BB7EE001BB4EE410BF1EEFB
:10EB600010FA06D19FED9EABB0EE48BB9FED9CCB5B
:10EB70000EE09DED980BB7EE001BB4EE410BF1EEED
:10EB800010FA05D19FED96AB9FED95BBB0EE48CB4B
:10EB90009DED960BB7EE001BB4EE410BF1EE10FAB3
:10EBA00006D1B0EE49DB9FED8EEB9FED8DFB1EE0B5
:10EBB0009DED940BB7EE001BB4EE410BF1EE10FA95
:10EBC00006D19FED87DBB0EE49EB9FED85FB0EE0B4
:10EBD0009DED920BB7EE001BB4EE410BF1EE10FA77
:10EBE00005D19FED7FDB9FED7EEBB0EE49FB9DED08
:10EBF000A80B8DED8A0B9DEDA60B8DED8C0B9DED7D
:10EC0000A40B8DED8E0BB7EE000B8DED900B9DEDF3
:10EC1000A20B8DED820B9DEDA00B8DED840B9DED78
:10EC20009E0B8DED860BB7EE000B8DED880B9DEDE9
:10EC3000A80B8DED480B9DEDA60B8DED500B9DEDBA
:10EC4000A40B8DED580BB7EE000B8DED600B9DED19
:10EC5000AE0B9DEDBC1B30EE010B8DED680B9DEDF9
:10EC6000AC0B9DEDBA1B30EE010B8DED700B9DEDE5
:10EC7000AA0B9DEDB81B30EE010B8DED780BB7EEB6
:10EC8000000B8DED800B00240EE09FED550B7AA854
:10EC900000EBC40080ED000B9FED510B5AA800EB78
:10ECA000C40080ED000B641C032CEEDBB0EE4C2B9B
:10ECB000B0EE4B1BB0EE4A0B30A8F4F70DFA00246F
:10ECC00015E0002510E004EB440030A901EBC00082
:10ECD00000EBC50090ED000B62A800EB441000EBC8
:10ECE000C50080ED000B6D1C032DECDB641C032CB8
:10ECF000E7DBB0EE4F2BB0EE4E1BB0EE4D0B30A865
:10ED0000F4F7EAF9002415E0002510E004EB4400D4
:10ED100030A901EBC00000EBC50090ED000B42A84C
:10ED200000EB441000EBC50080ED000B6D1C032DC3
:10ED3000ECDB641C032CE7DB9DED680B87ED000B1F
:10ED40009DED700B87ED020B9DED780B87ED040BAD
:10ED5000002424E09FED220B28A800EBC40080EDE6
:10ED6000000B002518E062A800EB441000EBC50082
:10ED700090ED001B8AA800EBC50090ED002B28A8A1
:10ED800000EBC40090ED000B01EE020B28A800EB95
:10ED9000C40080ED000B6D1C042DE4DB641C042C0E
:10EDA000D8DB9DED280B87ED0C0B9DED2A0B87ED35
:10EDB0000E0B9DED2C0B87ED100B002430E09FED2A
:10EDC000080B18A800EBC40080ED000B002524E020
:10EDD000112D4454FB2109400000000000806640D2
:10EDE000000000000000000042A800EB441000EB0F
:10EDF000C50090ED001B82A800EBC50090ED002B34
:10EE000018A800EBC40090ED000B01EE020B18A84F
:10EE100000EBC40080ED000B6D1C042DE4DB641CD2
:10EE2000042CCCDB002424E01FED130B20A800EB06
:10EE3000C40080ED000B002518E062A800EB441030
:10EE400000EBC50090ED001B18A800EBC50090ED8D
:10EE5000002B20A800EBC40090ED000B01EE020B8C
:10EE600020A800EBC40080ED000B6D1C042DE4DB3A
:10EE7000641C042CD8DB9DED200B87ED180B9DED59
:10EE8000220B87ED1A0B9DED240B87ED1C0B9DEDDE
:10EE9000200B87ED240B9DED220B87ED260B9DEDBE
:10EEA000240B87ED280B9DED200B87ED300B9DED9E
:10EEB000220B87ED320B9DED240B87ED340B9DED7E
:10EEC000200B87ED3C0B9DED220B87ED3E0B9DED5E
:10EED000240B87ED400B96ED000B8DED0C0B96EDA2
:10EEE000020B8DED0E0B96ED040B8DED100B96EDD8
:10EEF000060B8DED120B96ED080B8DED140B96EDB8
:10EF00000A0B8DED160B002426E000250DE004EB26
:10EF1000440007EB001000EBC50090ED000B6846C5
:10EF200000EBC50080ED000B6D1C032DEFDB03250E
:10EF300007E01FED550B684600EBC50080ED000BA8
:10EF40006D1C062DF5DB04EB440007EB00120CA949
:10EF5000684601F0ABFC641C062CD6DB0020E2E521
:10EF60002DE9F0432DED108BADF5277D05460F46BD
:10EF70009046994697ED000B8DEDA40B97ED020B93
:10EF80008DEDA20B97ED040B8DEDA00B97ED060B0D
:10EF9000B0EE40EB97ED080BB0EE40FB95ED0C0B9F
:10EFA0008DED9E0B95ED0E0B8DED9C0B95ED100BE5
:10EFB0008DED9A0B95ED180B8DED980B95ED1A0BC9
:10EFC0008DED960B95ED1C0B8DED940B95ED240BB3
:10EFD0008DED920B95ED260B8DED900B95ED280B9D
:10EFE0008DED8E0B95ED1E0B8DED8C0B95ED200BA5
:10EFF0008DED8A0B95ED220B8DED880B95ED2A0B8F
:10F000008DED860B95ED2C0B8DED840B95ED2E0B78
:10F010008DED820B95ED000B8DED760B95ED020BD2
:10F020008DED780B95ED040B8DED7A0B95ED060BC0
:10F030008DED7C0B95ED080B8DED7E0B95ED0A0BA0
:10F040008DED800B9DED8C0B9DED8A1B30EE011B31
:10F050009DED880B31EE000BB7EE001BB4EE410BBB
:10F06000F1EE10FA10D19DED860B9DED841B30EE74
:10F07000011B9DED820B31EE000BB7EE001BB4EED1
:10F08000410BF1EE10FA07D040F203400DF5277D59
:10F09000BDEC108BBDE8F0839DED8C0BB7EE001B33
:10F0A000B4EE410BF1EE10FA06D1B0EE4E8B9FEDAF
:10F0B000BB9B9FEDBAAB1EE09DED8A0BB7EE001B2C
:10F0C000B4EE410BF1EE10FA06D19FEDB48BB0EE29
:10F0D0004E9B9FEDB2AB0EE09DED880BB7EE001B93
:10F0E000B4EE410BF1EE10FA05D19FEDAC8B9FED24
:10F0F000AB9BB0EE4EAB9DED860BB7EE001BB4EEB6
:10F10000410BF1EE10FA06D1B0EE4FBB9FEDA3CB51
:10F110009FEDA2DB1EE09DED840BB7EE001BB4EE6D
:10F12000410BF1EE10FA06D19FED9CBBB0EE4FCB38
:10F130009FED9ADB0EE09DED820BB7EE001BB4EE67
:10F14000410BF1EE10FA05D19FED94BB9FED93CBEF
:10F15000B0EE4FDB9DED920B8DED620B9DED900BB4
:10F160008DED640B9DED8E0B8DED660BB7EE000BF8
:10F170008DED680B9DED980B8DED280B9DED960B9D
:10F180008DED300B9DED940B8DED380BB7EE000B34
:10F190008DED400B9DED9E0B9DEDA41B30EE010B04
:10F1A0008DED480B9DED9C0B9DEDA21B30EE010BF0
:10F1B0008DED500B9DED9A0B9DEDA01B30EE010BDC
:10F1C0008DED580BB7EE000B8DED600B00240EE0BB
:10F1D0009FED720B5AA800EBC40080ED000B9FED71
:10F1E0006F0B3AA800EBC40080ED000B641C032CED
:10F1F000EEDBB0EE4A2BB0EE491BB0EE480B10A888
:10F20000F3F76AFF002415E0002610E004EB440049
:10F2100010A901EBC00000EBC60090ED000B42A866
:10F2200000EB441000EBC60080ED000B761C032EB3
:10F23000ECDB641C032CE7DBB0EE4D2BB0EE4C1B7B
:10F24000B0EE4B0B10A8F3F747FF002415E00026A3
:10F2500010E004EB440010A901EBC00000EBC60075
:10F2600090ED000B22A800EB441000EBC60080EDEF
:10F27000000B761C032EECDB641C032CE7DB002464
:10F2800024E09FED460B08A800EBC40080ED000BC6
:10F29000002618E022A800EB441000EBC60090ED19
:10F2A000001B62A800EBC60090ED002B08A800EB45
:10F2B000C40090ED000B01EE020B08A800EBC400A7
:10F2C00080ED000B761C042EE4DB641C042CD8DBE0
:10F2D000002424E09FED310B684600EBC40080ED74
:10F2E000000B002618E042A800EB441000EBC6001B
:10F2F00090ED001B08A800EBC60090ED002B6846BF
:10F3000000EBC40090ED000B01EE020B684600EB31
:10F31000C40080ED000B761C042EE4DB641C042C7E
:10F32000D8DB9DED000B8DED6A0B9DED020B8DED95
:10F330006C0B9DED040B8DED6E0B38EE0B0B8DED14
:10F34000700B39EE0C0B8DED720B3AEE0D0B8DED53
:10F35000740B98ED0A3BB0EE432B98ED083BB0EEF2
:10F36000431B98ED063BB0EE430B4A4676A96AA8CC
:10F3700001F028FB00240CE009EBC40090ED001B19
:10F38000B0EE410B00F032FB09EBC40080ED000B46
:10F39000641C062CF0DB002078E600000000000072
:10F3A000000000002DE9F0432DED108BADF50D7D33
:10F3B0000446884691461E4694ED000B8DED800B69
:10F3C00094ED020B8DED820B94ED040B8DED840B0F
:10F3D00094ED060B8DED860B94ED080B8DED880BEF
:10F3E00094ED0A0B8DED8A0B98ED0A3BB0EE432BA2
:10F3F00098ED083BB0EE431B98ED063BB0EE430B97
:10F4000074AA80A94046F1F70BFC9DED740B8DEDBD
:10F41000720B9DED760B8DED700B9DED780B8DEDE8
:10F420006E0B9DED7A0BB0EE408B9DED7C0BB0EE3C
:10F43000409B9DED7E0BB0EE40AB94ED0C0B8DED43
:10F440006C0B94ED0E0B8DED6A0B94ED100B8DEDA6
:10F45000680B94ED180B8DED660B94ED1A0B8DED8A
:10F46000640B94ED1C0B8DED620B94ED240B8DED74
:10F47000600B94ED260B8DED5E0B94ED280B8DED5E
:10F480005C0B94ED1E0BB0EE40BB94ED200BB0EE88
:10F4900040CB94ED220BB0EE40DB94ED2A0BB0EEA6
:10F4A00040EB94ED2C0BB0EE40FB94ED2E0B8DED6C
:10F4B0005A0B3BEE0C0B30EE0D0BB7EE001BB4EE0F
:10F4C000410BF1EE10FA0CD13EEE0F1B9DED5A0BE5
:10F4D00031EE000BB7EE001BB4EE410BF1EE10FA6B
:10F4E00007D040F203400DF50D7DBDEC108BBDE85B
:10F4F000F083B7EE000BB4EE40BBF1EE10FA0AD188
:10F500008DED588B9FEDB50B8DED560B9FEDB30B2D
:10F510008DED540B22E0B7EE000BB4EE40CBF1EED4
:10F5200010FA0AD19FEDAD0B8DED580B8DED569B6A
:10F530009FEDAA0B8DED540B10E0B7EE000BB4EE6F
:10F5400040DBF1EE10FA09D19FEDA40B8DED580BC5
:10F550009FEDA20B8DED560B8DED54ABB7EE000B6E
:10F56000B4EE40EBF1EE10FA0AD18DED528B9FED27
:10F570009B0B8DED500B9FED990B8DED4E0B24E009
:10F58000B7EE000BB4EE40FBF1EE10FA0AD19FED9E
:10F59000930B8DED520B8DED509B9FED900B8DEDF0
:10F5A0004E0B12E09DED5A0BB7EE001BB4EE410B73
:10F5B000F1EE10FA09D19FED890B8DED520B9FED05
:10F5C000870B8DED500B8DED4EAB9DED542B9DEDCE
:10F5D000561B9DED580B3CA8F3F77EFD9DED4E2B81
:10F5E0009DED501B9DED520B2AA8F3F775FD18AA4F
:10F5F0002AA93CA8FBF708FA9DED660B8DED120BCE
:10F600009DED640B8DED140B9DED620B8DED160BD6
:10F610009DED600B8DED0C0B9DED5E0B8DED0E0BDE
:10F620009DED5C0B8DED100B002526E09FED6B0B27
:10F6300006A800EBC50080ED000B00271AE007EBE1
:10F64000470018A901EBC00000EBC50090ED001BBE
:10F650000CA800EBC70090ED002B06A800EBC5003E
:10F6600090ED000B01EE020B06A800EBC50080ED4B
:10F67000000B7F1C032FE2DB6D1C032DD6DB002566
:10F6800026E09FED560B684600EBC50080ED000BB1
:10F6900000271AE007EB47003CA901EBC00000EB94
:10F6A000C50090ED001B12A800EBC70090ED002BE9
:10F6B000684600EBC50090ED000B01EE020B6846BA
:10F6C00000EBC50080ED000B7F1C032FE2DB6D1CFF
:10F6D000032DD6DB9DED061B9DED720B30EE410B2D
:10F6E0009DED001B30EE411B9DED6C0B31EE400B90
:10F6F00086ED000B9DED081B9DED700B30EE410B70
:10F700009DED021B30EE411B9DED6A0B31EE400B6F
:10F7100086ED020B9DED0A1B9DED6E0B30EE410B4D
:10F720009DED041B30EE411B9DED680B31EE400B4F
:10F7300086ED040BB7EE000BB4EE40BBF1EE10FA11
:10F7400002D186ED068B12E0B7EE000BB4EE40CB93
:10F75000F1EE10FA02D186ED069B08E0B7EE000B41
:10F76000B4EE40DBF1EE10FA01D186ED06ABB7EE58
:10F77000000BB4EE40EBF1EE10FA02D186ED088BEF
:10F7800014E0B7EE000BB4EE40FBF1EE10FA02D13C
:10F7900086ED089B0AE09DED5A0BB7EE001BB4EE18
:10F7A000410BF1EE10FA01D186ED08AB9FED0B0B8A
:10F7B00086ED0A0B00250CE006EBC50090ED001B62
:10F7C000B0EE410B00F012F906EBC50080ED000B26
:10F7D0006D1C052DF0DB002085E600000000000018
:10F7E000000000002DE9FC4104460D4617469846EE
:10F7F00004F5806090EDDC0BB0EE001B80EE012B79
:10F8000095ED040B80FE420B84EDBC0B05F580608A
:10F8100090EDDC1BB0EE002B81EE020B95ED041B8E
:10F8200081FE400B403080ED120B207803280BD175
:10F8300094EDBC0B94ED701B9FED682B21EE021B29
:10F8400080FE410B84EDBC0B287803280DD105F513
:10F85000886090ED120B95ED701B9FED602B21EEF3
:10F86000021B80FE410B80ED120B04F5806090EDD1
:10F87000DC0BB5EEC00BF1EE10FA70D005F5806030
:10F8800090EDDC0BB5EEC00BF1EE10FA67D02878E6
:10F890000C2864D005F58061CDE9007891EDDC1B82
:10F8A000B0EE410B2878002304F5407205F14001C9
:10F8B000F3F70AFE302204F1400104F55870F0F726
:10F8C00069FD04F58061CDE9007891EDDC1BB0EEB7
:10F8D000410B2078012304F5647204F14001F3F731
:10F8E000F3FD0422032104F54070F3F733FA84EDAD
:10F8F000BE0B0422032104F54070F3F7E3F905F58C
:10F90000916080ED020B94EDBE0B94EDBC1B30EECC
:10F91000410B04F5806090EDDC2B80EE021B90ED36
:10F92000DA2B90EDDA0B01EE020B80EDDA0B05F528
:10F93000916090ED020B483890ED121B30EE410BB8
:10F94000403890EDDC2B80EE021B90EDDA2B90ED31
:10F95000DA0B01EE020B80EDDA0B33E0FFE7002655
:10F960000BE006EB460204F5407101EB0210302279
:10F9700004F14001F0F70EFD761C052EF1DB0526A3
:10F980000BE006EB460204F5407101EB0210302259
:10F9900004F17001F0F7FEFC761C072EF1DB9FED01
:10F9A000110B84EDBE0B9FED0F0B84EDBC0B9FED97
:10F9B0000D0B05F5916080ED020B9FED0A0B4838A9
:10F9C00080ED120B4FF4A87204F5407105F59360B9
:10F9D000F0F7E0FC0020BDE8FC810000112D44544C
:10F9E000FB210940000000000000000010B52DEDD3
:10F9F000048BB0EE409BB0EE490B05F069FEBDEE06
:10FA0000C00BB0EE408AB8EEC80B39EE400BB0EE3A
:10FA1000C00B9FED071BB4EEC10BF1EE10FA04D240
:10FA2000B8EEC80BBDEC048B10BDB0EE490BF9E786
:10FA3000F168E388B5F8E43E10B500231B4C236061
:10FA400000BF00BF00BFBFF34F8F00BF00BF00BFAC
:10FA5000231F1868C0F34E3100BFC0F3C90200BFB6
:10FA600043F6E07303EA41134FF0404404EA827422
:10FA700023430F4C236000BF00BF131EA2F10102FD
:10FA8000EED10B1EA1F10101E7D100BF00BF00BF05
:10FA9000BFF34F8F00BF00BF00BF00BF00BF00BF5C
:10FAA000BFF36F8F00BF00BF00BF10BD84ED00E04B
:10FAB00074EF00E010B50023234C236000BF00BFAB
:10FAC00000BFBFF34F8F00BF00BF00BF231F1868E8
:10FAD000C0F34E3100BFC0F3C90200BF43F6E0736C
:10FAE00003EA41134FF0404404EA82742343174C65
:10FAF000236000BF00BF131EA2F10102EED10B1E56
:10FB0000A1F10101E7D100BF00BF00BFBFF34F8FDC
:10FB100000BF00BF00BF0C4B703B1B6843F4803339
:10FB2000094C703C236000BF00BF00BFBFF34F8F84
:10FB300000BF00BF00BF00BF00BF00BFBFF36F8F9B
:10FB400000BF00BF00BF10BD84ED00E060EF00E02B
:10FB500000BF00BF00BFBFF34F8F00BF00BF00BF9B
:10FB600000BF00BF00BFBFF36F8F00BF00BF00BF6B
:10FB700000201449086000BF00BF00BFBFF34F8FD3
:10FB800000BF00BF00BF00BF00BF00BFBFF36F8F4B
:10FB900000BF00BF00BF0C48006840F400300A49B5
:10FBA000086000BF00BF00BFBFF34F8F00BF00BFA2
:10FBB00000BF00BF00BF00BFBFF36F8F00BF00BF1B
:10FBC00000BF704750EF00E014ED00E030B50A468A
:10FBD0000446202300BF00BF00BFBFF34F8F00BF0C
:10FBE00000BF00BF03E00B4D2C601C44D21A002A5A
:10FBF000F9DC00BF00BF00BFBFF34F8F00BF00BFE5
:10FC000000BF00BF00BF00BFBFF36F8F00BF00BFCA
:10FC100000BF30BD5CEF00E070470000F0B52DED97
:10FC2000108B9FB004460D4616461F4695ED000BFF
:10FC3000B0EE408B95ED020BB0EE409B95ED040BC2
:10FC4000B0EE40DB95ED060BB0EE40CB94ED0C0B27
:10FC5000B0EE40AB94ED100B8DED1C0B94ED180B3A
:10FC6000B0EE40BB94ED1C0B8DED1A0B94ED340BF4
:10FC70008DED180B94ED000B8DED0C0B94ED020B3C
:10FC80008DED0E0B94ED040B8DED100B94ED0A0B26
:10FC90008DED120BB5EEC0ABF1EE10FA04D9B5EE56
:10FCA000C0BBF1EE10FA05D840F2FD301FB0BDEC3C
:10FCB000108BF0BD9FED3A0B28EE000B9FED3A1B29
:10FCC00080EE012BB0EE42EBB0EE4E0B04F0F8FEEE
:10FCD00020EE0AFB38EE090B9FED311B20EE010BE5
:10FCE0009FED311B80EE012BB0EE42EBB0EE4E0BE0
:10FCF00004F0E6FE0BEE00FB8DED00FB9FED280B04
:10FD000028EE000B9FED281B80EE012BB0EE42EB9E
:10FD1000B0EE4E0B05F02CFD20EE0AFB38EE090B81
:10FD20009FED1F1B20EE010B9FED1F1B80EE012B93
:10FD3000B0EE42EBB0EE4E0B05F01AFD0BEE00FB01
:10FD40008DED02FB9DED180B20EE0C0B9FED181BAB
:10FD500080EE012B9DED1C0B9DED1A1B30EE010B6F
:10FD600030EE0D0B32EE000B8DED040B38EE090B6F
:10FD700030EE0C0B8DED060B96ED062BB0EE421B14
:10FD80009DED062BB0EE420BFBF7AEFE8DED060BA4
:10FD90003A460CA9684600F089FD002086E700007D
:10FDA000112D4454FB2109400000000000806640F2
:10FDB00000000000008076402DE9F0412DED108B11
:10FDC000A6B00546884616461C4695ED000B8DEDFF
:10FDD0001A0B95ED020B8DED1C0B95ED040B8DEDC3
:10FDE0001E0B95ED0A0B8DED200B0EAA1AA94046AD
:10FDF000F0F740FE9DED0E0BB0EE40CB9DED100BED
:10FE0000B0EE40BB9DED120BB0EE40DB9DED140B50
:10FE10008DED0C0B95ED0C0BB0EE40AB95ED100B92
:10FE20008DED0A0B95ED180BB0EE409B95ED1C0B7C
:10FE30008DED080B95ED340B8DED060B96ED020B59
:10FE4000B5EEC00BF1EE10FA01D2012700E0002759
:10FE5000B5EEC0ABF1EE10FA04D9B5EEC09BF1EEF1
:10FE600010FA06D840F2FD3026B0BDEC108BBDE88C
:10FE7000F0812CEE0C0B0BEE0B0B0AEE4A0B09EE8D
:10FE8000490BB0EE001B2AEE011B21EE091B80EE90
:10FE9000018B28EE080B9FED901BB4EEC10BF1EE29
:10FEA00010FA05DD8EA004F0DFFA40F2FE30DBE749
:10FEB00028EE080BB7EE001BB4EEC10BF1EE10FA02
:10FEC00003DDB7EE000BB0EE408B9FED8A0BB4EE76
:10FED000C0CBF1EE10FA0CD89FED860BB4EEC0BB90
:10FEE000F1EE10FA05D885A004F0BEFA40F2FE301B
:10FEF000BAE7E7BBB0EE4C1BB0EE4B0B04F000FDD5
:10FF00009FED831B20EE010B9FED831B80EE01FB19
:10FF1000B7EE001B08EE481BB0EE410B05F080FC6D
:10FF200020EE090BB0EE40EBB0EE4A0B09EE080BE9
:10FF3000B0EE401BB0EE4E0B04F0E2FC9FED741BE4
:10FF400020EE010B9FED741B80EE012B3FEE420B68
:10FF500084ED000BB7EE001B08EE481BB0EE410B22
:10FF600005F05EFCB0EE40EBB0EE481B00E00CE0AC
:10FF700004F0C6FC9FED661B20EE010B9FED661B97
:10FF800080EE012B84ED022B51E0012F4CD1B0EE1D
:10FF90004C1BB0EE4B0B04F0B3FC9FED5D1B20EE51
:10FFA000010B9FED5D1B80EE01FBB7EE001B08EE21
:10FFB000481BB0EE410B05F033FCB1EE491B20EEBF
:10FFC000010BB0EE40EBB0EE4A0B09EE080BB0EEC1
:10FFD000401BB0EE4E0B04F093FC9FED4D1B20EE4A
:10FFE000010B9FED4D1B80EE012B3FEE420B84ED8C
:10FFF000000BB7EE001B08EE481BB0EE410B05F0FE
:020000040801F1
:100000000FFCB1EE400BB0EE40EBB0EE481B04F03D
:1000100077FC9FED3F1B20EE010B9FED3F1B80EE19
:10002000012B84ED022B02E04FF480601CE796ED7B
:10003000002BB0EE421B94ED002BB0EE420BFBF711
:1000400053FD84ED000B96ED022BB0EE421B94EDB8
:10005000022BB0EE420BFBF747FD84ED020B94ED53
:10006000000B8DED040B94ED020B8DED020B9DED5D
:100070000C1B9DED040B31EE401B9DED020B31EE90
:10008000400B84ED060B96ED062BB0EE421B94ED73
:10009000062BB0EE420BFBF727FD84ED060B94ED2B
:1000A000060B8DED000B9DED061B9DED000B21EE6B
:1000B000000B9FED1B2B80EE021B9DED0A0B3DEE0E
:1000C000402B9DED080B32EE400B30EE410B84EDE2
:1000D000040B0020C8E6000072C45A7C0A00F03FFE
:1000E0005363617261496E766572736520310D0AE2
:1000F00000000000F168E388B5F8E43E53636172E4
:1001000061496E766572736520320D0A0000000049
:100110000000000000806640112D4454FB2109407E
:1001200000000000008076402DE9F0412DED108B9D
:10013000B0B005460F46144697ED000B8DED2E0B23
:1001400097ED020B8DED2C0B97ED040BB0EE40EB11
:1001500097ED060BB0EE40FB9DED2E0B9FEDAB1B1C
:1001600020EE010B9FEDAB1B80EE012B8DED0A2BDA
:100170009DED0A0B04F0A4FCB0EE408B9DED2E0B20
:100180009FEDA21B20EE010B9FEDA21B80EE012B29
:100190008DED0A2B9DED0A0B05F0EAFAB0EE409BBF
:1001A0009DED2C0B9FED991B20EE010B9FED991BF4
:1001B00080EE012B8DED0A2B9DED0A0B04F080FCE7
:1001C0008DED2A0B9DED2C0B9FED901B20EE010B6E
:1001D0009FED901B80EE012B8DED0A2B9DED0A0B00
:1001E00005F0C6FA8DED280B9FED880B2EEE000B67
:1001F0009FED881B80EE012B8DED0A2B9DED0A0BE8
:1002000004F05EFC8DED260B9FED800B2EEE000BB7
:100210009FED801B80EE012B8DED0A2B9DED0A0BCF
:1002200005F0A6FA8DED240B9FED780B2FEE000B59
:100230009FED781B80EE012B8DED0A2B9DED0A0BB7
:1002400004F03EFC8DED220B9FED700B2FEE000BAA
:100250009FED701B80EE012B8DED0A2B9DED0A0B9F
:1002600005F086FA8DED200B95ED0C0BB0EE40AB52
:1002700095ED100B8DED1E0B95ED180BB0EE40BB00
:1002800095ED1C0B8DED1C0B95ED340B8DED1A0BC4
:10029000B5EEC0ABF1EE10FA04D9B5EEC0BBF1EE8D
:1002A00010FA06D840F2FD3030B0BDEC108BBDE83E
:1002B000F0819FED5A0B84ED000B9FED580B84ED00
:1002C000020B9FED560B84ED040B28EE0A0B84ED18
:1002D0000C0B29EE0A0B84ED0E0B9DED1E0B84ED2D
:1002E000100B9DED2A0BB0EE4A1B00EE0B1BB0EE7F
:1002F00041CB9DED280B20EE0B0BB0EE40DB28EE42
:100300000C0B09EE4D0B84ED180B29EE0C0B08EECF
:100310000D0B84ED1A0B9DED1E0B9DED1C1B30EE9D
:10032000010B84ED1C0B9DED2A0BB0EE4A1B00EE79
:100330000B1BB0EE41CB9DED280B20EE0B0BB0EE6E
:1003400040DB9DED1A0B2FEE001B9FED362B81EE4F
:10035000020B30EE0E0B8DED180B28EE0C0B09EE98
:100360004D0B84ED240B29EE0C0B08EE0D0B84EDE8
:10037000260B9DED1E0B9DED1C1B30EE011B9DED14
:10038000180B31EE000B84ED280B95ED000B8DED75
:100390000C0B95ED020B8DED0E0B95ED040B8DED19
:1003A000100B95ED0A0B8DED120B4FF0000827E0B6
:1003B00000260DE008EB480004EB001000EBC6003F
:1003C00090ED000B684600EBC60080ED000B761C3C
:1003D000032EEFDB032607E09FED100B684600EBD2
:1003E000C60080ED000B761C062EF5DB08EB4800FE
:1003F00004EB00120CA9684600F058FA08F1010855
:10040000B8F1040FD4DB00204EE70000112D445456
:10041000FB21094000000000008066400000000051
:1004200000000000000000000080764030B587B07A
:100430000546002400200590984805A901220023C4
:10044000CDE9002102901A4641F61241284611F1E9
:10045000F5FF04444FF4B0500690904806A90222DC
:100460000023CDE900210290012241F612412846E5
:1004700011F1E4FF044401200590884805A90122F8
:100480000023CDE9002102901A4641F61241284688
:1004900011F1D4FF044400200590804805A90122F1
:1004A0000023CDE9002102901A464FF4B0512846AE
:1004B00011F1C4FF04447A480490784804A9042246
:1004C0000023CDE90021029001224FF4B0512846CB
:1004D00011F1B4FF044473480490704804A9042245
:1004E0000023CDE90021029002224FF4B0512846AA
:1004F00011F1A4FF04446C480490684804A9042244
:100500000023CDE90021029003224FF4B051284688
:1005100011F194FF044403200590604805A90122CD
:100520000023CDE9002102901A464FF4B05128462D
:1005300011F184FF044400200590584805A90122C8
:100540000023CDE9002102901A4641F613412846C6
:1005500011F174FF04444FF4D05006904F4806A99F
:1005600002220023CDE900210290012241F613412D
:10057000284611F163FF044401200590474805A96E
:1005800001220023CDE9002102901A4641F61341D1
:10059000284611F153FF0444002005903F4805A967
:1005A00001220023CDE9002102901A464FF4D051D8
:1005B000284611F143FF04443C480490374804A9FD
:1005C00004220023CDE90021029001224FF4D051F2
:1005D000284611F133FF0444354804902F4804A9FC
:1005E00004220023CDE90021029002224FF4D051D1
:1005F000284611F123FF04442E480490274804A9FB
:1006000004220023CDE90021029003224FF4D051AF
:10061000284611F113FF0444274804901F4804A9F9
:1006200004220023CDE9002102904FF4D051284646
:1006300011F104FF044421480490184804A904223D
:100640000023CDE90021029005224FF4D051284625
:1006500011F1F4FE044405200590104805A901227B
:100660000023CDE9002102901A464FF4D0512846CC
:1006700011F1E4FE044408200590084805A9012270
:100680000023CDE9002102901A4646F26001284677
:1006900011F1D4FE0444012007B030BD60AE0A0061
:1006A0001000406020007A60080060601000416027
:1006B0002000646020006C6010003F6008006160F2
:1006C00031B52DED100B2DED088B04469DED1C9BD7
:1006D0009DED1E8B9FED730BB4EEC09BF1EE10FAF7
:1006E00038D29DED080BB7EE001B31EE481B20EE13
:1006F000010B9DED101B01EE080B84ED000B9DED31
:100700000A0BB7EE001B31EE481B20EE010B9DEDEE
:10071000121B01EE080B84ED020B9DED0C0BB7EEE6
:10072000001B31EE481B20EE010B9DED141B01EE6A
:10073000080B84ED040B9DED0E0BB7EE001B31EEA4
:10074000481B20EE010B9DED161B01EE080B84EDFE
:10075000060B9FE0B7EE001B31EE481B21EE091B94
:10076000B0EE410B05F004F89DED081B20EE01BB37
:10077000B0EE490B04F0FCFF8BEE00AB28EE091B3A
:10078000B0EE410B04F0F4FF9DED101B20EE01BB19
:10079000B0EE490B04F0ECFF8BEE001B3AEE010BC0
:1007A00084ED000BB7EE001B31EE481B21EE091B58
:1007B000B0EE410B04F0DCFF9DED0A1B20EE01BB07
:1007C000B0EE490B04F0D4FF8BEE00AB28EE091B12
:1007D000B0EE410B04F0CCFF9DED121B20EE01BBEF
:1007E000B0EE490B04F0C4FF8BEE001B3AEE010B98
:1007F00084ED020BB7EE001B31EE481B21EE091B06
:10080000B0EE410B04F0B4FF9DED0C1B20EE01BBDC
:10081000B0EE490B04F0ACFF8BEE00AB28EE091BE9
:10082000B0EE410B04F0A4FF9DED141B20EE01BBC4
:10083000B0EE490B04F09CFF8BEE001B3AEE010B6F
:1008400084ED040BB7EE001B31EE481B21EE091BB3
:10085000B0EE410B04F08CFF9DED0E1B20EE01BBB2
:10086000B0EE490B04F084FF8BEE00AB28EE091BC1
:10087000B0EE410B04F07CFF9DED161B20EE01BB9A
:10088000B0EE490B04F074FF8BEE001B3AEE010B47
:1008900084ED060B2046FBF7D9F90020BDEC088B50
:1008A00011B030BDF168E388B5F8E43E70B52DEDC8
:1008B000048B05460C46164694ED060B9FED3B1B3C
:1008C00020EE010B9FED3B1B80EE012BB0EE428B27
:1008D000B0EE480B04F0F4F895ED001B20EE019B00
:1008E00094ED060B9FED311B20EE010B9FED311BAC
:1008F00080EE012BB0EE428BB0EE480B04F038FFD7
:1009000095ED021B01EE409B94ED000B39EE000BC0
:1009100086ED000B94ED060B9FED241B20EE010BE2
:100920009FED241B80EE012BB0EE428BB0EE480B06
:1009300004F01EFF95ED001B20EE019B94ED060BCD
:100940009FED1A1B20EE010B9FED1A1B80EE012B71
:10095000B0EE428BB0EE480B04F0B2F895ED021BFE
:1009600001EE009B94ED020B39EE000B86ED020BBD
:1009700095ED040B94ED041B30EE010B86ED040B9A
:1009800095ED060B94ED061B30EE010B86ED060B84
:1009900096ED061BB0EE410B9FED081BFBF7A4F88C
:1009A00086ED060B0020BDEC048B70BD112D445468
:1009B000FB210940000000000080664000000000AC
:1009C0000000000070B52DED068BBCB004460D464E
:1009D000B0EE408BB0EE419BB0EE42AB164695EDCB
:1009E0000A3BB0EE432B95ED083BB0EE431B95ED73
:1009F000063BB0EE430B2AA8F2F76EFB94ED0A3BE0
:100A0000B0EE432B94ED083BB0EE431B94ED063B58
:100A1000B0EE430B18A8F2F75FFB9DED2A0B94EDA7
:100A2000001B20EE010B9DED2C1B94ED022B01EE23
:100A3000020B9DED2E1B94ED042B01EE020B95EDA8
:100A4000001B30EE010B86ED000B9DED300B94ED9D
:100A5000001B20EE010B9DED321B94ED022B01EEED
:100A6000020B9DED341B94ED042B01EE020B95ED72
:100A7000021B30EE010B86ED020B9DED360B94ED63
:100A8000001B20EE010B9DED381B94ED022B01EEB7
:100A9000020B9DED3A1B94ED042B01EE020B95ED3C
:100AA000041B30EE010B86ED040B06AA18A92AA838
:100AB000F9F7AAFF6B4602AA04A9B0EE4A2BB0EEE2
:100AC000491BB0EE480B06A8F2F7EEFF9FED0E1B98
:100AD0009DED040BFBF708F886ED060B9FED0A1B56
:100AE0009DED020BFBF700F886ED080B9FED061B52
:100AF0009DED000BFAF7F8FF86ED0A0B00203CB0E5
:100B0000BDEC068B70BD000000000000000000007E
:100B1000F0B5A5B005460F4616461C46302168467E
:100B2000EFF075FA302229461148EFF733FC3022F6
:100B300039461048EFF72EFC302231460E48EFF7C9
:100B400029FC302221460D48EFF724FC18AA39462B
:100B50002846FFF7ABFE0CAA31466846EFF78AFF3E
:100B6000224618A90CA8FFF7A1FE002025B0F0BD71
:100B7000B0B60124E0B6012410B7012440B7012427
:100B8000F0B52DED068BA5B006460F461446B0EE27
:100B9000408BB0EE419BB0EE42AB1D463021684623
:100BA000EFF035FA18AAB0EE4A2BB0EE491BB0EEC2
:100BB000480B39463046FFF705FF0CAAB0EE4A2B2A
:100BC000B0EE491BB0EE480B21466846F0F728F816
:100BD0002A46B0EE4A2BB0EE491BB0EE480B18A9DE
:100BE0000CA8FFF7EFFE002025B0BDEC068BF0BD92
:100BF00010B5EFF007FBEFF0A1FB10BD10B59CB0F6
:100C00004C2109A8EFF003FA202101A8EFF0FFF929
:100C10003348006820F004003149086000BF00201C
:100C200000902F480C30006840F440402C490C31B3
:100C300008600846006800F44040009000BF00BF14
:100C400000BF27480C30006800F40050B0F5005F8A
:100C5000F7D12448006820F00300801C2149086077
:100C60000120099000040A900220129002211391A1
:100C700005211491A0211591022116911791189127
:100C80000821199100211A911B9109A8F7F7FAFA86
:100C90003F20019003200290002003900820049040
:100CA0004020059006900001079040200890022106
:100CB00001A8F7F76BF8EFF00FFB0B4800684FF453
:100CC0007A71B0FBF1F42046F7F75EFE0420F7F7E7
:100CD00041FE00221146501EF6F7EEFD1CB010BD7D
:100CE0000C48025828440258180000242048006884
:100CF00040F470001E4908601E48006840F0010082
:100D00001C49086000201B49103108601948006820
:100D10001949084017490860002016491831086031
:100D2000091D0860091D0860124928310860091D65
:100D30000860091D0860091D0860091D0860091D7B
:100D40000860091D0860091D08600A48006820F451
:100D500080200849086000200649603108600120B1
:100D600006490860C00602498039086070470000E3
:100D700088ED00E0004402587FEDF6EA088100515A
:100D800010B50248F7F774FF10BD0000F40400240A
:100D900010B50248F7F76CFF10BD0000B404002442
:100DA00010B500220288294B98420ED0B0F1804F36
:100DB0000BD0274B984208D0264B984205D0264BA3
:100DC000984202D0254B984203D122F070024B6822
:100DD0001A431E4B984217D0B0F1804F14D01C4BD1
:100DE000984211D01B4B98420ED01B4B98420BD00F
:100DF0001A4B984208D01A4B984205D0194B98428A
:100E000002D0194B984203D122F44072CB681A43A6
:100E100022F080034C6943EA040202808B68C362BB
:100E20000B880385094B98420BD00C4B984208D095
:100E30000B4B984205D00B4B984202D00A4B98427C
:100E400001D10B8A03860123436110BD00000140DC
:100E50000004004000080040000C00400004014075
:100E600000400140004401400048014030B50C46BC
:100E70000021816821F47F4142EA0325254329436B
:100E8000816030BD0A4600218168034B194042F061
:100E900007031943816070478FFFCFFF2DE9F041B1
:100EA00004460D4600260027B04620688668244880
:100EB00006406868064323480640286806432068C1
:100EC0008660686800F00F01002935D100110828FC
:100ED00032D2DFE800F02D2E2F300B212704D5E988
:100EE0000313AA682068FFF7C1FF26E02068D0F846
:100EF00020802068006A20F00100216808622068D4
:100F0000876927F0F007286947EA0017206887619A
:100F10002068C0F8208010E02A69A968206800F0E5
:100F200013F80AE02A69A968206800F022F804E0B2
:100F300003E002E001E000E000BF00BFBDE8F08197
:100F40008FFFCFFFF8FFFEFF30B50B4614460021A0
:100F50000022026A056A25F001050562816921F017
:100F6000F00141EA041122F00A021A43816102628F
:100F700030BD30B50B46144600210022056A25F02D
:100F8000100505628169026A21F4704141EA043169
:100F900022F0A00242EA03128161026230BD000029
:100FA00070B5B8B004460D46002694ED000B94EDE4
:100FB0000C1B30EE410BB0EE001B20EE010B8DED53
:100FC000180B94ED020B94ED0E1B30EE410BB0EEBE
:100FD000001B20EE010B8DED1A0B94ED040B94ED2C
:100FE000101B30EE410BB0EE001B20EE010B8DED1F
:100FF0001C0B94ED000B20EE000B94ED0C1B94EDFC
:101000000C2B01EE420B94ED021B94ED022B01EE32
:10101000020B94ED0E1B94ED0E2B01EE420B94EDA2
:10102000041B94ED042B01EE020B94ED101B94EDC8
:10103000102B01EE420B8DED1E0B94ED000B94ED89
:10104000181B30EE410BB0EE001B20EE010B8DEDB6
:10105000200B94ED020B94ED1A1B30EE410BB0EE19
:10106000001B20EE010B8DED220B94ED040B94ED93
:101070001C1B30EE410BB0EE001B20EE010B8DED82
:10108000240B94ED000B20EE000B94ED181B94ED57
:10109000182B01EE420B94ED021B94ED022B01EE96
:1010A000020B94ED1A1B94ED1A2B01EE420B94EDFA
:1010B000041B94ED042B01EE020B94ED1C1B94ED2C
:1010C0001C2B01EE420B8DED260B94ED000B94EDE5
:1010D000241B30EE410BB0EE001B20EE010B8DED1A
:1010E000280B94ED020B94ED261B30EE410BB0EE75
:1010F000001B20EE010B8DED2A0B94ED040B94EDFB
:10110000281B30EE410BB0EE001B20EE010B8DEDE5
:101110002C0B94ED000B20EE000B94ED241B94EDB2
:10112000242B01EE420B94ED021B94ED022B01EEF9
:10113000020B94ED261B94ED262B01EE420B94ED51
:10114000041B94ED042B01EE020B94ED281B94ED8F
:10115000282B01EE420B8DED2E0B94ED000B94ED40
:10116000301B30EE410BB0EE001B20EE010B8DED7D
:10117000300B94ED020B94ED321B30EE410BB0EED0
:10118000001B20EE010B8DED320B94ED040B94ED62
:10119000341B30EE410BB0EE001B20EE010B8DED49
:1011A000340B94ED000B20EE000B94ED301B94ED0E
:1011B000302B01EE420B94ED021B94ED022B01EE5D
:1011C000020B94ED321B94ED322B01EE420B94EDA9
:1011D000041B94ED042B01EE020B94ED341B94EDF3
:1011E000342B01EE420B8DED360B18A800F0ECF914
:1011F000064616B1304638B070BD9DED180BB0EE06
:10120000C00B9FED3A1BB4EEC10BF1EE10FA15D3F3
:101210009DED220BB0EEC00B9FED341BB4EEC10B65
:10122000F1EE10FA0AD39DED2C0BB0EEC00B9FED42
:101230002F1BB4EEC10BF1EE10FA02D240F20640C1
:10124000D9E79DED2E0B9DED2C1B80EE012B8DED36
:10125000102B9DED260B9DED101B9DED242B01EE1B
:10126000420B9DED221B80EE012B8DED0E2B9DED93
:101270001E0B9DED101B9DED1C2B01EE420B9DEDF9
:101280000E1B9DED1A2B01EE420B9DED181B80EEFF
:10129000012B8DED0C2B94ED060B8DED120B94EDC7
:1012A000080B8DED140B94ED0A0B8DED160B94EDE0
:1012B0000A3BB0EE432B94ED083BB0EE431B94ED9C
:1012C000063BB0EE430B6A4621460CA8EFF7A8FC9C
:1012D0009DED000B85ED000B9DED020B85ED020BE6
:1012E0009DED040B85ED040B002084E7F168E38895
:1012F000B5F8E43E2DE9F04706468A4690461F467B
:10130000089CBAF1000F6FD130780B286DD2DFE85E
:1013100000F0063889495A6D76897F89880098EDF2
:10132000000BB1EE001B20EE010B9FEDA31B80EE26
:10133000012B84ED002B98ED020BB1EE001B20EE8B
:10134000010B9FED9D1B80EE012B84ED022B98ED90
:10135000040BB1EE001B20EE010B9FED971B80EEFE
:10136000012B84ED042B9FED960B84ED060B9FED76
:10137000940B84ED080B9FED920B84ED0A0B002576
:1013800053E023463A46414606F10800FEF746FC84
:1013900005469FED8B0B84ED080B9FED890B84EDCB
:1013A0000A0B42E023463A46414606F10800F2F7AE
:1013B00089FD05469FED820B84ED080B9FED800BA8
:1013C00084ED0A0B31E023463A46414606F1080017
:1013D000FAF760FD05469FED7A0B84ED080B9FED53
:1013E000780B84ED0A0B20E036E01BE023463A46FA
:1013F000414606F10800FDF7B3FD054615E023461A
:101400003A46414606F10800EFF762FE05460CE059
:1014100023463A46414606F1080001F01DF805460C
:1014200003E002E040F2FF3500BF00BF4FF00009CB
:1014300000BF0DE004EBC90090ED001BB0EE410BC6
:10144000FEF7D4FA04EBC90080ED000B09F10109A5
:10145000B9F1060FEEDBACE0BAF1010F6FD13078D5
:101460000B286DD2DFE800F0063889495A6D76897D
:101470007F89880097ED000BB1EE002B80EE021BF8
:101480009FED4D0B21EE000B84ED000B97ED021B41
:10149000B1EE002B81EE020B9FED471B20EE010BFE
:1014A00084ED020B97ED041BB1EE002B81EE020BD5
:1014B0009FED411B20EE010B84ED040B9FED400BD3
:1014C00084ED060B9FED3E0B84ED080B9FED3C0B6E
:1014D00084ED0A0B002553E023464246394606F1C7
:1014E0000800FEF769FC05469FED350B84ED080BFF
:1014F0009FED330B84ED0A0B42E02346424639460A
:1015000006F10800F3F71EF905469FED2D0B84ED5B
:10151000080B9FED2B0B84ED0A0B31E0234642466E
:10152000394606F10800FAF7AFFD05469FED240B9A
:1015300084ED080B9FED220B84ED0A0B20E036E0D2
:101540001BE023464246394606F10800FDF72AFF14
:10155000054615E023464246394606F10800F0F7F5
:10156000DFF805460CE023464246394606F10800FE
:1015700001F036FA054603E002E040F2FF3500BF15
:1015800000BF4FF0000900BF0DE004EBC90090ED73
:10159000001BB0EE410BFEF729FA04EBC90080ED09
:1015A000000B09F10109B9F1060FEEDB01E04FF480
:1015B0007F752846BDE8F087000000000080764077
:1015C0000000000000000000F0B52DED028BC1B05E
:1015D000074620226E4930A8EEF7DCFE0025D1E058
:1015E0002C460BE007EB441000EBC50090ED000B20
:1015F00038A800EBC40080ED000B641C042CF1DB68
:10160000294638A8FAF7D6FAB0EE401B38A800EB06
:10161000C50090ED000BB5EEC00BF1EE10FA02D252
:101620004FF0FF3000E0012000EE100AB8EEC00BD2
:1016300021EE000B30A800EBC50080ED000B2C461E
:1016400011E038A800EBC40090ED000B30A800EBCF
:10165000C40090ED001B30EE010B28A800EBC40085
:1016600080ED000B641C042CEBDB294628A8FAF75C
:10167000A1FAB0EE408BB0EEC80B9FED461BB4EE66
:10168000C10BF1EE10FA05D240F2064041B0BDECBC
:10169000028BF0BD2C460CE028A800EBC40090EDB6
:1016A000000B80EE081B28A800EBC40080ED001B97
:1016B000641C042CF0DB2C4623E09FED380B20A8A3
:1016C00000EBC40080ED000B2E4617E007EB461040
:1016D00000EBC40090ED001B20A800EBC40090EDCF
:1016E000000B28A800EBC60090ED002B02EE010BCA
:1016F00020A800EBC40080ED000B761C042EE5DB77
:10170000641C042CD9DB2C4618E02E4613E028A8D4
:1017100000EBC40090ED000B20A800EBC60090ED9C
:10172000001B20EE010B684600EB441000EBC600E6
:1017300080ED000B761C042EE9DB641C042CE4DB3A
:101740002C461CE02E4617E007EB441000EBC600C9
:1017500090ED000B684600EB441000EBC60090EDE6
:10176000001BB0EE002B02EE410B07EB441000EB28
:10177000C60080ED000B761C042EE5DB641C042CF7
:10178000E0DB6D1C032DFFF62BAF00207EE7000091
:10179000A8220208F168E388B5F8E43E00000000E2
:1017A0000000000090F8341001F0010139B1016827
:1017B000496821F40031826B11430268516090F84E
:1017C000341001F0020139B10168496821F4803117
:1017D000C26B11430268516090F8341001F00401AB
:1017E00039B10168496821F48021026C1143026813
:1017F000516090F8341001F0080139B1016849686E
:1018000021F40041426C11430268516090F8341099
:1018100001F0100139B10168896821F48051826CAE
:1018200011430268916090F8341001F0200139B141
:101830000168896821F40051C26C1143026891600B
:1018400090F8341001F0400199B10168496821F421
:101850008011026D114302685160016DB1F5801F66
:1018600007D10168496821F4C001426D1143026843
:10187000516090F8341001F0800139B10168496875
:1018800021F40021826D114302685160704738B520
:10189000044600250020E067EEF0AEFC0546206817
:1018A000006800F0080008280CD16FF07E402B463D
:1018B00000224FF400110090204600F096FD08B180
:1018C000032038BD2068006800F0040004280CD113
:1018D0006FF07E402B4600224FF48001009020469E
:1018E00000F083FD08B10320EBE7202084F87900A5
:1018F00084F87A0000BF002084F8780000BF00BFA1
:10190000DFE770B50546AC6B0020A4F86A00A4F8C8
:1019100062002046F7F777FB70BD0168096821F483
:101920009071026811600168896821F00101026804
:101930009160202180F87A1070472DE9F04104462B
:10194000B4F86C7094F87A00222833D12068858C22
:10195000A068B0F5805F09D1206938B9666E05EAE4
:1019600007003080606E801C606605E0F8B2284099
:10197000626E511C61661070B4F86A00401E80B23D
:10198000A4F86A00A0B92068006820F4907021686B
:1019900008602068806820F00100216888602020AD
:1019A00084F87A002046F7F705FD0020BDE8F081B5
:1019B0000020FBE72068008B40F0080021680883C6
:1019C0000220F3E72DE9F04F89B0044600254FF0DF
:1019D0008008A946AA4600200890FA492068884253
:1019E00001D1012000E0002000B100E000BFA06AAA
:1019F000B0F1005F00D100BF2169A06808436169B0
:101A00000843E16940EA0105A06A054320680068CF
:101A1000ED4908402843216808602068406820F4A8
:101A20004050E168084321684860A569E54920689D
:101A3000884201D1012000E0002008B9206A054356
:101A4000A06AB0F1005F03D1D4E90B01084305435C
:101A500020688068DD490840284321688860206844
:101A6000C06A20F00F00616A08432168C86200BFA5
:101A7000D7492068884224D1D648006800F0380051
:101A8000182814D005DC48B108280AD0102817D12E
:101A90000AE020280ED0282812D10EE04FF00108CD
:101AA0000EE04FF004080BE04FF0400808E04FF064
:101AB000080805E04FF0100802E04FF0200800BFD2
:101AC00017E1C549206888421DD1C248006800F06E
:101AD0000700062816D2DFE800F00306090C0F12F3
:101AE0004FF000080EE04FF004080BE04FF0400804
:101AF00008E04FF0080805E04FF0100802E04FF052
:101B0000200800BFF5E0B549206888421DD1B148E2
:101B1000006800F00700062816D2DFE800F0030690
:101B2000090C0F124FF000080EE04FF004080BE014
:101B30004FF0400808E04FF0080805E04FF01008AB
:101B400002E04FF0200800BFD3E0A549206888429A
:101B50001DD1A048006800F00700062816D2DFE873
:101B600000F00306090C0F124FF000080EE04FF0D2
:101B700004080BE04FF0400808E04FF0080805E0CB
:101B80004FF0100802E04FF0200800BFB1E0954987
:101B9000206888421DD18F48006800F007000628A1
:101BA00016D2DFE800F00306090C0F124FF0000810
:101BB0000EE04FF004080BE04FF0400808E04FF053
:101BC000080805E04FF0100802E04FF0200800BFC1
:101BD0008FE085492068884224D17E48006800F063
:101BE0003800182814D005DC48B108280AD010287D
:101BF00017D10AE020280ED0282812D10EE04FF08D
:101C000001080EE04FF004080BE04FF0400808E038
:101C10004FF0080805E04FF0100802E04FF02008F0
:101C200000BF66E07149206888421DD1694800689C
:101C300000F00700062816D2DFE800F00306090CC2
:101C40000F124FF000080EE04FF004080BE04FF0C9
:101C5000400808E04FF0080805E04FF0100802E0E7
:101C60004FF0200800BF44E06149206888421DD140
:101C70005848006800F00700062816D2DFE800F098
:101C80000306090C0F124FF000080EE04FF0040895
:101C90000BE04FF0400808E04FF0080805E04FF077
:101CA000100802E04FF0200800BF22E045492068FC
:101CB00088421ED14748001D006800F00700062832
:101CC00016D2DFE800F00306090C0F124FF00208ED
:101CD0000EE04FF004080BE04FF0400808E04FF032
:101CE000080805E04FF0100802E04FF0200800BFA0
:101CF00000BF00BF33492068884201D1012000E0C5
:101D0000002000285DD00025B8F1100F33D009DC89
:101D1000B8F1020F10D0B8F1040F11D0B8F1080FCC
:101D20002ED117E0B8F1200F27D0B8F1400F0CD01A
:101D3000B8F1800F24D124E0EEF0B6FA054623E096
:101D400005A8F5F7F7FD069D1EE002A8F5F708FFC8
:101D5000039D19E01F4854380068C0F3401040B19B
:101D60001C4854380068C0F3C101224820FA01F52C
:101D700000E0204D08E0204D06E04FF4004503E070
:101D800000BF0120089000BF00BF002D0AD060688E
:101D900000EB4000A84203D860680003A84202D2CA
:101DA00001200890D4E2B8F1100F7CD026DCB8F105
:101DB000020F2DD0B8F1040F52D0B8F1080F73D133
:101DC0009EE03FE1000C0058F369FFCFFFF4FF11E4
:101DD00000100140544402580044004000480040B4
:101DE000004C0040005000400014014000780040CA
:101DF000007C00400090D00300093D00B8F1200FA6
:101E00007DD0B8F1400F54D0B8F1800FD7D109E19F
:101E1000EEF04AFA00270646FB49606A31F810C026
:101E200062463B4630463946EEF752FA4FF480762A
:101E300000220346A3FB060701FB067103FB021306
:101E400061684908064671185A41CDE90012666872
:101E50003246002308460199EEF73AFA0546E4E0D7
:101E600005A8F5F767FDDDF818C0E749606A31F8A5
:101E700010B05A46002360461946EEF729FA4FF48F
:101E8000807C0022A0FB0C3B01FB0CB100FB02108C
:101E9000616849085E1840EB0201D4F804C062464C
:101EA0000023304601E079E0BBE0EEF711FA054689
:101EB000BBE002A8F5F754FEDDF80CC0D249606A19
:101EC00031F810B05A46002360461946EEF700FA82
:101ED0004FF4807C0022A0FB0C3B01FB0CB100FB0B
:101EE0000210616849085E1840EB0201D4F804C092
:101EF000624600233046EEF7EBF9054695E06EE0CA
:101F0000C2480068C0F3401038B3C0480068C0F34E
:101F1000C101BF4820FA01FCBB49606A31F810B02A
:101F20005A46002360461946EEF7D2F94FF4807CFA
:101F30000022A0FB0C3B01FB0CB100FB021061680E
:101F400049085E1840EB0201D4F804C06246002341
:101F50003046EEF7BDF905461FE0AB49606A31F83F
:101F600010C062460023AA481946EEF7B1F94FF4B3
:101F7000807C0022A0FB0C3B01FB0CB100FB02109B
:101F8000616849085E1840EB0201D4F804C062465B
:101F900000233046EEF79CF9054646E09A49606A10
:101FA00031F810C0624600239A481946EEF790F9BE
:101FB0004FF4807C0022A0FB0C3B01FB0CB100FB2A
:101FC0000210616849085E1840EB0201D4F804C0B1
:101FD000624600233046EEF77BF9054625E08A4944
:101FE000606A31F810C0624600234FF40040194681
:101FF000EEF76EF94FF4807C0022A0FB0C3B01FB56
:102000000CB100FB0210616849085E1840EB020148
:10201000D4F804C0624600233046EEF759F905466D
:1020200003E000BF0120089000BF00BFB5F5407F6E
:1020300005D3B5F5801F02D22068C56088E1012074
:10204000089085E1E069B0F5004F7CD1B8F1100F40
:102050007AD00CDCB8F1000F13D0B8F1010F21D009
:10206000B8F1040F2FD0B8F1080F6ED151E0B8F1DC
:10207000200F6BD0B8F1400F38D0B8F1800F64D189
:1020800097E0EEF033F9604A616A32F81110B0FB64
:10209000F1F04000616800EB5100B0FBF1F01FFA75
:1020A00080FA89E0F5F7B6FF574A616A32F81110F5
:1020B000B0FBF1F04000616800EB5100B0FBF1F0C3
:1020C0001FFA80FA78E005A8F5F734FC06994E4A25
:1020D000606A32F81000B1FBF0F04000616800EB7C
:1020E0005100B0FBF1F01FFA80FA65E002A8F5F7A5
:1020F00037FD0399444A606A32F81000B1FBF0F0F2
:102100004000616800EB5100B0FBF1F01FFA80FA6B
:1021100052E03E480068C0F34010C0B13B48006840
:10212000C0F3C1013A48C840374A616A32F8111019
:10213000B0FBF1F04000616800EB5100B0FBF1F042
:102140001FFA80FA12E044E011E031E01FE02E496E
:10215000606A31F810002E49B1FBF0F04000616870
:1021600000EB5100B0FBF1F01FFA80FA24E02649A1
:10217000606A31F810002749B1FBF0F04000616857
:1021800000EB5100B0FBF1F01FFA80FA14E01E4999
:10219000606A31F810004FF40041B1FBF0F04000EC
:1021A000616800EB5100B0FBF1F01FFA80FA03E028
:1021B00000BF0120089000BF00BF4FF6F0700AEA90
:1021C0000009CAF3420049EA00092068C0F80C90EF
:1021D000BEE0B8F1100F7CD00CDCB8F1000F1BD0C2
:1021E000B8F1010F29D0B8F1040F37D0B8F1080FBA
:1021F00070D159E0B8F1200F6DD0B8F1400F40D048
:10220000B8F1800F66D19FE0341A020800440258EA
:102210000090D00300093D00EEF068F84E4A616A74
:1022200032F81110B0FBF1F0616800EB5100B0FB27
:10223000F1F080B22168C86089E0F5F7EBFE464A0C
:10224000616A32F81110B0FBF1F0616800EB5100E7
:10225000B0FBF1F080B22168C86078E005A8F5F71E
:1022600069FB06993C4A606A32F81000B1FBF0F055
:10227000616800EB5100B0FBF1F080B22168C860EA
:1022800065E002A8F5F76CFC0399334A606A32F8FE
:102290001000B1FBF0F0616800EB5100B0FBF1F011
:1022A00080B22168C86052E02C480068C0F340103A
:1022B000C0B12A480068C0F3C1012948C840264A75
:1022C000616A32F81110B0FBF1F0616800EB510067
:1022D00002E017E037E025E0B0FBF1F080B22168C2
:1022E000C8600EE01C49606A31F810001C49B1FB5F
:1022F000F0F0616800EB5100B0FBF1F080B22168B2
:10230000C86024E01449606A31F810001549B1FB37
:10231000F0F0616800EB5100B0FBF1F080B2216891
:10232000C86014E00C49606A31F810004FF40041B5
:10233000B1FBF0F0616800EB5100B0FBF1F080B24E
:102340002168C86003E000BF0120089000BF00BF03
:10235000089809B0BDE8F08F341A0208004402580A
:102360000090D00300093D00014691F87900212832
:1023700039D1B1F86200C8B90868006800F00050AF
:1023800030B10868806820F400000B68986005E0B0
:102390000868006820F080000B6818600868006812
:1023A00040F040000B681860002070478868B0F566
:1023B000805F0BD1086948B9CA6D1088C0F3080066
:1023C0000B681885C86D801CC86505E0CB6D581C6E
:1023D000C86518780B681885B1F86200401EA1F82E
:1023E00062000020E1E70220DFE72DE9F04104462A
:1023F0000D4617469846069E21E0701CF8B12EB196
:10240000EDF0FAFEA0EB0800B04218D92068006891
:1024100020F4D070216808602068806820F00100F6
:1024200021688860202084F8790084F87A0000BF51
:10243000002084F8780000BF0320BDE8F081206808
:10244000C0692840A84201D1012000E00020B84224
:10245000D3D00020F1E700002DE9F0412DED108BE5
:10246000D6B004460D4616461F4695ED000B8DED81
:10247000540B95ED020BB0EE40EB95ED040B8DED9A
:10248000520B95ED060B8DED500B95ED080B8DED78
:102490004E0B95ED0A0B8DED4C0B9DED540B9FED06
:1024A000FE1B20EE010B9FEDFE1B80EE012B8DED40
:1024B000002B9DED000B02F003FBB0EE408B9DED79
:1024C000540B9FEDF51B20EE010B9FEDF51B80EEED
:1024D000012B8DED002B9DED000B03F049F9B0EEC3
:1024E000409B9FEDED0B2EEE000B9FEDED1B80EE64
:1024F000012B8DED002B9DED000B02F0E1FA8DED2F
:102500004A0B9FEDE50B2EEE000B9FEDE51B80EED9
:10251000012B8DED002B9DED000B03F029F98DEDC6
:10252000480B9DED4E0B9FEDDC1B20EE010B9FED4C
:10253000DC1B80EE012B8DED002B9DED000B02F0DE
:10254000BFFAB0EE40BB9DED4E0B9FEDD31B20EECE
:10255000010B9FEDD31B80EE012B8DED002B9DED2C
:10256000000B03F005F9B0EE40CB9DED4C0B9FED59
:10257000CA1B20EE010B9FEDCA1B80EE012B8DEDD7
:10258000002B9DED000B02F09BFAB0EE40FB9DEDA1
:102590004C0B9FEDC11B20EE010B9FEDC11B80EE8C
:1025A000012B8DED002B9DED000B03F0E1F88DED7F
:1025B000460B9DED520B3EEE000B9FEDB71B20EE40
:1025C000010B9FEDB71B80EE012B8DED002B9DEDD8
:1025D000000B02F075FA8DED440B9DED520B3EEEB3
:1025E000000B9FEDAD1B20EE010B9FEDAD1B80EEB0
:1025F000012B8DED002B9DED000B03F0B9F88DED57
:10260000420B9DED520B3EEE001B9DED500B31EE4B
:10261000000B9FEDA11B20EE010B9FEDA11B80EE97
:10262000012B8DED002B9DED000B02F049FAB0EE71
:1026300040AB9DED520B3EEE001B9DED500B31EE7D
:10264000000B9FED951B20EE010B9FED951B80EE7F
:10265000012B8DED002B9DED000B03F089F8B0EE02
:1026600040DB94ED0E0B8DED400B94ED100B8DEDDA
:102670003E0B94ED180B8DED3C0B94ED1A0B8DED8C
:102680003A0B94ED240B8DED380B94ED260B8DED6C
:10269000360B94ED340B8DED340B94ED3E0B8DED3C
:1026A000320B94ED000B8DED260B94ED020B8DEDAE
:1026B000280B94ED040B8DED2A0B94ED060B8DED9C
:1026C0002C0B94ED080B8DED2E0B94ED0A0B8DED7C
:1026D000300B9DED400BB5EEC00BF1EE10FA30D98A
:1026E0009DED3E0BB5EEC00BF1EE10FA29D99DED34
:1026F0003C0BB5EEC00BF1EE10FA22D99DED3A0B72
:10270000B5EEC00BF1EE10FA1BD99DED380BB5EE0E
:10271000C00BF1EE10FA14D99DED360BB5EEC00BDF
:10272000F1EE10FA0DD99DED340BB5EEC00BF1EEC4
:1027300010FA06D99DED320BB5EEC00BF1EE10FA92
:1027400006D840F2FD3056B0BDEC108BBDE8F081EC
:102750009DED3A0BB1EE400B8DED3A0B9DED340B38
:10276000B1EE400B8DED340B9DED400BB1EE400B07
:1027700020EE090B9DED3C1B21EE082B9DED4A1B25
:1027800002EE010B9DED3A1B01EE490B9DED381B4E
:1027900021EE082B9DED441B02EE010B9DED361B37
:1027A00001EE490B9DED341B21EE081B01EE0D0BD4
:1027B00029EE0B1B28EE0C2B02EE0A1B9DED322B93
:1027C00002EE410B8DED1A0B9DED400B20EE080B38
:1027D0009DED3C1B21EE092B9DED4A1B02EE010BEA
:1027E0009DED3A1B01EE080B9DED381B21EE092BE8
:1027F0009DED441B02EE010B9DED361B01EE080B17
:102800009DED341B21EE091B01EE0D0B28EE0B1B79
:1028100029EE0C2B02EE4A1B9DED322B02EE010B32
:102820008DED1C0B9DED3E0B9DED3C1B9DED482B56
:1028300001EE420B9DED381B9DED422B01EE420B4C
:102840009DED341B01EE0A0B9DED321B21EE0C1B9E
:1028500001EE0D0B8DED1E0B29EE0C0B28EE0B1B64
:1028600001EE4A0BB1EE400B20EE0F0B9DED461B27
:1028700021EE0D1B01EE480B8DED080BB1EE490B5F
:1028800020EE0B0B2CEE081B01EE4A0B8DED0A0B14
:1028900029EE0C0B08E00000112D4454FB210940E7
:1028A000000000000080664028EE0B1B01EE4A0B82
:1028B000B1EE401B9DED460B21EE000B2DEE081BEB
:1028C00001EE0F0B8DED0C0B29EE0B0B20EE0A0B1E
:1028D0000CEE080B20EE0F1B9DED460B29EE000BB6
:1028E00000EE4D1B8DED0E1BB1EE490B20EE0C0BD7
:1028F00020EE0A0B08EE0B0B8DED100B29EE0B0BE7
:1029000020EE0A0B0CEE080B9DED461B20EE010B92
:1029100029EE0D1B01EE0F0B8DED120B9DED460BFD
:10292000B1EE400B20EE0A0B2DEE0B1B01EE4F0B10
:102930008DED140B2CEE0D0B8DED160B9DED460B56
:10294000B1EE400B20EE0D0B20EE0B0B0FEE0A0B41
:102950008DED180B96ED0A3BB0EE432B96ED083B40
:10296000B0EE431B96ED063BB0EE430B02AB04AA60
:1029700006A908A8F1F798F89DED060B8DED200B40
:102980009DED040B8DED220B9DED020B8DED240BC7
:1029900096ED0A3BB0EE432B96ED083BB0EE431BA1
:1029A00096ED063BB0EE430B3A4626A91AA8FEF771
:1029B00009F84FF0000800BF0DE007EBC80090EDEC
:1029C000001BB0EE410BFDF711F807EBC80080EDDE
:1029D000000B08F10108B8F1060FEEDB0020B2E6AB
:1029E0000FB52DED028BADF2EC4DDDF8F40490ED5A
:1029F000000B0DF5806080ED2E0BDDF8F40490EDFA
:102A0000020B0DF5806080ED300BDDF8F40490EDE5
:102A1000040B0DF5806080ED320BDDF8F40490EDD1
:102A2000060B0DF5806080ED340BDDF8F40490EDBD
:102A3000080B0DF5806080ED360BDDF8F40490EDA9
:102A40000A0B0DF5806080ED380B0020F19007E057
:102A5000002188AAF19842F82010F198401CF190CA
:102A6000F1980828F4DBDDF8F80490ED0A0B8DED01
:102A7000380B90ED080B8DED360B90ED060B8DEDC0
:102A8000340B0DF591629DED382B9DED361B9DEDC0
:102A9000340B0DF59761EEF7C3F80DF5806090EDFE
:102AA000220B8DED860B90ED240B8DED840B90EDBC
:102AB000260B8DED820B90ED280B8DED800B90EDAC
:102AC0002A0B8DED7E0B90ED2C0B8DED7C0BDDF844
:102AD000F40490ED0E0B8DED7A0BDDF8F40490ED1F
:102AE000100B8DED780BDDF8F40490ED180B8DEDE7
:102AF000760BDDF8F40490ED1A0B8DED740BDDF818
:102B0000F40490ED240B8DED720BDDF8F40490EDE0
:102B1000260B8DED700BDDF8F40490ED340B8DED8C
:102B20006E0BDDF8F40490ED3E0B8DED6C0B9DED1E
:102B30007A0BB5EEC00BF1EE10FA30D99DED780BA3
:102B4000B5EEC00BF1EE10FA29D99DED760BB5EE7E
:102B5000C00BF1EE10FA22D99DED740BB5EEC00B4F
:102B6000F1EE10FA1BD99DED720BB5EEC00BF1EE34
:102B700010FA14D99DED700BB5EEC00BF1EE10FA02
:102B80000DD99DED6E0BB5EEC00BF1EE10FA06D926
:102B90009DED6C0BB5EEC00BF1EE10FA07D840F2CC
:102BA000FD300DF2EC4DBDEC028B04B000BD9DED8F
:102BB000740BB1EE400B8DED740B9DED6E0BB1EE11
:102BC000400B8DED6E0B9DED7A0B9DED741B30EE81
:102BD000011B9DED700B31EE000B8DED6A0B9DED31
:102BE0007C2B9DED7E1B9DED800B58A8F0F774FAB1
:102BF0009DED580B8DED560B9DED5E0B8DED540B41
:102C00009DED640B8DED520B9DED5A1B8DED501B10
:102C10009DED601B8DED4E1B9DED661B8DED4C1BE0
:102C20009DED5C0B8DED4A0B9DED620B8DED480B20
:102C30009DED680B8DED460B9DED860B9DED6C2B90
:102C40009DED501B02EE410B8DEDFE0B9DED840BB7
:102C50009DED6C2B9DED4E1B02EE410B0DF5806042
:102C600080ED000B9DED820B9DED6C2B9DED4C1BC3
:102C700002EE410B80ED020B9DEDFE0B20EE000BF2
:102C800090ED001B90ED002B01EE020B8DED380B4B
:102C90009DED380B02F0C4FD8DED440B9DED6A0BEC
:102CA000B0EEC00B9FEDFE1B30EE011B9DED440B03
:102CB000B4EEC01BF1EE10FA02DB40F2FE3070E71A
:102CC0009DED6A0B9DED441B80EE012B8DED382BA5
:102CD0009DEDFE0B8DED320B0DF5806090ED000B40
:102CE0008DED300B9DED321B9DED300B01F008FE9C
:102CF0009FEDED1B20EE010B9FEDED1B80EE018B98
:102D00009DED381BB7EE000B01EE410B8DED300B46
:102D10009DED300B02F084FD8DED320B9DED321BED
:102D20009DED380B01F0ECFD9FEDDF1B20EE010B5C
:102D30009FEDDF1B80EE012B38EE420B8DED360B45
:102D40009DEDFE0B8DED320B0DF5806090ED000BCF
:102D50008DED300B9DED321B9DED300B01F0D0FD64
:102D60009FEDD11B20EE010B9FEDD11B80EE018B5F
:102D70009DED381BB7EE000B01EE410B8DED300BD6
:102D80009DED300B02F04CFD8DED320B9DED321BB5
:102D90009DED380B01F0B4FD9FEDC31B20EE010B40
:102DA0009FEDC31B80EE012B38EE020B9FEDBE1B87
:102DB00030EE010B8DED340BDDF8FC0490ED000BD3
:102DC0008DED320B9DED321B9DED360BF8F78CFE31
:102DD0008DED360BDDF8FC0490ED000B8DED320B24
:102DE0009DED321B9DED340BF8F77EFE8DED340B1F
:102DF000DDF8FC0490ED001B9DED360B30EE410B31
:102E0000B0EEC02B90ED001B9DED340B30EE410B6E
:102E1000B0EEC00BB4EEC02BF1EE10FA06D29DED71
:102E2000360BDDF8000580ED000B05E09DED340B61
:102E3000DDF8000580ED000BDDF8000590ED000BDE
:102E40008DED900BDDF8000590ED000B8DED9C0BEA
:102E500000BFDDF8000590ED000B9FED951B20EE07
:102E6000011B9FED912B81EE020B8DED380B9DED3B
:102E7000380B02F07DFCB1EE401B9DED500B21EEB6
:102E8000008BDDF8000590ED000B9FED891B20EE17
:102E9000011B9FED852B81EE020B8DED380B9DED17
:102EA000380B01F00DFEB0EE401B9DED4E2BB0EE49
:102EB000480B01EE020B8DED420B9DED420B9FED99
:102EC0007E1BB4EEC10BF1EE10FA08DC9DED420B57
:102ED0009FED7B1BB4EEC10BF1EE10FA02D240F273
:102EE000FE305EE69DED420BB7EE001BB4EEC10B6B
:102EF000F1EE10FA04DDB7EE000B8DED420B0CE0A5
:102F00009DED420BBFEE001BB4EEC10BF1EE10FACB
:102F100003D2BFEE000B8DED420B9DED421BB7EED1
:102F2000000B01EE410B8DED360B9DED360B02F0E3
:102F300077FC8DED380B9DED421B9DED380B01F0BC
:102F4000DFFC9FED591B20EE011B9FED592B81EEFD
:102F5000020B8DED400B9DED421BB7EE000B01EE19
:102F6000410B8DED360B9DED360B02F059FC8DEDCE
:102F7000380B9DED421B9DED380B01F0C1FC9FED20
:102F80004A1B20EE010B9FED4A1B80EE012BB1EE98
:102F9000420B8DED3E0BDDF8FC0490ED080B8DED42
:102FA000380B9DED381B9DED400BF8F79DFD8DED29
:102FB000400BDDF8FC0490ED080B8DED380B9DED1A
:102FC000381B9DED3E0BF8F78FFD8DED3E0B9DED13
:102FD000400B8DED980B9DED3E0B8DEDA40B00206D
:102FE000F19013E1F19800EB400090A901EB001083
:102FF00090ED000BDDF8000580ED000BF19800EB83
:10300000400001EB001090ED080BDDF8000580EDAD
:10301000080BDDF8000590ED080B9FED251B20EE59
:10302000011B9FED212B81EE020B8DED380B9DEDE9
:10303000380B02F09DFBB0EEC00B9FED191BB4EEF8
:10304000C10BF1EE10FA0CD2DDF8FC0490ED0A0B86
:10305000F19800EB400090A901EB001080ED0A0B05
:10306000D1E0DDF8000590ED000B9FED111B20EE87
:10307000011B9FED0D2B81EE020B8DED340B9DEDB1
:10308000340B02F075FBB1EE401B9DED4A0B21EEB7
:10309000008BDDF8000590ED000B9FED051B13E0A4
:1030A000F168E388B5F8E43E000000000080664067
:1030B000112D4454FB21094072C45A7C0A00F03F90
:1030C00072C45A7C0A00F0BF20EE011B1FED0A2BD0
:1030D00081EE020B8DED340B9DED340B01F0F0FC15
:1030E0009DED481B00EE018BDDF8000590ED080B0F
:1030F0001FED111B20EE011B1FED152B81EE020BA6
:103100008DED340B9DED340B02F032FB88EE001B8D
:103110008DED381BDDF8000590ED000B1FED1C1B3D
:1031200020EE011B1FED202B81EE020B8DED340BE9
:103130009DED340B02F01CFBB1EE401B9DED560BD8
:1031400021EE008BDDF8000590ED000B1FED281B34
:1031500020EE011B1FED2C2B81EE020B8DED340BAD
:103160009DED340B01F0ACFC9DED541B00EE018B8A
:10317000DDF8000590ED080B1FED331B20EE011B61
:103180001FED372B81EE020B8DED340B9DED340BD3
:1031900002F0EEFA88EE001B8DED361B9DED361B1E
:1031A0009DED380B01F0ACFB1FED411B20EE010B38
:1031B0001FED411B80EE012BDDF8000580ED0A2B91
:1031C000DDF8FC0490ED0A0B8DED340BDDF8000505
:1031D00090ED0A0B8DED320B9DED341B9DED320B06
:1031E000F8F782FCDDF8000580ED0A0BDDF800053C
:1031F00090ED0A0BF19800EB400090A901EB001054
:1032000080ED0A0B00BFF198401CF190F198022864
:10321000FFF6E8AE0020F190FEE3F19800EB4000ED
:1032200090A901EB001090ED000BDDF8000580ED9A
:10323000000BF19800EB400001EB001090ED080B43
:10324000DDF8000580ED080BF19800EB400001EB84
:10325000001090ED0A0BDDF8000580ED0A0BDDF89B
:10326000000590ED0A0B1FED6E1B20EE011B1FEDFC
:10327000722B81EE020B8DED040B9DED040B02F021
:1032800077FAB1EE401B9DED560B21EE008BDDF879
:10329000000590ED0A0B1FED7A1B20EE011B1FEDC0
:1032A0007E2B81EE020B8DED040B9DED040B01F0E6
:1032B00007FC9DED4A1B00EE018B9DEDFE1B9DED75
:1032C0006E0B00EE481B0DF5806080ED0A1BDDF8EB
:1032D000000590ED0A0B1FED8A1B20EE011B1FED70
:1032E0008E2B81EE020B8DED040B9DED040B02F095
:1032F0003FFAB1EE401B9DED540B21EE008BDDF843
:10330000000590ED0A0B1FED961B20EE011B1FED33
:103310009A2B81EE020B8DED040B9DED040B01F059
:10332000CFFBB0EE401B9DED480B01EE008B0DF581
:10333000806090ED001B9DED6E0B00EE481B80ED54
:103340000C1BDDF8000590ED0A0B1FEDA71B20EE0E
:10335000011B1FEDAB2B81EE020B8DED040B9DEDE0
:10336000040B02F005FAB1EE401B9DED520B21EE6D
:10337000008BDDF8000590ED0A0B1FEDB31B20EE6E
:10338000011B1FEDB72B81EE020B8DED040B9DEDA4
:10339000040B01F095FB9DED461B00EE018B0DF536
:1033A000806090ED021B9DED6E0B00EE481B80EDE2
:1033B0000E1BDDF8000590ED000B1FEDC31B20EE8A
:1033C000011B1FEDC72B81EE020B8DED040B9DED54
:1033D000040B02F0CDF98DED380BDDF8000590ED12
:1033E000000B1FEDCD1B20EE011B1FEDD12B81EE3D
:1033F000020B8DED040B9DED040B01F061FB8DEDD7
:10340000360B9DED380BB1EE401B9DED7A0B21EE96
:10341000000B0DF5806080ED160B9DED360B9DEDDC
:103420007A1B20EE010B80ED180B9DED780B80EDE3
:103430001A0B90ED0A1B90ED160B31EE400B8DED43
:10344000F20B90ED0C0B90ED181B30EE410B8DED57
:10345000F40B90ED0E0B90ED1A1B30EE410B8DED41
:10346000F60B9DED740B9DED701B30EE010B8DED99
:10347000340B9DEDF20B20EE000B9DEDF41B9DED4A
:10348000F42B01EE020B9DED341B01EE410B8DED93
:10349000040B9DED040B02F0C3F98DED320B9DED95
:1034A000F60B20EE000B9DED321B01EE010B8DEDB6
:1034B000040B9DED040B02F0B3F98DED440B9DED73
:1034C000760B9DED721B30EE010B9FEDFE1B30EE77
:1034D000011B9DED440BB4EEC01BF1EE10FA12D3AC
:1034E0009DED760B9DED721B30EE410BB0EEC00BE7
:1034F0009FEDF41B30EE411B9DED440BB4EEC01B61
:10350000F1EE10FA05DD012188AAF19842F82010A9
:10351000B0E29DED760B9DED721B30EE011B9DED33
:10352000440BB4EEC01BF1EE10FA08D29DED760B01
:103530009DED721B30EE010B8DED440B18E09DEDFF
:10354000760B9DED721B30EE410BB0EEC01B9DED76
:10355000440BB4EEC01BF1EE10FA09DD9DED760BC5
:103560009DED721B30EE410BB0EEC00B8DED440BA8
:103570009DEDFE0B8DED020B0DF5806090ED000BC7
:103580008DED000B9DED021B9DED000B01F0B8F9D8
:103590009FEDCE1B20EE011B9FEDCE2B81EE020B8B
:1035A000DDF8000590ED001B31EE400B8DED040BB6
:1035B0009FEDCA1B9DED040BF8F796FAB0EEC00B19
:1035C0009FEDC81BB4EEC10BF1EE10FA05DD9DEDC9
:1035D000320BB1EE400B8DED320B9DEDF60B8DED08
:1035E000040B9DED321B9DED040B01F089F99FED5D
:1035F000B71B20EE011B9FEDB72B81EE020B8DED6B
:10360000300B9DED440B20EE000B9DED761B01EE83
:10361000010B9DED721BB0EE402B01EE412B9DED99
:10362000440BB0EE001B20EE011B9DED760B21EE4E
:10363000001B82EE010B8DED2E0B9DED760B20EE27
:10364000000B9DED721B01EE010B9DED441BB0EED6
:10365000402B01EE412B9DED760BB0EE001B20EED2
:10366000011B9DED720B21EE001B82EE010B8DED17
:103670002C0B9DED2E0BB7EE001B00EE401B8DEDCD
:10368000021B9DED020B02F0CBF88DED040B9DEDBE
:103690002E1B9DED040B01F033F99FED8C1B20EEEA
:1036A000011B9FED8C2B81EE020B8DED2A0B9DED06
:1036B0002C0BB7EE001B00EE401B8DED021B9DEDA9
:1036C000020B02F0ADF88DED040B9DED2C1B9DED72
:1036D000040B01F015F99FED7D1B20EE011B9FED02
:1036E0007D2B81EE020B8DED280B9DED300BB1EEA5
:1036F000401B9DED2A0B31EE000B8DED260B9DED51
:10370000300BB1EE401B9DED2A0B31EE400B8DEDE1
:10371000240B9DED280B9FED6D1B31EE400B8DEDC5
:10372000220BDDF8FC0490ED040B9FED6A1B20EEEC
:10373000011B9FED662B81EE020B8DED040B9DEDC1
:10374000040B02F015F8B5EEC00BF1EE10FA0ED234
:103750009DED260BDDF8000580ED020B9DED220BA3
:10376000B1EE400BDDF8000580ED040B0BE09DEDA4
:10377000240BDDF8000580ED020B9DED220BDDF83A
:10378000000580ED040BDDF8000590ED080B9FEDC2
:10379000511B20EE011B9FED4D2B81EE020B8DED99
:1037A000040B9DED040B01F08BF9B0EE408BDDF8BE
:1037B000000590ED0A0B9FED471B20EE011B9FEDCE
:1037C000432B81EE020B8DED040B9DED040B01F0FC
:1037D00077F928EE000B8DED200BDDF8000590ED5C
:1037E000080B9FED3C1B20EE011B9FED382B81EE5B
:1037F000020B8DED040B9DED040B01F061F9B0EEB1
:10380000408BDDF8000590ED0A0B9FED321B20EE9A
:10381000011B9FED2E2B81EE020B8DED040B9DED18
:10382000040B01F0A5FF28EE000B8DED1E0BDDF85B
:10383000000590ED080B9FED271B20EE011B9FED6F
:10384000232B81EE020B8DED040B9DED040B01F09B
:103850008FFF8DED1C0B9DED200B9DED561B20EE7B
:10386000010B9DED1C1B9DED502B01EE420B9DEDC0
:103870001E1B9DED4A2B01EE020B8DED160B9DEDEF
:10388000200B9DED541B20EE010B9DED1C1B9DEDAF
:103890004E2B01EE420B9DED1E1B9DED482B01EEC4
:1038A000020B8DED180B9DED200B9DED521B20EEB4
:1038B000010B9DED1C1B9DED4C2B01EE420B9DED74
:1038C0001E1B13E0F168E388B5F8E43E0000000039
:1038D00000806640112D4454FB2109400000000087
:1038E0000000000000000000008056409DED462BC7
:1038F00001EE020B8DED1A0B9DED360B8DED0A0BD3
:103900009DED380B8DED0C0B1FED0C0B8DED0E0BA3
:103910009DED380B8DED100B9DED360BB1EE400B90
:103920008DED120B1FED130B8DED140B0AA8F8F79C
:1039300069F916A8F8F766F910A8F8F763F916A957
:103940000AA8F1F7A5FD8DED080B9DED0A0B9DED85
:10395000181B20EE010B9DED141B20EE010B9DEDBD
:103960000C1B9DED1A2B21EE021B9DED102B01EE81
:10397000020B9DED0E1B9DED162B21EE021B9DED06
:10398000122B01EE020B9DED0E1B9DED182B21EE6F
:10399000021B9DED102B01EE420B9DED0C1B9DEDCE
:1039A000162B21EE021B9DED142B01EE420B9DED1B
:1039B0000A1B9DED1A2B21EE021B9DED122B01EE31
:1039C000420B8DED060B9DED081B9DED060B00F0E7
:1039D00097FF1FED421B20EE010B1FED421B80EEF7
:1039E000012BB1EE420BDDF8000590ED021B30EE2D
:1039F000410B90ED041B30EE410B80ED060BDDF822
:103A0000FC0490ED060B8DED040BDDF8000590ED48
:103A1000060B8DED020B00E02FE09DED041B9DEDEC
:103A2000020BF8F761F8DDF8000580ED060BDDF814
:103A3000000590ED020BF19800EB400090A901EB1E
:103A4000001080ED020BDDF8000590ED040BF198FD
:103A500000EB400001EB001080ED040BDDF80005E9
:103A600090ED060BF19800EB400001EB001080EDAB
:103A7000060B00BFF198401CF190F1980228FFF668
:103A8000CCAB9FED500B8DED3C0B0A203B90002002
:103A9000F19053E088A9F19851F8200000B14AE074
:103AA0001FED720B8DED380B0020F09030E0F19897
:103AB00000EB400090A901EB0011F09801EBC00071
:103AC00090ED000BF099DDF8FC0400EBC10090EDE7
:103AD000001B30EE411BF19800EB400090A901EB78
:103AE0000011F09801EBC00090ED000BF099DDF8AB
:103AF000FC0400EBC10090ED002B30EE422B9DED5D
:103B0000380B01EE020B8DED380BF098401CF09055
:103B1000F0980628CBDB9DED380B9DED3C1BB4EEF9
:103B2000C10BF1EE10FA05D29DED380B8DED3C0B7B
:103B3000F1983B9000BFF198401CF190F198022859
:103B4000A8DB3B980A2803D140F2FE30FFF729B8E2
:103B50000020F09014E03B9800EB400090A901EBAE
:103B60000011F09801EBC00090ED000BF099DDF82A
:103B7000000500EBC10080ED000BF098401CF090B8
:103B8000F0980628E7DB0020F19016E0F199DDF8C7
:103B9000000500EBC10090ED000B8DED380B9DEDA5
:103BA000380BFBF723FFF199DDF8000500EBC100AE
:103BB00080ED000BF198401CF190F1980628E5DBB0
:103BC0000020C3E7000000205FA002422DE9F04181
:103BD0002DED108BBCB005460E46144696ED000B3D
:103BE0008DED3A0B96ED020BB0EE40AB96ED040B6B
:103BF000B0EE40CB96ED060B8DED380B96ED080B35
:103C00008DED360B96ED0A0B8DED340B9DED3A0BD9
:103C10009FEDFE1B20EE010B9FEDFE1B80EE012BA6
:103C20008DED0A2B9DED0A0B00F04AFFB0EE408BA4
:103C30009DED3A0B9FEDF51B20EE010B9FEDF51B63
:103C400080EE012B8DED0A2B9DED0A0B01F090FD0E
:103C5000B0EE409B9FEDED0B2AEE000B9FEDED1BB0
:103C600080EE012B8DED0A2B9DED0A0B00F028FF55
:103C70008DED320B9FEDE50B2AEE000B9FEDE51B62
:103C800080EE012B8DED0A2B9DED0A0B01F070FDEE
:103C90008DED300B9DED360B9FEDDC1B20EE010B07
:103CA0009FEDDC1B80EE012B8DED0A2B9DED0A0BA9
:103CB00000F006FF8DED2E0B9DED360B9FEDD31B17
:103CC00020EE010B9FEDD31B80EE012B8DED0A2B17
:103CD0009DED0A0B01F04CFD8DED2C0B9DED340B91
:103CE0009FEDCA1B20EE010B9FEDCA1B80EE012B3E
:103CF0008DED0A2B9DED0A0B00F0E2FE8DED2A0BF7
:103D00009DED340B9FEDC11B20EE010B9FEDC11B00
:103D100080EE012B8DED0A2B9DED0A0B01F028FDA5
:103D20008DED280B3AEE0C0B9FEDB81B20EE010B2E
:103D30009FEDB81B80EE012B8DED0A2B9DED0A0B3C
:103D400000F0BEFE8DED260B3AEE0C0B9FEDAF1B87
:103D500020EE010B9FEDAF1B80EE012B8DED0A2BAA
:103D60009DED0A0B01F004FD8DED240B3AEE0C1BCA
:103D70009DED380B31EE000B9FEDA41B20EE010BE7
:103D80009FEDA41B80EE012B8DED0A2B9DED0A0B00
:103D900000F096FE8DED220B3AEE0C1B9DED380BDC
:103DA00031EE000B9FED991B20EE010B9FED991B4F
:103DB00080EE012B8DED0A2B9DED0A0B01F0D8FC56
:103DC0008DED200B95ED0E0B8DED1E0B95ED100B73
:103DD0008DED1C0B95ED180BB0EE40DB95ED1A0B3D
:103DE000B0EE40EB95ED240BB0EE40FB95ED260BCD
:103DF0008DED1A0B95ED340BB0EE40BB95ED3E0BFF
:103E00008DED180B9DED1E0BB5EEC00BF1EE10FA0B
:103E100028D99DED1C0BB5EEC00BF1EE10FA21D99F
:103E2000B5EEC0DBF1EE10FA1CD9B5EEC0EBF1EE49
:103E300010FA17D9B5EEC0FBF1EE10FA12D99DEDCC
:103E40001A0BB5EEC00BF1EE10FA0BD9B5EEC0BBF4
:103E5000F1EE10FA06D99DED180BB5EEC00BF1EEA0
:103E600010FA06D840F2FD303CB0BDEC108BBDE836
:103E7000F081B1EE4E0BB0EE40EBB1EE4B0BB0EE7D
:103E800040BB9FED660B84ED000B9FED640B84ED52
:103E9000020B9FED620B84ED040B9DED1E0BB1EE4A
:103EA000400B20EE090B84ED0C0B9DED1E0B20EE5C
:103EB000080B84ED0E0B9DED1C0B84ED100B94EDA7
:103EC0000C0B2DEE082B9DED321B02EE010B0EEEBE
:103ED000490B84ED180B94ED0E0B2DEE092B9DED87
:103EE000321B02EE010B0EEE080B84ED1A0B94ED63
:103EF000101B9DED300B0DEE401B84ED1C1B94ED53
:103F0000180B2FEE082B9DED261B02EE010B9DEDED
:103F10001A1B01EE490B84ED240B94ED1A0B2FEEC6
:103F2000092B9DED261B02EE010B9DED1A1B01EEE8
:103F3000080B84ED260B94ED1C1B9DED240B0FEE5E
:103F4000401B84ED281B94ED241B2BEE082B9DEDCC
:103F5000200B02EE001B84ED301B94ED260B2BEEA4
:103F6000092B9DED201B02EE010B84ED320B94ED2D
:103F7000281B9DED220B0BEE001B84ED341B9DEDE9
:103F80002E0B29EE000B9DED2C1B28EE012B9DED39
:103F9000221B02EE010B94ED302B9DED181B01EE60
:103FA000402B84ED3C2B9DED2E0B28EE000B9DED60
:103FB0002C1B29EE012B9DED221B02EE410B94EDF3
:103FC000322B9DED181B01EE002B84ED3E2B94ED62
:103FD000340B9DED181B9DED2C2B21EE022B9DED3E
:103FE000201B02EE010B84ED400B95ED000B8DEDD7
:103FF0000C0B95ED020B8DED0E0B95ED040B8DED7D
:10400000100B95ED060B8DED120B0BE0112D4454AA
:10401000FB21094000000000008066400000000015
:104020000000000095ED080B8DED140B95ED0A0BCB
:104030008DED160B4FF000082DE000270DE008EB8A
:10404000480004EB001000EBC70090ED000B684641
:1040500000EBC70080ED000B7F1C032FEFDB032775
:1040600007E01FED120B684600EBC70080ED000B68
:104070007F1C062FF5DB08EB480004EB00121FED58
:10408000192B1FED1A1B1FED1B0B0CA96846FCF723
:1040900099FC08F10108B8F1060FCEDB0020E3E639
:1040A00070B500240F4D1048F4F7AEFF00BF03E0D9
:1040B000641CAC4200D904E00B48ECF07EF92028E7
:1040C000F6D100BF002403E0641CAC4200D906E036
:1040D000012206490448F5F7FDF80028F4D100BF95
:1040E00070BD0000FFFF01000817002466000024D7
:1040F00000BFFEE72DE9F04104460F4616460020BA
:10410000306020780B2839D2DFE800F00607380F3E
:10411000171F27382F38370033E03246394604F16D
:104120000800FCF701F805462BE03246394604F159
:104130000800F1F769F8054623E03246394604F1F4
:104140000800F8F76DF905461BE03246394604F1E0
:104150000800FAF72BFC054613E03246394604F115
:104160000800EEF7ABF905460BE03246394604F19C
:104170000800FFF72BFD054603E002E040F2FF35A3
:1041800000BF00BFBDE8F0812DE9F04F2DED088B99
:10419000ADF5137D81460D4692461F46DDF890B27F
:1041A0000020929000244DE104EB440000EBC40099
:1041B00017F83000012808D004EB440000EBC400DD
:1041C00017F83000022800D03BE1302229461AA817
:1041D000ECF7E0F8929800287ED1012092909FEDB4
:1041E0009CABB9F1030F12D195ED680B95ED601BF7
:1041F00080EE012BB0EE429B9FED970BB4EEC09B7F
:10420000F1EE10FA03DD9FED940BB0EE409B01261A
:104210009DE000EE106AB8EEC00B20EE0A0BB0EE87
:10422000408BB9F1020F06D0B9F1030F2CD0B9F1D0
:104230000C0F6DD162E04FF000081AE0B7EE000BF2
:1042400030EE480B05F1300000EBC80090ED001B8C
:1042500020EE010B05F5907000EBC80090ED001BFF
:1042600008EE010B0EA800EBC80080ED000B08F172
:104270000108D845E2DB02A82B460EAA00210090D7
:10428000A598FDF737F843E04FF0000832E029EE3B
:10429000081BB0EE410B00F013FC95ED601B20EE07
:1042A000010B05F5E47000EBC80090ED001B05F56F
:1042B000C47000EBC80090ED00BB00EE01BB29EE1E
:1042C000081BB0EE410B01F053FA95ED601B20EE98
:1042D000010B05F5F07000E03CE000EBC80090ED4C
:1042E000001B00EE01BB02A800EBC80080ED00BB84
:1042F00008F10108B8F1030FC9DB09E003231A46EE
:1043000002A9B0EE480B05F5BE60F1F7FDFE00BF57
:1043100000BFBBF1050F09DA06EB46001AA901EB55
:10432000001202A95046FCF7C1FA0EE006EB460067
:104330001AA901EB00129FED4A2B9FED491B9FED3F
:10434000480B02A95046FCF73DFB701C06B20A2E32
:10435000FFF65FAF012671E004EB440303EBC403F7
:1043600007EBC30303F1200204EB440303EBC40394
:1043700007EBC30303F10801731E03EB43030DF1C5
:10438000680C0CEB0310F8F7BDF9199004EB44032B
:1043900003EBC40307EBC30303F1200204EB440364
:1043A00003EBC40307EBC30303F1080106EB460369
:1043B0000DF1680C0CEB0310F8F7A4F9189004EB5E
:1043C000440C0CEBC40C07EBCC0C0CF1200304EBFD
:1043D000440C0CEBC40C07EBCC0C0CF1080206EB04
:1043E000460C0DF1680E0EEB0C11A6F1010C0CEB56
:1043F0004C0C0EEB0C10F6F783F81790199808B1D7
:10440000189838B904EB440000EBC40017F83000EA
:10441000012809D0179878B104EB440000EBC400E0
:1044200017F83000022807D1601C80B20DF5137D0B
:10443000BDEC088BBDE8F08F701C06B20A2E8BDB3A
:1044400000BF641C0A2CFFF6AFAE0020EEE70000B0
:104450001CC7711CC771BC3F112D4454FB2119406E
:1044600000000000000000000FB4054B10B503A9C8
:10447000044A029801F06EFD10BC5DF814FB0000C8
:1044800065271208600000240FB4084B10B504A97A
:1044900002AA039801F05EFD044602A9002002F082
:1044A000C7F8204610BC5DF814FB00003166010817
:1044B00003B401984100009850EAC12018BF0420BD
:1044C0004A0D18BF40F0010040F2FF72B2EB515F9D
:1044D00008BF40F00200012808BF052002B0704765
:1044E00000487047F003002410B5694A2DED020B17
:1044F0002DED0C8B82B00F9921F000409FED66CB23
:1045000090422CDBA0F140530E9AA3F17F631A4333
:104510000FD06349884202DC16D10E98A0B19DED00
:104520000E0B02B0BDEC0C8B02B0BDE810400DF1DB
:1045300013BF0029CCBF9FED5C0BB0EE4C0B02B05B
:10454000BDEC0C8B02B010BD01200DF121FF02B0BB
:10455000BDEC0C8B02B0BDE810400DF101BF544A18
:104560009FED558B9FED569B90422ADA56499FED61
:1045700058BB8142A8BFB0EE4B0BE0DA9DED0E0BAD
:104580005548062120EE00ABB0EE4A0B784401F00E
:1045900073FB20EE0ACB5148B0EE4A0B042178445D
:1045A00001F06AFB0AEE008B9DED0E1B8CEE080BF2
:1045B00001EE409B9DED0E0B30EE490B3BEE400BA8
:1045C000BDE79FED470B9FED48BB9DED0E1B0029FE
:1045D00026DA31EE081B4648062121EE00ABB0EE8C
:1045E0004A0B784401F048FB20EE0ADB4148B0EE6C
:1045F0004A0B0421784401F03FFB0AEE008B51EC9A
:104600001A0B0DF047F98DEE081B41EC100B11EE63
:10461000009B30EE091BB0EE4C0B01EE4B0B8EE70E
:1046200038EE411B21EE009B51EC190B0DF032F9D5
:1046300041EC1C0B00208DED00CB00909DED001B8C
:104640009DED002BB0EE490B2B4801EE420B0621ED
:104650003CEE011B80EE01ABB0EE490B784401F05B
:104660000BFB20EE09DB2548B0EE490B0421784412
:1046700001F002FB09EE008B8DEE080B00EE0CAB97
:104680009DED000B30EE0A0B20EE0B0B57E7000000
:104690000000F03F00000000182D4454FB210940A9
:1046A0000000F07F0000000000000000000000009B
:1046B0000000E03F00000000000000000000F03FAC
:1046C000075C143326A6913C0000603C000000000B
:1046D000182D4454FB21F93F38DD000056DD000061
:1046E000000000000000E03F00000000000000406B
:1046F000E2DC000000DD000068DC000086DC000079
:1047000070B565482DED020B2DED048B059D25F050
:104710000044A04218DC6148844202DC0AD10498BB
:1047200040B19DED040BBDEC048B02B0BDE87040C0
:104730000DF112BE002DCCBF9FED590B9FED5A0B12
:10474000BDEC048B02B070BD5948A04215DD59483C
:10475000A042D8BF4FF0FF3455DD9DED040B51EC66
:10476000100BFFF7A5FE042808BF0DF105FE9DED17
:10477000040BBDEC048B02B070BD9DED040B51EC3D
:10478000100B0BF068FDCDE904014B489FED4C0B7D
:10479000A0421CDD4C48A0420BDD9DED042B002403
:1047A0009FED4B1B12EE010B32EE011B80EE012B35
:1047B00027E09DED041B9DED042B012431EE401BF1
:1047C00032EE000B81EE002B8DED042B1BE04248F6
:1047D000A0420FDD9DED042B02249FED411B9DEDBA
:1047E000043B32EE412B03EE010B82EE001B8DEDFC
:1047F000041B08E09DED040B9FED3B1B032481EEA1
:10480000002B8DED042B9DED040B3948062120EE85
:10481000009B29EE098BB0EE480B784401F02CFA8E
:1048200020EE099B3348B0EE480B0521784401F097
:1048300023FA20EE080B002C0BDA9DED042B39EE49
:10484000001B9DED040BBDEC048B02B002EE410B8E
:1048500070BD2948784439EE000B00EBC4009DED93
:10486000042B90ED001B254812EE001B9DED040B60
:1048700031EE400B784400EBC400002D90ED001B9E
:1048800031EE400BB8BFB1EE400BBDEC048B02B073
:1048900070BD000000000000000010440000F07F28
:1048A000182D4454FB21F93F182D4454FB21F9BF26
:1048B0000000DC3F0000203E0000F33F000000004D
:1048C000000000000000F03F0000E63F0000000094
:1048D00000000000000000400080034000000000D5
:1048E000000000000000F83F000000000000F0BFE2
:1048F00062DB000028DB0000E0DA0000A0DA000044
:1049000070B55F4E2DED040B2DED028B82B0DDF8FE
:104910001CC0DDE905235C422CF000411C4341EA48
:10492000D474049D22F00040B44205D86C422C435C
:1049300040EAD474B4420BD99DED061B9DED040BE7
:1049400002B0BDEC028B04B0BDE8704001F020BAAB
:10495000ACF14054A4F17F641C430BD0022404EA60
:10496000AC7444EAD27405439FED478B9FED482B0E
:104970000DD016E09DED040B51EC100B0DF137FD41
:1049800041EC100B02B0BDEC028B04B070BD002CEA
:1049900014BF012C9DED040BF4D0022C2ED0032C5F
:1049A0002FD00B439FED3C1B9FED3D0B0AD0B14236
:1049B0001DD1B04209D121F0804120F08040079103
:1049C000059014E0002ADDDA15E0374B7B44002C1B
:1049D00008BF93ED000BD5D0012C04BF93ED000B65
:1049E000B1EE400BCED0022C08D0032C09D0B0423F
:1049F0000AD1002AC6DAB0EE410BC3E7B0EE480B8D
:104A0000C0E7B0EE420BBDE7401A00153C28C8BF16
:104A10008DED000B17DCBCF1000FBEBF10F13C0F99
:104A20009FED230B8DED000B0DDB9DED041B9DED2C
:104A3000062B81EE020B51EC100B0BF00CFC0DF170
:104A4000D6FCCDE90001002C08BF9DED000B99D0EC
:104A5000012C0CD09DED001B9FED170B022C31EEAD
:104A6000400B0CBF38EE400B30EE480B8AE7019844
:104A700080F0004001909DED000B83E700000000F6
:104A80000000F07F00000000182D4454FB21094075
:104A9000182D4454FB2109C0182D4454FB21F9BFA3
:104AA000182D4454FB21F93FC0DA0000000000003B
:104AB0000000000000000000075C143326A6A13CA3
:104AC00010B529499FED261B2DED020B84B00598EA
:104AD00020F000408842D8BF9DED040B2DDD234916
:104AE000884209D1049840B94FF001000DF150FC03
:104AF0000DF136FC06B010BD05DB9DED040B30EE6C
:104B0000000B06B010BD68469DED040B00F0BCFE26
:104B100010F0030004BF9DED021B9DED000B0CD0B7
:104B200001280ED09DED021B9DED000B022810D038
:104B3000012001F0D9F806B010BD01F02DF806B043
:104B400010BD9DED021B9DED000B012001F0CCF886
:104B500001E001F021F806B0B1EE400B10BD0000FD
:104B60000000000000000000FB21E93F0000F07F92
:104B700010B5794A2DED020B2DED088B82B00B9903
:104B8000C80F21F00041914242D3744A8A4219D899
:104B90000A9AC1F31301114309D09DED0A0B02B02B
:104BA000BDEC088B02B0BDE810400DF1D5BB00286C
:104BB00014BF9FED6B0B9DED0A0B02B0BDEC088B93
:104BC00002B010BD9DED0A0B9FED671BB4EEC10B4B
:104BD000F1EE10FA0ADD02200DF1DAFB02B0BDECB5
:104BE000088B02B0BDE8104001F0D6B89FED601B05
:104BF000B4EEC10BF1EE10FA0AD202200DF1C8FB9F
:104C000002B0BDEC088B02B0BDE810400DF1B4BBA2
:104C1000594A9FED5B9B8A4239D25B4A914213D23B
:104C20005A49794401EBC0019DED0A1B91ED000B3F
:104C3000574931EE408B794401EBC00191ED00AB57
:104C4000C0F101010C1A1DE05249794401EBC0008A
:104C50009DED0A1B90ED000B9FED4F2B9DED0A8BF8
:104C600001EE020BBDEEC00B10EE104A00EE104A32
:104C7000B8EEC00B9FED4A1B00EE418B9FED4A1B27
:104C800020EE01AB38EE4A0B8DED0A0B15E04848DB
:104C900088420FD99DED0A0B9FED471B30EE010BAB
:104CA000B4EEC90BF1EE10FAC4BF9DED0A0B30EE65
:104CB000090B82DC9DED0A0B00244148052120EE02
:104CC00000BBB0EE4B0B784400F0D6FF9DED0A1B05
:104CD0009DED0A2B0BEE401B9FED3B0B22EE012BB3
:104CE000BCB130EE411B6FF47F70844282EE010B49
:104CF0003AEE400B30EE480B39EE400B10EE900AC6
:104D00008DED000B10DB00EB045001909DED000BCE
:104D100053E731EE401B82EE010B9DED0A1B30EE96
:104D2000410B39EE400B48E74FF07A5101EB04514B
:104D3000084401909DED001B9FED250B21EE008B9B
:104D400051EC180BFFF7B4FB042808BF0DF114FB5E
:104D5000B0EE480B31E70000422E86400000F07FA5
:104D60000000000000000000EF39FAFE422E8640ED
:104D700051302DD5104987C0422ED63F000000008B
:104D8000000000000000F03FB2A2F03F9AD7000000
:104D900096D7000062D70000FE822B654715F73FCB
:104DA0000000E0FE422EE63F763C7935EF39EA3DE1
:104DB0000000303E000000009C7500883CE4377E17
:104DC00016D70000000000000000000000000040B6
:104DD00000000000000070012DE9F04D2DED040BE6
:104DE0002DED0A8B9AB0DDE92550279CDDF890A0C7
:104DF00025F0004624F00048BAF1000F14BF01214D
:104E0000002101EB4502F84953184A1093422AD376
:104E1000002814BF0123002303EB44030B44F34990
:104E20008B4220D358EA00019FEDF19B72D0DFF84E
:104E3000C8B35D4503D1BAF1000F05D184E0BAF1E2
:104E4000000F08BF002100D0012101EB450111F541
:104E5000001F08D8002814BF0121002101EB4401E4
:104E600011F5001F0BD99DED261B9DED240B1AB0EB
:104E7000BDEC0A8B04B0BDE8F04D00F089BF0027FF
:104E8000002DBCBFDD49884521DADD498845A8BF32
:104E900002271CDAC3451ADCDA4901EB2851142930
:104EA00008DDC1F1340220FA02F101FA02F2824275
:104EB0000DD108E058B9C1F1140228FA02F101FA43
:104EC00002F2424503D101F00101C1F1020756EAA5
:104ED0000A0120D1002C1EDA002D18BF022F01D0AC
:104EE000012F0AD002200DF153FA1AB0BDEC0A8B43
:104EF00004B0BDE8F04D0DF11FBA02200DF148FAE3
:104F00000DF11AFAB1EE400B1AB0BDEC0A8B04B0E9
:104F1000BDE8F08D18E09FEDBCAB9FEDBD8B002888
:104F20007DD1B64880451CD105F1804010F5801038
:104F300008BFBAF1000F07D0B34508DC002CA8BFAA
:104F40009DED260BE0DA07E0B0EE490BDCE7002C24
:104F5000B8BF9DED260BD5DBAF48784490ED000B34
:104F6000D2E7D84548D1002C43DA2EB186423AD157
:104F7000BAF1000F3DD126E0BAF1000F13D00220A4
:104F80000DF106FA00F008FF8DED020B9DED240BEC
:104F90008DED000B10EE900A039961F31E00039053
:104FA0009DED020BB0E78DED02AB9DED240B1AEEEB
:104FB000901A10EE900A8DED000B61F31E00039025
:104FC0009DED020BA0E78DED028B9DED240B18EEFD
:104FD000901A10EE900A8DED000B61F31E00039005
:104FE0009DED020B90E704DA9DED241B89EE010B89
:104FF0008AE79DED240B87E786421ADAB4F1804FE9
:1050000004BF9DED240B20EE000B3FF47DAFA4F117
:105010000050B0F1FF500CD1002D0ADB00E008E099
:105020009DED240B51EC100B0CF034FC41EC100BFB
:105030006AE79DED240B51EC100B0BF00CF9BAF163
:10504000000FCDE90E0140D19FED750B46B3A6F1DF
:10505000E040B0F17F600ED05E4536D1002D00DA21
:1050600097B3022F0CBF01204FF0FF3000EE100A63
:10507000B8EEC00B48E7002D01DD002C0DDA002D45
:1050800001DD002C1DDB002D14DA002C12DB012FBA
:1050900008BF9FED650B3FF437AFB0EE4A0B33E727
:1050A000022F18BF002D0CD0012F0AD1002DFFF6C2
:1050B0002BAF06E0002DB8BF002C06DA012F3FF41D
:1050C00023AFB0EE480B1FE719E0012000EBE570BD
:1050D00050EA070113D0791EB0EE498B084308BF90
:1050E0009FED538B5448002580457ADD5349544841
:1050F000884514DDB0420DDB002C19DB2CE00120CB
:105100000DF146F91AB0BDEC0A8B04B0BDE8F04DC4
:105110000DF126B9B34502DC002C09DC1CE0864207
:1051200002DA002C18DA03E05E4528DD002C13DDDE
:1051300002200DF12DF900F02FFE8DED020B28EE6F
:105140000A0B8DED000B10EE900A039961F31E001F
:1051500003909DED020BD7E602200DF119F90DF138
:105160000BF910EE901A18EE900A8DED020B8DEDF2
:10517000008B61F31E0003909DED020BC4E69DEDD4
:105180000E0B9FED313B30EE490B8DED040B20EE05
:10519000002B9DED041B9FED2E0B01EE430B9DEDAF
:1051A000043B9FED2D1B03EE401B9DED040B9FED7B
:1051B0002E3B22EE012B9FED2A1B20EE011B20EE41
:1051C000030B9FED2B3B02EE430B31EE002B8DEDDD
:1051D000022B02959DED022B32EE411B30EE411B5E
:1051E00021E149E000000000FFFF1F00FFFF0F006A
:1051F000000000000000F03F0000F03F0000F07FE2
:105200000000404301FCFFFF000000000000F07FB1
:10521000000000000000000032D500000000000087
:105220000000000000000080000000000000F0FF0F
:10523000000000000000F0BF0000E0410000F0436B
:10524000FFFFEF3F00000000000000000000D03F23
:10525000555555555555D53F000000000000E03F1D
:10526000000000604715F73F44DF5DF80BAE543E89
:10527000FE822B654715F73F0020B6F5801F0BDA3D
:105280009DED0E0B9FEDEC1B6FF0340020EE010B3B
:1052900010EE906A8DED0E0BE94A00EB2650C6F336
:1052A0001301A0F2FF3741F07F6040F0405091427F
:1052B000D8BF002408DDE34A8A42C8BF012403DCCA
:1052C0000024A0F580107F1CDF49794401EBC40164
:1052D0000F9091ED001B9DED0E2B9DED0E0BDB490C
:1052E00031EE023B30EE410B89EE032B20EE02AB98
:1052F0008DED02AB7944029591ED003B4FF00051EA
:1053000041EA600000EB84408DED043B00F5002095
:1053100005909DED043B9DED044B2AEE0ACB33EE48
:10532000411B9DED0E3BCA48062133EE411B9DED0E
:10533000023B03EE440B03EE410B20EE02BBB0EE4A
:105340004C0B784400F098FC2CEE0C1B20EE010B6B
:105350009DED021B31EE0A1B0BEE010B9DED021BB6
:1053600021EE011B9FEDBC2B31EE023B33EE003BE7
:105370008DED043B04959DED043B33EE422B32EE64
:10538000411B30EE412B9DED020B9DED041B20EEE9
:10539000011B9DED040B2BEE000B02EE0A0B31EE10
:1053A000002B8DED022B02959DED022B32EE411B61
:1053B00030EE410B9DED021B9FEDA92B21EE021B50
:1053C0009DED022B9FEDA83B22EE032B9FEDA83B0A
:1053D000A94800EE032B784400EBC40090ED000BCD
:1053E000A64832EE000B02EE107AB8EEC22B8DED1D
:1053F000042B31EE003B784400EBC4009DED044BE0
:1054000090ED002B33EE023B33EE043B8DED023B7F
:1054100002959DED023B33EE443B33EE422B32EEE0
:10542000411B30EE411B9DED260B954A8DED000B87
:1054300000959DED260B9DED002B30EE420B9DED72
:10544000022B20EE020B9DED262B02EE010B9DEDB3
:10545000001B9DED022B21EE021B8DED021B30EE99
:10546000011B11EE900A11EE101A8DED001B9042F7
:1054700024DB821A11430ED19FED831B9DED002B7F
:105480009DED023B30EE011B32EE432BB4EEC21B0E
:10549000F1EE10FA26DD02200CF17AFF00F07CFC20
:1054A00010EE901A18EE900A8DED020B8DED008B28
:1054B00061F31E0003909DED020B25E5744B20F077
:1054C00000429A420ED3734A024411437FF444AE21
:1054D0009DED022B31EE421BB4EEC01BF1EE10FA33
:1054E000BFF63AAE20F000416B4A6C4B002402EB51
:1054F00021529942D8BF9DED021B27DD511C4FF46C
:10550000801222FA01F10144654BC1F30A527B4437
:10551000A2F2FF3293ED001B624B8DED041BD340D2
:1055200021EA0303C1F3130141F48011C2F1140213
:1055300021FA02F405930028B8BF64429DED021BD6
:105540009DED042B31EE421B8DED021B30EE011B55
:105550008DED041B04959DED041B9FED532B9DEDDC
:10556000023B21EE021B9DED042B32EE432B30EE6D
:10557000420B9FED4F2B20EE020B9DED042B9FED78
:105580004E3B4F48052102EE030B31EE002B8DED13
:10559000002B32EE411B30EE41AB9DED000B20EEB7
:1055A000000B8DED040B784400F066FB9DED001BB5
:1055B0009DED042B02EE401B8DED021B9DED000BBB
:1055C00020EE010B9FED402B31EE422B80EE021BB3
:1055D0009DED002BB0EE4A0B02EE0A0B31EE400BB4
:1055E0009DED001B30EE410B39EE400B10EE900AA2
:1055F0008DED000B00EB045001150029C8BF019090
:1056000013DC224651EC100BEBF730F9FEF750FF9C
:10561000042808BF0CF1B0FE22469DED000B51ECB2
:10562000100BEBF723F9CDE900019DED000B28EEFF
:10563000000B69E40000000000000000000040438F
:105640008E9803007AB60B003AD1000098D1000082
:10565000F2D0000000000000000000000000084040
:10566000000000E009C7EE3FF5015B14E02F3EBEED
:10567000FD033ADC09C7EE3F4ED000001ED000000B
:105680000000904000000000FE822B654715973C0B
:1056900000CC904000346F3F01FCFFFF0000E03F72
:1056A0007ECF0000FFFF0F0000000000432EE63F0A
:1056B000EF39FAFE422EE63F396CA80C615C20BE41
:1056C000BECE00000000000000000000000000400E
:1056D00010B52DED020B84B09DED040B51EC100BB9
:1056E000EBF7DCF841EC100B9DED041B05989FEDEA
:1056F0001A2B31EE401B9FED1A3B9FED1B4B10F018
:10570000004F0AD0B4EEC41BF1EE10FA0AD9B4EE81
:10571000C31BF1EE10FA0FDD0CE0B4EEC41BF1EE8A
:1057200010FA02D230EE420B06E0B4EEC31BF1EEEB
:1057300010FA01DB30EE020B8DED020B9DED040B38
:105740008DED000B10EE900A039961F31E0003909B
:105750009DED020B06B010BD000000000000F03F00
:10576000000000000000E03F000000000000E0BF7B
:1057700010B529499FED261B2DED020B84B005982D
:1057800020F000408842DCBF00209DED040B2EDDA0
:105790002249884209D1049840B94FF001000CF128
:1057A000F7FD0CF1DDFD06B010BD05DB9DED040B32
:1057B00030EE000B06B010BD68469DED040B00F006
:1057C00063F810F003000DD0012814D09DED021BEA
:1057D0009DED000B022816D000F0DEF906B0B1EE08
:1057E000400B10BD9DED021B9DED000B012000F054
:1057F0007BFA06B010BD9DED021B9DED000B00F085
:10580000CBF906B010BD012000F06EFAE6E700000B
:105810000000000000000000FB21E93F0000F07FD5
:1058200000B52DED028BB1EEC08B83B018EE100ADF
:1058300018EE901A8DED008B002818BF0120084348
:1058400020F00040C0F17F6000F1E040C00F14D0B4
:1058500010EE101A10EE900A8DED000B002918BF03
:105860000121084320F00040C0F17F6000F1E040DA
:10587000C00F04BF01200CF18BFDB0EE480B03B04C
:10588000BDEC028B00BD00002DE9F14F04462DED6B
:10589000020B2DED048B94B09FED9D0B80ED020B60
:1058A000199E9D4826F0004585420ADC9DED180BA7
:1058B000002084ED000B14B0BDEC048B03B0BDE8F8
:1058C000F08F96489FED969B9FED978BA84225DD24
:1058D00097489FED991B9FED9A2B9DED180B002E7D
:1058E0000DDD30EE490B854212BF30EE480B30EE35
:1058F000410B30EE420B84ED000B0120DBE730EE74
:10590000090B854212BF30EE080B30EE010B30EE72
:10591000020B84ED000B4FF0FF30CCE78A48A84221
:1059200053DB9DED180B51EC100B0AF094FC41EC8D
:10593000100BB0EE401B9FED862B9FED870B290DC2
:10594000DFF81CC201EE020B0120FDEEC00B10EED1
:10595000903A00EE903AB8EEE02BB0EE410B02EE3A
:10596000490B22EE081BFC44032830EE411B84ED5A
:10597000001B1DD011EE902A00EB4015113DC2F323
:105980000A528A1A954213DA0CEB0012B0EE403B31
:1059900092ED000B401C20EE021B33EE410B33EE68
:1059A000403B33EE411B92ED023B12EE031BDBE763
:1059B000002EA8BF1846BFF67EAF94ED000B5842EC
:1059C000B1EE400B84ED000B75E7C6F3130040F415
:1059D000801EC6F30A50A0F2F530471100F01F05F3
:1059E000C5F12000DDF860B0139000200890099008
:1059F00005200DF1080C5B49002D07EB00027944EE
:105A000008BF51F8221009D051F8223001EB820171
:105A1000AB404A68139922FA01F11943A1FB0E2603
:105A2000A1FB0B131A449A4234BF0123002303EB5A
:105A300006080CEB8003D3E901A60E448E4234BF66
:105A40000121002192448A4411B1924502D903E018
:105A5000924501D2012100E00021C3E901A64144A1
:105A60004CF82010011EA0F10100C4DC04989DED4B
:105A7000050A00F10050810F04989FED3B4B800018
:105A800001EE100ADDED060A9DED072AB8EEC13BD6
:105A9000B8EE401BB8EE600BB8EE422B002021EEB2
:105AA000041B9FED334B20EE040B9FED334B22EE96
:105AB000042B30EE024B34EE014B34EE034B8DEDF4
:105AC000004B00909DED004B199834EE433B10F0D5
:105AD000004F33EE411B31EE400B32EE401B9DED8B
:105AE000000B9FED272B20EE020B9FED272B01EEE5
:105AF000020B9DED001B9FED262B01EE020B1CBF40
:105B00004942B1EE400B84ED000B0846D3E600009D
:105B10000000000000000000FB21E93F7CD90240AA
:105B200000004054FB21F93F3163621A61B4D03D5B
:105B3000FB21F93F000000000000601A61B4D03D75
:105B40007370032E8A19A33BFB213941000000002A
:105B500083C8C96D305FE43F000000000000E03FF3
:105B60002ECB0000C6CA0000000000000000103E5E
:105B7000000000000000103C000000000000103A8F
:105B80003326A611460B113C182D4454FB21F93D38
:105B900000000054FB21F93D10B52DED040B2DED57
:105BA000068B82B0B0EE41AB09989FED299B20F0A7
:105BB0000044B4F1795F0FDA9DED080BBDEEC00B28
:105BC00010EE100A002801BFB0EE490B02B0BDEC88
:105BD000068B04B008BF10BD9DED080B1E480621C2
:105BE00020EE008BB0EE480B784400F045F820EE34
:105BF000080B9DED081B1C48844228EE000B01EEAB
:105C00004A0B9FED171B28EE011BBCBF31EE400B6A
:105C100039EE400B16DB1548A042BCBF9FED142B9C
:105C20008DED002B06DBA4F5001001900020009004
:105C30009DED002B31EE421B39EE422B31EE400B35
:105C400032EE400B02B0BDEC068B04B010BD00007C
:105C5000000000000000F03F0CCC1000000000002D
:105C6000000000000000E03F3333D33F0000E93F75
:105C7000000000000000D23F491E00EBC102B0EE60
:105C8000401B92ED000B31F006020DD0491E00EBD7
:105C9000C102B0EE403B92ED002B31F00602B0EEB7
:105CA000420B03EE010BF1D1022914D004290AD0D2
:105CB000062918BF704790ED0A2B00EE012B90EDDE
:105CC000080B02EE010B90ED062B00EE012B90ED80
:105CD000040B02EE010B90ED022B00EE012B90ED78
:105CE000000B02EE010B704731B504462DED040B9D
:105CF0002DED068BB0EE419B07989DED060B20F035
:105D00000040B0F1795F0DDA51EC100BFEF7D0FBDB
:105D1000042808BF0CF130FB9DED060BBDEC068B93
:105D200005B030BD20EE008B1348052128EE00ABF6
:105D3000B0EE480B7844FFF79FFF9FED111B8CB12D
:105D40009FED112B29EE022B0AEE402B9DED060B49
:105D500018EE029B0AEE419B30EE490BBDEC068B20
:105D600005B030BD08EE001B9DED060B0AEE010BE1
:105D7000BDEC068B05B030BDF0CA1000000000007D
:105D8000495555555555C5BF000000000000E03F7E
:105D900030EE010B704700009FED030B20EE000B6F
:105DA00070470000000000000000000000000070CC
:105DB00002E008C8121F08C1002AFAD170477047D4
:105DC000002001E001C1121F002AFBD17047000032
:105DD0002DE9FF5F82B00021DDE90430020DDDF81E
:105DE00040B0034318D044F61050A2F2FF324243B1
:105DF0001514119801281FD0A5EB0B00401C5FEA79
:105E0000000A4FF000064E4FDFF83891B04650467A
:105E100015D5CAF1000413E0119801244AA3012802
:105E200001D16FEA0B010298119AC0E90031C0E973
:105E3000024206B0BDE8F09FCBF10000DFE7044668
:105E40000021404A491842EB0450CDE9001012E00D
:105E5000E00707D032463B4640464946EAF725FC74
:105E60008046894632463B4610461946EAF71DFCF5
:105E700006460F466410002CEAD1DDE90401DDE995
:105E80000023BAF1000F06DAEAF70FFC42464B4650
:105E9000EAF70BFC05E0EAF77AFC42464B46EAF7E4
:105EA00076FC04460E460022284BEAF73BFD03D859
:105EB0004FF0FF30014607E00022254B20463146D7
:105EC000EAF74CFBEAF0F4F8102409E0002C0ADBB6
:105ED0000A220023EAF7FCF9039B30321A55641EAC
:105EE00050EA0102F2D1641C039AC4F11103144474
:105EF000119A012A03D0012208430DD10AE0084378
:105F000004D000204FF0110B119072E7A3EB0B05AA
:105F10006D1E0DE05B4504DD4FF0000205F101054B
:105F200004E003DA4FF00002A5F10105002AECD0ED
:105F300002981199C0E90231C0E9004579E70000F3
:105F4000000014400000F03F300000000000F0436B
:105F50000000E03F2DE9FF4F95B09B46894606467D
:105F600000250FE2252877D100242746F84A012191
:105F7000059400E0044316F8013F203B01FA03F0CA
:105F80001042F7D130782A2811D06FF02F033078E3
:105F9000A0F13002092A16D8059A44F0020402EB57
:105FA000820203EB42021044761C0590EFE759F899
:105FB000042B0592002A03DA504244F40054059061
:105FC00044F00204761C30782E2816D116F8010F02
:105FD00044F004042A280DD06FF02F023078A0F18D
:105FE0003003092B09D807EB870302EB4303C718DB
:105FF000761CF3E759F8047B761C30786C280FD0B8
:1060000006DC4C2817D068280DD06A2814D104E08B
:10601000742810D07A280FD10DE044F400140AE05F
:1060200044F4801401E044F440147278824202D1B6
:1060300004F58014761C761C307866280BD013DCAF
:10604000582877D009DC002875D04528F6D0462896
:10605000F4D047281AD19DE118E0632835D0642890
:1060600079D0652812D195E1702873D008DC6728B3
:10607000F1D069286FD06E280DD06F2806D1B5E019
:1060800073282CD0752875D0782874D05A46179963
:1060900090476D1C75E1C4F30250022809D0032813
:1060A0000DD0D9F8001004280DD00D6009F10409B5
:1060B00067E1D9F80010EA17C1E90052F6E7D9F80C
:1060C00000100D80F2E70D70F0E719F8041B8DF851
:1060D000001000208DF80100EA46012003E059F885
:1060E00004AB4FF0FF3061074FF0000102D40DE028
:1060F00008F101018846B9420FDA8045F8DB1AF849
:1061000008100029F4D108E008F101018846814215
:10611000FADB1AF808100029F6D105985B46A0EBC7
:10612000080721463846179A0CF14AF9284400EB33
:10613000080507E04DE029E10DE01AF8010B5A4689
:1061400017999047B8F10108F7D25B4621463846C7
:10615000179A13E142E00A220092C4F302524FF070
:10616000000A022A08D059F804CB032A4FEAEC713E
:106170000AD00DE029E02AE009F1070121F0070229
:10618000F2E802C1914609E00FFA8CFC4FEAEC718B
:10619000042A03D14FFA8CFC4FEAEC71002907DA8C
:1061A0000A460021DCF1000C61EB02012D2202E025
:1061B000220504D52B228DF80420012203E0E207FA
:1061C00001D02022F7E7904659E00A2102E0102290
:1061D0000DE010214FF0000A00910BE010224FF06B
:1061E000000A44F004040827009203E008224FF05C
:1061F000000A0092C4F30252022A05D059F804CBD7
:106200000021032A08D009E009F1070121F0070263
:10621000F2E802C1914605E01FFA8CFC042A01D184
:106220000CF0FF0C4FF00008220728D5702806D08C
:10623000009B83F0100353EA0A0305D00EE04022CE
:106240008DF80420012208E05CEA010206D0302229
:106250008DF804208DF8050002229046009B83F003
:10626000080353EA0A030AD15CEA010201D162077A
:1062700005D530228DF804204FF001087F1E5828E4
:1062800004D034A003900EA802900DE036A0F9E7E8
:1062900053466046009AEAF71BF884460398825CEE
:1062A0000298401E029002705CEA0100F0D1029850
:1062B00006A9081A00F1200A600702D524F48034E8
:1062C00000E00127574502DDA7EB0A0000E00020AF
:1062D00000EB0A01009005984144401A0590E00344
:1062E00006D45B462146179A05980CF169F80544D7
:1062F000002706E001A85A46C05D179990476D1C1B
:106300007F1C4745F6DBE0030CD55B462146179A18
:1063100005980CF155F8054404E030205A461799C9
:1063200090476D1C0099481E00900029F5DC08E09C
:10633000029802995A460078491C02911799904791
:106340006D1CBAF10001AAF1010AF1DC65E100005F
:10635000092801003031323334353637383961623B
:1063600063646566000000003031323334353637FF
:106370003839414243444546000000000CF10EF814
:106380000544761C307800287FF4ECAD19B028461F
:10639000BDE8F08F620700D4062709F1070222F05A
:1063A000070CFCE80223E14603F000485FEA080C12
:1063B00002D00FF2702C0DE05FEA045C02D50FF200
:1063C000682C07E05FEAC47C02D00FF2602C01E089
:1063D000AFF2700C4FF0FF3823F00043CDF850C0FF
:1063E00065280CD006DC452809D046281DD0472852
:1063F0003DD13DE0662818D067287ED138E00021E5
:10640000112F01DB112000E0781CCDE9000106A965
:106410000EA8FFF7DDFCDDE90F010E9A03910021C4
:10642000009207F1010A04914DE04FF000400097FF
:10643000CDE9011006A90EA8FFF7CAFCDDE90F029D
:1064400003920E9B11990022DDF80CA00093049298
:1064500011B9791C00EB010AB7EB0A0004D4C0F1B2
:10646000FF3007F1010A0490AAEB0700019044E015
:10647000012F00DA01270021112F01DD112000E09A
:106480003846CDE9000106A90EA8FFF7A1FCDDE919
:106490000F010E9A0391002104910092BA46210740
:1064A0000CD40399514500DA8A46BAF1010F05DD93
:1064B000009AAAF10101515C302908D0B84202DAF1
:1064C00010F1040F06DA0121CDE9011015E0AAF15F
:1064D0000101E9E7002805DC049901440491AAEBD5
:1064E000000102E0411C514500DD8A460499401A32
:1064F000401C01904FF000400290200704D4019806
:10650000504501DBCDF8048000208DF84F00029843
:106510000DF14F07B0F1004F25D02B200E900298BF
:106520004FF0020800280CDA404202902D200E9015
:1065300007E00A210298E9F0A0FD3031029007F847
:10654000011DB8F10001A8F10108F2DC0298002851
:10655000EFD1791E0E980870307800F0200040F0DE
:10656000450007F8020D12A8C01B00F10708149897
:10657000007800B1012000EB0A01019801EBE07105
:1065800005984144401A401E0590E00306D45B463E
:106590002146179A05980BF113FF054414980078CB
:1065A00018B15A46179990476D1CE00324D55B46F5
:1065B0002146179A05980BF103FF05441CE0049847
:1065C000002807DBDDE90301884203DD0098405C19
:1065D000179901E0179930205A469047049805F121
:1065E0000105401C04900198401E019004D12E200A
:1065F0005A46179990476D1CBAF10001AAF1010A99
:10660000DDDC05E017F8010B5A46179990476D1C21
:10661000B8F10001A8F10108F4DC5B462146179AA5
:106620000598ABE62D0000002B00000020000000C4
:106630000A68531C0B6010707047000070B500258D
:10664000002407E02548005D10B9AA202349085519
:10665000601CC4B20C2CF5DB012021490870002518
:1066600025B1087005201F49087002E000201D496F
:1066700008702DE01B480078062828D2DFE800F0DB
:10668000030727121C260120164908701FE001206D
:106690001349087008460078012802D103201149E7
:1066A000087014E00AF0AAFC0F480078012802D113
:1066B00004200C4908700AE00AF0A0FC0B4800789E
:1066C000012802D105200749087000E000BF00BF83
:1066D000044800780528CDD170BD00002C9101241C
:1066E000EC000024D6000024F4000024F60000246E
:1066F0007FB504460E4600200090F9F79DF901A9E8
:106700001848F0F7DDF9054645BB69461548F0F72E
:1067100042FA4FF4BF511448F9F758FA1348006889
:10672000C0EB801202EBC0100F4A02EBC001204602
:10673000009AE9F72FFE0D480068032805D20B48A0
:106740000068401C0949086002E000200749086011
:106750000448F0F72BF8009804B070BD4FF0FF30FC
:10676000FAE70000A80500240002043024000024F9
:1067700070B504460D462A4621460448E9F70AFE4C
:10678000294602480AF014FB002070BD0040043086
:1067900090ED006BB0EE460B90ED026BB0EE461B39
:1067A00090ED046BB0EE462B91ED006BB0EE463BE6
:1067B00091ED026BB0EE464B91ED046BB0EE465B93
:1067C00021EE056B02EE446B82ED006B22EE036B53
:1067D00000EE456B82ED026B20EE046B01EE436B25
:1067E00082ED046B704710B5044694ED001B21EE5A
:1067F000011B94ED022B94ED023B02EE031B94ED82
:10680000042B94ED043B02EE031BB0EE410BFFF7AB
:1068100007F810BD10B52DED028BB0EE408BB5EE34
:10682000C08BF1EE10FA0AD29FED081BB1EE480BB7
:10683000FEF7D2FAB1EE400BBDEC028B10BD9FED1E
:10684000031BB0EE480BFEF7C7FAF5E75555555553
:106850005555D53F10B5044640F2CE512046E9F0DB
:10686000D6FB10BD10B50446002120460BF108FEF2
:1068700010BD000010B50246002000BF401C00EB18
:10688000C0030D4C54F833305B1C63B100EBC00304
:1068900054F833309342F1D100EBC00304EBC3034F
:1068A0005B688B42EAD100EBC003034C54F83330F1
:1068B0005B1C03B9002010BD101B020810B5044674
:1068C0002146024803F0ADFD10BD00008000002409
:1068D000411CC8B2072800DD0120704770B504468E
:1068E0000D462A462146024805F033FE70BD0000E1
:1068F0008000002470B5044625464FF6FF700AF06C
:1069000053FB28804FF6FF700AF04EFB68804FF66D
:10691000FF700AF049FBA8800A4908880AF044FB86
:10692000E880084948880AF03FFB288105498888A3
:106930000AF03AFB688148F6A4000AF035FBA8810A
:1069400070BD0000D41A020870B504460D46164604
:1069500033462A462146024806F04AFC70BD000034
:106960008000002410B504462146024806F0C6FD0A
:1069700010BD0000800000242DE9FC4163A0FFF75A
:106980009DFF00287ED064A0FDF76EFD01200BF175
:106990006DFD002877DD6648D0F84421D0F840111D
:1069A00064A0FDF761FD6D480068012829DB012422
:1069B00023E0C4EBC40000EB44105D4A02EBC000CE
:1069C00000F58671224666A0FDF74EFDC4EBC400BB
:1069D00000EB4410564A02EBC0008188224667A0B3
:1069E000FDF742FD6C48C4EBC40101EB4411504A71
:1069F00002EBC101C1F80801641C584800688442D8
:106A0000D7DD0BF149FD654B5A00012108460BF11A
:106A10004BFD6348FFF726FF6248406B6149096BF5
:106A2000CDE900105F48C36A826A818B5EA0FDF7E2
:106A30001BFD654A04210020FFF786FF63A0FDF7D8
:106A400013FD5848818C408C01EB40006A49086076
:106A50000846016869A0FDF707FD08203449088051
:106A60000BF139FD4FF4FA600BF12EFD0020FFF71A
:106A700079FF00BF4CF2503208210020FFF764FF7D
:106A8000301E01E03DE038E0A6F1010603D02848C1
:106A900000880828EED10BF1FFFC074639465EA0BE
:106AA000FDF7E2FC002506E00820214908800020CF
:106AB000FFF758FF6D1C0A2DF6DB1D4800880828DB
:106AC00017D11B48D0F85801584908601848D0F829
:106AD000640157490860012056490860564908700A
:106AE0005649086000205649087056A0FDF7BCFCC6
:106AF0000AE05EA0FDF7B8FC06E067A0FDF7B4FC75
:106B000002E06AA0FDF7B0FCBDE8FC815365727637
:106B10006F4472697665000065635F696E69742011
:106B20007375636365656465642E0D0A000000007B
:106B300098170024257820736C6176657320666F42
:106B4000756E6420616E6420636F6E66696775722E
:106B500065642E2578200D0A0000000068000024DE
:106B6000466F756E6420257320617420706F7369A1
:106B700074696F6E2025640D0A000000466F756E03
:106B80006420257820617420706F736974696F6E5A
:106B90002025640D0A0000002D04010840420F006A
:106BA00040060024781C00247365676D656E74735D
:106BB000203A202564203A2025642025642025647D
:106BC0002025640A0000000080841E005265717553
:106BD000657374206F7065726174696F6E616C208B
:106BE000737461746520666F7220616C6C20736CC5
:106BF000617665730A0000003400002443616C6311
:106C0000756C6174656420776F726B636F756E74F9
:106C100065722025640A000044432063617061624C
:106C20006C65203A2025640D0A000000100600243F
:106C30002806002430000024390000249801002494
:106C40003E000024616C6C20736C61766573207269
:106C5000656163686564206F7065726174696F6EE9
:106C6000616C2073746174652E0D0A00452F424FCC
:106C700058206E6F7420666F756E6420696E207385
:106C80006C61766520636F6E6669677572617469A1
:106C90006F6E2E0D0A0000004E6F20736C617665DA
:106CA0007320666F756E64210D0A00004E6F2073AD
:106CB0006F636B657420636F6E6E656374696F6E6E
:106CC00020457863656375746520617320726F6F0A
:106CD000740D0A0010B591480088401C00B28F491D
:106CE00008808F48007801287ED10BF1F4FB4FF427
:106CF000FA600BF1E9FB8B48006800888A4908803C
:106D000088480068D0F802008849086086480088F2
:106D10008749088087480078012806D0022843D098
:106D200003287DD004287CD1C7E006208249096869
:106D300008807D48008840F23161884211D07A484D
:106D4000008840F2312188420BD07748008841F218
:106D50003161884205D07448008841F2312188426F
:106D60001AD17348008840F23161884211D07048CE
:106D7000008840F2312188420BD06D48008841F2F2
:106D80003161884205D06A48008841F23121884249
:106D900002D102206749087065480288624801886C
:106DA00066A0FDF761FBB1E0072063490968088030
:106DB0005E48006866490860664800686649086081
:106DC0005A4800686549086062480068486056484B
:106DD000008840F23361884213D05348008840F263
:106DE000332188420DD000E091E04F48008841F205
:106DF0003361884205D04C48008841F233218842F3
:106E00001DD14B48008840F23361884214D0484875
:106E1000008840F2332188420ED04548008801E0C6
:106E20001CE05AE041F23361884205D040480088B6
:106E300041F23321884202D103203E4908703C4888
:106E400002883948018846A0FDF70EFB42480268D7
:106E50003F48016847A0FDF707FB57E00F20364980
:106E60000968088031480068394908603948006875
:106E7000394908602D48006838490860354800687D
:106E800048602948008841F23761884214D1284877
:106E90000088884210D104202649087024480288BE
:106EA0002148018838A0FDF7DFFA2B4802682848FE
:106EB00001683AA0FDF7D8FA28E01F201E490968AA
:106EC00008803B480068401C394908600846006853
:106ED000B0F5FA6F00D300BF18E036480068401CD8
:106EE00034490860084600680A2804DA80201249FC
:106EF0000968088009E001200E49087003200E4946
:106F0000096808802CA0FDF7AFFA00BF00BF134846
:106F1000006809490968C1F8020010BD5800002442
:106F200039000024280600243A00002440000024F0
:106F30003C0000243E000024100600243078303647
:106F40002C6375723D25782C25780D0A0000000011
:106F50004C0000244400002450000024FC90012434
:106F6000307830372C6375723D25782C25780D0AE2
:106F700000000000307830372C7261773D25782C86
:106F800025780D0A00000000307830382C737461C9
:106F90007475733D25782C25780D0A0030783038CB
:106FA0002C636D647261773D25782C25780D0A007D
:106FB000480000245C000024737461727420746FB4
:106FC000206F700D0A0000002DE9FF5F05460F4697
:106FD00090461E46DDE90E9B284603F063F9C4B2D5
:106FE00040F2F72014FB00F046F274522A4402EB00
:106FF0004001234601222846CDE90269CDE9007807
:1070000005F069FC5A462146284606F0BDF882463E
:10701000BAF1000F0CDD40F2F720604305F12002C9
:1070200002EB400000F10C0132464846E9F7B2F9A4
:1070300000222146284605F03EFC504604B0BDE83B
:10704000F09FFEB505460E4617461C4600200290EE
:1070500002A802233A463146CDE900042846FFF74C
:10706000B3FFBDF80800FEBD2DE9FF5F05460E46E3
:1070700017469846DDE90E9A284603F013F9C4B284
:1070800040F2F72014FB00F046F274522A4402EB5F
:1070900040012346022228468DE8C00305F01BFC70
:1070A00052462146284606F06FF8834600222146C4
:1070B000284605F000FC584604B0BDE8F09F2DE9D5
:1070C000FF5F05460F4690461E46DDE90E9B2846AB
:1070D00003F0E8F8C4B240F2F72014FB00F046F2E7
:1070E00074522A4402EB4001234607222846CDE988
:1070F0000269CDE9007805F0EEFB5A4621462846A4
:1071000006F042F88246BAF1000F0CDD40F2F7209B
:10711000604305F1200202EB400000F10C01324611
:107120004846E9F737F900222146284605F0C3FB17
:10713000504604B0BDE8F09F2DE9FF5F05460E46BE
:1071400017469846DDE90E9A284603F0ABF8C4B21C
:1071500040F2F72014FB00F046F274522A4402EB8E
:1071600040012346082228468DE8C00305F0B3FB02
:1071700052462146284606F007F88346002221465B
:10718000284605F098FB584604B0BDE8F09F2DE96D
:10719000FF5F05460F4690461E46DDE90E9B2846DA
:1071A00003F080F8C4B240F2F72014FB00F046F27E
:1071B00074522A4402EB4001234604222846CDE9BA
:1071C0000269CDE9007805F086FB5A46214628463B
:1071D00005F0DAFF8246BAF1000F0CDD40F2F7202D
:1071E000604305F1200202EB400000F10C01324641
:1071F0004846E9F7CFF800222146284605F05BFB18
:10720000504604B0BDE8F09F2DE9FF5F05460E46ED
:1072100017469846DDE90E9A284603F043F8C4B2B3
:1072200040F2F72014FB00F046F274522A4402EBBD
:1072300040012346052228468DE8C00305F04BFB9C
:1072400052462146284605F09FFF834600222146EC
:10725000284605F030FB584604B0BDE8F09F2DE904
:10726000F04188B004460D4616461F46DDF83880CA
:10727000182102A8E8F0CBFE68460BF19DFADDE983
:107280000001CDE90201ADF81250ADF814608DF89F
:1072900016700120E16A087000208DF81700CDF803
:1072A000188002A9204604F08CFC08B0BDE8F081EB
:1072B0002DE9FF4FADF6BC3D81468B46DDF8F47BF2
:1072C0000DF5BC60FFF7C6FA00230DF5BC62594608
:1072D000484604F0D9F9804604A8FFF7BBFA0DF53B
:1072E000BC6404AD0A202880002068802871CBEBA4
:1072F000CB0202EB4B12D9F8041001EBC20191F85A
:10730000C800FFF7E5FA03900398CBEBCB0202EB42
:107310004B12D9F8041001EBC20181F8C800032117
:10732000039801EB001068714FF40050E880DDF81D
:10733000F00B10B15020287201E040202872DDF8D7
:10734000C40BA5F80900DDF8F00B30B1DDF8C80B6F
:10735000012802DD0120CDF8C80BDDF8C80BE8726A
:107360000020E86044F6206304AA5946484604F029
:107370009DFA8046B8F1000F3BDD0DF5BC60FFF7CC
:1073800069FA0DF5BC6259464846DDF8FC3B04F04D
:107390007BF98046B8F1000FEEDD607900F00F0058
:1073A00003287DD1E0880321B1EB203FF9D1B4F867
:1073B0000900B5F809108842F3D1207A00F00200E4
:1073C000002823DD207AC0F38100C0F10400CDF84D
:1073D000B80B3968DDF8B80B81420BDB04F10C0106
:1073E000DDF8B82BDDF8F80BE8F7D4FFDDF8B80BC3
:1073F000386009E14FF000080320009059464846E4
:107400000DF6C4320CCA04F0E7FAFDE0D4F80CA083
:10741000386850457EDBDDF8F80BCDF8B40BDDF8AD
:10742000F80BCDF8B00B20880A3886B2564572DAD0
:10743000324604F11001DDF8B00BE8F7ABFFDDF8E0
:10744000B00B3044CDF8B00B3E600120019000201D
:107450000290A6E004AD0A202880002068802871F0
:10746000CBEBCB0202EB4B12D9F8041001EBC201BB
:1074700091F8C800FFF72CFA03900398CBEBCB02EE
:1074800002EB4B12D9F8041001EBC20181F8C800DD
:107490000321039801EB001068714FF4005000E0E5
:1074A0009AE0E880029860302872DDF8C40BA5F8F5
:1074B0000900DDF8C80BE8720020E86044F620639C
:1074C00004AA5946484604F0F1F98046B8F1000F85
:1074D00063DD0DF5BC60FFF7BDF90DF5BC625946E3
:1074E0004846DDF8FC3B04F0CFF88046B8F1000FC9
:1074F00053DD607900F00F00032834D1E0880321C8
:10750000B1EB203F2FD1207A00F0E00058BB20885B
:10751000C01E01E054E049E086B2207A00F001008C
:10752000002810DD00200190072E04D1207AC0F33E
:107530004200301A86B2324604F10901DDF8B00B80
:10754000E8F728FF0BE0324604F10901DDF8B00B43
:10755000E8F720FFDDF8B00B3044CDF8B00B386809
:107560003044386019E000200190207A802809D149
:10757000E0680090594648460DF6C4320CCAFFF741
:107580006EFE08E001200090594648460DF6C432D0
:107590000CCA04F021FA4FF00008029880F01000A5
:1075A0000290019800287FF455AF2DE0524604F177
:1075B0001001DDF8B40BE8F7EDFEC7F800A023E0FA
:1075C0004FF0000803200090594648460DF6C4329B
:1075D0000CCA04F001FA17E0207A802809D1E0688B
:1075E0000090594648460DF6C4320CCAFFF737FEE4
:1075F00008E001200090594648460DF6C4320CCAF6
:1076000004F0EAF94FF0000840460DF6CC3DBDE825
:10761000F08F2DE9FF4FADF6B43D81468A46DDF887
:10762000ECBB0DF5BC60FFF715F900230DF5BC624E
:107630005146484604F028F8804604A8FFF70AF9A6
:107640000DF5BC6504ACCAEBCA0101EB4A11D9F8CF
:10765000040000EBC100B0F8BE001038CDF8B00B4C
:10766000BBF1040F78DCDDF8E80B002874D10A20A8
:107670002080002060802071CAEBCA0202EB4A120F
:10768000D9F8041001EBC20191F8C800FFF720F906
:107690000746CAEBCA0101EB4A11D9F8040000EB16
:1076A000C10080F8C870032000EB071060714FF430
:1076B0000050E080CBF104000C2101EA800040F092
:1076C00023002072DDF8BC0BA4F80900DDF8C00B24
:1076D000E072DDF8F00B01905A4604F10C000199BC
:1076E000E8F758FE44F6206304AA5146484604F0E1
:1076F000DDF88046B8F1000F3ADD2846FFF7AAF81A
:107700002A4651464846DDF8F43B03F0BDFF80466B
:10771000B8F1000FF0DD687900F00F0003280ED1FA
:10772000E8880321B1EB203F09D1B5F80900B4F88E
:107730000910884203D1E87AE17A884218D0287A81
:1077400080280AD1E8680090514648460DF6BC32C0
:107750000CCAFFF784FD09E00BE0012000905146C0
:1077600048460DF6BC320CCA04F036F94FF000085A
:1077700047E11FFA8BF600200290DDF8B00B86423D
:1077800004DDDDF8B00B86B20120029006F10A009C
:107790002080002060802071CAEBCA0202EB4A12EE
:1077A000D9F8041001EBC20191F8C800FFF790F876
:1077B0000746CAEBCA0202EB4A12D9F8041001EBE1
:1077C000C20181F8C870032101EB071060714FF40A
:1077D0000050E080DDF8E80B10B13120207201E0AC
:1077E00021202072DDF8BC0BA4F80900DDF8C00BE5
:1077F000E072DDF8E80B28B1DDF8C00B012801DDEF
:107800000120E072C4F80CB0DDF8F01B01913246A3
:1078100004F110000199E8F7BDFD01983044019092
:10782000ABEB060B44F6206304AA5146484604F02D
:107830003DF88046B8F1000F9ADD0DF5BC60FFF70A
:1078400009F80DF5BC6251464846DDF8F43B03F0FB
:107850001BFF8046B8F1000F8ADD687900F00F0049
:1078600003287DD1E8880321B1EB203FF9D1B5F899
:107870000900B4F809108842F3D1E87AE17A884225
:10788000EFD1DDF8B00BC01DCDF8B00B0020039098
:107890009AE004AC1FFA8BF60020029001202072BF
:1078A000DDF8B00B864206DDDDF8B00B86B20120B4
:1078B000029000202072029850B9072E08DA0A20A0
:1078C0002080C6F10700012101EB4000207201E099
:1078D000F01C2080002060802071CAEBCA0202EBFD
:1078E0004A12D9F8041001EBC20191F8C800FEF762
:1078F000EFFF0746CAEBCA0101EB4A11D9F80400B1
:1079000000EBC10080F8C870032000EB0710607125
:107910004FF40050E080217A0398084420723246E8
:1079200004F109000199E8F735FD01983044019010
:10793000ABEB060B44F6206304AA5146484603F01D
:10794000B5FF8046B8F1000F3ADD0DF5BC60FEF7DB
:1079500081FF0DF5BC6251464846DDF8F43B00E07E
:1079600037E003F091FE8046B8F1000F28DD68791A
:1079700000F00F00032809D1E8880321B1EB203F74
:1079800004D1287A00F0E000202819D0287A802835
:1079900009D1E8680090514648460DF6BC320CCA41
:1079A000FFF75DFC08E001200090514648460DF6C7
:1079B000BC320CCA04F010F84FF00008002002900E
:1079C000039880F010000390029800287FF461AFC4
:1079D00017E0287A802809D1E86800905146484687
:1079E0000DF6BC320CCAFFF73AFC08E0012000900B
:1079F000514648460DF6BC320CCA03F0EDFF4FF07D
:107A0000000840460DF6C43DBDE8F08FF0B589B0E2
:107A100004460D4616461F46182103A8E8F0F7FA5B
:107A200001A80AF1C9FEDDE90101CDE90301ADF8C4
:107A30001650ADF8186000208DF81A000120E16A98
:107A4000087008208DF81B00ADF81C7003A92046B3
:107A500004F0B7F809B0F0BD2DE9FF4FADF6BC3D1D
:107A600081468A469346DDF8F47B0DF2DC50FEF742
:107A7000F1FE00230DF2DC525146484603F004FEAD
:107A800003A8FEF7E7FE0DF2DC5503AC04202080CE
:107A9000002060802071CAEBCA0202EB4A12D9F8BA
:107AA000041001EBC20191F8C800FEF711FF02902B
:107AB0000298CAEBCA0202EB4A12D9F8041001EB91
:107AC000C20181F8C8000521029801EB0010607125
:107AD000A07920F00700401CA071A07920F00800D8
:107AE000A071A07920F01000A071A0796BF347106D
:107AF000A071DDF8C80BE071DDF8F00B20814FF0CC
:107B00000008DDF8F81BCDF8B41B0DF2E650CDF8F7
:107B1000B00B0120019044F6206303AA5146484669
:107B200003F0C4FECDF8B80BDDF8B80B00287CDDFF
:107B30009BE00DF2DC50FEF78DFE0DF2DC5251465B
:107B40004846DDF8FC3B03F09FFDCDF8B80BDDF8AF
:107B5000B80B00287EDD687900F00F00052843D1BE
:107B6000A87900F0070002283ED1A879C0F30010E0
:107B7000C8BBA879BBEB501F36D1E979DDF8C80B3B
:107B8000814231D12888001F86B208EB06001FFA17
:107B900080F8386840450CDB3246DDF8B01BDDF874
:107BA000B40BE8F7F7FBDDF8B40B3044CDF8B40BB9
:107BB00010E03888A8EB0000301A86B238881FFA27
:107BC00080F8002E06DD3246DDF8B01BDDF8B40B80
:107BD000E8F7E0FBA879C0F3C00040BB00200190AB
:107BE000C7F8008041E0FFE700200190687900F0CD
:107BF0000F00052821D1A87900F0070002281CD128
:107C0000A879C0F30010C0B12888001D0DF2DC5126
:107C10000844CDF8B00BDDF8B00BCDF8AC0BDDF8B7
:107C2000AC0B03885146484602E022E012E01CE01B
:107C3000DDF8F02BFFF7EAFE08E0012000230090BA
:107C400051464846DDF8F02B03F0C6FE0020CDF883
:107C5000B80B0AE000200190042000230090514658
:107C60004846DDF8F02B03F0B7FE019800287FF4BA
:107C700060AFDDF8B80B0DF6CC3DBDE8F08F2DE917
:107C8000F05F82468846934699460D9D47464CF2E2
:107C90005440504430F8290086B207F10E04208881
:107CA0000C3028442080208940F400402081B01E00
:107CB000C41984F802B084F803900B98A0800C9843
:107CC000E0800A9818B145F40040208100E0258149
:107CD00006F10A01C8192A4659460E9B05F0E8FB31
:107CE000002106F10A002844395406F10A0028440C
:107CF000401C395406F10C0028444CF254415144C4
:107D000041F82900301FBDE8F09F0146002003E044
:107D1000002241F82020401C1028F9DB70470000A9
:107D20002DE9FF4F87B004461D46DDE9149700207A
:107D30000690059000BF049080462946FCA0FCF701
:107D400093FBC5EBC50101EB4511606800EBC10079
:107D500080880290C5EBC50101EB4511606800EB1E
:107D6000C10090F80461C5EBC50101EB45116068E5
:107D700000EBC100008B78B101E0701CC6B2C5EB0E
:107D8000C50101EB4511606800EBC100793000EBE3
:107D9000061000680028F0D142E23146EBA0FCF763
:107DA00063FB03E008F1010000F0FF08B8F1070FE2
:107DB0000BDAC5EBC50101EB4511606800EBC100B2
:107DC000713010F808000428ECD14146E3A0FCF71C
:107DD0004BFBC5EBC50101EB4511606800EBC10031
:107DE000313000EBC8000188C5EBC50202EB45123B
:107DF000606800EBC200793000EB06100181C5EB32
:107E0000C50101EB4511606800EBC100313000EBAA
:107E1000C800B0F802A0059850440590069800EB01
:107E2000CA000690C5EBC50101EB4511606800EB87
:107E3000C100313000EBC8000088504480B203908C
:107E40004BE008F1010000F0FF0803E008F1010039
:107E500000F0FF08B8F1070F0BDAC5EBC50101EB25
:107E60004511606800EBC100713010F8080004286B
:107E7000ECD1C5EBC50101EB4511606800EBC10019
:107E8000313000EBC80001880398814200DD32E008
:107E90004146B2A0FCF7E8FAC5EBC50101EB45117C
:107EA000606800EBC100313000EBC800B0F802A000
:107EB000059850440590069800EBCA000690C5EB63
:107EC000C50101EB4511606800EBC100313000EBEA
:107ED000C8000088504480B20390C5EBC50101EB97
:107EE0004511606800EBC100C18C0698814202DD3B
:107EF000B8F1070FA5DB00BFC5EBC50101EB4511CC
:107F0000606800EBC100806A002867D1D9F80010D2
:107F1000C5EBC50202EB4512606800EBC200793088
:107F200000EB061001603978C5EBC50202EB451283
:107F3000606800EBC200793000EB06108171C5EB80
:107F4000C50101EB4511606800EBC10090F8260007
:107F5000401E3978084438703878072807DDD9F88A
:107F60000000401CC9F80000387808383870C5EBAC
:107F7000C50101EB4511606800EBC100793000EBF1
:107F800006100068D9F80010081A00F1010BC5EBC3
:107F9000C50202EB4512606800EBC200793000EBCD
:107FA0000610A0F804B03978C5EBC50202EB451203
:107FB000606800EBC200793000EB0610C1713878C0
:107FC000401C38703878072864DDD9F80000401C60
:107FD000C9F800003878083838705BE0387830B17C
:107FE000D9F80000401CC9F8000000203870D9F80A
:107FF0000010C5EBC50202EB4512606800EBC20041
:10800000793000EB061001603978C5EBC50202EB50
:108010004512606800EBC200793000EB06108171F8
:1080200007203870DDF814B0C5EBC50101EB451130
:10803000606800EBC100816A0498584481420ADA02
:10804000C5EBC50101EB4511606800EBC100816A19
:108050000498A1EB000BD9F800005844C9F80000BF
:10806000C5EBC50202EB4512606800EBC200793037
:1080700000EB0610A0F804B03978C5EBC50202EB9E
:108080004512606800EBC200793000EB0610C17148
:1080900000203870049858440490C5EBC50101EBEA
:1080A0004511606800EBC100793000EB0610808854
:1080B000E8B30021C5EBC50202EB4512606800EB96
:1080C000C200793000EB061081720121C5EBC502B8
:1080D00002EB4512606800EBC200793000EB06103D
:1080E000C172C5EBC50202EB4512606800EBC2002D
:1080F000793000EB0610017341F27071C5EBC502D7
:1081000002EB4512606800EBC200793000EB06100C
:10811000CDE90001310101F5C06210232068029908
:10812000FFF772F82169099800EB80021EE02DE04C
:10813000203D536C6176652025642C20494E5055B6
:1081400054204D415050494E470D0A002020202018
:10815000464D4D552025640D0A00000020202020AA
:108160002020534D25640D0A0000000002EB401052
:1081700001EBC000808C401C81B22269099800EBA1
:10818000800303EB401002EBC0008184C5EBC50106
:1081900001EB4511606800EBC100C06AD0BBC5EBC4
:1081A000C50101EB4511606800EBC100793000EBBF
:1081B0000610016808980844C5EBC50202EB451299
:1081C000616801EBC201C862C5EBC50101EB451155
:1081D000606800EBC100793000EB06108079C5EBD8
:1081E000C50202EB4512616801EBC20181F8300063
:1081F000C5EBC50303EB4513606800EBC30090F8C3
:108200003020C5EBC50303EB4513606800EBC300EA
:10821000C16A00E002E012A0FCF726F9701CC6B2A9
:10822000B8F1070F10DAC5EBC50202EB4512616821
:1082300001EBC201C98CC81DC11700EB5171CA10F6
:1082400004998A423FF7A9ADC5EBC50101EB451181
:10825000606800EBC10080F804610BB0BDE8F08FEE
:1082600020202020496E707574732025702073744F
:108270006172746269742025640D0A002DE9FF4F54
:1082800087B004461D46DDE914970020069005904E
:1082900000BF04908046FEA0FCF7E6F8C5EBC501E0
:1082A00001EB4511606800EBC10090F80461C5EB7B
:1082B000C50101EB4511606800EBC10080880290A8
:1082C00031E23146F7A0FCF7CFF803E008F10100F6
:1082D00000F0FF08B8F1070F0BDAC5EBC50101EBA1
:1082E0004511606800EBC100713010F808000328E8
:1082F000ECD14146EFA0FCF7B7F8C5EBC50101EBA7
:108300004511606800EBC100313000EBC800018806
:10831000C5EBC50202EB4512606800EBC200793084
:1083200000EB06100181C5EBC50101EB451160684A
:1083300000EBC100313000EBC800B0F802A0059896
:1083400050440590069800EBCA000690C5EBC501A5
:1083500001EB4511606800EBC100313000EBC80053
:108360000088504480B203904BE008F1010000F017
:10837000FF0803E008F1010000F0FF08B8F1070F63
:108380000BDAC5EBC50101EB4511606800EBC100DC
:10839000713010F808000328ECD1C5EBC50101EBE2
:1083A0004511606800EBC100313000EBC800018866
:1083B0000398814200DD32E04146BEA0FCF754F84C
:1083C000C5EBC50101EB4511606800EBC100313020
:1083D00000EBC800B0F802A005985044059006983C
:1083E00000EBCA000690C5EBC50101EB45116068C2
:1083F00000EBC100313000EBC8000088504480B26F
:108400000390C5EBC50101EB4511606800EBC100AD
:10841000018B0698814202DDB8F1070FA5DB00BF92
:10842000C5EBC50101EB4511606800EBC100C069F7
:10843000002866D1D9F80010C5EBC50202EB451241
:10844000606800EBC200793000EB061001603978FB
:10845000C5EBC50202EB4512606800EBC200793043
:1084600000EB06108171C5EBC50101EB4511606899
:1084700000EBC100007E401E39780844387038781F
:10848000072807DDD9F80000401CC9F8000038783B
:1084900008383870C5EBC50101EB4511606800EB89
:1084A000C100793000EB06100068D9F80010081AF6
:1084B00000F1010BC5EBC50202EB4512606800EB51
:1084C000C200793000EB0610A0F804B03978C5EB93
:1084D000C50202EB4512606800EBC200793000EB88
:1084E0000610C1713878401C38703878072864DD70
:1084F000D9F80000401CC9F80000387808383870F6
:108500005BE0387830B1D9F80000401CC9F80000B1
:1085100000203870D9F80010C5EBC50202EB4512F7
:10852000606800EBC200793000EB0610016039781A
:10853000C5EBC50202EB4512606800EBC200793062
:1085400000EB0610817107203870DDF814B0C5EB20
:10855000C50101EB4511606800EBC100C1690498D9
:10856000584481420ADAC5EBC50101EB4511606848
:1085700000EBC100C1690498A1EB000BD9F8000021
:108580005844C9F80000C5EBC50202EB451260680B
:1085900000EBC200793000EB0610A0F804B0397887
:1085A000C5EBC50202EB4512606800EBC2007930F2
:1085B00000EB0610C17100203870049858440490F4
:1085C0000021C5EBC50202EB4512606800EBC2005A
:1085D000793000EB061081720221C5EBC50202EB77
:1085E0004512606800EBC200793000EB0610C172E2
:1085F0000121C5EBC50202EB4512606800EBC20029
:10860000793000EB0610017341F27071C5EBC502C1
:1086100002EB4512606800EBC200793000EB0610F7
:10862000CDE90001310101F5C062102320680299F3
:10863000FEF7EAFD2169099800EB800202EB401089
:1086400001EBC000408C401C81B22269099800EB0C
:10865000800303EB401002EBC0004184C5EBC50171
:1086600001EB4511606800EBC100006A78B9C5EB09
:10867000C50101EB4511606800EBC100793000EBEA
:108680000610016808980144C5EBC5021AE048E0ED
:1086900020204F5554505554204D415050494E477D
:1086A0000D0A000020202020464D4D552025640D48
:1086B0000A000000202020202020534D25640D0AB0
:1086C0000000000002EB4512606800EBC20001628E
:1086D000C5EBC50101EB4511606800EBC1007930C5
:1086E00000EB06108079C5EBC50202EB451261680C
:1086F00001EBC20181F82400C5EBC50101EB451176
:10870000606800EBC10090F82430C5EBC50101EBB7
:108710004511606800EBC1002946026A12A0FBF710
:10872000A3FE701CC6B2B8F1070F10DAC5EBC50284
:1087300002EB4512616801EBC201098BC81DC1172C
:1087400000EB5171CA1004998A423FF7BAADC5EBEC
:10875000C50101EB4511606800EBC10080F80461C0
:108760000BB0BDE8F08F000020202020736C6176F4
:1087700065202564204F75747075747320257020F2
:1087800073746172746269742025640D0A000000BC
:108790002DE9F04105460E464FF0000806E00020A6
:1087A000254901EB0811486008F10108B8F1010FF3
:1087B000F5DB012412E056B1C4EBC40101EB441116
:1087C000686800EBC10090F80301B04204D10022B8
:1087D0002146284602F01CFB601C84B2A868006891
:1087E000A042E8DA00BF09F1C1FE07461FB14FF40D
:1087F0007A7008F0CBFB002FF5D1012415E056B1BB
:10880000C4EBC40101EB4411686800EBC10090F8AF
:108810000301B04207D12146284602F0EBFB214676
:10882000284602F0F3FC601C84B2A8680068A042ED
:10883000E5DABDE8F0810000881700242DE9F04159
:1088400006460F46C7EBC70101EB4711706800EB06
:10885000C104D4E90201FEF70DF80546A4F8F6506C
:10886000002D7CD005EBC5005B4901EBC00090F802
:108870003100E08205EBC5000A4602EBC00000F1C2
:10888000080104F58670E7F0D4FB05EBC5005249FA
:1088900001EBC000408EE08405EBC50001EBC00099
:1088A000808E2083208B10B1012084F8B900E08CE9
:1088B00010B1022084F8BA0005EBC500464901EB6F
:1088C000C00090F844108520015505EBC5004249D1
:1088D00001EBC00090F8451084F8951005EBC50039
:1088E0003D4901EBC000C18E04F13100A4F84110F4
:1088F00005EBC500384901EBC000816BC4F8451099
:10890000208BE8B1B4F84100D0B94FF47060A4F8FE
:108910003100218BC81DC11700EB5171C91004F142
:108920003102A4F833102D49C4F8351001218520F7
:108930000155022184200155032084F871000AE0CA
:10894000218BC81DC11700EB5171CA10A4F8432038
:1089500003217320015505EBC5001F4900E038E0F5
:1089600001EBC000818F04F13100A4F8491005EB40
:10897000C500194901EBC000016CC4F84D10E08C32
:10898000E0B1B4F84900C8B94FF4805104F13100A6
:10899000A4F83910E18CC81DC11700EB5171CA1041
:1089A000A4F83B200021C4F83D10012184F8951063
:1089B00084F894100421722001550AE0E18CC81D4E
:1089C000C11700EB5171CA10A4F84B200421742088
:1089D00001552846BDE8F081101B02084400010043
:1089E0002DE9F34F8DB00446FEA00E99FBF73CFD38
:1089F000204601F01FFD204601F03CFB0590059844
:108A000000287DDD204603F0A0FE01257FE0C5F1B2
:108A1000010080B20C9041F270734FF4A072206894
:108A20000C99FEF70EFB8246C5EBC50101EB451123
:108A3000606800EBC100A0F814A041F2707005F569
:108A400080518BB20090102220680C9909F152FDE0
:108A5000012D01D1AB4601E04FF0000B41F27070E7
:108A600000905B464FF4807220680C9909F142FD3A
:108A700041F27073102220680C99FEF7E2FA0B9015
:108A80000B980B900B98C5EBC50202EB4512616881
:108A900001EBC201888041F2707007A9CDE9001096
:108AA0000223122220680B99FEF771FBBDF81C000F
:108AB000C5EBC50202EB4512616801EBC201C8803B
:108AC00041F270700AA9CDE90010022340F202526F
:108AD00020680B99FEF75BFBBDF828000A90BDF8F3
:108AE000280000F0400048B10120C5EBC50202EBB0
:108AF0004512616801EBC20181F8FA00082200E02A
:108B0000FEE32946204603F0FDFB681C85B2A06801
:108B10000068A842BFF67BAF012515E044F620624D
:108B20002946204603F040FC0646C5EBC50101EB93
:108B30004511606800EBC10086600A222946204684
:108B400003F0E0FB681C85B2A0680068A842E5DA83
:108B5000012515E044F620622946204603F024FC56
:108B60000646C5EBC50101EB4511606800EBC1008D
:108B7000C6600C222946204603F0C4FB681C85B25F
:108B8000A0680068A842E5DA012515E044F62062F5
:108B90002946204603F008FC0646C5EBC50101EB5B
:108BA0004511606800EBC100066118222946204685
:108BB00003F0A8FB681C85B2A0680068A842E5DA4B
:108BC00001252BE044F620622946204603F0ECFB09
:108BD0000646C5EBC50202EB4512616801EBC20116
:108BE000A1F8C060300CC5EBC50202EB451261680C
:108BF00001EBC201A1F8BE00C5EBC50101EB4511B7
:108C0000606800EBC100B0F8BE00002804DD1A2245
:108C10002946204603F076FB681C85B2A0680068F0
:108C2000A842CFDA0125FCE3C5EBC50101EB4511F4
:108C3000606800EBC100B0F8BE0000283ADD44F6E1
:108C400020622946204603F0AFFB0646C5EBC5026D
:108C500002EB4512616801EBC201A1F8C460300C5F
:108C6000C5EBC50202EB4512616801EBC201A1F838
:108C7000C200C5EBC50101EB4511606800EBC10006
:108C8000B0F8C20088B9C5EBC50101EB45116068B9
:108C900000EBC100B0F8BE00C5EBC50202EB451207
:108CA000616801EBC201A1F8C2001C2229462046DE
:108CB00003F028FBC5EBC50101EB4511606800EB33
:108CC000C10080880B9041F27073082220680B99D4
:108CD00009F121FC82460AF0040000280ADD012087
:108CE000C5EBC50202EB4512616801EBC20181F8D8
:108CF000C90009E00020C5EBC50202EB451261681E
:108D000001EBC20181F8C90041F270734FF488721F
:108D100020680B9909F1FFFB074600BF0020069071
:108D2000834607F44070B0F5007F05D10698401CDB
:108D3000C0B206904BF0010B07F44060B0F5006F35
:108D400005D10698401CC0B206904BF0020B07F408
:108D50004050B0F5005F05D10698401CC0B20690A7
:108D60004BF0040B07F44040B0F5004F05D10698D6
:108D7000401CC0B206904BF0080B41F27073072202
:108D800020680B9909F1C7FB8246C5EBC50202EBCF
:108D90004512616801EBC20181F8CAA00698C5EBD3
:108DA000C50202EB4512616801EBC20181F8CB00FC
:108DB000C5EBC50101EB4511606800EBC10080F80F
:108DC000CCB00020C5EBC50202EB4512616801EB97
:108DD000C201A1F8CE00012D46DD0990681E00B247
:108DE000089009E065635F636F6E6669675F696E2F
:108DF00069742025640D0A0000BF61680898C0EB03
:108E0000C00202EB401001EBC00090F8CB70012FC4
:108E100003D10998401E00B20990032F03D109988D
:108E2000401C00B20990042F03D10998801C00B2A5
:108E300009900998002801DB012F02DC089801281D
:108E40000BD10898C5EBC50202EB4512616801EB36
:108E5000C201A1F8CE00012008900898401E00B27F
:108E6000089008980028C8DCFE4B012229462046BD
:108E700004F0BEF9C5EBC50101EB4511606800EBDC
:108E8000C100B0F8BE0000287EDD0120C5EBC502A0
:108E900002EB4512616801EBC20181F87100022109
:108EA000C5EBC50202EB4512606800EBC20080F81A
:108EB00072100321C5EBC50202EB4512606800EB9E
:108EC000C20080F873100421C5EBC50202EB451205
:108ED000606800EBC20080F87410C5EBC50101EBBF
:108EE0004511606800EBC100B0F8C000C5EBC502D9
:108EF00002EB4512616801EBC201A1F83100C5EB3C
:108F0000C50101EB4511606800EBC100B0F8BE106F
:108F1000C5EBC50202EB4512606800EBC200A0F889
:108F20003310D149C5EBC50202EB4512606800EB76
:108F3000C200C0F83510C5EBC50101EB45116068F2
:108F400000EBC100B0F8C410C5EBC50202EB45123E
:108F5000606800EBC200A0F83910C5EBC50101EB59
:108F60004511606800EBC100B0F8C210C5EBC50246
:108F700002EB4512606800EBC200A0F83B10BA4952
:108F8000091FC5EBC50200E016E002EB4512606860
:108F900000EBC200C0F83D1044F62062294620468E
:108FA00003F002FA0646C5EBC50202EB4512616802
:108FB00001EBC201A1F8C660002004900E980128C0
:108FC00004D129462046FFF739FC04900498002874
:108FD0007ED12946204601F013FB0028F8D11E223D
:108FE0002946204603F084FF1FFA80F8B8F1000FED
:108FF0006FD008F1070082B22946204603F0D6FF61
:10900000C5EBC50202EB4512616801EBC20181F8B4
:10901000FC0008F1080082B22946204603F0C6FF92
:10902000C5EBC50202EB4512616801EBC20181F894
:10903000FD0008F1090082B22946204603F0B6FF80
:10904000C5EBC50202EB4512616801EBC20181F874
:10905000FE0008F10A0082B22946204603F0A6FF6E
:10906000C5EBC50202EB4512616801EBC20181F854
:10907000FF0008F10D0082B22946204603F096FF5A
:1090800000F00200002810DD0120C5EBC50202EB54
:109090004512616801EBC20181F80201606890F835
:1090A0000201401C616881F8020108F10E0082B2E1
:1090B0002946204603F07AFFC5EBC50202EB4512B4
:1090C000616801EBC201A1F8000108F10F0001E0A5
:1090D00017E12AE082B22946204603F067FFC5EB7C
:1090E000C50202EB4512616801EBC201B1F8001143
:1090F00001EB002001B2C5EBC50202EB451260682E
:1091000000EBC200A0F80011C5EBC50101EB451151
:10911000606800EBC100B0F800016168B1F80011AF
:10912000084400B26168A1F800010A2229462046DD
:1091300003F0DEFE00280EDDC5EBC50202EB451292
:10914000606800EBC20000F5867101232A462046C4
:1091500003F0B0FF1BE0C5EBC50C0CEB451C6168D0
:1091600001EBCC01CB68C5EBC50C0CEB451C616871
:1091700001EBCC018A68C5EBC50C0CEB451C6168A2
:1091800001EBCC0101F5867038A1FBF77DF929468A
:109190002046626C03F0BEFD03900398002871DD49
:1091A000606C8088C5EBC50202EB4512616801EB7B
:1091B000C201A1F83100606CC188C5EBC50202EBA9
:1091C0004512606800EBC200A0F83310606C007AB2
:1091D000616C897A00EB0141C5EBC50202EB4512D7
:1091E000606800EBC200C0F835104FF001092EE0B6
:1091F000606C8188C5EBC50202EB4512606800EB2C
:10920000C200313000EBC9000180606CC188C5EB41
:10921000C50202EB4512606800EBC200313000EB82
:10922000C9004180606C007A616C897A00EB014171
:10923000C5EBC50202EB4512606800EBC20031309D
:1092400000EBC900416009F1010000F0FF09B9F12C
:10925000080F17DA4B4629462046626C03F0DDFD05
:1092600000280EE080841E00260001003F204D3AB9
:1092700025382E387820493A25382E3878000000D5
:1092800000E0B5D129462046A26C03F0EEFBC0B346
:10929000A06CC078FF280AD0A06CC078C5EBC502CE
:1092A00002EB4512616801EBC20181F8B900A06CC4
:1092B0000079FF280AD0A06C0079C5EBC50202EB4B
:1092C0004512616801EBC20181F8BA00A06C4079D7
:1092D000FF280AD0A06C4079C5EBC50202EB45120D
:1092E000616801EBC20181F8BB00A06C8079FF28A6
:1092F0000DD0A06C8079C5EBC50202EB451201E0F0
:10930000A8E004E0616801EBC20181F8BC00C5EB94
:10931000C50101EB4511606800EBC100B0F8BE006B
:1093200000287DDDC5EBC50101EB4511606800EB50
:10933000C100B0F8310060BB294648A0FBF794F8A3
:109340004FF48050C5EBC50202EB4512616801EB9A
:10935000C201A1F831008021C5EBC50202EB451224
:10936000606800EBC200A0F833104C49C5EBC502A1
:1093700002EB4512606800EBC200C0F83510012016
:10938000C5EBC50202EB4512616801EBC20181F831
:109390007100C5EBC50101EB4511606800EBC10030
:1093A000B0F8390068BB29463D48FBF75DF84FF43B
:1093B0008451C5EBC50202EB4512606800EBC200A8
:1093C000A0F839108021C5EBC50202EB4512606898
:1093D00000EBC200A0F83B103049091FC5EBC502E5
:1093E00002EB4512606800EBC200C0F83D1002219C
:1093F000C5EBC50202EB4512606800EBC20080F8C5
:10940000721041F27071C5EBC50202EB4512606843
:1094100000EBC2003130CDE900011023DA0101E098
:1094200004E012E020680B99FDF7EEFE2946204685
:1094300000F0BEFE41F27070009012231A01206805
:109440000B9909F17BF8681C85B2A0680068A842F6
:10945000BFF6EAAB05980FB0BDE8F08F536C6176AC
:109460006520256420686173206E6F2070726F70B4
:109470006572206D61696C626F7820696E20636F20
:109480006E66696775726174696F6E2C207472798B
:109490002064656661756C742E0D0A00260001005B
:1094A000E42502082DE9F04F85B004468A461546AA
:1094B00000200290834600268046A06800680028AD
:1094C0007EDD6069A842FBDD2A465146EAA0FAF734
:1094D000CBFF05EB850101EB4511206950F8310008
:1094E0000290DDF808B00020039005EB850202EB46
:1094F0004512216901EBC201888305EB850202EB6D
:109500004512216901EBC201488405EB850202EB9B
:109510004512216901EBC201888429462046FFF7E4
:1095200037F901273DE000BF55B1C7EBC70101EB9B
:109530004711606800EBC10090F80301A8422ED1EA
:10954000C7EBC70101EB4711606800EBC100008B5E
:1095500018B303A802A93BB22A46CDE90010514630
:109560002046FEF78BFE0298A0EB0B09DDF808B051
:1095700008EB090040F2BA5188420FD905EB85018A
:1095800001EB4511206900EBC100283040F826802E
:109590003F2E04DA701C86B2C84600E0C844781C2E
:1095A00087B2A0680068B842BDDA9DF80C0008B325
:1095B0000298401C0290DDF808B00020039000E003
:1095C00058E108F1010040F2BA51884210D905EB88
:1095D000850101EB4511206900EBC100283040F8FE
:1095E00026803F2E06DA701C86B24FF0010801E09B
:1095F00008F1010805EB850101EB4511206900EB3D
:10960000C100C0F808A0029805EB850202EB4512E4
:10961000216901EBC2014860701C05EB850202EB79
:109620004512216901EBC201888305EB850101EB3D
:109630004511206900EBC100C68305EB850202EBF2
:109640004512216901EBC201A1F820802DB96068A3
:10965000C0F820A002986168C861012789E0C7EBC3
:10966000C70101EB4711606800EBC10080880490DE
:1096700055B1C7EBC70101EB4711606800EBC100B2
:1096800090F80301A84272D1C7EBC70101EB471163
:10969000606800EBC100C08C18B303A802A93BB2FC
:1096A0002A46CDE9001051462046FEF739FB0298C4
:1096B000A0EB0B09DDF808B008EB090040F2BA5145
:1096C00088420FD905EB850101EB4511206900EBBC
:1096D000C100283040F826803F2E04DA701C86B284
:1096E000C84600E0C8443946204600F061FD41F21A
:1096F0007070009004234FF490722068049908F170
:109700001DFFC7EBC70101EB4711606800EBC1000B
:1097100090F8020180B105EB850101EB451120694C
:1097200000EBC100807E401C05EB850202EB451278
:10973000216901EBC201887605EB850101EB45113A
:10974000206900EBC100008BC7EBC70202EB471298
:10975000616801EBC201B1F80011084400B205EBE9
:10976000850202EB4512216901EBC2010883781CD6
:1097700087B2A0680068B842BFF671AF9DF80C00D0
:10978000F0B10298401C029000BF0020039008F145
:10979000010040F2BA51884210D905EB850101EB76
:1097A0004511206900EBC100283040F826803F2E8B
:1097B00006DA701C86B24FF0010801E008F10108DA
:1097C00005EB850101EB4511206900EBC100283054
:1097D00040F82680701C05EB850202EB45122169DA
:1097E00001EBC201888305EB850101EB451120697E
:1097F00000EBC1004068504405EB850202EB4512C6
:10980000216901EBC201086105EB850101EB4511FE
:10981000206900EBC10040680299081A05EB850237
:1098200002EB4512216901EBC201C86055B96068BD
:10983000C06950446168C8626068C0690299081ACA
:109840006168886205EB850202EB4512206950F8D9
:109850003200029A111A12A0FAF706FE05EB8501F2
:1098600001EB4511206950F831000299081A05B042
:10987000BDE8F08F0020FAE765635F636F6E66698D
:10988000675F6D61705F67726F757020494F6D61C2
:10989000703A25702067726F75703A25640D0A0062
:1098A000494F6D617053697A652025640D0A000087
:1098B0002DE9F04F95B00446002011908046616874
:1098C00081F8C9002169087510904FF4FA6010A959
:1098D000CDE9001004234FF4106200212068FDF749
:1098E0002BFC684608F168FFDDE90001CDE90501C0
:1098F000FE490598401A0590FD490598A0FB0130E6
:1099000006995A1840F100004FF47A730021A2FB27
:1099100003CB00FB03B002FB0100CDE902C001252F
:10992000E2E2C5EBC50101EB4511606800EBC10047
:1099300090F8CC00C5EBC50202EB4512616801EB63
:10994000C20181F8CD00C5EBC50101EB451160688E
:1099500000EBC10090F8C90000287DD0606890F845
:10996000C900B0B90120616881F8C9006068A0F839
:10997000E8500020C5EBC50202EB4512616801EB1F
:10998000C201A1F8EA000120216908752069C58299
:1099900011E0C8EBC80101EB4811606800EBC100A1
:1099A000A0F8E850C5EBC50101EB4511606800EB7C
:1099B000C100A0F8EA8000201190A846C5EBC501BF
:1099C00001EB4511606800EBC100808813904FF4F3
:1099D000FA6010A9CDE9001004234FF4106220684A
:1099E0001399FDF7D4FB1098C5EBC50202EB4512A5
:1099F000616801EBC201C1F8D4004FF4FA600CA910
:109A0000CDE90010082340F6181220681399FDF7DD
:109A1000BEFB0022DDE90C01434262EB0101DDE9FE
:109A200002209A184141CDE90C214FF4FA600CA9AB
:109A3000CDE9001008234FF4126220681399FDF756
:109A4000E3FB4FF4FA6010A9CDE90010042340F6BF
:109A500004122068139900E0F5E1FDF798FB1098D7
:109A6000C5EBC50202EB4512616801EBC201C1F80A
:109A7000D8004FF4FA6010A9CDE90010042340F695
:109A8000081220681399FDF782FB1098C5EBC502F8
:109A900002EB4512616801EBC201C1F8DC004FF432
:109AA000FA6010A9CDE90010042340F60C122068DA
:109AB0001399FDF76CFB1098C5EBC50202EB45123C
:109AC000616801EBC201C1F8E0000027C5EBC501E8
:109AD00001EB4511606800EBC10090F8CC0000F08C
:109AE000010080B100200BA9C855C5EBC50101EBF1
:109AF0004511606800EBC100D0F8D40007A941F817
:109B00002700781C47B2C5EBC50101EB4511606821
:109B100000EBC10090F8CC0000F0080080B10320F9
:109B20000BA9C855C5EBC50101EB4511606800EBF9
:109B3000C100D0F8E00007A941F82700781C47B21F
:109B4000C5EBC50101EB4511606800EBC10090F861
:109B5000CC0000F0020080B101200BA9C855C5EB74
:109B6000C50101EB4511606800EBC100D0F8D800D9
:109B700007A941F82700781C47B2C5EBC50101EBE6
:109B80004511606800EBC10090F8CC0000F00400C3
:109B900080B102200BA9C855C5EBC50101EB4511E9
:109BA000606800EBC100D0F8DC0007A941F827008D
:109BB000781C47B24FF00009012F07DD07A951F8C3
:109BC00029100898884201DA4FF00109022F07DDB9
:109BD00007A951F829100998884201DA4FF00209C3
:109BE000032F07DD07A951F829100A98884201DAE6
:109BF0004FF003090BA810F80990C5EBC50101EB64
:109C00004511606800EBC10080F8D190C5EBC5013B
:109C100001EB4511606800EBC10090F8CD00012117
:109C200001FA09F18843C5EBC50202EB45126168F0
:109C300001EBC20181F8CD002E4600BF1296C6EBA3
:109C4000C60101EB4611606800EBC100B0F8CE60C0
:109C500056B1C6EBC60101EB4611606800EBC100CE
:109C600090F8C9000028E9D0002E7CDD314620465E
:109C700001F0DBFEC5EBC50202EB4512616801EBAA
:109C8000C20181F8D000C6EBC60101EB4611606845
:109C900000EBC10090F8CB00012811D1C6EBC60142
:109CA00001EB4611606800EBC10090F8D100C5EBF4
:109CB000C50202EB4512616801EBC20181F8D000D8
:109CC0004FF0000A00200F90C5EBC50101EB4511D4
:109CD000606800EBC10090F8D0203146204601F0CA
:109CE000D6FE8346C5EBC50104E0000080436D3815
:109CF00040420F0001EB4511606800EBC10090F895
:109D0000D0203146204601F0F8FE0246314601904F
:109D1000204601F0BCFEABEB00000E90C5EBC50188
:109D200001EB4511606800EBC10090F8CB00012801
:109D300024DDC5EBC50101EB4511606800EBC100F6
:109D400090F8D1202946204601F0D7FE0246294648
:109D50000190204601F09BFE8346C5EBC50101EB57
:109D60004511606800E0BDE000EBC10090F8D12033
:109D70002946204601F08BFEABEB000A0E98824587
:109D800001DDCAF1000A1298801B012823DDC5EB12
:109D9000C50101EB4511606800EBC10090F8D020CF
:109DA0003146204601F0A9FE024631460190204688
:109DB00001F06DFE8346C6EBC60101EB46116068FB
:109DC00000EBC10090F8D1203146204601F05FFE43
:109DD000ABEB00000F900F98002802DA0F9840427A
:109DE0000F900E99A1EB0A0000EBD0714A100F9969
:109DF0000A44C6EBC60303EB4613616801EBC301DB
:109E0000D1F8E4100A44C5EBC50303EB45136168C0
:109E100001EBC301C1F8E420C5EBC50101EB45111D
:109E2000606800EBC100D0F8E40010904FF4FA60D5
:109E300010A9CDE90010042340F6281220681399D8
:109E4000FDF7E2F94EE00020C5EBC50202EB45123A
:109E5000616801EBC201C1F8D400C5EBC50202EB99
:109E60004512616801EBC201C1F8D800C5EBC5021B
:109E700002EB4512616801EBC201C1F8DC00C5EBE1
:109E8000C50202EB4512616801EBC201C1F8E000B6
:109E9000C5EBC50101EB4511606800EBC100B0F8EE
:109EA000CE60002E0BDDC6EBC60101EB46116068EB
:109EB00000EBC10090F8CB00022800DD119611984C
:109EC00080B1C5EBC50101EB4511606800EBC10035
:109ED00090F8CB00012805D12046119901F0A5FD8D
:109EE00000201190681C85B2A0680068A842BFF6E7
:109EF00018AD606890F8C90015B0BDE8F08F00009B
:109F00002DE9F04F8BB00546894692461C46149EBB
:109F1000C9EBC90101EB4911686800EBC100B0F859
:109F200004B0002008904FF4FA6008A9CDE90010B1
:109F3000012340F6811259462868FDF765F9BAF108
:109F4000000F01D003200890002009904FF4FA6020
:109F500009A9CDE9001001234FF418625946286879
:109F6000FDF752F90021049105914FF4FA6004A91C
:109F7000CDE9001008234FF4116259462868FDF717
:109F800006F9DDE90401CDE90401ECB1384BDDE966
:109F90000420D71840F10001224600233846E6F796
:109FA000C8F900220346A3FB040701FB047103FB6D
:109FB000021311460246121943EB0100921940EBBD
:109FC000E670CDE906200AE0294BDDE90410CA1845
:109FD00040F10000921940EBE670CDE90620DDE982
:109FE0000601CDE906014FF4FA6006A9CDE900109B
:109FF0004FF008034FF4196259462868FDF704F939
:10A0000003944FF4FA6003A9CDE9001004234FF440
:10A010001A6259462868FDF7F7F84FF4FA6008A964
:10A02000CDE90010012340F6811259462868FDF75A
:10A03000EBF8C9EBC90101EB4911686800EBC100FD
:10A0400080F8F4A0C9EBC90101EB4911686800EB85
:10A05000C100C0F8F060C9EBC90101EB49116868A3
:10A0600000EBC100C0F8EC400BB0BDE8F08F000081
:10A0700000E1F5057FB504460020039041F27070C1
:10A0800003A9CDE90010012340F20312002120684A
:10A09000FDF752F81120039041F2707003A9CDE949
:10A0A000001001234FF4907200212068FDF744F85E
:10A0B00041F2707003A9CDE9001001234FF49072B2
:10A0C00000212068FDF738F844F6206002A9CDE9A8
:10A0D00000100223002211462068FCF7F0FF05461D
:10A0E000002D0DDD042D02DAA068056008E00422D1
:10A0F00029460448FAF7B8F96FF0010004B070BDC2
:10A100002846FBE7282602082DE9FE4304460D46B3
:10A1100001260027C5EBC50101EB4511606800EB86
:10A12000C10090F8FB0000283FD0C5EBC50101EB52
:10A130004511606800EBC100B0F804800220029075
:10A1400000BF4FF4FA6002A9CDE9001001234FF4DB
:10A15000A06241462068FDF757F80646002E03DC52
:10A1600038467F1C0328ECDB00200290002700BF4C
:10A170004FF4FA6002A9CDE9001001234FF4A06268
:10A1800041462068FDF740F80646002E03DC3846BD
:10A190007F1C0328ECDB0020C5EBC50202EB451257
:10A1A000616801EBC20181F8FB003046BDE8FE8327
:10A1B0002DE9FE4304460D4601264FF00008C5EB8D
:10A1C000C50101EB4511606800EBC10090F8FB0090
:10A1D00040BBC5EBC50101EB4511606800EBC10058
:10A1E00087880120029000BF4FF4FA6002A9CDE9F0
:10A1F000001001234FF4A06239462068FDF704F8EF
:10A200000646002E04DC404608F101080328EBDB7B
:10A210000120C5EBC50202EB4512616801EBC201EA
:10A2200081F8FB003046BDE8FE832DE9FF47064676
:10A23000884614461F464FF00009CA46394602A810
:10A2400006F06EFE00BFB9F1000009F1010902D06D
:10A25000C82006F09BFE002020804FF4FA60CDE974
:10A260000040022340F2025241463068FCF78FFF63
:10A27000054620882080002D04DD208800F4004061
:10A28000002804DD02A806F01FFE0028DBD020888D
:10A2900000F4004008B94FF0010A1FFA8AF004B038
:10A2A000BDE8F08710B501464CF688235B58581C72
:10A2B000102800DB0020002204E0401C521C102863
:10A2C00000DB002001F5BE4353F820300BB1102A0B
:10A2D000F3DB012401F5BE4343F820404CF68C2308
:10A2E0005B5833B14CF690235B5803F5BE4343F8FB
:10A2F00020404CF68823585010BD2DE9F74F82B00E
:10A3000082460D46049808B9544603E04CF6902066
:10A3100050F80A404FF0FF30019040F2F7206843B8
:10A32000216901EB4006102D17DA606950F825000D
:10A33000032812D13078717801F00F0100EB012869
:10A3400016F8081008F10100305C01EB00200190C4
:10A350000420616941F825005FE05046049902F04D
:10A36000D0F9002859D06FF001000190D4F80C907A
:10A3700048F6A40006F018FEB9F80C1088424CD13B
:10A38000E06800F10E0BBBF80000C0F30B089BF86F
:10A390000370AF421ED1A06850F82500A0F10E0254
:10A3A000E06800F10E013046E5F7F4FF16F80810FA
:10A3B00008F10100305C01EB00200190042061698C
:10A3C00041F82500B9F8080008F10FFAA16941F831
:10A3D000250022E0102F20DA606950F827000228BB
:10A3E0001BD140F2F7207843216901EB4006A068B9
:10A3F00050F82700A0F10E02E06800F10E0130468F
:10A40000E5F7C8FF0320616941F82700B9F80800A3
:10A4100008F1EBF9A16941F82700019805B0BDE802
:10A42000F08F70B504460D4600222946206802F0E0
:10A4300081FA70BD70B504460020A16808604FF431
:10A440009C73E26802FB03F16068E5F0E0FD4FF405
:10A450009473626902FB03F12069E5F0D8FD4FF4C3
:10A4600080520021204602F0A1FD002508E02804CA
:10A4700005EB850202EB4512216941F832006D1CA3
:10A480006069A842F3DC70BD2DE9F04704460E4632
:10A4900090469946012E7DDDA06800680028FADD0F
:10A4A000012500E06D1CC5EBC50101EB451160689D
:10A4B00000EBC1008068C6EBC60202EB4612616881
:10A4C00001EBC2018968884223D1C5EBC50101EBCC
:10A4D0004511606800EBC100C068C6EBC60202EB24
:10A4E0004612616801EBC201C968884211D1C5EB0F
:10A4F000C50101EB4511606800EBC1000069C6EBC6
:10A50000C60202EB4612616801EBC201096988428A
:10A5100001D0B542C6DBB5425EDA002728E0C5EBC4
:10A52000C50101EB4511606800EBC100313000EB63
:10A53000C7004188C6EBC60202EB4612606800EB1A
:10A54000C200313000EBC7004180C5EBC50101EB13
:10A550004511606800EBC1007130C15DC6EBC602F9
:10A5600002EB4612606800EBC2007130C1557F1CDF
:10A57000082FD4DBC5EBC50101EB4511606800EB8A
:10A58000C100008BC8F80000C5EBC50101EB451107
:10A59000606800E020E000EBC100C08CC9F800005A
:10A5A000B8F80000C6EBC60202EB4612616801EB88
:10A5B000C2010883B9F80000C6EBC60202EB4612DE
:10A5C000616801EBC201C8842A46314603A0F9F74D
:10A5D0004BFF0120BDE8F0870020FBE7436F707957
:10A5E000206D617070696E6720736C6176652025DF
:10A5F000642066726F6D2025642E0D0A0000000035
:10A600002DE9F04104460D46012D7CDDA06800686F
:10A610000028FADD012600E0761CC6EBC60101EB3E
:10A620004611606800EBC1008068C5EBC50202EB13
:10A630004512616801EBC2018968884223D1C6EBEB
:10A64000C60101EB4611606800EBC100C068C5EBB4
:10A65000C50202EB4512616801EBC201C96888427C
:10A6600011D1C6EBC60101EB4611606800EBC100D9
:10A670000069C5EBC50202EB4512616801EBC2013E
:10A680000969884201D0AE42C6DBAE423BDAC6EB76
:10A69000C60101EB4611606800EBC10090F8FC00B8
:10A6A000C5EBC50202EB4512616801EBC20181F8FE
:10A6B000FC00C6EBC60101EB4611606800EBC1006F
:10A6C00090F8FD00C5EBC50202EB4512616801EB95
:10A6D000C20181F8FD00C6EBC60101EB46116068BE
:10A6E00000EBC10090F8FE00C5EBC50202EB45127D
:10A6F000616801EBC20181F8FE00C6EBC60101EB07
:10A700004611606800E0F7E000EBC10090F8FF1030
:10A71000C5EBC50202EB4512606800EBC20080F891
:10A72000FF10C6EBC60101EB4611606800EBC100EB
:10A7300090F80201002810DD0120C5EBC50202EBF4
:10A740004512616801EBC20181F80201606890F86E
:10A750000201401C616881F80201C6EBC60101EBF1
:10A760004611606800EBC100B0F80001C5EBC502FE
:10A7700002EB4512616801EBC201A1F80001C5EBD3
:10A78000C50101EB4511606800EBC100B0F80001A4
:10A790006168B1F80011084400B26168A1F80001D5
:10A7A000C6EBC60303EB4613626802EBC30202F575
:10A7B0008671C5EBC50303EB4513626802EBC30268
:10A7C00002F586702922E5F7E5FD002742E0C6EB99
:10A7D000C60101EB4611606800EBC100313000EBAF
:10A7E000C7000188C5EBC50202EB4512606800EBAB
:10A7F000C200313000EBC7000180C6EBC60101EB9F
:10A800004611606800EBC100313000EBC7004188A1
:10A81000C5EBC50202EB4512606800EBC2003130A7
:10A8200000EBC7004180C6EBC60101EB4611606832
:10A8300000EBC100313000EBC7004168C5EBC50239
:10A8400002EB4512606800EBC200313000EBC7003C
:10A8500041607F1C082FBADBC6EBC60101EB461135
:10A86000606800EBC10090F8B900C5EBC50202EBCF
:10A870004512616801EBC20181F8B900C6EBC6015F
:10A8800001EB4611606800EBC10090F8BA00C5EB1F
:10A89000C50202EB4512616801EBC20181F8BA0002
:10A8A000C6EBC60101EB4611606800EBC10090F8F1
:10A8B000BB00C5EBC50202EB4512616801EBC201AA
:10A8C00081F8BB00C6EBC60101EB4611606800EBE6
:10A8D000C10090F8BC00C5EBC50202EB45126168EF
:10A8E00001EBC20181F8BC003246294603A0F9F70A
:10A8F000BBFD0120BDE8F0810020FBE7436F7079CC
:10A900002053494920736C61766520256420667266
:10A910006F6D2025642E0D0A000000002DE9F74F11
:10A920008AB004460D46002006908346079005EB4A
:10A93000850101EB4511206900EBC100007D08B1E4
:10A94000012006900C9801282DD105EB850101EB23
:10A950004511206900EBC100416805EB850202EB5F
:10A960004512206900EBC200C068814208D905EB9E
:10A97000850101EB4511206900EBC100406807E04B
:10A9800005EB850101EB4511206900EBC100C068B2
:10A99000804605EB850101EB4511206900EBC10004
:10A9A0004068059013E005EB850101EB4511206936
:10A9B00000EBC100416805EB850202EB45122069FE
:10A9C00000EBC200C06801EB00080020059005EB19
:10A9D000850101EB4511206950F83170B8F1000F85
:10A9E0007DD00120079005EB850101EB4511206921
:10A9F00000EBC100807E002872D005EB850101EBE1
:10AA00004511206900EBC100C068002869D005EB42
:10AA1000850101EB4511206900EBC100B0F81EB0C3
:10AA200005EB850101EB4511206900EBC100D0F871
:10AA3000109005EB850101EB4511206900EBC10089
:10AA4000D0F80C8005EB850101EB4511206900EB86
:10AA5000C1004068074400BF05EB850101EB4511CB
:10AA6000206900EBC100C08B584517D105EB85016B
:10AA700001EB4511206900EBC100283059464A1C02
:10AA80001FFA82FB50F8211005EB850202EB4512FC
:10AA9000206900EBC200008C0E1A0DE005EB850169
:10AAA00001EB4511206900EBC100283059464A1CD2
:10AAB0001FFA82FB50F821602068FFF7F3FB00F0DB
:10AAC000FF0AB9B20991380C0890B2B2DDE908105A
:10AAD0008DE8070246F2745322681A4402E0E0E06F
:10AAE000FAE056E040F2F7231AFB03F302EB4301CE
:10AAF00053460A22206801F0EEFE069868B3668687
:10AB000008224FF4116305EB850C0CEB451C216901
:10AB100001EBCC01C98AC1EBC10C0CEB4111D4F89B
:10AB200004C00CEBC1018988606BCDE90232019150
:10AB300004900020009046F274532268134440F2BF
:10AB4000F7220AFB02F203EB420153460E22206871
:10AB5000FDF795F82086002006905146206800F009
:10AB600005FFB3B24A465146204607F10DFDA8EB5A
:10AB700006083744B144B8F1000F0AD005EB85014F
:10AB800001EB4511206900EBC100808B58453FF770
:10AB900063AF05EB850101EB4511206900EBC100B6
:10ABA000406800287DD005EB850101EB4511206947
:10ABB00000EBC100D0F8089005EB850101EB4511D1
:10ABC000206900EBC100D0F8048005EB850101EBA2
:10ABD0004511206950F831704FF0000B00BF05EBB4
:10ABE000850101EB4511206900EBC1002830594671
:10ABF0004A1C1FFA82FB50F82160B8EB060000D512
:10AC000046462068FFF74EFB00F0FF0AB9B20991F3
:10AC1000380C0890B2B2DDE908108DE8070246F260
:10AC2000745322681A4440F2F7231AFB03F302EB31
:10AC3000430153460B22206801F04DFE069868B38D
:10AC4000668608224FF4116305EB850C0CEB451C5E
:10AC5000206900EBCC00C08AC0EBC00C0CEB4010AC
:10AC6000D4F804C00CEBC0008088616BCDE90232DF
:10AC7000049101900020009046F27453226813441E
:10AC800040F2F7220AFB02F203EB420153460E2286
:10AC90002068FCF7F4FF20860020069051462068CB
:10ACA00000E018E000F062FEB3B24A46514620468A
:10ACB00007F16AFCA8EB06083744B144B8F1000F6D
:10ACC00009D005EB850101EB4511206900EBC100BE
:10ACD000808B584583DC96E005EB850101EB45113F
:10ACE000206900EBC100406848B105EB850101EB2C
:10ACF0004511206900EBC100D0F808900AE005EB8F
:10AD0000850101EB4511206900EBC100D0F81090DE
:10AD10000020059000BF05EB850101EB451120697E
:10AD200000EBC100283059464A1C1FFA82FB50F83C
:10AD300021602068FFF7B6FA00F0FF0AB9B2099166
:10AD4000380C0890B2B2DDE908108DE8070246F22F
:10AD5000745322681A4440F2F7231AFB03F302EB00
:10AD6000430153460C22206801F0B5FD069868B3F4
:10AD7000668608224FF4116305EB850C0CEB451C2D
:10AD8000206900EBCC00C08AC0EBC00C0CEB40107B
:10AD9000D4F804C00CEBC0008088616BCDE90232AE
:10ADA000049101900020009046F2745322681344ED
:10ADB00040F2F7220AFB02F203EB420153460E2255
:10ADC0002068FCF75CFF2086002006905146206832
:10ADD00000F0CCFDB3B2059809EB000251462046C5
:10ADE00007F1D2FBA8EB06083744B144B8F1000FD5
:10ADF00009D005EB850101EB4511206900EBC1008D
:10AE0000808B584587DC07980DB0BDE8F08F0000B7
:10AE1000FEB505460C4617465D4B022221462846E4
:10AE200002F0E6F9C4EBC40101EB4411686830F8A4
:10AE30003130C4EBC40101EB441100EBC100828846
:10AE4000214654A0F9F710FBC4EBC40101EB4411F7
:10AE5000686800EBC100D0F8080150B1C4EBC4022F
:10AE600002EB4412686800EBC200D0F808112046DB
:10AE70008847C4EBC40101EB4411686800EBC100D2
:10AE8000B0F8F600002869D102900190C4EBC4012B
:10AE900001EB4411686800EBC10090F8C60000F0B7
:10AEA000040010B30026C4EBC40101EB4411686830
:10AEB00000EBC10090F8FC0000F0200040B102A8B7
:10AEC00001AB3A4621460090284601F057F9064664
:10AED00036B902AB01AA2146284601F079F80646A8
:10AEE00036A0DDE90112F9F7BFFA0298A8BB019874
:10AEF00098BBC4EBC40101EB4411686800EBC100CE
:10AF000090F8C60000F0100038B302AB01AA214649
:10AF1000284600F099FE06460199C81DC11700EBAE
:10AF20005171C1F3CF02C4EBC40303EB441369684E
:10AF300001EBC301A1F843200299C81DC11700EB22
:10AF40005171C1F3CF02C4EBC40303EB441369682E
:10AF500001EBC301A1F84B2001E005E016E01EA0C3
:10AF6000DDE90112F9F780FA0198C4EBC40202EBA3
:10AF70004412696801EBC20108830298C4EBC40261
:10AF800002EB4412696801EBC201C8840120FEBDD6
:10AF900080841E00203E536C6176652025642C2041
:10AFA000636F6E6669676164722025782C20737404
:10AFB0006174652025322E32780D0A002020436FFF
:10AFC00045204F73697A653A2564204973697A652B
:10AFD0003A25640D0A0000002020536F45204F736E
:10AFE000697A653A2564204973697A653A25640D62
:10AFF0000A00000070B5ADF5426D05460E46C6EB81
:10B00000C60101EB4611686800EBC100008BCDF86A
:10B01000180CC6EBC60101EB4611686800EBC100D5
:10B02000C08CCDF81C0CDDF81C0C48B9DDF8180CF0
:10B0300030B90DF61C431A1F31462846FFF724FA93
:10B04000DDF81C0C00287CD1DDF8180C0028FAD1A2
:10B0500040F618416846E4F0DAFF00236A463146BC
:10B06000284601F064FDCDF81C0C51A0DDF81C1C35
:10B07000F9F7FAF900242CE00DF6064030F8140038
:10B08000002825DD0DF6064131F81410C81DC11742
:10B0900000EB5171C910C6EBC60303EB46136A6897
:10B0A00002EBC302313202EBC40251800421C6EB31
:10B0B000C60202EB4612686800EBC200713001550F
:10B0C0000DF6064030F8142021463EA0F9F7CCF9E1
:10B0D000641C082CD0DB01236A463146284601F067
:10B0E00026FDCDF8180C3DA0DDF8181CF9F7BCF9C9
:10B0F00000242EE00DF6064030F81400002827DD6D
:10B100000DF6064131F81410C81DC11700EB51713E
:10B11000C910C6EBC60303EB46136A6802EBC30211
:10B12000313202EBC40251800321C6EBC60202EBAE
:10B130004612686800EBC200713001550DF60640FA
:10B1400000E008E030F8142021461EA0F9F78CF941
:10B15000641C082CCEDBDDF8180CC6EBC60202EB33
:10B160004612696801EBC2010883DDF81C0CC6EBCE
:10B17000C60202EB4612696801EBC201C884C6EB45
:10B18000C60202EB4612686800EBC200038BC6EBF6
:10B19000C60202EB4612686800EBC200C18C14A024
:10B1A000DDF81C2CF9F760F901200DF5426D70BD3A
:10B1B0002020534949204973697A653A25640D0A6C
:10B1C0000000000020202020534D2564206C656E77
:10B1D0006774682025640D0A000000002020534990
:10B1E00049204F73697A653A25640D0A0000000012
:10B1F00020202020204953495A453A2564202564BF
:10B20000204F53495A453A25640D0A002DE9FC4167
:10B2100004460D46C5EBC50101EB4511606800EB26
:10B22000C1008788A1A0F9F71FF9C5EBC50101EBA3
:10B230004511606800EBC100B0F8BE0000283BD1AA
:10B24000C5EBC50101EB4511606800EBC100B0F82A
:10B25000310068B341F27071C5EBC50202EB4512D3
:10B26000606800EBC2003130CDE9000108231A020A
:10B2700039462068FBF7C8FFC5EBC50C0CEB451C35
:10B28000606800EBCC00D0F83530C5EBC50C0CEB9A
:10B29000451C606800EBCC00B0F83120C5EBC50C54
:10B2A0000CEB451C606800EBCC0090F8711000E0DE
:10B2B00002E083A0F9F7D8F8C5EBC50101EB451111
:10B2C000606800EBC100B0F8BE0000283AD1C5EBC1
:10B2D000C50101EB4511606800EBC100B0F8390011
:10B2E00080B341F27071C5EBC50202EB4512606894
:10B2F00000EBC2003930CDE90001082340F6080216
:10B3000039462068FBF780FFC5EBC50C0CEB451CEC
:10B31000606800EBCC00D0F83D30C5EBC50C0CEB01
:10B32000451C606800EBCC00B0F83920C5EBC50CBB
:10B330000CEB451C606800EBCC0090F872106CA020
:10B34000F9F792F802266DE0C5EBC50101EB451156
:10B35000606800EBC100313000EBC60000880028B7
:10B360005FD0C5EBC50101EB4511606800EBC10082
:10B37000313000EBC6004088B8B9C5EBC50101EB20
:10B380004511606800EBC100313000EBC600406839
:10B3900020F48031C5EBC50202EB4512606800EB7A
:10B3A000C200313000EBC600416041F27071C5EB64
:10B3B000C50202EB4512606800EBC200313000EBC1
:10B3C000C600CDE900014FF4006101EBC6018AB26D
:10B3D000082339462068FBF717FFC5EBC50101EBD1
:10B3E0004511606800EBC100313000EBC6004068D9
:10B3F0000090C5EBC50101EB4511606800EBC10091
:10B40000313000EBC6000388C5EBC50101EB4511E7
:10B41000606800EBC1007130825D314640A0F9F7F1
:10B4200023F8761C082E8FDBC5EBC50101EB451117
:10B43000606800EBC100C08C072814DDC5EBC502B5
:10B4400002EB4512616801EBC201C98CC81DC1172E
:10B4500000EB5171C910C5EBC50303EB45136268DE
:10B4600002EBC3029162C5EBC50101EB45116068B7
:10B4700000EBC100008B072814DDC5EBC50202EB11
:10B480004512616801EBC201098BC81DC11700EBB1
:10B490005171C910C5EBC50303EB4513626802EB9C
:10B4A000C302D1610120BDE8FC8100002020534D82
:10B4B0002070726F6772616D6D696E670D0A0000B2
:10B4C00020202020534D3020547970653A25642087
:10B4D0005374617274416464723A25342E34782056
:10B4E000466C6167733A25382E38780D0A000000E3
:10B4F00020202020534D3120547970653A25642056
:10B500005374617274416464723A25342E34782025
:10B51000466C6167733A25382E38780D0A000000B2
:10B5200020202020534D256420547970653A2564ED
:10B53000205374617274416464723A25342E3478F5
:10B5400020466C6167733A25382E38780D0A000062
:10B550002DE9F04788B007460C4615461E46DDE942
:10B5600010A8DDF84890182102A8E4F050FD6846C4
:10B5700007F122F9DDE90001CDE90201ADF8124041
:10B580000020ADF814008DF8160001208DF817008A
:10B59000ADF818508DF81A608DF81BA0ADF81C801E
:10B5A000ADF81E9002A9384600F00BFB08B0BDE8CC
:10B5B000F0872DE9F04186B005460F461646314624
:10B5C00003A805F0ADFCC7EBC70101EB47116868A4
:10B5D00000EBC100B0F8048000BF002005904FF4DC
:10B5E000FA6005A9CDE90010012340F605024146A5
:10B5F0002868FBF7CCFD04469DF8140005909DF8E3
:10B60000140000F0080020B1C82E02DDC82005F0AB
:10B61000BDFC002C04DD9DF8140000F0080020B1F2
:10B6200003A805F051FC0028D7D0002C08DD9DF8B8
:10B63000140000F0080018B9012006B0BDE8F08140
:10B640000020FAE770B588B006460C46154618216A
:10B6500002A8E4F0DCFC684607F1AEF8DDE9000181
:10B66000CDE90201ADF812400020ADF814008DF8CC
:10B67000160009208DF81700ADF8185002A93046C1
:10B6800000F09FFA08B070BD2DE9F04F8BB0044672
:10B690008846154699460026C8EBC80101EB4811BB
:10B6A000606800EBC10080880990C8EBC80101EB1D
:10B6B0004811606800EBC100B0F8C2A0BAF1000FF9
:10B6C0007EDD40F2CE5082457ADC494603A805F083
:10B6D00027FC00BF00BF002007904FF4FA6007A9C5
:10B6E000CDE90010022340F60D0220680999FBF70E
:10B6F0004EFD0646BDF81C000790BDF81C0000F08A
:10B70000080028B9B9F1C80F02DDC82005F03EFCD9
:10B71000002E04DDBDF81C0000F0080020B903A8CD
:10B7200005F0D2FB0028D6D0002E7DDDBDF81C0030
:10B7300000F008000028F8DDC8EBC80101EB481153
:10B74000606800EBC100B0F8C4000A90AB4600BFCF
:10B750004FF4FA60CDE9005053462068DDE9091244
:10B76000FBF715FD0646002E0DDD9BF8050000F0E9
:10B770000F0040B90595059D2A8941462046FFF7EF
:10B7800061FF002683E0002E1BDD9BF8050000F022
:10B790000F00032815D12F463D46F8880121B1EB53
:10B7A000203F74D1F889B989FA7ACDE90021029055
:10B7B000BB7A3A8941462046FFF7CAFE002666E07A
:10B7C00070E0002E63DCBDF81C0080F40070079070
:10B7D000BDF81C0007904FF4FA6007A9CDE90010EE
:10B7E000022340F60D0220680999FBF70DFD089031
:10B7F000BDF81C00079000BF4FF4FA6006A9CDE920
:10B800000010012340F60F0220680999FBF7BFFCE6
:10B810000890089800280CDD9DF8180000F0020040
:10B82000BDF81C10022200E03AE002EA2121884221
:10B8300004D003A805F048FB0028DDD000BF4FF47A
:10B84000FA6007A9CDE90010022340F60D02206836
:10B850000999FBF79CFC0890BDF81C000790BDF807
:10B860001C0000F0080028B9B9F1C80F02DDC8209B
:10B8700005F08CFB0898002804DDBDF81C0000F0E2
:10B88000080020B903A805F01FFB0028D7D0002E20
:10B8900007DC03A805F018FB00283FF459AF00E0CF
:10B8A000002600BF30460BB0BDE8F08F2DE9FC5FED
:10B8B00004460D46174698464FF0000AC5EBC501F1
:10B8C00001EB4511606800EBC100B0F804B0C5EBB6
:10B8D000C50101EB4511606800EBC100B0F8BE6026
:10B8E000002E20DD40F2CE5086421CDC4246294626
:10B8F0002046FFF75EFEA0B1C5EBC50101EB451187
:10B90000606800EBC100B0F8C09041F27070CDE902
:10B91000007033464A4659462068FBF775FC82465C
:10B9200001E04FF0000A5046BDE8FC9F2DE9F047CA
:10B9300006460D46174600BF0FB9344602E04CF6E6
:10B9400090208459A06850F825800220616941F850
:10B95000250040F2F7216943626802EB410041464D
:10B96000FAF706FF81464846BDE8F0872DE9F04129
:10B9700004460D4640F2F720684346F274512144D4
:10B9800001EB40071249488805F00EFB3881002280
:10B9900029462046FFF7CAFF80464CF68C20005906
:10B9A00098B14CF294402718204400F10E06F5702F
:10B9B0000849488805F0F8FA388102214CF69020B1
:10B9C000005900F5BE4040F825104046BDE8F08122
:10B9D000D41A0208DA1A02082DE9F04188B00446A8
:10B9E0000D4616461F46DDF83880182102A8E4F0FF
:10B9F0000EFB684606F1E0FEDDE90001CDE902013B
:10BA0000ADF81250ADF814608DF816700120E16A9F
:10BA1000087003208DF81700ADF8188002A92046A1
:10BA200000F0CFF808B0BDE8F08130B502460B4613
:10BA30000020C3EBC30505EB4315546804EBC504B4
:10BA400094F8CD1001F008041CB1032001F0F701B7
:10BA500013E001F002041CB1012001F0FD010CE033
:10BA600001F004041CB1022001F0FB0105E001F02B
:10BA7000010414B1002001F0FE01C3EBC30505EB86
:10BA80004315546804EBC50484F8CD1030BD30B5BF
:10BA9000034632B1012A0ED0022A16D0032A28D139
:10BAA0001DE0C1EBC10505EB41155C6804EBC50465
:10BAB000D4F8D4001FE0C1EBC10505EB41155C686B
:10BAC00004EBC504D4F8D80015E0C1EBC10505EBC3
:10BAD00041155C6804EBC504D4F8DC000BE0C1EB55
:10BAE000C10505EB41155C6804EBC504D4F8E00022
:10BAF00001E0002000BF00BF30BD70B503460C461A
:10BB00001046C4EBC40606EB44165D6805EBC6059B
:10BB100095F8CC1032B1012A13D0022A20D0032A82
:10BB20003CD12CE001F004050DB1022008E001F049
:10BB300002050DB1012003E001F0080505B1032065
:10BB40002CE001F008050DB1032008E001F001052B
:10BB50000DB1002003E001F0040505B102201DE055
:10BB600001F002050DB1012008E001F008050DB15A
:10BB7000032003E001F0010505B100200EE001F013
:10BB800001050DB1002008E001F004050DB102200F
:10BB900003E001F0020505B1012000BF00BF70BD48
:10BBA00001464FF0FF308A6A52788B6A1B789A42BE
:10BBB00006DA8A6A50788A6A5278521C8B6A5A70FE
:10BBC000704770B504460D46616A091D626AB2F994
:10BBD000002002EB420201EBC20018222946E4F7E2
:10BBE000D9FB0121606A001D626AB2F9002002EBF4
:10BBF000420200EBC2000172606A0088401C00B281
:10BC0000616A0880606AB0F90000402802DD002007
:10BC1000616A0880606AB0F90000616AB1F90210D7
:10BC2000884205D1606A4088401C00B2616A488041
:10BC3000606AB0F90200402802DD0020616A488095
:10BC40000120E16A087070BD2DE9F04FA9B082466D
:10BC50008B4614461D460020289028602060002650
:10BC60009CE084202790554806A927AA1823CDE9EF
:10BC70000032CDE90210F2B2402359465046FBF79C
:10BC8000EBFE8046B8F1000F39DD2799042936DB39
:10BC9000BDF8180000EBD0714910B1F100092EDD9C
:10BCA000B9F1400F2BDC10202060002725E0042094
:10BCB0002790424905AA27AB07A830F81700CDE91D
:10BCC000013203910090F2B2042359465046FBF72B
:10BCD000C3FE8046B8F1000F0DDD9DF81600C0F3DD
:10BCE000800040B99DF8160000F003020820904043
:10BCF000216808442060781C87B24F45D7DB842038
:10BD000027902E4806A927AA1023CDE90032CDE9B5
:10BD10000210F2B2402359465046FBF79DFE804682
:10BD2000B8F1000F39DD2799042936DBBDF818007A
:10BD300000EBD0714910B1F100092EDDB9F1400FCF
:10BD40002BDC10202860002725E0042027901B49C9
:10BD500005AA27AB07A830F81700CDE901320391F7
:10BD60000090F2B2042359465046FBF775FE804618
:10BD7000B8F1000F0DDD9DF81600C0F3800040B94A
:10BD80009DF8160000F0030208209040296808443E
:10BD90002860781C87B24F45D7DB761C082EFFF64B
:10BDA00060AF2868002802DC2068002801DD01203F
:10BDB0002890289829B0BDE8F08F000060AE0A00F6
:10BDC0002DE9F74F88B08246002702200590002019
:10BDD00007903D4807A905AA0023CDE90032CDE927
:10BDE00002105046DDE90912FBF762FA8346BDF8FE
:10BDF0001C000790BBF1000F61DDBDF81C0000289E
:10BE00005DDDBDF81C8000BF012456E002200590D6
:10BE1000002007902C4807A905AA0023CDE900328D
:10BE2000CDE90210E3B25046DDE90912FBF740FA12
:10BE30008346BDF81C60002E3DDD012005900020EA
:10BE40000690214806A905AA0023CDE90032CDE9D4
:10BE50000210324650460999FBF72AFA83469DF8AC
:10BE60001890012525E00420059000200490164834
:10BE700004A905AA0023CDE90032CDE90210EBB2F6
:10BE8000324650460999FBF713FA8346049804900A
:10BE90000498C0B2FF2803DA0498C0B2074406E051
:10BEA00002200590FF200790BDF81C000744681C85
:10BEB00085B24D45D7DD601C84B24445A6DD3846C9
:10BEC0000BB0BDE8F08F000060AE0A002DE9FF4F17
:10BED00087B00446154699460020059040F202209E
:10BEE0000490002005EB0522E16B01F812003749B0
:10BEF00005EB0522E06B00EB420004AA0123CDE92B
:10BF00000032CDE9020100234A4620460899FBF79A
:10BF1000CFF906900698002854DD05EB0521E06B6B
:10BF200010F8110000284DDD05EB0521E06B10F83D
:10BF300011A000200590012642E005EB0521E06BF1
:10BF400000EB4100801C711E00EB4100B0F8008046
:10BF5000B8F1000F32DD40F202400490002005EB02
:10BF60004522216C01F81200184905EB4522206C8E
:10BF700000EB420004AA0123CDE90032CDE9020121
:10BF80000023424620460899FBF792F9069005EBFC
:10BF90004521206C10F811B001270DE005EB45217B
:10BFA000206C00EB4100801C791E10F821100598D0
:10BFB00008440590781C87B25F45EFDD701C86B29F
:10BFC0005645BADD05980BB0BDE8F08F60AE0A00AB
:10BFD0002DE9F04F89B006460F469046994600205D
:10BFE0000790C9F80000C8F80000834601200890B7
:10BFF00000200690604806A908AA0023CDE9003277
:10C00000CDE902104FF4E05239463046FBF750F9C3
:10C010008246BAF1000F7DDD9DF818000228FADD96
:10C020009DF81800082801DD08200690022490E001
:10C0300001200890002005904F4805A908AA002378
:10C04000CDE90032CDE90210601CC3B24FF4E052DA
:10C0500039463046FBF72CF98246BAF1000F76DDFF
:10C06000022C05D19DF81400022801D14FF0010BDC
:10C070009DF8140020B19DF814005844C0B20590FA
:10C08000022C04D19DF8140008B903200590032C5C
:10C0900004D19DF8140008B9042005909DF81410EF
:10C0A000C7EBC70202EB4712706800EBC2007130A9
:10C0B00001559DF81400B8B9C7EBC70101EB471152
:10C0C000706800EBC100313000EBC400406820F420
:10C0D0008031C7EBC70202EB4712706800EBC20069
:10C0E000313000EBC40041609DF81400032803D0F8
:10C0F0009DF8140004282AD141F610402218394630
:10C100003046FFF75DFE0546DDB1E81DC11700EBC7
:10C11000517100E022E0C1F3CF02C7EBC70303EB8C
:10C120004713716801EBC301313101EBC4014A804F
:10C130009DF81400032805D1D8F800002844C8F859
:10C14000000004E0D9F800002844C9F80000601C91
:10C15000C4B29DF818008442FFF66AAFD9F8000017
:10C16000002803DCD8F80000002801DD012007903A
:10C17000079809B0BDE8F08F60AE0A002DE9F04FD6
:10C1800089B00446894617469A46DDF848B0002033
:10C190000690CBF80000CAF8000004900A2007902F
:10C1A000002007EB8702A16B01F81200544907EB4E
:10C1B0008702A06B00EB420007AA0123CDE9003201
:10C1C000CDE9020100234FF4E05249462046FBF737
:10C1D0006FF808900898002878DD07EB8701A06BBE
:10C1E00010F8110002287CDD07EB8701A06B10F826
:10C1F000110005900598082809DD082005900A20FF
:10C2000000231A46494600902046FFF7E5FB022529
:10C2100064E007EB8701A06B00EB4100801C465DEA
:10C22000022D03D1022E01D10120049016B10498F1
:10C230003044C6B2C9EBC90101EB4911606800EB9B
:10C24000C10071304655BEB9C9EBC90101EB4911B6
:10C25000606800EBC100313000EBC500406820F49D
:10C260008031C9EBC90202EB4912606800EBC200E1
:10C27000313000EBC5004160032E01D0042E2BD1DC
:10C2800041F610402B183A4649462046FFF71EFE5D
:10C290008046B8F1000F1FD008F10700C11700EB6E
:10C2A0005171C1F3CF02C9EBC90303EB49136168B4
:10C2B00001EBC301313101EBC5014A80032E06D1E8
:10C2C000DAF800004044CAF8000005E009E0DBF8B5
:10C2D00000004044CBF80000681CC5B205988542B8
:10C2E00097DBDBF80000002803DCDAF80000002808
:10C2F00001DD01200690069809B0BDE8F08F00002E
:10C3000060AE0A002DE9F04385B004460E4617469C
:10C310004FF0000931462046FDF7F6FEC6EBC60198
:10C3200001EB4611606800EBC100B0F8048044F6F0
:10C33000206304AA41462046FDF777FF88B3BDF885
:10C34000100000F4F04070B10020049041F27070D1
:10C3500004A9CDE90010022340F2025241462068B0
:10C36000FAF752FF05464FF48070ADF80800ADF8BB
:10C370000A700020ADF80C0000BF4FF4FA6002A96B
:10C38000CDE90010062340F2025241462068FAF738
:10C390003BFF0546002D04DC484609F1010903284E
:10C3A000EBDB05B0BDE8F0832DE9FF4704460E4600
:10C3B00017464FF00009C6EBC60101EB4611606855
:10C3C00000EBC100B0F804800020029003903B46CF
:10C3D00003AA41462046FDF728FFA0B100BF4FF455
:10C3E000FA6002A9CDE9001004234FF4A16241468E
:10C3F0002068FAF7CCFE0546002D04DC484609F11A
:10C4000001090328EBDB029804B0BDE8F0872DE9B1
:10C41000F04788B00546894690469A460027002195
:10C420000491059100200690534607AA49462846E4
:10C43000FDF7FBFE00287ED0BDF81C0000F4F040A4
:10C4400070B10020079041F2707007A9CDE900108B
:10C45000022340F2025249462868FAF7D5FE044604
:10C4600000BF4FF48070ADF80800ADF80A800020DE
:10C47000ADF80C00002600BF4FF4FA6002A9CDE928
:10C480000010062340F2025249462868FAF7BCFE23
:10C490000446002C03DC3046761C0328ECDB002C21
:10C4A0004ED0C82004F072FD00200790534607AA22
:10C4B00049462846FDF7B9FE002841D0BDF81C00CA
:10C4C00000F4005028B17F1C4FF47A7004F05EFD38
:10C4D00036E00027BDF81C0000F04000A8B100269F
:10C4E00000BF4FF4FA6004A9CDE9001008234FF40F
:10C4F000A16249462868FAF74AFE0446002C1FDC70
:10C500003046761C0328ECDB1AE0002600BF4FF40F
:10C51000FA6006A9CDE9001004234FF4A162494650
:10C520002868FAF734FE0446002C03DC3046761CFB
:10C530000328ECDB00E007E000210698CDE90401C8
:10C54000002F01DD032F8CDBDDE9040108B0BDE81D
:10C55000F0872DE9F74F84B004468A464FF0000873
:10C5600000200290834681460AEB8A0101EB4A11C2
:10C57000206900EBC100007D08B14FF001092046A1
:10C58000FFF70EFB0646ACE0A06A801C855DA26A40
:10C59000921C915D2068069A00F095FE0746002FD8
:10C5A00060DB2068203040F2F721694300EB410056
:10C5B00080780A2809D02068203040F2F7216943AA
:10C5C00000EB410080780C284DD1B9F1000F32D03A
:10C5D0002368203340F2F72C05FB0CFC03EB4C03E3
:10C5E00003F10C01A36A143353F82600628EE3F7BB
:10C5F000D1FE2068203040F2F721694300EB410171
:10C60000608E0C30084400880290BDF808802068D5
:10C61000203040F2F721694300EB4100218E0844AD
:10C620000168009140680190DDE90001626B03C27E
:10C630004FF0000914E0A36A543333F8162023683E
:10C64000203340F2F72C05FB0CFC03EB4C0303F109
:10C650000C01A36A143353F82600E3F79BFEB84499
:10C660004FF0010B34E02068203040F2F72169439D
:10C6700000EB410080780B282AD1B9F1000F23D0BC
:10C680002068203040F2F721694300EB4101608EC1
:10C690000C30084400880290BDF808004FEA4008BA
:10C6A0002068203040F2F721694300EB4100218EE1
:10C6B00008440168009140680190DDE90001626B67
:10C6C00003C24FF0000901E008EB47084FF0010BEF
:10C6D00000222946206800F0EEF82046FFF760FAB5
:10C6E0000646002EBFF650AF204605F138FFBBF1DD
:10C6F000000F04D14FF0FF3007B0BDE8F08F404687
:10C70000FAE72DE9F04104460F460FB9264602E04C
:10C710004CF69020065940F2EE584146F068F9F781
:10C72000E7FF054646F270500551002D02DD01205D
:10C73000BDE8F0810020FBE770B504460D460022FD
:10C7400029462046FEF7EAF870BD10B594B00446BD
:10C75000402102A8E3F05BFC0020139041F27070CE
:10C7600013A9CDE90010012340F201120021206835
:10C77000FAF7E2FC0420129041F2707012A9CDE9A0
:10C78000001002231A0200212068FAF7D5FC41F2BA
:10C79000707002A9CDE9001008234FF44072002107
:10C7A0002068FAF7C9FC41F2707002A9CDE90010C7
:10C7B00030235A0100212068FAF7BEFC41F2707064
:10C7C00002A9CDE9001020239A0100212068FAF780
:10C7D000B3FC0020139041F2707013A9CDE9001052
:10C7E000012340F6811200212068FAF7A5FC41F2EE
:10C7F000707002A9CDE9001004234FF411620021EA
:10C800002068FAF799FC4FF48050129041F2707052
:10C8100012A9CDE9001002234FF413620021206811
:10C82000FAF78AFC4FF44060129041F2707012A93E
:10C83000CDE90010022340F6341200212068FAF7F7
:10C840007BFC0020139041F2707013A9CDE9001019
:10C85000012340F2031200212068FAF76DFC112039
:10C86000139041F2707013A9CDE9001001234FF429
:10C87000907200212068FAF75FFC0220139041F2C9
:10C88000707013A9CDE9001001234FF4A0620021BC
:10C890002068FAF751FC0020139041F2707013A940
:10C8A000CDE9001001234FF4A06200212068FAF7BF
:10C8B00043FC14B010BD00F5BE4343F821204CF6F4
:10C8C0008C231B5833B14CF690231B5803F5BE4301
:10C8D00043F8212070472DE9F05F82460C469046D0
:10C8E0009946DDF828B00C9D274607F10E0641F267
:10C8F0000C002844308086F8028086F80390A6F861
:10C9000004B00B98F08035812A46414607F11A00A1
:10C910000D9B00F0CDFD002105F11A003954401C9B
:10C920003954401C4CF25441514441F82900002034
:10C93000BDE8F09F2DE9F041044688461746002FD8
:10C9400054D04CF69020005900284CD04CF6902042
:10C95000005900F11C064FF0FF30306001214CF609
:10C960008C200151001D00591C304CF690210959B2
:10C97000086046F2745021184CF69020005941602E
:10C980004CF2544021184CF69020005981604CF62E
:10C990009020005900F5BF404CF690210959C8601D
:10C9A0004CF69020005920304CF69021095908612E
:10C9B0004CF69020005900F5BE404CF690210959E4
:10C9C00048614CF69020005945F6407101444CF600
:10C9D0009020005981614CF69021095901F5BE4023
:10C9E000FBF793F926E00020BDE8F0814FF0FF301F
:10C9F000E06100214CF688200151001D015146F2F2
:10CA00007450204460604CF254402044A06004F50F
:10CA1000BF40E06004F12000206104F5BE40606189
:10CA200045F640702044A06104F5BE40FBF76DF967
:10CA300004F11C0600250FE040F2F721694346F29D
:10CA40007452224402EB4100F9F754FF002104F52F
:10CA5000BE4040F825106D1C102DEDDB4CF29440CB
:10CA60002044F9F747FF0120BEE72DE9F0410646D3
:10CA70000F461446C7EBC70101EB4711706800EB86
:10CA8000C10090F8FB800020A070E0702071607100
:10CA9000A07128223946304600F02AFA20802088EA
:10CAA00000283ADD25882A46691C8DB23946304671
:10CAB00000F07CFAA0702A46691C8DB239463046D7
:10CAC00000F074FAA17801EB0020A070A078400675
:10CAD000000EA0702A46691C8DB23946304600F01F
:10CAE00065FAE0702A46691C8DB23946304600F07E
:10CAF0005DFA2071A07802280FDD2A46691C8DB2EC
:10CB00003946304600F052FA60712A46691C8DB2EF
:10CB10003946304600F04AFAA071B8F1000F03D050
:10CB200039463046FDF744FBA078BDE8F0812DE999
:10CB3000FE4F81468A4614469846CAEBCA0101EB6D
:10CB40004A11D9F8040000EBC10090F8FB000090F6
:10CB500000200190A080608000212181002606E055
:10CB6000002104F6064020F81610701C86B2082E2C
:10CB7000F6DBB8F1010F01DD4FF0010808F13202D8
:10CB80005146484600F0B4F92080208800287EDD18
:10CB900025882A46691C8DB25146484600F006FA9F
:10CBA00083462A46691C8DB25146484600F0FEF97C
:10CBB0000BEB00201FFA80FBA4F802B0012600BF97
:10CBC000A088401CA0802A46691C8DB25146484668
:10CBD00000F0ECF9A288A11D21F812002A46691C78
:10CBE0008DB25146484600F0E1F9A288A11D31F806
:10CBF000121001EB002081B2A01D20F812100021BC
:10CC0000A28804F6060020F81210701C86B22A468C
:10CC1000691C8DB25146484600F0C8F907462A46BD
:10CC2000691C8DB25146484600F0C0F9A28804F252
:10CC3000064121F81200281D85B2B01C86B2A188D9
:10CC400004F2064030F81100082847DA012002906B
:10CC50001BE0301D86B2681D85B22A46691C8DB264
:10CC60005146484600F0A2F9A28804F6060131F8C0
:10CC70001210084481B204F6060020F81210A81C15
:10CC800085B20298401C80B20290029800E038E021
:10CC9000B842DEDDA18804F2064030F8111004F637
:10CCA000064030F81110A28804F6060030F8120091
:10CCB000084481B204F2064030F8122004F606401F
:10CCC00020F81210A18804F6060030F8111001981F
:10CCD000084480B20190701C86B209E0042000FB79
:10CCE000076086B2082000FB075085B2701C86B230
:10CCF000A088B0F5FF7F00DD66886088B0423FF70E
:10CD00005FAF009818B151464846FDF751FA0198B7
:10CD1000BDE8FE8F2DE9F047074688461446C8EB6C
:10CD2000C80101EB4811786800EBC10090F8FB9056
:10CD30000020A07029224146384600F0D9F8208012
:10CD4000208800285FDD25882A46691C8DB241466F
:10CD5000384600F02BF906462A46691C8DB241463A
:10CD6000384600F023F906EB002086B23046F11772
:10CD700006EB9171C1F38701A1702A46691C8DB23F
:10CD80004146384600F012F9A0802A46691C8DB24F
:10CD90004146384600F00AF9A18801EB0020A08046
:10CDA0002A46691C8DB24146384600F0FFF8E08003
:10CDB0002A46691C8DB24146384600F0F7F8E188F2
:10CDC00001EB0020E0802A46691C8DB241463846BE
:10CDD00000F0ECF820722A46691C8DB241463846B4
:10CDE00000F0E4F860722A46691C8DB2414638466C
:10CDF00000F0DCF8A0722A46691C8DB24146384624
:10CE000000F0D4F8E072B9F1000F03D04146384683
:10CE1000FDF7CEF9A078BDE8F0872DE9F047074689
:10CE2000884614461E464FF00009C8EBC80101EBC6
:10CE30004811786800EBC10090F8FBA0A078B042E0
:10CE40004CDD2088801C00EBC60085B22A46691C98
:10CE50008DB24146384600F0A9F8A0802A46691CE8
:10CE60008DB24146384600F0A1F8A18801EB0020C0
:10CE7000A0802A46691C8DB24146384600F096F8DB
:10CE8000E0802A46691C8DB24146384600F08EF893
:10CE9000E18801EB0020E0802A46691C8DB2414602
:10CEA000384600F083F820722A46691C8DB241464C
:10CEB000384600F07BF860722A46691C8DB2414604
:10CEC000384600F073F8A0722A46691C8DB24146BC
:10CED000384600F06BF8E0724FF00109BAF1000F2C
:10CEE00003D041463846FDF763F94846BDE8F08770
:10CEF0002DE9F047074688461646C8EBC80101EB06
:10CF00004811786800EBC10090F8FB90802422461D
:10CF1000641C4146384600F049F805462246641C28
:10CF20004146384600F042F805EB002085B22AE081
:10CF30002046611C0CB282B24146384600F036F8F9
:10CF400005462046611C0CB282B24146384600F0CC
:10CF50002DF805EB002085B204EB450004B2204615
:10CF6000611C0CB282B24146384600F01FF80546FB
:10CF70002046611C0CB282B24146384600F016F8D9
:10CF800005EB002085B2B54203D04FF6FF70854215
:10CF9000CED1B54200D00024B9F1000F03D04146F4
:10CFA0003846FDF705F92046BDE8F0872DE9F04F3A
:10CFB00085B0044688461546FF200090208C4045E9
:10CFC00006D04FF40071E069E3F021F8A4F8208066
:10CFD000B5F5805F6ADA6E11A5EB46101FFA80F98D
:10CFE000E06950F82600012101FA09F1084018B162
:10CFF000A069405D009059E0C8EBC80101EB481101
:10D00000606800EBC1008088049041462046FDF72F
:10D010007BF86F1044F620633A4620460499FFF7E8
:10D02000F6F9CDE90201C8EBC80101EB48116068CF
:10D0300000EBC10090F8FA0048B1A06900EB47008E
:10D0400002990160039941600820019008E0DDF831
:10D0500008A0A06900EB4700C0F800A004200190E0
:10D060003E117800A0EB46101FFA80F94FF0000B3C
:10D0700016E0E06950F82600012101FA09F10843A1
:10D08000E16941F8260009F101001FFA80F9B9F1C0
:10D090001F0F03DD4FF00009701C86B20BF1010B6E
:10D0A00001988345E5DBA069405D0090009805B0DC
:10D0B000BDE8F08F2DE9FF4F83B00C4692461E4627
:10D0C00003984068CAEBCA0101EB4A1100EBC100AA
:10D0D00090F8FB000090A1460A2251460398FFF702
:10D0E00007FF80B202900298002844DD0298801C5D
:10D0F00085B22A46691C8DB251460398FFF756FF48
:10D1000001900198864232DC01272AE02A46691CF8
:10D110008DB251460398FFF749FF8046B74203DAC4
:10D1200005EB080085B21AE0A1464FF0010B14E0B0
:10D13000BBF1280F0BDC2A46691C8DB251460398BF
:10D14000FFF734FF89F8000009F1010901E0681CCC
:10D1500085B20BF101001FFA80FBC345E8DD781CA6
:10D1600087B2B742D2DD002089F8000003E0A14673
:10D17000002089F80000009818B151460398FDF787
:10D1800017F807B0BDE8F08F2DE9FF4106460F46BE
:10D1900014464FF0FF35214602A803F0C1FE00BF40
:10D1A00039463046FEF7E2FBB4F5FA6F01DA204665
:10D1B00001E04FF4FA600146684603F0B1FE3946DB
:10D1C0003046DDE9002300F099F80546002D04DA29
:10D1D00002A803F079FE0028E2D0002D04DA002234
:10D1E00039463046FFF767FB284604B0BDE8F081BA
:10D1F0002DE9F04387B004460D4617469846A068CF
:10D200000068A84203DA002007B0BDE8F083414679
:10D2100002A803F085FEC5EBC50101EB451160686E
:10D2200000EBC100B0F8049000BF012D11DA00201E
:10D2300006904FF4FA6006A9CDE9001002234FF4DE
:10D24000987200212068F9F73AFFBDF8180006909F
:10D250001DE00020ADF81000ADF814004FF4FA60A6
:10D2600004A9CDE9001006234FF4987249462068BE
:10D27000F9F78DFFBDF810000690BDF81400C5EB5E
:10D28000C50202EB4512616801EBC2014880BDF89E
:10D29000180000F00F06BE4203D04FF47A7003F07E
:10D2A00075FEBE4204D002A803F00EFE0028BCD0DA
:10D2B000BDF81800C5EBC50202EB4512616821F804
:10D2C00032003046A0E72DE9FC4106460F461446E1
:10D2D0002146684603F024FE39463046DDE9002346
:10D2E00000F00CF80546002D04DA002239463046DD
:10D2F000FFF7E1FA2846BDE8FC8100002DE9FF4375
:10D3000083B004460D464FF0FF373E464CF68C2066
:10D31000005900B9002600BF002F05DA0022294677
:10D320002046FCF7EAFF07464CF68C20005938B13E
:10D33000002E05DA012229462046FCF7DEFF0646CC
:10D34000002F01DB002E04DA05A803F0BDFD002844
:10D35000E2D04CF68C20005900287DD04FF0000818
:10D36000002F04DB45F64070204450F825804FF034
:10D370000009002E07DB4CF69020005945F640715D
:10D38000084450F825904848408840451ED14748F9
:10D39000408848451AD14CF690231B59203340F25F
:10D3A000F72C05FB0CFC03EB4C014CF254432344DB
:10D3B00053F82530A3F10E0240F2F7236B4304F13A
:10D3C000200C0CEB4300E2F7E5FF3746B8F1000F05
:10D3D00003D135484088484507D034484088404507
:10D3E0005DD131484088484559D130484088404552
:10D3F0001DD12D484088484519D14CF2544323444F
:10D4000053F82530A3F10E0240F2F7236B4304F1E9
:10D41000200C0CEB430140F2F7236B4346F2745CA3
:10D42000A4440CEB430303F10E00E2F7B3FF4FF407
:10D43000FA6101A803F074FD012229462046FEF797
:10D4400075FA00BF012229462046FCF756FF064622
:10D45000002E06DA01A800E021E003F035FD0028E7
:10D46000F0D0002E1ADB4CF690231B59203340F2EB
:10D47000F72C05FB0CFC03EB4C014CF2544323440A
:10D4800053F82530A3F10E0240F2F7236B4304F169
:10D49000200C0CEB4300E2F77DFF374600BF384617
:10D4A00007B0BDE8F0830000DA1A0208D41A0208B7
:10D4B0002DE9F04107460D4614461E46002C1BDDA3
:10D4C000042D0BD003DC3DB1012D0ED105E0072D5D
:10D4D00005D00A2D09D103E000BF00BF00BF00BF87
:10D4E00021463846E2F093FD05E0224631463846B3
:10D4F000E2F750FF00BF00BFBDE8F081FEB5044673
:10D500000D46ADB9C5EBC50101EB4511606830F8BA
:10D510003100029041F2707002A9CDE9001002239F
:10D520004FF4907200212068F9F706FE064618E0D5
:10D53000C5EBC50101EB4511606800EBC1008788B0
:10D5400041F270700090C5EBC50202EB45126168B4
:10D5500031F832304FF490723946206804F1EEFF12
:10D5600006463046FEBD000010B501200749488040
:10D570000A20074908700020064908600120064972
:10D58000087006A0F6F770FF10BD0000786D01244A
:10D59000D8000024F80000240301002465786563A6
:10D5A0005F4530320D0A000010B501200449C880E3
:10D5B0000B200449087004A0F6F756FF10BD0000C8
:10D5C000786D0124D8000024657865635F453033A9
:10D5D0000D0A00000848806800280CDB012006497D
:10D5E0008968064A42F821000348C06802498968F0
:10D5F000034A42F82100704778900124F0B50124D5
:10D6000008B6012410B5002408E00120A040074915
:10D610000968084305490860601CC4B2182CF4DB93
:10D620000248016802A0F6F71FFF10BDFC000024AD
:10D63000657865635F4930312025780D0A00000068
:10D640007047000030B52DED028B9BB000249FED9C
:10D65000780BB0EE408B34210EA8E2F0D8FC3421D8
:10D6600001A8E2F0D4FC00BF7348007801287CD107
:10D6700000207249086072480068012848D171484A
:10D680000078401C6F49087000216E480078C0EB9C
:10D69000C0026D4800EB021080F8301000BF1AE0A5
:10D6A0006A4850F8240000EE100AB8EEC00A684834
:10D6B000D0ED000A20EE200AB7EEC00A61480078DB
:10D6C000C0EBC001604800EB011000EBC40080ED2E
:10D6D000000B601CC4B25F4800788442E0DB0F237B
:10D6E000584802785CA10EA8F6F7CEFE0EA8E2F02C
:10D6F00099FC05465D495E4A126888182A460EA9BB
:10D70000E2F748FE5A48006828445949086081E019
:10D7100058480078012848D157480078401C56499D
:10D720000870002154480078C0EBC002464800EB66
:10D73000021080F8301000241CE0444850F8240007
:10D7400000EE100AB8EEC00A4148D0ED000A20EE03
:10D75000200AB7EEC00A48480078C0EBC0013A483A
:10D7600000EB011000EBC40000E059E080ED000B7D
:10D77000601CC4B2374800788442DEDB0F233E4889
:10D7800002783EA101A8F6F77FFE3F49097801EB38
:10D7900081023E4901EB820001A9E2F04AFC3A48CD
:10D7A0000078401C3849087034E00021384880F87F
:10D7B000781D002415E0254850F8240000EE100ADA
:10D7C000B8EEC00A2248D0ED000A20EE200AB7EEDB
:10D7D000C00A1D48703000EBC40080ED000B601CD7
:10D7E000C4B21C4800788442E5DB0F2229A101A8BD
:10D7F000F6F74AFE01A92548E2F01BFC0020284963
:10D8000008700120224948800A200B490870002036
:10D81000244908601748017823A0F6F725FE02E0A6
:10D8200029A0F6F721FE1BB0BDEC028B30BD000035
:10D830000000000000000000D80000240C020024BA
:10D84000E8010024DB000024507A012480900124A8
:10D85000DC000024D50000244D4A205025642046D9
:10D860002564205232300D0A0000000018190224ED
:10D87000EC01002400010024DA0000244D4A20506D
:10D880002564204625640000D90000248478012402
:10D89000786D01244D4A2050312046256400000057
:10D8A00003010024F8000024657865635F4D303182
:10D8B00020636D645F627566665F6D6F6465203DB1
:10D8C0002025640D0A000000657865635F4D3031E6
:10D8D000206E6F7420696E207374616E6473746956
:10D8E0006C6C0D0A0000000030B52DED028B9BB072
:10D8F00000249FED770BB0EE408B34210EA8E2F0B0
:10D9000086FB342101A8E2F082FB00BF7248007858
:10D9100001287CD100207149086071480068012805
:10D9200048D170480078401C6E49087001216D484C
:10D930000078C0EBC0026C4800EB021080F8301099
:10D9400000BF1AE0694850F8240000EE100AB8EE53
:10D95000C00A6748D0ED000A20EE200AB7EEC00AE0
:10D9600060480078C0EBC0015F4800EB011000EB9D
:10D97000C40080ED000B601CC4B25E480078844295
:10D98000E0DB0F23574802785BA101A8F6F77CFD86
:10D9900001A8E2F047FB05465C495D4A1268881819
:10D9A0002A4601A9E2F7F6FC59480068284458497C
:10D9B000086080E057480078012848D15648007830
:10D9C000401C55490870012153480078C0EBC00243
:10D9D000454800EB021080F8301000241CE043485A
:10D9E00050F8240000EE100AB8EEC00A4048D0ED0E
:10D9F000000A20EE200AB7EEC00A47480078C0EBC4
:10DA0000C001394800EB011000EBC40000E058E011
:10DA100080ED000B601CC4B2364800788442DEDB27
:10DA20000F233D4802783DA10EA8F6F72DFD3E4993
:10DA3000097801EB81023D4901EB82000EA9E2F079
:10DA4000F8FA39480078401C3749087033E0012162
:10DA5000374880F8781D002415E0244850F8240049
:10DA600000EE100AB8EEC00A2148D0ED000A20EE00
:10DA7000200AB7EEC00A1C48703000EBC40080EDED
:10DA8000000B601CC4B21B4800788442E5DB0F2207
:10DA900028A10EA8F6F7F8FC0EA92448E2F0C9FA6E
:10DAA000012027490870224948800A200A49087045
:10DAB0000020244908601748017823A0F6F7D4FC19
:10DAC00002E029A0F6F7D0FC1BB0BDEC028B30BD04
:10DAD0000000000000000000D80000240C02002418
:10DAE000E8010024DB000024507A01248090012406
:10DAF000DC000024D50000244D4C20502564204635
:10DB00002564205232300D0A00000000181902244A
:10DB1000EC01002400010024DA0000244D4C2050C8
:10DB20002564204625640000D9000024847801245F
:10DB3000786D01244D4C20503120462564000000B2
:10DB400003010024F8000024657865635F4D3032DE
:10DB500020636D645F627566665F6D6F6465203D0E
:10DB60002025640D0A000000657865635F4D303242
:10DB7000206E6F7420696E207374616E64737469B3
:10DB80006C6C0D0A0000000010B500201049086000
:10DB9000486088600F49087001200F490870002014
:10DBA0000E49A1F8C803A1F8CA0381F8CC030C49B7
:10DBB000A1F8C803A1F8CA0381F8CC03002400E04F
:10DBC000641C062CFCDB07A0F6F74EFC10BD000021
:10DBD000F0B50124D4000024D8000024A08B012437
:10DBE00028B901244D303420636C65617220616C6A
:10DBF0006C206572720D0A0010B52DED028B8EB08F
:10DC000000249FED460BB0EE408B342101A8E2F0DA
:10DC1000FEF900BF43480078012877D1002042492F
:10DC2000086042480068012810D14148414909680C
:10DC3000014441A002680A6042684A600089088184
:10DC40003C4800680A303B49086058E03D4800788D
:10DC5000012814D10F223CA101A8F6F715FC3D497B
:10DC6000097801EB81023C4901EB820001A9E2F055
:10DC7000E0F938480078401C364908703FE00F2230
:10DC800031A101A8F6F700FC01A93348E2F0D1F96F
:10DC9000B2EE0E0A314880ED000A90ED000AB7EEB0
:10DCA000C00A2F4880ED640B2C4890ED000AF0EE7E
:10DCB000000A80EE201AB7EEC10A294880ED660BF3
:10DCC000264890ED000AB7EEC00A254880ED6A0BA1
:10DCD000224890ED000AF0EE000A80EE201AB7EE1E
:10DCE000C10A1F4880ED6C0B01201D4948800A20A5
:10DCF0000C49087000201B4908601B490870114836
:10DD000001781AA0F6F7B0FB03E0FFE71FA0F6F7D3
:10DD1000ABFB0EB0BDEC028B10BD0000000000009C
:10DD200000000000D80000240C020024E8010024B8
:10DD300018190224EC010024484F4D452046353087
:10DD40000D0A0000000100244D4A205030204625D5
:10DD500064000000D900002484780124D00000244D
:10DD6000786D0124F80000240301002465786563C0
:10DD70005F4D303520636D645F627566665F6D6F01
:10DD80006465203D2025640D0A0000006578656308
:10DD90005F4D3035206E6F7420696E207374616E34
:10DDA000647374696C6C0D0A0000000030B52DEDD1
:10DDB000028B9BB000249FED930BB0EE408B34217F
:10DDC0000EA8E2F024F9342101A8E2F020F98F48EE
:10DDD000047A90ED030AB8EEC00B9FED8D1B20EE88
:10DDE000010BB0EE408B8C48007801287ED10020DA
:10DDF0008A4908608A480068012861D1894800780A
:10DE0000401C884908700978C1EBC102864901EBC2
:10DE100002107021E2F0FBF8002182480078C0EB8C
:10DE2000C002814800EB021080F830104CB97D48E8
:10DE30000078C0EBC0017C4800EB011080ED008B46
:10DE400022E0012C09D177480078C0EBC001764868
:10DE500000EB011080ED028B16E0022C09D1714815
:10DE60000078C0EBC001704800EB011080ED048B1E
:10DE70000AE0032C08D16B480078C0EBC0016A4867
:10DE800000EB011080ED068B0F236648027867A136
:10DE900001A8F6F7F9FA01A8E2F0C4F805466749C7
:10DEA000674A126888182A4601A9E2F773FA64489B
:10DEB000006828446249086000206249086093E0D5
:10DEC00061480078012861D160480078401C5F49B2
:10DED00008700978C1EBC102534901EB02107021AF
:10DEE000E2F095F800215948007800E082E0C0EBAC
:10DEF000C0024D4800EB021080F830104CB9534876
:10DF00000078C0EBC001484800EB011080ED008BA9
:10DF100022E0012C09D14D480078C0EBC0014248F5
:10DF200000EB011080ED028B16E0022C09D147486E
:10DF30000078C0EBC0013C4800EB011080ED048B81
:10DF40000AE0032C08D141480078C0EBC0013648F4
:10DF500000EB011080ED068B0F233C4802783CA1BA
:10DF60000EA8F6F791FA3D49097801EB81023C4988
:10DF700001EB82000EA9E2F05CF838480078401C02
:10DF80003649087000202F4908602DE000213548EF
:10DF900080F8781D1CB9244880ED1C8B10E0012C02
:10DFA00003D1214880ED1E8B0AE0022C03D11E48CC
:10DFB00080ED208B04E0032C02D11B4880ED228BE6
:10DFC0000F2229A10EA8F6F75FFA0EA92448E2F065
:10DFD00030F80120234948800A200F4908700020AA
:10DFE00018490860234908701748017822A0F6F7FD
:10DFF0003BFA02E028A0F6F737FA1BB0BDEC028B23
:10E0000030BD0000000000000000000078900124F6
:10E010007B14AE47E17A843FD80000240C02002430
:10E02000E8010024DB000024507A01244D4A2050EE
:10E030002564204625640D0A0000000018190224FA
:10E04000EC010024F800002400010024DA00002480
:10E050004D4A20502564204625640000D900002444
:10E0600084780124786D01244D4A205031204625C2
:10E070006400000003010024657865635F4D30365D
:10E0800020636D645F627566665F6D6F6465203DD9
:10E090002025640D0A000000657865635F4D303609
:10E0A000206E6F7420696E207374616E647374697E
:10E0B0006C6C0D0A0000000030B52DED028B9BB09A
:10E0C00000249FEDFE0BB0EE408B34210EA8E1F052
:10E0D0009EFF342101A8E1F09AFF00BFF9480078C3
:10E0E00001287DD10020F8490860F848006801281F
:10E0F00077D1F7480078401CF54908700121F448B1
:10E100000078C0EBC002F34800EB021080F830103A
:10E1100000BF1AE0F04850F8240000EE100AB8EEF4
:10E12000C00AEE48D0ED000A20EE200AB7EEC00A81
:10E13000E7480078C0EBC001E64800EB011000EBB7
:10E14000C40080ED000B601CC4B2032CE2DB9FED29
:10E15000DB0BDF480078C0EBC001DE4800EB0110AC
:10E1600080ED060B9FEDDE0BD9480078C0EBC001B7
:10E17000D84800EB011080ED080B9FEDD00BD44880
:10E180000078C0EBC001D34800EB011080ED0A0B12
:10E19000CF480078401CCE4908700121CC48007857
:10E1A000C0EBC002CB4800EB021080F83010002416
:10E1B0001EE0C948E11C50F8210000EE100AB8EE3C
:10E1C000C00AC648D0ED000A20EE200AB7EEC00A09
:10E1D000BF480078C0EBC001BE4800EB011001E071
:10E1E000BEE148E000EBC40080ED000B601CC4B24F
:10E1F000032CDEDB9FEDB10BB5480078C0EBC0010E
:10E20000B44800EB011080ED060B9FEDB50BB04854
:10E210000078C0EBC001AF4800EB011080ED080BA7
:10E220009FEDA60BAA480078C0EBC001A94800EBFF
:10E23000011080ED0A0B0F200090A5480078431EC6
:10E24000A3480278A8A101A8F6F71EF901A8E1F0F9
:10E25000E9FE0546A949AA4A126888182A4601A972
:10E26000E2F798F8A64800682844A549086000200D
:10E27000A44908606EE1A448007801287ED1A34833
:10E280000078401CA14908700121A0480078C0EB2B
:10E29000C002904800EB021080F8301000241AE011
:10E2A0008D4850F8240000EE100AB8EEC00A8B48E2
:10E2B000D0ED000A20EE200AB7EEC00A934800789D
:10E2C000C0EBC001834800EB011000EBC40080EDFF
:10E2D000000B601CC4B2032CE2DB9FED780B8B4873
:10E2E0000078C0EBC0017B4800EB011080ED060B0D
:10E2F0009FED7B0B85480078C0EBC001754800EBB3
:10E30000011080ED080B9FED6D0B80480078C0EB8D
:10E31000C001704800EB011080ED0A0B7B480078CB
:10E32000401C7A490870012178480078C0EBC0028F
:10E33000684800EB021080F8301000241BE06648AB
:10E34000E11C50F8210000EE100AB8EEC00A634844
:10E35000D0ED000A20EE200AB7EEC00A6B48007824
:10E36000C0EBC0015B4800EB011000EBC40080ED86
:10E37000000B601CC4B2032CE1DB00E03BE09FED2E
:10E380004F0B62480078C0EBC001524800EB01100F
:10E3900080ED060B9FED520B5C480078C0EBC0018E
:10E3A0004C4800EB011080ED080B9FED440B5748E3
:10E3B0000078C0EBC001474800EB011080ED0A0B6C
:10E3C0000F20009051480078431E5048027850A119
:10E3D0000EA8F6F759F85249097801EB8102514924
:10E3E00001EB82000EA9E1F024FE4D480078401CAC
:10E3F0004B490870AEE001214B4880F8E81D00242D
:10E4000015E0354850F8240000EE100AB8EEC00AB6
:10E410003248D0ED000A20EE200AB7EEC00A2D489F
:10E42000E03000EBC40080ED000B601CC4B2032C94
:10E43000E7DB01213C4880F8581E002415E02648FF
:10E44000E11C50F8210000EE100AB8EEC00A234883
:10E45000D0ED000A20EE200AB7EEC00A334800EBE8
:10E46000C40080ED000B601CC4B2032CE7DB9FED01
:10E47000130B184880ED3E0B9FED190B80ED400B00
:10E480009FED0E0B80ED420B9FED0C0B80ED5A0BB8
:10E490009FED130B80ED5C0B9FED080B80ED5E0B89
:10E4A0000F2223A10EA8F5F7EFFF0EA91D48E1F0FA
:10E4B000C0FD022022490870012043E00000000056
:10E4C00000000000D80000240C020024E801002411
:10E4D000DB000024507A012480900124DC00002419
:10E4E00000000000008056404D432050256420511C
:10E4F0002564204625640D0A000000001819022436
:10E50000EC010024F800002400010024DA000024BB
:10E510004D43205025642051256420462564000089
:10E52000D900002484780124786D0124A07B012483
:10E530004D43205033205132204625640000000016
:10E54000030100240A4948800A200A490870002073
:10E55000094908600948017809A0F5F785FF02E03C
:10E560000FA0F5F781FF1BB0BDEC028B30BD0000A2
:10E57000786D0124D8000024F80000240001002454
:10E58000657865635F4D303720636D645F627566E3
:10E59000665F6D6F6465203D2025640D0A000000F4
:10E5A000657865635F4D3037206E6F7420696E202B
:10E5B0007374616E647374696C6C0D0A0000000002
:10E5C00010B50121584880F8781D9FED580B00F6D2
:10E5D000D84080ED1C0B9FED570B80ED1E0B9FED7F
:10E5E000570B80ED200B9FED550B80ED220B55A1B5
:10E5F000A0F5E670E1F01DFD01214B4880F8E81D13
:10E600009FED4A0B00F6D84080ED380B9FED510B83
:10E6100080ED3A0B9FED490B80ED3C0B9FED470BD6
:10E6200080ED3E0B4DA1A0F5DC70E1F002FD012173
:10E630003D4880F8581E9FED3F0B00F6D84080ED16
:10E64000540B9FED440B80ED560B9FED3C0B80ED82
:10E65000580B9FED3A0B80ED5A0B44A1A0F5D270F8
:10E66000E1F0E7FC0121304880F8C81E9FED310B36
:10E6700000F6D84080ED700B9FED2E0B80ED720BF5
:10E680009FED2E0B80ED740B9FED2C0B80ED760B28
:10E6900039A1A0F5C870E1F0CCFC0121224880F836
:10E6A000381F9FED2C0B00F6D84080ED8C0B9FEDB2
:10E6B000210B80ED8E0B9FED210B80ED900B9FEDDC
:10E6C0001F0B80ED920B30A1A0F5BE70E1F0B1FC04
:10E6D0000121154880F8A81F9FED2F0B00F6D840A8
:10E6E00080EDA80B9FED2E0B80EDAA0B9FED130B79
:10E6F00080EDAC0B9FED110B80EDAE0B2AA1A0F5C8
:10E70000B470E1F096FC2B48007840B9012006492E
:10E7100048800A202849087000202849086028A05D
:10E72000F5F7A2FE10BD0000786D01240000000086
:10E7300000C07240000000000000594000000000CE
:10E74000000000004D4A2050312046313030205228
:10E750003000000000000000000069404D4C2050D7
:10E760003220463130302052300000004D4C2050D5
:10E7700033205230000000004D4C205034204631F0
:10E7800030302052300000004D4C205035204631B2
:10E7900030302052300000000000000000406F4088
:10E7A0000000000000C062404D4C20503620463131
:10E7B0003030000000010024D8000024F8000024BC
:10E7C000657865635F4D30380D0A000010B5012192
:10E7D000404880F8781DB3EE040B00F6D84080ED79
:10E7E0001C0B9FED3D0B80ED1E0B9FED3B0B80ED59
:10E7F000200B9FED390B80ED220B39A1A0F5E670BF
:10E80000E1F017FC0121334880F8E81DBBEE040B52
:10E8100000F6D84080ED380B9FED2F0B80ED3A0BC2
:10E820009FED2D0B80ED3C0B9FED2B0B80ED3E0BF8
:10E83000284880F8581E9FED280B00F6D84080ED40
:10E84000540BBBEE040B80ED560B9FED230B80EDBC
:10E85000580B9FED210B80ED5A0B25A1A0F5DC7024
:10E86000E1F0E7FB01211B4880F8C81EB3EE040B62
:10E8700000F6D84080ED700BBBEE040B80ED720B00
:10E880009FED150B80ED740B9FED130B80ED760B58
:10E890001BA1A0F5D270E1F0CCFB1CA11E48E1F059
:10E8A000C8FB1EA11C481430E1F0C3FB1E480078D1
:10E8B00058B90120074948800A201C4908700220E5
:10E8C0001B49087000201B4908601BA0F5F7CCFD10
:10E8D00010BD0000786D0124000000000000000061
:10E8E0004D4C205031204631303020523130000024
:10E8F0004D4320503320513220523130000000006F
:10E900004D4C205034205231300000004D4C2050EE
:10E910003120523130000000C07801244D4C20508D
:10E92000302052313000000000010024D8000024C3
:10E9300003010024F8000024657865635F4D3039D9
:10E940000D0A000010B50A2005490870032005498A
:10E95000087000200449086004A0F5F785FD10BD8B
:10E96000D800002403010024F800002465786563C2
:10E970005F4D31300D0A000010B5012002490881B9
:10E9800002A0F5F771FD10BD786D0124657865630F
:10E990005F4D31320D0A000010B501200C490860AE
:10E9A00000200C4908704FF4FA710B48E1F02FFB7E
:10E9B0000724224609A10848E1F7ECFC0948006851
:10E9C00020440849086008A0F5F74EFD10BD00007E
:10E9D000E8010024DB000024181902244C4F4F509A
:10E9E0003A0D0A00EC010024657865635F4D31340F
:10E9F0000D0A000030B58DB0052434216846E1F0E1
:10EA000006FB10488068002801DD0E488468224615
:10EA10000DA16846F5F738FD6846E1F003FB0546B1
:10EA20000E490F4A126888182A466946E1F7B2FC77
:10EA300000200B4908600B4908600BA0F5F714FD96
:10EA40000DB030BD78900124474F544F204C4F4FAC
:10EA5000502025640D0A454E440D0A001819022461
:10EA6000EC010024E8010024657865635F4D3135D1
:10EA70000D0A000010B50A20074908700020074958
:10EA8000086007490748C0F8081B012005490880AD
:10EA900005A0F5F7E9FC10BDD8000024F80000241B
:10EAA00018190224786D0124657865635F4D31364D
:10EAB0002072756E2070726F670D0A0030B52DEDF3
:10EAC000028B9BB000249FED780BB0EE408B34217D
:10EAD0000EA8E1F09CFA342101A8E1F098FA00BFF9
:10EAE0007348007801287CD1002072490860724880
:10EAF0000068012848D171480078401C6F490870AF
:10EB000001216E480078C0EBC0026D4800EB021096
:10EB100080F8301000BF1AE06A4850F8240000EE78
:10EB2000100AB8EEC00A6848D0ED000A20EE200AAC
:10EB3000B7EEC00A61480078C0EBC001604800EB46
:10EB4000011000EBC40080ED000B601CC4B25F48F4
:10EB500000788442E0DB0F23584802785CA10EA8BD
:10EB6000F5F792FC0EA8E1F05DFA05465D495E4AB4
:10EB7000126888182A460EA9E1F70CFC5A4800686A
:10EB800028445949086081E058480078012848D154
:10EB900057480078401C56490870012154480078B5
:10EBA000C0EBC002464800EB021080F83010002491
:10EBB0001CE0444850F8240000EE100AB8EEC00AE9
:10EBC0004148D0ED000A20EE200AB7EEC00A4848BE
:10EBD0000078C0EBC0013A4800EB011000EBC40024
:10EBE00000E059E080ED000B601CC4B237480078AB
:10EBF0008442DEDB0F233E4802783EA101A8F5F7F0
:10EC000043FC3F49097801EB81023E4901EB820058
:10EC100001A9E1F00EFA3A480078401C3849087022
:10EC200034E00121384880F8781D002415E025489B
:10EC300050F8240000EE100AB8EEC00A2248D0EDC9
:10EC4000000A20EE200AB7EEC00A1D48703000EB23
:10EC5000C40080ED000B601CC4B21C4800788442E4
:10EC6000E5DB0F2229A101A8F5F70EFC01A9254833
:10EC7000E1F0DFF90020284908700120224948808E
:10EC80000A200B49087000202449086017480178C1
:10EC900023A0F5F7E9FB02E029A0F5F7E5FB1BB09F
:10ECA000BDEC028B30BD0000000000000000000041
:10ECB000D80000240C020024E8010024DB0000241A
:10ECC000507A012480900124DC000024D500002427
:10ECD0004D4A2050256420462564205232300D0ACA
:10ECE0000000000018190224EC0100240001002497
:10ECF000DA0000244D4A2050256420462564000097
:10ED0000D900002484780124786D01244D4A2050D4
:10ED1000312046256400000003010024F80000248F
:10ED2000657865635F4D313720636D645F6275663A
:10ED3000665F6D6F6465203D2025640D0A0000004C
:10ED4000657865635F4D3137206E6F7420696E2082
:10ED50007374616E647374696C6C0D0A000000005A
:10ED600070B500250024002663488568047B63484D
:10ED70000078401EA04203DA61A0F5F775FB70BD74
:10ED80005D480669B0EE080A624880ED000A90ED21
:10ED9000000AB7EEC00A604880ED640B5D4890ED54
:10EDA000000AF0EE000A80EE201AB7EEC10A5A48B7
:10EDB00080ED660B574890ED000AB7EEC00A564842
:10EDC00080ED6A0B534890ED000AF0EE000A80EEE9
:10EDD000201AB7EEC10A504880ED6C0B00206AE0A3
:10EDE0004C4991ED000AF0EE080A80EE201AB7EEC9
:10EDF000C10A4949103101EB801181ED060B4549EB
:10EE000091ED000AF0EE080A80EE201AB7EEC10A72
:10EE10004149103101EB801181ED040B3D49D1EDE9
:10EE2000000AB0EE081A80EE810AF2EE040A20EE23
:10EE3000200AB7EEC00A3849103101EB801181ED8C
:10EE40000A0B3449D1ED000AB0EE081A80EE810AAF
:10EE5000F2EE040A20EE200AB7EEC00A2E49103165
:10EE600001EB801181ED080B2A49D1ED000AB0EECB
:10EE7000081A80EE810ADFED290A20EE200AB7EE9B
:10EE8000C00A2549103101EB801181ED0E0B21499B
:10EE9000D1ED000AB0EE081A80EE810ADFED1F0AFC
:10EEA00020EE200AB7EEC00A1B49103101EB801199
:10EEB00081ED0C0B401C042892DB194800780128D6
:10EEC00015D1184880F8685D00F668504470867067
:10EED0000120114948810A20114908700020124977
:10EEE00008601248017812A0F5F7BEFA02E018A0F7
:10EEF000F5F7BAFA00BF42E778900124D500002464
:10EF00006572726F7220696E7075742061786973B2
:10EF10000D0A0000D0000024786D01240000C842D2
:10EF2000D8000024887D0124F8000024000100247A
:10EF3000657865635F4D313820636D645F62756627
:10EF4000665F6D6F6465203D2025640D0A0000003A
:10EF5000657865635F4D3138206E6F7420696E206F
:10EF60007374616E647374696C6C0D0A0000000048
:10EF700010B5002059494881012059490870632083
:10EF80005849A1F8D000002081F8D200A1F89001E2
:10EF9000554981F8CC03554981F8CC039FED540ABB
:10EFA000544880ED000A90ED000AB7EEC00A4B48C5
:10EFB00080ED640B4F4890ED000AF0EE000A80EE01
:10EFC000201AB7EEC10A454880ED660B494890ED1E
:10EFD000000AB7EEC00A414880ED6A0B454890ED43
:10EFE000000AF0EE000A80EE201AB7EEC10A3B4894
:10EFF00080ED6C0B00206AE03E4991ED000AF0EED6
:10F00000080A80EE201AB7EEC10A3449103101EB2C
:10F01000801181ED060B374991ED000AF0EE080AE8
:10F0200080EE201AB7EEC10A2C49103101EB801195
:10F0300081ED040B2F4991ED000AF0EE080A80EEF5
:10F04000201AB2EE040A21EE000AB7EEC00A2349E4
:10F05000103101EB801181ED0A0B264991ED000A78
:10F06000F0EE080A80EE201AB2EE040A21EE000A41
:10F07000B7EEC00A1949103101EB801181ED080B80
:10F080001C4991ED000AF0EE080A80EE201A9FED6F
:10F090001A0A21EE000AB7EEC00A1049103101EB3E
:10F0A000801181ED0E0B134991ED000AF0EE080A74
:10F0B00080EE201A9FED100A21EE000AB7EEC00A7A
:10F0C0000649103101EB801181ED0C0B401C042826
:10F0D00092DB0AA0F5F7C8F910BD0000786D012495
:10F0E000D800002470170224A08B012428B9012421
:10F0F00000007042D00000240000C84265786563BB
:10F100005F4D31390D0A000070B500BF0848047A20
:10F11000C068C0F10100C5B2182C07DA002C05DB6D
:10F1200003482146C26803A0F5F79EF970BD0000B0
:10F1300078900124657865635F503031206178698B
:10F14000732025642070696E5F76616C756520257B
:10F15000640D0A0000B599B0424890ED1C0B8DED8E
:10F16000160B90ED1A0B8DED140B90ED180B8DED29
:10F17000120B90ED160B8DED100B90ED140B8DED29
:10F180000E0B90ED120B8DED0C0B90ED100B8DED29
:10F190000A0B90ED0E0B8DED080B90ED0C0B8DED29
:10F1A000060B90ED0A0B8DED040B90ED080B8DED29
:10F1B000020B90ED060B8DED000B2B482B4A1278BD
:10F1C00050F822102A4803682A4802782A48F5F79E
:10F1D0004BF92A4890ED6C0B8DED040B90ED6A0B0A
:10F1E0008DED020B90ED660B8DED000B90ED641B29
:10F1F000B0EE410B53EC102B21A0F5F735F92E485A
:10F2000090ED0A0B8DED0A0B90ED080B8DED080BC0
:10F2100090ED060B8DED060B90ED040B8DED040BC0
:10F2200090ED020B8DED020B90ED000B8DED000BC0
:10F2300022488368426801682148F5F715F921489A
:10F240004069204909691F4AD268CDE9002102902E
:10F250001C488368426801681BA0F5F705F919B0DE
:10F2600000BD0000A08B0124E8020024D800002487
:10F27000F8000024F500002404270208786D01241A
:10F28000766D61785F6C696E3D252E33662C616307
:10F29000635F6C696E3D252E33662C766D61785FF9
:10F2A000616E673D252E33662C6163635F616E6717
:10F2B0003D252E33660D0A00C0B501249C90012423
:10F2C00080270208A8B50124686F6D655B302D3575
:10F2D0005D3D25642C25642C25642C25642C256437
:10F2E0002C25640D0A00000010B5044800780128A0
:10F2F00002D003A0F5F7B8F810BD0000F500002417
:10F300006E6F7420696E2073696D206D6F64650D7A
:10F310000A00000000B587B01748007801280ED118
:10F32000164890ED1A0B8DED000B90ED0E1BB0EE14
:10F33000410B53EC102B12A0F5F796F81AE00E488B
:10F340000078022816D1154890ED000B8DED040BC6
:10F35000134890ED000B8DED020B124890ED000B61
:10F360008DED000B104890ED000B53EC102B0FA00F
:10F37000F5F77AF807B000BDCC01002480750124B0
:10F3800053434152413A4C613D252E33666D6D2CFD
:10F390004C623D252E33666D6D0D0A002802002457
:10F3A00020020024180200241002002444454C547A
:10F3B000413A252E33666D6D2C252E33666D6D2CEE
:10F3C000252E33666D6D2C252E33666D6D0D0A006E
:10F3D00000B58BB01E4890ED560B8DED080B90EDEF
:10F3E000460B8DED060B90ED360B8DED040B90ED7D
:10F3F000260B8DED020B90ED160B8DED000B90EDB5
:10F40000061BB0EE410B53EC102B12A0F5F72CF8B5
:10F410000F4890ED540B8DED080B90ED440B8DEDE6
:10F42000060B90ED340B8DED040B90ED240B8DED60
:10F43000020B90ED140B8DED000B90ED041BB0EE64
:10F44000410B53EC102B0EA0F5F70EF80BB000BDDE
:10F45000786D01246A6F696E745F6D696E3D252E4B
:10F4600033662C252E33662C252E33662C252E3321
:10F47000662C252E33662C252E33660D0A000000DF
:10F480006A6F696E745F6D61783D252E33662C2539
:10F490002E33662C252E33662C252E33662C252EF6
:10F4A00033662C252E33660D0A00000000B58BB0A4
:10F4B000254890ED050AB7EEC00A8DED080B90EDDA
:10F4C000040AB7EEC00A8DED060B90ED030AB7EE05
:10F4D000C00A8DED040B90ED020AB7EEC00A8DED67
:10F4E000020B90ED010AB7EEC00A8DED000B90ED16
:10F4F000001AB7EEC11AB0EE410B53EC102B13A05B
:10F50000F4F7B2FF1B4840691A490969194AD268E1
:10F51000CDE900210290174883684268016816A06F
:10F52000F4F7A2FF1A4841690069194AD268CDE987
:10F5300000200291164883684268016815A0F4F71C
:10F5400093FF0BB000BD00009C0100246765617251
:10F550003D252E33662C252E33662C252E33662C26
:10F56000252E33662C252E33662C252E33660D0A68
:10F5700000000000F40100247370723D25642C2506
:10F58000642C25642C25642C25642C25640D0A002C
:10F59000B40100246D6F746F725F6469723D2564FD
:10F5A0002C25642C25642C25642C25642C25640DC5
:10F5B0000A00000000B597B01B4890ED100B8DEDD0
:10F5C000140B90ED0E0B8DED120B90ED0C0B8DEDE1
:10F5D000100B90ED0A0B8DED0E0B90ED080B8DEDE1
:10F5E0000C0B90ED060B8DED0A0B90ED1C0B8DEDC9
:10F5F000080B90ED1A0B8DED060B90ED180B8DEDB1
:10F60000040B90ED160B8DED020B90ED140B8DEDB0
:10F61000000B90ED121BB0EE410B53EC102B034886
:10F62000F4F722FF17B000BDA08B0124B426020816
:10F6300010B58AB000243DE0C4EBC401214800EBC2
:10F64000011090ED0A0B8DED080BC4EBC4011D48B1
:10F6500000EB011090ED080B8DED060BC4EBC4011F
:10F66000184800EB011090ED060B8DED040BC4EB78
:10F67000C401144800EB011090ED040B8DED020B5A
:10F68000C4EBC4010F4800EB011090ED020B8DEDAF
:10F69000000BC4EBC4010B4800EB011090ED001B04
:10F6A000B0EE410B53EC102B214607A0F4F7DCFE23
:10F6B000601CC4B20C480078401C8442BCDB0AB019
:10F6C00010BD0000507A0124506F696E745B256490
:10F6D0005D3D25662C25662C25662C25662C256629
:10F6E0002C25660D0A000000DB0000241FB50C4825
:10F6F00090ED020AB7EEC00A8DED020B90ED010A03
:10F70000B7EEC00A8DED000B90ED001AB7EEC11AEE
:10F71000B0EE410B53EC102B02A0F4F7A5FE1FBD79
:10F72000E49001246D6178206D6F746F72207370A6
:10F73000642872706D293A25662C25662C25660D85
:10F740000A00000010B5002408E0064850F8242004
:10F75000214605A0F4F788FE601CC4B21E2CF4DB21
:10F7600010BD0000B49201247469636B5B25645D75
:10F770003D25640D0A000000002001E0411CC8B2D4
:10F780001E28FBDB7047000010B5002418480078E5
:10F79000012829D1174850F8240000EE100AB8EECD
:10F7A000C00B9FED151B20EE010BB0EEC00B9FEDC3
:10F7B000141BB4EEC10BF1EE10FA11D80D4850F83D
:10F7C000240068B10B4850F8240000EE100AB8EE8F
:10F7D000C00B9FED091B20EE010B0B4880ED660B63
:10F7E0000AA0F4F741FE02E00BA0F4F73DFE10BDC5
:10F7F000D8000024809001247B14AE47E17A843F36
:10F800000000000000407F40786D0124657865634A
:10F810005F5330310D0A0000657865635F53303106
:10F82000206E6F7420696E207374616E64737469E6
:10F830006C6C0D0A0000000010B500241848007818
:10F84000012829D1174850F8240000EE100AB8EE1C
:10F85000C00B9FED151B20EE010BB0EEC00B9FED12
:10F86000141BB4EEC10BF1EE10FA11D80D4850F88C
:10F87000240068B10B4850F8240000EE100AB8EEDE
:10F88000C00B9FED091B20EE010B0B4880ED660BB2
:10F890000AA0F4F7E9FD02E00BA0F4F7E5FD10BDC6
:10F8A000D8000024809001247B14AE47E17A843F85
:10F8B0000000000000407F40786D0124657865639A
:10F8C0005F5330320D0A0000657865635F53303254
:10F8D000206E6F7420696E207374616E6473746936
:10F8E0006C6C0D0A0000000010B500241848007868
:10F8F000012829D1174850F8240000EE100AB8EE6C
:10F90000C00B9FED151B20EE010BB0EEC00B9FED61
:10F91000141BB4EEC10BF1EE10FA11D80D4850F8DB
:10F92000240068B10B4850F8240000EE100AB8EE2D
:10F93000C00B9FED091B20EE010B0B4880ED640B03
:10F940000AA0F4F791FD02E00BA0F4F78DFD10BDC5
:10F95000D8000024809001247B14AE47E17A843FD4
:10F960000000000000808640786D012465786563A2
:10F970005F5330330D0A0000657865635F533033A1
:10F98000206E6F7420696E207374616E6473746985
:10F990006C6C0D0A0000000010B5012015490870BC
:10F9A000154908701548006815490968C1F8020032
:10F9B0001248406812494968C1F802000F4880683F
:10F9C0000F498968C1F802000C48C0680C49C96831
:10F9D000C1F802000948006909490969C1F8020033
:10F9E0000648406906494969C1F8020005A0F4F7D4
:10F9F0003BFD10BDD7000024D80000249C900124BA
:10FA000010060024657865635F53303420656E749A
:10FA1000657220435350206D6F64650D0A0000002D
:10FA200010B507488068012803DD0548007A0549BC
:10FA300008700448017804A0F4F716FD10BD00001A
:10FA40007890012414010024657865635F53303594
:10FA500020636C65617220717565756520636E74D5
:10FA60003D25640D0A0000007047000010B501201C
:10FA7000064908700648007930380649087008467B
:10FA8000017805A0F4F7F0FC10BD0000F40000249C
:10FA9000B08F0124F5000024657865635F5330372B
:10FAA00020696E697420656361742073696D5F6D90
:10FAB0006F64653D25640D0A0000000010B5002448
:10FAC0000DE04FF40000094941F82400B2EE040AA9
:10FAD000074800EB840080ED000A601CC4B2062CCD
:10FAE000EFDB04A0F4F7C0FC10BD0000F40100241B
:10FAF0009C010024657865635F5330380D0A00006F
:10FB000010B50748007808B9012000E0002004493A
:10FB100008700846017803A0F4F7A6FC10BD0000A9
:10FB200000010024657865635F53303920636D649C
:10FB30005F627566665F6D6F6465203D2025640DAC
:10FB40000A00000010B5002014490870144800682D
:10FB500014490968C1F80200114840681149496810
:10FB6000C1F802000E4880680E498968C1F8020099
:10FB70000B48C0680B49C968C1F802000848006911
:10FB800008490969C1F80200054840690549496901
:10FB9000C1F8020004A0F4F767FC10BD01010024C5
:10FBA0009C90012410060024657865635F53313012
:10FBB0000D0A000010B502A0F4F756FC10BD0000BD
:10FBC000657865635F5331320D0A000010B5114846
:10FBD0000068D0F80200104908600E484068D0F86C
:10FBE000020048600B488068D0F80200886009482D
:10FBF000C068D0F80200C86006480069D0F802006A
:10FC0000086104484069D0F80200486103A0F4F795
:10FC10002BFC10BD28060024A8B501246578656377
:10FC20005F5331330D0A000010B52A4890ED000BE8
:10FC3000294880ED120B274890ED020B264880EDF5
:10FC4000140B244890ED040B234880ED160B21483B
:10FC500090ED060B204880ED180B1E4890ED080B28
:10FC60001D4880ED1A0B1B4890ED0A0B1A4880EDD9
:10FC70001C0B184890ED000B184880ED120B15482E
:10FC800090ED020B154880ED140B124890ED040B1B
:10FC9000124880ED160B0F4890ED060B0F4880EDD3
:10FCA000180B0C4890ED080B0C4880ED1A0B094816
:10FCB00090ED0A0B094880ED1C0B01210848E0F08B
:10FCC0009FFB01210648E0F09BFB06A0F4F7CCFB6C
:10FCD00010BD0000C0B50124A08B012428B9012467
:10FCE000786D0124657865635F5331340D0A000037
:10FCF00010B5012023490870234800793038234982
:10FD000008700846007828B901F0FCFB0320204960
:10FD100008702EE01D480078012803D104201C49FA
:10FD2000087026E019480078022819D101F0CCFCAF
:10FD30000320174908709FED170B184880ED000B42
:10FD40009FED170B184880ED000B9FED180B19481D
:10FD500080ED000B9FED180B194880ED000B08E0BB
:10FD60000A480078032804D101F0AEFA06200849B9
:10FD700008701448054A127850F8221012A0F4F7BF
:10FD800073FB10BDF6000024B08F0124CC010024C9
:10FD9000D50000240000000000C0524010020024E2
:10FDA0000000000000C062401802002400000000B3
:10FDB00000F07C40200200240000000000004E40C3
:10FDC00028020024D0010024657865635F53313533
:10FDD00020726F626F5F74797065203D2025730D0E
:10FDE0000A00000010B59FED2C0B2D4880ED000B94
:10FDF0009FED2C0B2D4880ED000B9FED2D0B2E4819
:10FE000080ED000B9FED2D0B2E4880ED000B2E4852
:10FE1000806800280BDD2C4890ED020AB8EEC00B7C
:10FE20009FED2A1B20EE010B1D4880ED000B26489C
:10FE3000C06800280BDD244890ED030AB8EEC00B23
:10FE40009FED221B20EE010B184880ED000B1E4891
:10FE5000006900280BDD1C4890ED040AB8EEC00BC9
:10FE60009FED1A1B20EE010B134880ED000B164886
:10FE7000406900280BDD144890ED050AB8EEC00B70
:10FE80009FED121B20EE010B0E4880ED000B11A020
:10FE9000F4F7EAFA10BD00000000000000C0524074
:10FEA000100200240000000000C06240180200247C
:10FEB0000000000000F07C40200200240000000050
:10FEC00000004E4028020024789001247B14AE47A5
:10FED000E17A843F657865635F5331360D0A00002F
:10FEE00010B500240BE0094850F8240028B1074859
:10FEF00050F82400064941F82400601CC4B2062CC6
:10FF0000F1DB04A0F4F7B0FA10BD000080900124EA
:10FF1000F4010024657865635F5331370D0A0000F2
:10FF200010B500240BE0094850F8240028B1074818
:10FF300050F82400064941F82400601CC4B2062C85
:10FF4000F1DB04A0F4F790FA10BD000080900124CA
:10FF5000B4010024657865635F5331380D0A0000F1
:10FF600010B5002418E00F4850F82400002811DDD7
:10FF70000C4850F8240000EE100AB8EEC00B9FEDBC
:10FF80000A1B20EE010BB7EEC00B094800EB840002
:10FF900080ED000A601CC4B2062CE4DB05A0F4F777
:10FFA00063FA10BD809001247B14AE47E17A843F50
:10FFB0009C010024657865635F5331390D0A0000A8
:10FFC00010B54FF4A0710348E0F021F802A0F4F757
:10FFD0004BFA10BD74910124657865635F5332312B
:10FFE00020636C6561722074696D65207469636B50
:10FFF0000D0A000000B58DB034216846E0F007F826
:020000040802F0
:10000000084809A182686846F4F73EFA694608483C
:10001000E0F00FF801200749488007A0F4F724FA20
:100020000DB000BD7890012457414954202564004B
:1000300084780124786D0124657865635F573031D9
:100040000D0A000010B574480078402870D2DFE82F
:1000500000F0DC85888B8E9194979A9DA0A3A6A929
:10006000ACAFB2B5B8BBBEC145484B4E5154575A60
:100070005D606366696C707376797C7F82C4C7CA81
:10008000CD202326292C2F323538393C3F42D0D37E
:10009000D6D902F1FDFABCE0FFF75CF8B9E0FFF752
:1000A00023F9B6E0FFF736F9B3E0FFF791F9B0E0D6
:1000B000FFF7FCF9ADE0FFF77DFAAAE0FFF7B8FA29
:1000C000A7E0A6E0FFF712FBA3E0FFF73BFBA0E0F1
:1000D00002F1F8FA9DE0FFF74FFB9AE0FFF754FBBF
:1000E00097E0FFF7A9FB94E0FFF7FEFB91E0FFF735
:1000F00053FC8EE0FFF794FC8BE0FFF7B5FC88E043
:10010000FFF7B4FC85E0FFF7D9FC82E0FFF7F8FCCD
:100110007FE0FFF717FD7CE002F1EEFA79E0FFF7F0
:1001200049FD76E0FFF752FD73E0FFF77DFD70E0DB
:100130006BE0FFF7DDFD6CE0FFF754FE69E0FFF7D1
:10014000CFFE66E0FFF7ECFE63E0FFF709FF60E03B
:1001500002F1E2FA5DE0FFF733FF5AE0FDF73AFA09
:1001600057E0FDF76FFA54E0FDF7BEFB51E002F1F6
:1001700053FA4EE0FDF708FD4BE0FDF73DFD48E08A
:10018000FDF714FE45E0FDF797FF42E0FEF718FA91
:100190003FE0FEF71BFB3CE0FEF7D4FB39E002F149
:1001A00055FA36E0FEF7E8FB33E002F15FFA30E0A3
:1001B000FEF7F2FB2DE0FEF71DFC2AE0FEF75AFCED
:1001C00027E0FEF77BFC24E0FEF7CAFD21E0FEF706
:1001D000CFFE1EE0FFF70EFF1BE0FEF795FF18E0D5
:1001E000FDF710FA15E0FDF72BFA12E002F112FA12
:1001F0000FE002F1E5F90CE0FDF7B6F909E0FDF7D3
:10020000D3F906E002F1F0F903E004A0F4F72CF9C9
:1002100000BF00BF10BD0000789001244E6F207613
:10022000616C696420434D440D0A000010B5084814
:1002300000781C2802D0242806D102E0FFF716FC23
:1002400003E0FFF755FD00E000BF00BF10BD000058
:1002500078900124704782B0CDE9000121F0004080
:1002600001909DED000B02B051EC100B70470000A7
:10027000FEB5074600200090019002900024002562
:100280000026142220213648DFF055FF04461422B0
:100290002021601CDFF04FFF0546A54224D9281B12
:1002A000421E611C6846DFF057FF9DF800002D28B4
:1002B0000DD1281B801EC1B20DF1010000F07AFEA5
:1002C00028498860084680684042886007E0281B0B
:1002D000401EC1B2684600F06DFE224988600A22C5
:1002E00000216846DFF044FF012636E02C46142248
:1002F0002021601CDFF01FFF0546281B421E611CE9
:100300006846DFF029FF9DF800002D2813D1281B37
:10031000801EC1B20DF1010000F04CFE1149083100
:1003200041F82600084650F8260041420D480830A2
:1003300040F826100AE0281B401EC1B2684600F0B3
:1003400039FE01460748083040F826100A220021ED
:100350006846DFF00DFF701CC6B2BE42C6DBFEBDB4
:10036000B08F01247890012410B5002821D0114BC2
:100370000022001F196803E0814203D80A46496839
:100380000029F9D152B11368841A9C4204D1006843
:1003900018441060104602E0506000E0186039B167
:1003A00002680B1A934203D10B681A440260496831
:1003B000416010BDE8030024F9480078532803D0B9
:1003C000F748007873280BD1F5484078302807D1DA
:1003D000F3488078312803D11620F24908700AE2E8
:1003E000EF480078532803D0ED48007873280BD1EC
:1003F000EB484078302807D1E9488078322803D18B
:100400001720E8490870EAE7E5480078532803D048
:10041000E348007873280BD1E1484078302807D1B1
:10042000DF488078332803D11820DE490870D6E7EA
:10043000DB480078532803D0D948007873280BD1C3
:10044000D7484078302807D1D5488078342803D160
:100450001920D4490870C2E7D1480078532803D046
:10046000CF48007873280BD1CD484078302807D189
:10047000CB488078352803D11A20CA490870AEE7E6
:10048000C7480078532803D0C548007873280BD19B
:10049000C3484078302807D1C1488078362803D136
:1004A0001B20C04908709AE7BD480078532803D044
:1004B000BB48007873280BD1B9484078302807D161
:1004C000B7488078372803D11C20B649087086E7E2
:1004D000B3480078532803D0B148007873280BD173
:1004E000AF484078302807D1AD488078382803D10C
:1004F0001D20AC49087072E7A9480078532803D042
:10050000A748007873280BD1A5484078302807D138
:10051000A3488078392803D11E20A24908705EE7DD
:100520009F480078532803D09D48007873280BD14A
:100530009B484078312807D199488078302803D1EA
:100540001F20984908704AE795480078532803D03F
:100550009348007873280BD191484078312807D10F
:100560008F488078312803D120208E49087036E7E3
:100570008B480078532803D08948007873280BD122
:1005800087484078312807D185488078322803D1C0
:1005900021208449087022E781480078532803D03D
:1005A0007F48007873280BD17D484078312807D1E7
:1005B0007B488078332803D122207A490870F2E3FF
:1005C00077480078532803D07548007873280BD1FA
:1005D00073484078312807D171488078342803D196
:1005E000232070490870DEE36D480078532803D05B
:1005F0006B48007873280BD169484078312807D1BF
:1006000067488078352803D1242066490870CAE3FA
:1006100063480078532803D06148007873280BD1D1
:100620005F484078312807D15D488078362803D16B
:1006300025205C490870B6E359480078532803D058
:100640005748007873280BD155484078312807D196
:1006500053488078372803D1262052490870A2E3F6
:100660004F480078532803D04D48007873280BD1A9
:100670004B484078312807D149488078382803D141
:100680002720484908708EE345480078532803D056
:100690004348007873280BD141484078312807D16E
:1006A0003F488078392803D128203E4908707AE3F2
:1006B0003B480078532803D03948007873280BD181
:1006C00037484078322807D135488078302803D120
:1006D00029203449087066E331480078532803D054
:1006E0002F48007873280BD12D484078322807D145
:1006F0002B488078312803D12A202A49087052E3F8
:10070000274800784D2803D0254800786D280BD164
:1007100023484078302807D121488078312803D1F8
:100720000220204908703EE31D4800784D2803D080
:100730001B4800786D280BD119484078302807D124
:1007400017488078322803D10320164908702AE31D
:10075000134800784D2803D0114800786D280BD13C
:100760000F484078302807D10D488078332803D1CE
:1007700004200C49087016E3094800784D2803D07E
:10078000074800786D280FD10548407830280BD1F4
:1007900003488078342807D105200249087002E315
:1007A000B08F012478900124F94800784D2803D0B7
:1007B000F74800786D280BD1F5484078302807D1EC
:1007C000F3488078352803D10620F2490870EAE220
:1007D000EF4800784D2803D0ED4800786D280BD104
:1007E000EB484078302807D1E9488078362803D193
:1007F0000720E8490870D6E2E54800784D2803D084
:10080000E34800786D280BD1E1484078302807D1C3
:10081000DF488078372803D10820DE490870C2E21B
:10082000DB4800784D2803D0D94800786D280BD1DB
:10083000D7484078302807D1D5488078382803D168
:100840000920D4490870AEE2D14800784D2803D081
:10085000CF4800786D280BD1CD484078302807D19B
:10086000CB488078392803D10A20CA4908709AE217
:10087000C74800784D2803D0C54800786D280BD1B3
:10088000C3484078312807D1C1488078302803D147
:100890000B20C049087086E2BD4800784D2803D07F
:1008A000BB4800786D280BD1B9484078312807D172
:1008B000B7488078312803D10C20B649087072E21D
:1008C000B34800784D2803D0B14800786D280BD18B
:1008D000AF484078312807D1AD488078322803D11D
:1008E0000D20AC4908705EE2A94800784D2803D07D
:1008F000A74800786D280BD1A5484078312807D14A
:10090000A3488078332803D10E20A24908704AE218
:100910009F4800784D2803D09D4800786D280BD162
:100920009B484078312807D199488078342803D1F2
:100930000F209849087036E2954800784D2803D07A
:10094000934800786D280BD191484078312807D121
:100950008F488078352803D110208E49087022E214
:100960008B4800784D2803D0894800786D280BD13A
:1009700087484078312807D185488078362803D1C8
:100980001120844908700EE2814800784D2803D078
:100990007F4800786D280BD17D484078312807D1F9
:1009A0007B488078372803D112207A490870FAE111
:1009B000774800784D2803D0754800786D280BD112
:1009C00073484078312807D171488078382803D19E
:1009D000132070490870E6E16D4800784D2803D077
:1009E0006B4800786D280BD169484078312807D1D1
:1009F00067488078392803D1142066490870D2E10D
:100A000063480078572803D06148007877280BD1D5
:100A10005F484078302807D15D488078312803D17D
:100A200015205C490870BEE159480078502803D071
:100A30005748007870280BD155484078302807D1A6
:100A400053488078312803D12B2052490870AAE1FD
:100A50004F480078492803D04D48007869280BD1C9
:100A60004B484078302807D149488078312803D155
:100A70002C204849087096E145480078492803D061
:100A80004348007869280BD141484078302807D185
:100A90003F488078322803D12D203E49087082E1FA
:100AA0003B480078492803D03948007869280BD1A1
:100AB00037484078302807D135488078332803D12B
:100AC0002E20344908706EE131480078512803D057
:100AD0002F48007871280BD12D484078302807D155
:100AE0002B488078312803D12F202A4908705AE1F9
:100AF00027480078512803D02548007871280BD169
:100B000023484078302807D121488078322803D103
:100B100030202049087046E11D480078512803D054
:100B20001B48007871280BD119484078302807D12C
:100B300017488078332803D131201649087032E1F4
:100B400013480078512803D01148007871280BD140
:100B50000F484078302807D10D488078342803D1D9
:100B600032200C4908701EE109480078512803D052
:100B70000748007871280FD10548407830280BD1FC
:100B800003488078352807D13320024908700AE1EC
:100B9000B08F01247890012483480078512803D035
:100BA0008148007871280BD17F484078302807D1E0
:100BB0007D488078362803D134207C490870F2E0E3
:100BC00079480078512803D07748007871280BD1F4
:100BD00075484078302807D173488078372803D18A
:100BE000352072490870DEE06F480078512803D044
:100BF0006D48007871280BD16B484078302807D1B8
:100C000069488078382803D1362068490870CAE0DE
:100C100065480078512803D06348007871280BD1CB
:100C200061484078302807D15F488078392803D15F
:100C300037205E490870B6E05B480078512803D041
:100C40005948007871280BD157484078312807D18E
:100C500055488078302803D1382054490870A2E0E4
:100C600051480078512803D04F48007871280BD1A3
:100C70004D484078312807D14B488078312803D13E
:100C800039204A4908708EE047480078512803D03F
:100C90004548007871280BD143484078312807D166
:100CA00041488078322803D13A20404908707AE0E0
:100CB0003D480078512803D03B48007871280BD17B
:100CC00039484078312807D137488078332803D114
:100CD0003B203649087066E033480078452803D049
:100CE0003148007865280BD12F484078302807D14B
:100CF0002D488078312803D13C202C49087052E0DF
:100D000029480078452803D02748007865280BD16A
:100D100025484078302807D123488078322803D1ED
:100D20003D20224908703EE01F480078452803D046
:100D30001D48007865280BD11B484078302807D122
:100D400019488078332803D13E20184908702AE0DA
:100D500015480078452803D01348007865280BD142
:100D600011484078302807D10F488078342803D1C3
:100D70003F200E49087016E00B480078482803D041
:100D80000948007868280BD107484078302807D1F7
:100D900005488078312803D101200449087002E019
:100DA0000020024908707047B08F01247890012418
:100DB00070B58CB005460C46002630216846DFF041
:100DC00026F9009501942644084846600146C1F87A
:100DD00008D0EEF731FE052204490548E6F7BCFAD3
:100DE0000120044908600CB070BD000074050024A7
:100DF000A805002428000024E1F702FE41F2883013
:100E0000E5F7C0FC1048DFF0C7FA1048DFF0C4FA7D
:100E1000DFF0B8F9F5F712FC01210D48DFF0F0FA28
:100E20000C480078012805D0E9F724FDEAF756FFC1
:100E3000F5F7A2FD06E008480068012802D100206D
:100E400005490860F7E7000074040024B404002496
:100E5000786D0124F500002400000024F0B50B306B
:100E6000154D20F007010024144A0FE003688B425F
:100E70000BD38B4205D95E1A43184768C3E9006754
:100E800000E04368136002C004E0021D10680028FF
:100E9000ECD12046002802D1286808B10020F0BD1E
:100EA000064A07481060074A121A22F00702C0E9F2
:100EB000002401202860D7E7EC030024E803002485
:100EC000141B02241023022430B589B0044601A863
:100ED00001F172FCDDE90101CDE9070107980590F8
:100EE000089806902068039060680490039905981C
:100EF000884207D104990698884201D2012008E06F
:100F0000002006E003990598884201D2012000E004
:100F10000020054615B9012009B030BD0020FBE7CF
:100F200030B58BB004460D4601A801F145FCDDE962
:100F30000101CDE90901099807900A980890124823
:100F4000B5FBF0F005901048B5FBF0F100FB115037
:100F5000069000BF059907980844039006990898E1
:100F60000844049008490498884205D30398401C1B
:100F700003900498401A049000BF039820600498DE
:100F800060600BB030BD000040420F001CB504464D
:100F900021466846FFF7C4FF00BF6846FFF794FF8D
:100FA0000028FAD001201CBD01460A06120C42EAB4
:100FB0001120704730B503460C460021002207E09F
:100FC000985C303801EB810500EB4501501CC2B242
:100FD000A242F5DB00EE101AB8EE400B9FED051BA8
:100FE000B4EEC10BF1EE10FA01D8084630BD002076
:100FF000FCE700000000000065CDCD4110B53C4885
:10100000008800F40040002870D039480088C0F300
:101010000D04202037490855621C3748DFF7BAF91C
:10102000FFF7CAF9354800782F2832D033480078C6
:1010300030282ED03148007831282AD02F48007827
:10104000322826D02D480078332822D02B4800782B
:1010500034281ED0294800781B281AD02748007849
:101060001C2816D0254800781D2812D02348007867
:1010700024280ED0214800782C280AD01F48007858
:10108000202803D01D480078212802D10420FFF732
:10109000EFF81A4800782F281BD01848007830281D
:1010A00017D016480078332813D014480078342815
:1010B0000FD0124800781C280BD010480078202848
:1010C00007D00E480078212803D00C480078242847
:1010D00001D1FFF7ABF8002005490880C821054879
:1010E000DEF095FF24210548DEF091FF10BD0000E1
:1010F0006400002440160024B08F0124789001245D
:1011000070B500256748008800F4004000287DD0B5
:1011100064480478601E6449085C202801D02020BF
:101120000855C82260496148DFF016F8FFF744F916
:101130005F48007810B9FFF78DF8A9E05C480078A7
:101140002F287DD05A4800783028FAD058480078A7
:101150003128F6D0564800783228F2D0544800782A
:101160003328EED0524800783428EAD0504800782E
:101170003528E6D04E4800783628E2D04C48007832
:101180003728DED04A48007838287FD04848007891
:1011900039287BD0464800783A2877D044480078F0
:1011A0003B2873D04248007819286FD04048007817
:1011B0001F286BD03E480078202867D03C48007834
:1011C000042863D03A48007805285FD03848007872
:1011D00006285BD0364800780C2857D03448007871
:1011E0000D2853D0324800780E284FD03048007870
:1011F0000F284BD02E480078112847D02C48007873
:10120000142843D02A4800781D2800E048E03DD04B
:10121000274800781E2839D025480078222835D064
:1012200023480078232831D02148007824282DD065
:101230001F480078292829D01D4800782A2800E076
:1012400024E023D01A4800783C281FD018480078A2
:101250003D281BD0164800783E2817D01448007847
:101260003F2813D0204601F163FA0546062D0ADC1B
:1012700010A0F3F7F9F800200A490880C8210A48AD
:10128000DEF0C5FE70BD0620FEF7F2FFFEF7DAFEC7
:10129000002004490880C82200210348DEF068FFCE
:1012A00000BFEFE76400002440160024B08F012443
:1012B00078900124706172616D73206E756D626546
:1012C0007220657272000000F2EE040AB0EE600A4D
:1012D00006216F4880F808189FED6E1B00F6080085
:1012E00080ED061B9FED6D1B80ED0E1B9FED6D1BB2
:1012F00080ED121B9FED6D1B80ED1E1B9FED6D1B86
:1013000080ED261B9FED631B80ED2A1B9FED6B1B61
:1013100080ED321B9FED6B1B80ED3E1B002040E0FB
:10132000B7EEC01A5A49103101EB801181ED061B4E
:10133000B7EEC01A5649103101EB801181ED041B44
:10134000DFED620A60EE200AB7EEE01A5049103174
:1013500001EB801181ED0A1BDFED5C0A60EE200AD3
:10136000B7EEE01A4A49103101EB801181ED081BFC
:10137000DFED570A60EE200AB7EEE01A444910315B
:1013800001EB801181ED0E1BDFED510A60EE200AAA
:10139000B7EEE01A3E49103101EB801181ED0C1BD4
:1013A000401C0628BCDBB7EEC01A394880ED641B30
:1013B000B7EEC01A80ED661BB7EEC01A80ED6A1B4F
:1013C000B7EEC01A80ED6C1B9FED421B80ED061B33
:1013D0009FED421B80ED041B9FED3E1B80ED161B15
:1013E0009FED3E1B80ED141B9FED3A1B80ED261BED
:1013F0009FED3A1B80ED241B9FED361B80ED361BC5
:101400009FED361B80ED341B9FED321B80ED461B9C
:101410009FED321B80ED441B9FED2E1B80ED561B74
:101420009FED2E1B80ED541B9FED2E1B00F50160E0
:1014300080EDBC1B9FED2D1B00F5A05080ED7C1BAB
:101440009FED2A1B80ED7E1B9FED2A1B80ED801BEC
:10145000002016E04FF4B472284901EB00114A60F5
:1014600042F21072254901EB00110A600122234962
:1014700001EB00110A720022204901EB0011CA6041
:10148000401C0628E6DB01211D48A0F80A1E704713
:10149000786D01240000000000000000E17A14AE25
:1014A00047715C40B81E85EB51A86E4000000000FB
:1014B0000060734000000000000069400000000070
:1014C00000E0574000000000008058400000C84283
:1014D00000007A4400000000008076C00000000098
:1014E0000080764000000000000059407B14AE47A9
:1014F000E17A843F0000000000805640C07401245F
:10150000887D01240021574880F808189FED560B6C
:1015100000F6080080ED0E0B9FED550B80ED120BD1
:101520009FED510B80ED1A0B9FED510B80ED1E0BC3
:10153000002030E09FED500B4A49103101EB801143
:1015400081ED060B9FED4C0B4649103101EB8011EC
:1015500081ED040B9FED4A0B4249103101EB8011E4
:1015600081ED0A0B9FED460B3E49103101EB8011D6
:1015700081ED080B9FED440B3A49103101EB8011CE
:1015800081ED0E0B9FED400B3649103101EB8011C0
:1015900081ED0C0B401C0428CCDBB3EE040B31486E
:1015A00080ED640BB2EE040B80ED660BB3EE040B22
:1015B00080ED6A0BB2EE040B80ED6C0B9FED340BEB
:1015C00080ED060B9FED340B80ED040B9FED300B8F
:1015D00080ED160B9FED300B80ED140B9FED2C0B67
:1015E00080ED260B9FED2C0B80ED240B9FED280B3F
:1015F00080ED360B9FED280B80ED340B9FED280B13
:1016000000F5016080EDBC0B9FED270B00F5A050AD
:1016100080ED7C0B9FED260B80ED7E0B9FED260B66
:1016200080ED800B002016E04FF4B472244901EBEA
:1016300000114A604CF25032214901EB00110A605E
:1016400001221F4901EB00110A7200221C4901EB23
:101650000011CA60401C0428E6DB01211948A0F8EB
:101660000A1E7047786D01240000000000006940E8
:10167000000000000000000000000000006AE840D8
:101680000000000080841E4100000000D012534181
:101690000000000000F915C10000000000F915412C
:1016A00000000000000059407B14AE47E17A843FFF
:1016B0009A9999999999A93F000000000080564095
:1016C000C0740124887D01240321594880F808183A
:1016D0009FED580B00F6080080ED0E0B9FED570BA9
:1016E00080ED120B9FED570B80ED1A0B9FED530B06
:1016F00080ED1E0B9FED510B80ED2A0B002030E09A
:101700009FED520B4A49103101EB801181ED060B20
:101710009FED4E0B4649103101EB801181ED040B1A
:101720009FED4C0B4249103101EB801181ED0A0B0A
:101730009FED480B3E49103101EB801181ED080B04
:101740009FED460B3A49103101EB801181ED0E0BF4
:101750009FED420B3649103101EB801181ED0C0BEE
:10176000401C0428CCDB9FED390B314880ED640B25
:101770009FED360B80ED660B9FED340B80ED6A0B11
:101780009FED320B80ED6C0B9FED360B80ED060B61
:101790009FED360B80ED040B9FED320B80ED160BA9
:1017A0009FED320B80ED140B9FED2E0B80ED260B81
:1017B0009FED2E0B80ED240B9FED2A0B80ED360B59
:1017C0009FED2A0B80ED340B9FED200B00F501609F
:1017D00080EDBC0B9FED270B00F5A05080ED7C0B3E
:1017E0009FED260B80ED7E0B9FED260B80ED800B91
:1017F000002016E04FF4B472244901EB00114A6056
:1018000042F21072214901EB00110A6001221F49C6
:1018100001EB00110A7200221C4901EB0011CA60A1
:10182000401C0428E6DB01211948A0F80A1E704775
:10183000786D01240000000000A069400000000055
:1018400000000000000000000000694000000000EF
:10185000000059400000000000408F4000000000E0
:101860000088C3400000000000407FC0000000006E
:1018700000407F407B14AE47E17A943F7B14AE4733
:10188000E17A843F0000000000805640C0740124CB
:10189000887D012400B541EC100B2DED028B83B047
:1018A000B1EEC08B18EE100A18EE901A8DED008B79
:1018B000002818BF0120084320F00040C0F17F60DD
:1018C00000F1E040C00F14D010EE101A10EE900A94
:1018D0008DED000B002918BF0121084320F00040C6
:1018E000C0F17F6000F1E040C00F04BF012000F1B3
:1018F0004FFD51EC180B03B0BDEC028B00BD000096
:101900002DE9F0472DED028B05469FED3A0BB0EE29
:10191000408B00240126A046A1462846DEF082FB2B
:1019200028B99FED340BBDEC028BBDE8F08728464B
:10193000DEF078FB074651E0285D202805D1B8F19C
:10194000000F02D1012E00D147E0285D2D2806D1DD
:10195000B8F1000F03D1012E01D1B61E3DE0285D84
:101960002E2806D1B9F1000F03D14FF00109274607
:1019700033E0285D302802DB285D392800DD30E0C7
:101980004FF00108BC4210DAB2EE040B28EE000B57
:10199000B0EE408B285D303800EE100AB8EEC00B78
:1019A00030EE080BB0EE408B16E0381B00EE100A4C
:1019B000B8EEC00BB0EE401BB2EE040BF3F70CFA1E
:1019C000285D303801EE100AB8EEC12BB0EE481B8E
:1019D00002EE001BB0EE418B00BF641C285D0028A6
:1019E000AAD100BF00EE106AB8EEC00B28EE000BC3
:1019F00099E70000000000000000000010B5044658
:101A000009480A4908600846446000218160C160B5
:101A1000016181610C214161E7F7D4FB0122044996
:101A20000248E7F757FC10BD0010014008170024DA
:101A300066000024010002000400060008000A00FD
:101A40000C00100020004000800000010100020096
:101A50000400060008000A000C00100020004000EE
:101A600080000001010002000400060008000A00D6
:101A70000C00100020004000800000010100020066
:101A80000400060008000A000C00100020004000BE
:101A900080000001000000000102030401020304B1
:101AA00006070809010002000400060008000A00F9
:101AB0000C00100020004000800000010100020026
:101AC0000400060008000A000C001000200040007E
:101AD0008000000101010101010104040404040467
:101AE000010002000400060008000A000C001000BB
:101AF00020004000800000010100020004000600F8
:101B000008000A000C0010002000400080000001C6
:101B100000000000000000000000000000000000C5
:101B200000000000000000000000000000000000B5
:101B300000000000000000000000000000000000A5
:101B40000000000000000000000000000000000095
:101B500000000000000000006F72655A52920200FF
:101B600042616E742D5A65726F0000000000000023
:101B70000000000000000000000000000000000065
:101B8000000000000000000000075000500000119D
:101B900064000100001400002000010001010000A9
:101BA000214300000081000042616E742D353536FE
:101BB0000000000000000000000000000000000025
:101BC0000000000000000000000000000000000015
:101BD00000076800380000126400010000140000D3
:101BE00020000100010100000000100012010C00A3
:101BF00042616E742D53563633304E0000000000A3
:101C000000000000000000000000000000000000D4
:101C10000000000000000000000768003800001805
:101C200064000100001C0000200001000101000010
:101C300002000000522C4C04454B31313030000082
:101C40000000000000000000000000000000000094
:101C50000000000000000000000000000000000084
:101C60000001000000000000000000000000000073
:101C70000000000000000000020000005230EA03F3
:101C8000454C313030320000000000000000000000
:101C90000000000000000000000000000000000044
:101CA0000000000000000000000202000000000030
:101CB0000000000000000000000000000000000024
:101CC000020000005230EC03454C3130303400004B
:101CD0000000000000000000000000000000000004
:101CE00000000000000000000000000000000000F4
:101CF00000020400000000000000000000000000DE
:101D00000000000000000000020000005230F40358
:101D1000454C31303132000000000000000000006E
:101D200000000000000000000000000000000000B3
:101D3000000000000000000000020200000000009F
:101D40000000000000000000000000000000000093
:101D5000020000005230F603454C313031340000AF
:101D60000000000000000000000000000000000073
:101D70000000000000000000000000000000000063
:101D8000000204000000000000000000000000004D
:101D90000000000000000000020000005230FA03C2
:101DA000454C3130313800000000000000000000D8
:101DB0000000000000000000000000000000000023
:101DC0000000000000000000000208000000000009
:101DD0000000000000000000000000000000000003
:101DE000020000005230D207454C32303032000041
:101DF00000000000000000000000000000000000E3
:101E000000000000000000000000000000000000D2
:101E100000030000020000000000000000000000BD
:101E20000000000000000000020000005230D40753
:101E3000454C32303034000000000000000000004B
:101E40000000000000000000000000000000000092
:101E5000000000000000000000030000040000007B
:101E60000000000000000000000000000000000072
:101E7000020000005230D807454C323030380000A4
:101E80000000000000000000000000000000000052
:101E90000000000000000000000000000000000042
:101EA0000003000008000000000000000000000027
:101EB0000000000000000000020000005230F007A7
:101EC000454C3230333200000000000000000000BA
:101ED0000000000000000000000000000000000002
:101EE00000000000000000000006020002000000E8
:101EF00000000000000000000000000000000000E2
:101F00000200000052301E0C454C333130320000CC
:101F100000000000000000000000000000000000C1
:101F200000000000000000000000000000000000B1
:101F30000004300000000010240000000011000028
:101F40002000010000010000020000005230280CB7
:101F5000454C333131320000000000000000000029
:101F60000000000000000000000000000000000071
:101F7000000000000000000000043000000000101D
:101F800024000000001100002000010000010000FA
:101F9000020000005230320C454C33313232000026
:101FA0000000000000000000000000000000000031
:101FB0000000000000000000000000000000000021
:101FC0000004300000000010240000000011000098
:101FD0002000010000010000020000005230460C09
:101FE000454C333134320000000000000000000096
:101FF00000000000000000000000000000000000E1
:10200000000000000000000000043000000000108C
:102010002400000000110000200001000001000069
:10202000020000005230500C454C33313532000074
:1020300000000000000000000000000000000000A0
:102040000000000000000000000000000000000090
:102050000004300000000010240000000011000007
:1020600020000100000100000200000052305A0C64
:10207000454C333136320000000000000000000003
:102080000000000000000000000000000000000050
:1020900000000000000000000004300000000010FC
:1020A00024000000001100002000010000010000D9
:1020B000020000005230C00F454C34303332000073
:1020C0000000000000000000000000000000000010
:1020D0000000000000000000000000000000000000
:1020E0000005000020000011240001008011000004
:1020F0002200000001000000020000005230061023
:10210000454C343130320000000000000000000077
:1021100000000000000000000000000000000000BF
:10212000000000000000000000050000200000107A
:102130002400010000110000220000000100000046
:102140000200000052301010454C34313132000092
:10215000000000000000000000000000000000007F
:10216000000000000000000000000000000000006F
:1021700000050000200000102400010000110000F4
:1021800022000000010000000200000052301A107E
:10219000454C3431323200000000000000000000E5
:1021A000000000000000000000000000000000002F
:1021B00000000000000000000005000020000010EA
:1021C00024000100001100002200000001000000B6
:1021D0000200000052302410454C343133320000EC
:1021E00000000000000000000000000000000000EF
:1021F00000000000000000000000000000000000DF
:102200000005000020000010240001000011000063
:102210002200000001000000020000005230ED1317
:10222000454C353130310000000000000000000056
:10223000000000000000000000000000000000009E
:102240000000000000000000000728001800001037
:102250002400010000110000200001000101000025
:10226000FFFFFFFF00000000000000000000000072
:10227000000000000000000000000000000000005E
:10228000000000000000000000000000000000004E
:10229000000000000000000000000000000000003E
:1022A0000000000000000000000000000000F03FFF
:1022B000000000000000000000000000000000001E
:1022C0000000000000000000555555555555C53F0C
:1022D0007D6FEB0312D6D4BF5544880E55C1C93F5C
:1022E0003B8F68B52882A4BF88B20175E0EF493FF3
:1022F00009F7FD0DE13D023F4B2D8A1C273A03C033
:10230000C88A599CE52A004059018D1B6C06E6BF1E
:1023100082922EB1C5B8B33F4FBB610567ACDD3FBC
:10232000182D4454FB21E93F9BF681D20B73EF3FFC
:10233000182D4454FB21F93FE2652F227F2B7A3C74
:10234000075C143326A6813CBDCBF07A8807703C2D
:10235000075C143326A6913CC4EB98999999C9BFA0
:10236000711623FEC671BCBF6D9A74AFF2B0B3BFD5
:102370009AFDDE522DDEADBF2F6C6A2C44B4A2BF95
:102380000D5555555555D53FFF8300922449C23F01
:102390006E204CC5CD45B73F513DD0A0660DB13F35
:1023A000EB0D76244B7BA93F11DA22E33AAD903F47
:1023B000000000000000E03F000000000000E0BF5F
:1023C0000000E0FE422EE63F0000E0FE422EE6BFA7
:1023D000763C7935EF39EA3D763C7935EF39EABD1F
:1023E0003E5555555555C53F93BDBE166CC166BF8C
:1023F0002CDE25AF6A56113FF16BD2C541BDBBBE85
:10240000D0A4BE726937663E000000000000F03FB5
:10241000000000000000F83F000000000000000085
:102420000000004003B8E23F000000000000000090
:1024300006D0CF43EBFD4C3E033333333333E33F1E
:10244000FFAB6FDBB66DDB3F4D268F515555D53F4A
:1024500001411DA96074D13F65DBC9934A86CD3F18
:10246000EF4E454A287ECA3F3E5555555555C53F06
:1024700093BDBE166CC166BF2CDE25AF6A56113FF8
:10248000F16BD2C541BDBBBED0A4BE726937663EFA
:10249000000000000000000000004054FB21F93F54
:1024A0003163621A61B4D03D0000601A61B4D03D5E
:1024B0007370032E8A19A33B0000002E8A19A33BD8
:1024C000C14920259A837B390000000000000000EC
:1024D0006E83F9A22915444ED15727FCC0DD34F58F
:1024E000999562DB4190433CAB6351FE61C5BBDE15
:1024F0003A6E24B7E0D24D42EA2E49061C92D10929
:102500001CEB1DFE3EA729B1F53582E88444BB2EA5
:1025100026709CE9417E5FB439D69139F4395383F2
:102520008B5F849C3B28F9BDFF97F81F0F9805DE51
:102530008B112FEF1F6D0A5ACF7E366DB709CB274F
:10254000663F464F2DEA5F9EC7BA27757BF1E5EBE4
:10255000F739073DEA92528AB15FFB6B085D8D1F28
:1025600000404040404040404040414141414140A6
:10257000404040404040404040404040404040405B
:1025800040050202020202020202020202020202EA
:1025900002202020202020202020200202020202EF
:1025A0000202909090909090101010101010101047
:1025B0001010101010101010101010100202020253
:1025C0000202888888888888080808080808080897
:1025D0000808080808080808080808080202020293
:1025E00040000000536C61766520256420686173AB
:1025F000206E6F2070726F706572206D61696C6201
:102600006F78206F757420636F6E6669677572618D
:1026100074696F6E2C207472792064656661756CC4
:10262000742E0D0A000000004572726F723A207419
:102630006F6F206D616E7920736C61766573206FAA
:102640006E206E6574776F726B3A206E756D5F7376
:102650006C617665733D25642C2045435F4D415880
:10266000534C4156453D25640D0A0000706C656170
:1026700073652073656C65637420746865206D6F85
:10268000646520533037203120666F722073696D86
:10269000756C6174696F6E2C533037203020666F13
:1026A000722072756E2077697468206D6F746F7216
:1026B0000D0A00005130373A6A6F696E74733D2518
:1026C0002E336620252E336620252E336620252EB8
:1026D000336620252E336620252E336620706174E4
:1026E000683D252E336620252E336620252E336641
:1026F00020252E336620252E336620252E33660DA9
:102700000A000000726F626F745F737461746520F9
:102710003D2025730D0A73696D5F6D6F6465203D03
:102720002025640D0A7469636B203D2025640D0A21
:1027300070617468203D20252E33662C252E33666B
:102740002C252E33662C252E33662C252E33662C15
:10275000252E33660D0A6A6F696E74203D20252E82
:1027600033662C252E33662C252E33662C252E33EE
:10277000662C252E33662C252E33660D0A000000AC
:102780006163745B305D3D25642C6163745B315D16
:102790003D25642C6163745B325D3D25640D0A61E7
:1027A00063745F617869733D252E33662C252E3363
:1027B000662C252E33662C252E33662C252E33666B
:1027C0002C252E33660D0A00524F5F49444C4500BC
:1027D000524F5F4D4F564500524F5F4A4F470000E2
:1027E000524F5F504F535F4D554C5F52454C000068
:1027F000524F5F5354414E445F5354494C4C000078
:10280000524F5F4155544F5F53494E00524F5F4501
:1028100052524F5200000000524F5F504F535F53CF
:10282000494E474C455F414253000000524F5F50B4
:102830004F535F4D554C5F4142530000524F5F5024
:102840004F535F494E540000524F5F504F535F53F8
:10285000494E474C455F434152540000524F5F5030
:102860004F535F494E545F43415254008C28020835
:1028700000000024F4030000E0001008742902089E
:10288000F40300241C3F0200C05D01080110321057
:1028900042013C90D00304015F13743D1424981747
:1028A00023246833240413781C33240213C81E1411
:1028B00024C82E422413C8301424E4361B24742464
:1028C000411A78081358371B2462041364391B24F7
:1028D00066445A6C1C192E1242620605260AD7233A
:1028E0003C1B4842386A41080289018B803F042919
:1028F000A03A200429A029041AFF01690C69B41E1A
:102900006428120854041A5C041A68041A6C04013E
:102910001229137A0838A94001D81EC8270208F0E6
:10292000041AE0041E2C280208D8081119081A48B5
:10293000041A18041A5C041A3C041AD0181A0C0859
:102940008128144D4A20503120463130300D0A4C38
:102950004F4F503A0D0A135A3213280C484F4D4529
:102960000D0A474F544F201E00089F20350D0A4581
:042970004E440000D1
:020000040810E2
:10000000D2B201E000F8012B491EFBD2704700225A
:10001000F6E710B513460A4604461946FFF7F0FF07
:10002000204610BD421C10F8011B0029FBD1801A8C
:100030007047034611F8012B00F8012B002AF9D173
:100040001846704710B54843044620F707FF0028BC
:1000500005D00021002C02D0641E0155FAE710BD26
:1000600070B5064614F73CFA046805460A220021DA
:10007000304600F7CDF92C6070BD30B50B46014617
:1000800000202022012409E021FA02F59D4205D337
:1000900003FA02F5491B04FA02F52844151EA2F1E1
:1000A0000102F1DC30BD0000004870475028120802
:1000B000C1F30A52C1F3130140F2FF3341F480113E
:1000C0009A4202DA00200146704740F233439A42D6
:1000D000A2F2334202DC524200F7E1B900F7D0B994
:1000E00070B58C1810F8015B15F0070301D110F8FA
:1000F000013B2A1106D110F8012B03E010F8016B27
:1001000001F8016B5B1EF9D12B0705D40023521EA9
:100110000DD401F8013BFAE710F8013BCB1A921C11
:1001200003E013F8015B01F8015B521EF9D5A1420F
:10013000D8D3002070BD30B503460C4619464AB1ED
:1001400000BF11F8015BA54201D1481E30BD501E11
:10015000021EF6D10020F9E710B50346002000BFCB
:1001600003E00C5C1C54441CE0B29042F9D310BD77
:1001700010B50346002000BF01E01954401C904216
:10018000FBD310BD00B521F79FF800BD00BFFEE70F
:1001900070B504460D462B4622460021044806F75A
:1001A000E2FF10B14FF0FF3070BD0020FCE700000F
:1001B000A805002410B54FF4006000F00FF810BD42
:1001C0004FF08040406A7047704770470021014AF5
:1001D00011607047280000247047000010B50446E5
:1001E00004480068204020B102480460204607F718
:1001F00063F910BD8800005801480068704700008E
:100200000C000024034800680349097808440149A8
:10021000086070470C0000241400002400BF00BFD9
:1002200000BFBFF35F8F00BF00BF00BF054800687D
:1002300020F48030034908600020024970310860D2
:100240007047000024ED00E000BF00F00702064BFD
:1002500019684FF6FF031940044B0B4343EA022190
:10026000014B196000BF70470CED00E00000FA057B
:1002700010B507F7E5FE0949096801F470614FF40C
:10028000807292FAA2F2B2FA82F2D140044A515C30
:10029000C840044908600846006810BD1844025868
:1002A000941A02081800002410B507F797FE0749B2
:1002B000096801F07001102292FAA2F2B2FA82F2F9
:1002C000D140034A515CC84010BD00002044025890
:1002D000941A0208704700000348006840F40020A8
:1002E00001490860704700000044025810B507F744
:1002F00075FE0749096801F07001102292FAA2F216
:10030000B2FA82F2D140034A515CC84010BD0000ED
:100310001C440258941A020810B50748006800F4FB
:100320008060B0F5806F06D1FFF7D4FF4FF4806096
:100330000149091D086010BD6444025810B508F752
:100340001DFB10BD704710B504460CB9012010BD4F
:1003500094F83D0028B9002084F83C00204608F7B6
:1003600065FB022084F83D00211D206810F718FD70
:10037000012084F83D000020E9E70146022081F8D1
:100380003D000868008840F001000A6810800120E4
:1003900081F83D000020704701460868C06840F0C1
:1003A00001000A68D0600868008840F001000A680F
:1003B00010800020704770477047014600220023DC
:1003C00091F8792091F87A3042EA0300704770473B
:1003D00008B5002000906946FFF7DAFE009840F467
:1003E00080500090009881B2002005F7EDF908BD1B
:1003F00000BFFEE710B5FFF78FFF10BD704700008C
:1004000013B52DED028BADF57E7D0020F6903021E9
:10041000EAA8FFF7FCFD3021DEA8FFF7F8FD302148
:10042000D2A8FFF7F4FD3021C6A8FFF7F0FD9FED3D
:10043000F80B8DEDC40B0021C391F7480068401CF8
:10044000F5490860DDF80404012811DD42F2F811D5
:10045000DDF8040448430146B990DDF80004FFF7D5
:10046000D6FD40F2F2300DF57E7DBDEC028B1CBD59
:100470000020BD9021F007BF42F2F811BD9848431B
:10048000C0EB801101EB8021DDF8000400EBC1011D
:10049000FCAABD9842F82010FCA9BD9851F8200094
:1004A00041F62861084400F216306590BD9800EBD3
:1004B0004001C1EB8010D94901EB001000F2163069
:1004C000282264906599FFF665FFFCA9BD9851F854
:1004D000200041F62861084400F23E306590BD9846
:1004E00000EB4001C1EB8010CC4901EB001000F2A1
:1004F0003E30282264906599FFF64CFFFCA9BD9818
:1005000051F8200041F62861084400F266306590F9
:10051000BD9800EB4001C1EB8010C04901EB001019
:1005200000F26630282264906599FFF633FFFCA93B
:10053000BD9851F8200041F62861084490F8B7139F
:10054000BD9800EB4002C2EB8010B44A02EB0010F1
:1005500080F8B713FCA9BD9851F8200041F6286136
:10056000084490F8CC0390B9FCA9BD9851F820003C
:1005700041F628610844B0F81213BD9800EB400220
:10058000C2EB8010A54A02EB0010A0F81213BD9830
:1005900000EB4001C1EB8010A04901EB0011659117
:1005A000FCA9BD9851F8200041F6286101444FF4A0
:1005B0007472649165996498FFF6ECFEFCA9BD988D
:1005C00051F82000103000F5E05090ED7C0B8DEDDF
:1005D000B80B9DEDB80BB5EEC00BF1EE10FA1ED8BE
:1005E000BD9851F8200041F62861084490F8CC03EA
:1005F000FF2814D040F2ED31FCAABD9852F820003B
:1006000041F628621044A0F8C8130021FCAABD9846
:1006100052F8200041F628621044A0F8CA13FCA941
:10062000BD9851F82000103041F288510144659185
:1006300030216598FFF7EBFCFCA9BD9851F820002C
:10064000103041F678110144659130216598FFF72B
:10065000DEFCFCA9BD9851F8200000F6D8407021BE
:100660006590FFF7D4FCFCA9BD9851F8200090EDEF
:10067000640BB5EEC00BF1EE10FA06D29FED640BE1
:10068000BD9851F8200080ED640BFCA9BD9851F88D
:10069000200090ED660BB5EEC00BF1EE10FA06D21D
:1006A0009FED5B0BBD9851F8200080ED660BFCA917
:1006B000BD9851F8200090ED680BB5EEC00BF1EE3F
:1006C00010FA06D29FED520BBD9851F8200080ED34
:1006D000680BFCA9BD9851F8200090ED6A0BB5EEAF
:1006E000C00BF1EE10FA06D29FED490BBD9851F800
:1006F000200080ED6A0BFCA9BD9851F8200090ED18
:100700006C0BB5EEC00BF1EE10FA06D29FED400B6C
:10071000BD9851F8200080ED6C0BFCA9BD9851F8F4
:10072000200090ED6E0BB5EEC00BF1EE10FA06D284
:100730009FED370BBD9851F8200080ED6E0BFCA9A2
:10074000BD9851F8200090ED680BB5EEC00BF1EEAE
:1007500010FA0DD1BD9851F8200090ED660BB2EE65
:10076000041B20EE010BBD9851F8200080ED680BB2
:10077000FCA9BD9851F8200090ED6E0BB5EEC00BB2
:10078000F1EE10FA0DD1BD9851F8200090ED6C1BE0
:10079000B2EE040B21EE000BBD9851F8200080ED65
:1007A0006E0BFCA9BD9851F8200090ED680BBD9828
:1007B00051F8200090ED661BB4EEC10BF1EE10FA7B
:1007C00009D2BD9851F8200090ED660BBD9851F804
:1007D000200080ED680BFCA9BD9851F8200090ED39
:1007E0006E0BBD9851F8200090ED6C1BB4EEC10B60
:1007F000F1EE10FA09D2BD9851F8200090ED6C0B83
:10080000BD9851F8200080ED6E0B0020BB904FE1A9
:1008100000000000000000000C02002428B90124A0
:10082000FCAABD9852F820001030BB9900EB811053
:1008300090ED060BB5EEC00BF1EE10FA0AD21FEDEB
:100840000C0BBD9852F820001030BB9900EB8110C2
:1008500080ED060BFCAABD9852F820001030BB9921
:1008600000EB811090ED040BB5EEC00BF1EE10FA29
:100870000AD21FED190BBD9852F820001030BB9919
:1008800000EB811080ED040BFCAABD9852F820000B
:100890001030BB9900EB811090ED080BB5EEC00B4A
:1008A000F1EE10FA0AD21FED260BBD9852F8200087
:1008B0001030BB9900EB811080ED080BFCAABD98AD
:1008C00052F820001030BB9900EB811090ED0A0B1C
:1008D000B5EEC00BF1EE10FA0AD21FED330BBD9846
:1008E00052F820001030BB9900EB811080ED0A0B0C
:1008F000FCAABD9852F820001030BB9900EB811083
:1009000090ED0C0BB5EEC00BF1EE10FA0BD21FED13
:10091000400BFCA9BD9851F820001030BB9900EBAA
:10092000811080ED0C0BFCAABD9852F8200010300D
:10093000BB9900EB811090ED0E0BB5EEC00BF1EE04
:1009400010FA0AD21FED4E0BBD9852F8200010305D
:10095000BB9900EB811080ED0E0BFCAABD9852F8FC
:1009600020001030BB9900EB811090ED0C0BB5EE20
:10097000C00BF1EE10FA17D1FCA9BD9851F8201068
:100980001031BB9801EB801090ED080BB2EE041B08
:1009900020EE010BFCA9BD9851F820001030BB9946
:1009A00000EB811080ED0C0BFCAABD9852F82000E2
:1009B0001030BB9900EB811090ED0E0BB5EEC00B23
:1009C000F1EE10FA17D1FCA9BD9851F820101031A2
:1009D000BB9801EB801090ED0A0BB2EE041B20EEE9
:1009E000010BFCA9BD9851F820001030BB9900EB19
:1009F000811080ED0E0BFCA9BD9851F8201010312C
:100A0000BB9801EB801090ED0C0BFCA9BD9851F840
:100A100020001030BB9900EB811090ED081BB4EE64
:100A2000C10BF1EE10FA13D2FCA9BD9851F82010B9
:100A30001031BB9801EB801090ED080BFCA9BD981C
:100A400051F820001030BB9900EB811080ED0C0BA9
:100A5000FCA9BD9851F820101031BB9801EB801013
:100A600090ED0E0BFCA9BD9851F820001030BB99F9
:100A700000EB811090ED0A1BB4EEC10BF1EE10FA01
:100A800013D2FCA9BD9851F820101031BB9801EB8E
:100A9000801090ED0A0BFCA9BD9851F82000103091
:100AA000BB9900EB811080ED0E0BBB98401CBB90F6
:100AB000FCA9BD9851F8200041F62861084401794D
:100AC000BB9881423FF7ACAE0020BB9061E1FCAA2D
:100AD000BD9852F8200000F5E070BB9900EB811042
:100AE00090ED060BB5EEC00BF1EE10FA0CD21FED37
:100AF000B80BFCA9BD9851F8200000F5E070BB9937
:100B000000EB811080ED060BFCAABD9852F8200086
:100B100000F5E070BB9900EB811090ED040BB5EE91
:100B2000C00BF1EE10FA0BD21FEDC70BBD9852F8B7
:100B3000200000F5E070BB9900EB811080ED040B04
:100B4000FCAABD9852F8200000F5E070BB9900EBBC
:100B5000811090ED080BB5EEC00BF1EE10FA0BD240
:100B60001FEDD50BBD9852F8200000F5E070BB9941
:100B700000EB811080ED080BFCAABD9852F8200014
:100B800000F5E070BB9900EB811090ED0A0BB5EE1B
:100B9000C00BF1EE10FA0BD21FEDE30BBD9852F82B
:100BA000200000F5E070BB9900EB811080ED0A0B8E
:100BB000FCAABD9852F8200000F5E070BB9900EB4C
:100BC000811090ED0C0BB5EEC00BF1EE10FA0BD2CC
:100BD0001FEDF10BBD9852F8200000F5E070BB99B5
:100BE00000EB811080ED0C0BFCAABD9852F82000A0
:100BF00000F5E070BB9900EB811090ED0E0BB5EEA7
:100C0000C00BF1EE10FA0BD29FEDF80BBD9852F825
:100C1000200000F5E070BB9900EB811080ED0E0B19
:100C2000FCAABD9852F8200000F5E070BB9900EBDB
:100C3000811090ED0C0BB5EEC00BF1EE10FA19D14E
:100C4000FCA9BD9851F8200000F5E071BB9801EBBC
:100C5000801090ED080BB2EE041B20EE010BFCA9F6
:100C6000BD9851F8200000F5E070BB9900EB8110B1
:100C700080ED0C0BFCAABD9852F8200000F5E07046
:100C8000BB9900EB811090ED0E0BB5EEC00BF1EEB1
:100C900010FA19D1FCA9BD9851F8200000F5E071B7
:100CA000BB9801EB801090ED0A0BB2EE041B20EE16
:100CB000010BFCA9BD9851F8200000F5E070BB992C
:100CC00000EB811080ED0E0BFCA9BD9851F82000BF
:100CD00000F5E071BB9801EB801090ED0C0BFCA9C6
:100CE000BD9851F8200000F5E070BB9900EB811031
:100CF00090ED081BB4EEC10BF1EE10FA15D2FCA971
:100D0000BD9851F8200000F5E071BB9801EB801010
:100D100090ED080BFCA9BD9851F8200000F5E0709B
:100D2000BB9900EB811080ED0C0BFCA9BD9851F82C
:100D3000200000F5E071BB9801EB801090ED0E0BE8
:100D4000FCA9BD9851F8200000F5E070BB9900EBBC
:100D5000811090ED0A1BB4EEC10BF1EE10FA15D222
:100D6000FCA9BD9851F8200000F5E071BB9801EB9B
:100D7000801090ED0A0BFCA9BD9851F8200000F5F9
:100D8000E070BB9900EB811080ED0E0BBB98401C0E
:100D9000BB90BB980028FFF69AAE9FED960B8DEDA9
:100DA000A80B9FED960B8DEDAA0BFCA9BD9851F8F1
:100DB000200090ED640B8DEDAC0BBD9851F8200038
:100DC00090ED640B8DEDAE0BBD9851F8200090EDC9
:100DD000660B8DEDB00BBD9851F8200090ED660BC1
:100DE0008DEDB20BBD9851F8200090ED680B8DEDA4
:100DF000B40BBD9851F8200090ED680B8DEDB60B4B
:100E00009FED7C0B8DED980B9FED7C0B8DED9A0B80
:100E1000BD9851F8200090ED6A0B8DED9C0BBD98AC
:100E200051F8200090ED6A0B8DED9E0BBD9851F8A6
:100E3000200090ED6C0B8DEDA00BBD9851F82000BB
:100E400090ED6C0B8DEDA20BBD9851F8200090ED4C
:100E50006E0B8DEDA40BBD9851F8200090ED6E0B3C
:100E60008DEDA60BBD9851F8200090F8080848B900
:100E70000321FCAABD9852F8200041F628621044D4
:100E800001716EE0FCA9BD9851F8200090F80808A7
:100E900001280DD0BD9851F8200090F808080328CB
:100EA00006D0BD9851F8200090F80808042809D110
:100EB0000421FCAABD9852F8200041F62862104493
:100EC00001714EE0FCA9BD9851F8200090F8080887
:100ED000052809D10621FCAABD9852F8200041F648
:100EE0002862104401713CE0FCA9BD9851F8200033
:100EF00090F808080A282BD1BD9851F8200090F8E6
:100F00006019FCAABD9852F8200041F628621044EE
:100F10000171FCA9BD9851F82000114608440079E0
:100F200000281EDC40F20241FCAABD9852F82000C5
:100F300041F628621044A0F8C8130021FCAABD980D
:100F400052F8200041F628621044A0F8CA1308E0C5
:100F50000621FCAABD9852F8200041F628621044F0
:100F60000171FCA9BD9851F8200000F5016090EDD9
:100F7000BC0B9FED241BB4EEC10BF1EE10FA08DDA3
:100F80009FED200BBD9851F8200000F5016080ED29
:100F9000BC0BFCA9BD9851F8200000F5016090ED54
:100FA000BC0BB7EE001BB4EEC10BF1EE10FA08D289
:100FB0009FED0E0BBD9851F8200000F5016080ED0B
:100FC000BC0BFCA9BD9851F8201041F628600844DC
:100FD000C088E8B10121BD9800EB8002C2EB00207F
:100FE0000A4A02EB401001721CE000000000000001
:100FF00000000000EA8CA039593E2946EA8CA0394D
:10100000593E29C60000000000006940789501247F
:101010000021BD9800EB8002C2EB0020FE4A02EBEB
:10102000401001723521BD984843FC4901EBC000D6
:1010300090ED220BB5EEC00BF1EE10FA5CD035212D
:10104000BD984843F54901EBC00090ED1E0BB5EE8D
:10105000C00BF1EE10FA4FD03521BD984843EF494F
:1010600001EBC00090ED260BB5EEC00BF1EE10FACF
:1010700042D03521BD984843E84901EBC00090EDCE
:101080001E1B3521BD984843E44901EBC00090ED9B
:10109000222B81EE020B3521BD984843DF4901EB3D
:1010A000C00090ED221B3521BD984843DB4901EB80
:1010B000C00090ED262B81EE023B30EE031BB6EE16
:1010C000000B21EE002B9DEDB80B82EE001B8DED89
:1010D000641B9DED640B14F7FBFABCEEC00B10EE25
:1010E000100A81B2BD9800EB8002C2EB0020CA4A10
:1010F00002EB4010418109E00121BD9800EB800224
:10110000C2EB0020C44A02EB40104181FCA9BD980B
:1011100051F8200041F628610844008998B1C0497F
:10112000BD9801EBC00090ED000BB5EEC00BF1EEE9
:1011300010FA08D01FED530BBA49BD9801EBC0005F
:1011400080ED000B0DE0FCA9BD9851F8200000F5E2
:10115000016090EDBC0BB349BD9801EBC00080ED80
:10116000000BB049BD9801EBC00090ED000BBD989D
:1011700000EB8001C1EB0020A74901EB401080ED9E
:10118000000BBD9800EB8001C1EB0020A24901EBF0
:1011900040110846659105F7C7F9BD9800EB80013D
:1011A000C1EB00219C4800EB411090ED041B9FED2A
:1011B0009E0B81EE002B3521BD984843974901EBEA
:1011C000C00080ED2C2B9DEDB80B3521BD98484318
:1011D000924901EBC00080ED2A0B9549BD9801EBC7
:1011E000C00090ED000B3521BD9848438B4901EBC1
:1011F000C00080ED680B0020BB90A5E0FCA9BD9865
:1012000051F8200041F628610844C088D0B1FCA9FB
:10121000BD9851F8200000F5E961BB9801EB001181
:10122000BD9800EB4000834A02EB4012BB9802EBF2
:101230000014D4E901032268E468C1E90234C1E979
:10124000002018E0BD9800EB40007A4901EB401106
:10125000BB9801EB0012FCA9BD9851F8200000F5E5
:10126000E960BB9900EB0114D4E901312068E4681E
:10127000C2E9021409C2FCAABD9852F8200000F588
:10128000E960BB9900EB0110006878B3FCA9BD9838
:1012900051F8200000F5E960BB9900EB01104068AF
:1012A00020B3BD9852F8200000F5E960BB9900EB2F
:1012B0000110007AD0B1FCA9BD9851F8200000F5CA
:1012C000E960BB9900EB011090F9080001280DDCE2
:1012D000FCA9BD9851F8200000F5E960BB9900EB2E
:1012E000011090F90800B0F1FF3F2ADAFCA9BD987F
:1012F00051F8200041F62861084490F8CC03FF28FB
:101300001FD0FCA9BD9851F8200090F808080528C6
:1013100002D1BB98052814D040F2F731FCAABD9841
:1013200052F8200041F628621044A0F8C8130021AA
:10133000FCAABD9852F8200041F628621044A0F89B
:10134000CA13BB98401CBB90FCA9BD9851F8200063
:1013500041F6286108440179BB9881423FF74EAFBE
:101360000020BB9083E0FCA9BD9851F8200041F615
:1013700028610844C088A0B1FCA9BD9851F820009C
:1013800000F5F561BB9801EB0011BD9800EB400042
:10139000294A02EB4012BB9802EB00141DCC1DC180
:1013A00013E0BD9800EB4000234901EB4011BB98CE
:1013B00001EB0012FCA9BD9851F8200000F5F56082
:1013C000BB9900EB01141BCC1BC200BF00BFFCAAE1
:1013D000BD9852F8200000F5F560BB9900EB0110B4
:1013E00090F9080001280CDCBD9852F8200000F5A7
:1013F000F560BB9900EB011090F90800B0F1FF3FD8
:1014000032DAFCA9BD9851F8200041F62861084461
:1014100090F8CC03FF2811E078950124701702247E
:1014200070010024900100240000000000005940D9
:1014300050010024D8B4012438B5012414D040F25E
:10144000F731FCAABD9852F8200041F628621044FA
:10145000A0F8C8130021FCAABD9852F8200041F65C
:1014600028621044A0F8CA13BB98401CBB90BB98DC
:101470000028FFF678AFFCA9BD9851F8200041F68E
:1014800028610844C088B8B1FE49BD9801EBC0008E
:1014900090ED000BFCA9BD9851F82000103000F52C
:1014A000E05080ED7E0B9FEDF80BF949BD9801EB04
:1014B000C00080ED000B0EE0FCA9BD9851F82000A3
:1014C000103000F5E05090ED7E0BEE49BD9801EB39
:1014D000C00080ED000BFCA9BD9851F82000103031
:1014E00000F5E05090ED7E0BB5EEC00BF1EE10FA7A
:1014F00009D29FEDE50BBD9851F82000103000F5A2
:10150000E05080ED7E0BFCA9BD9851F82000103012
:1015100000F5E05090ED7E0BB6EE001BB4EEC10B73
:10152000F1EE10FA09DDB6EE000BBD9851F820007F
:10153000103000F5E05080ED7E0BFCA9BD9851F80D
:10154000200041F628610844C08880B1D149BD9887
:1015500031F8100058B9BD9831F81010FCAA52F8B3
:101560002000103000F58050A0F8081E0CE0FCA907
:10157000BD9851F82000103000F58050B0F8081EDA
:10158000C44ABD9822F81010FCA9BD9851F820005B
:1015900041F628610844C08860B1BF49BD9831F860
:1015A0001010FCAA52F82000103000F58050A0F86E
:1015B0000A1EF5E1FCA9BD9851F82000103000F595
:1015C0008050B0F80A0E002870D1B349BD9831F8A8
:1015D000100000286AD00020BB907AE0FCA9BD98DA
:1015E00051F8200000F5E960BB9900EB011000689C
:1015F000F0B3FCA9BD9851F8200041F628610144E0
:10160000D831BB9851F8200000EE100AB8EEC01B8C
:10161000FCA9BD9851F8200000F5E961BB9801EBE9
:10162000001090ED030AB8EEC00B31EE401BFCA990
:10163000BD9851F8200000F5E961BB9801EB00105E
:1016400090F9080000EE100AB8EEC00B21EE001B66
:10165000FCA9BD9851F8200000F5E961BB9801EBA9
:10166000001090ED010AB8EE400B21EE001B00E0E7
:101670001DE0FCA9BD9851F8200000F5E961BB9878
:1016800001EB001090ED000AB8EE400B81EE002B4C
:10169000FCA9BD9851F8200041F628610844483063
:1016A000BB9900EBC10080ED002B0FE06BE19FEDDB
:1016B000760BFCAABD9852F8200041F62861084438
:1016C0004830BB9900EBC10080ED000BBB98401C7B
:1016D000BB90FCA9BD9851F8200041F62861084450
:1016E0000179BB9881423FF779AF0021BB917AE045
:1016F000FCA9BD9851F8200000F5F560BB9900EBFE
:1017000001100068E8B3FCA9BD9851F8200041F62B
:101710002861084400F1F001BB9851F8200000EE68
:10172000100AB8EEC01BFCA9BD9851F8200000F5C6
:10173000F561BB9801EB001090ED030AB8EEC00B09
:1017400031EE401BFCA9BD9851F8200000F5F56171
:10175000BB9801EB001090F9080000EE100AB8EEFB
:10176000C00B21EE001BFCA9BD9851F8200000F52C
:10177000F561BB9801EB001090ED010AB8EE400B4B
:1017800000E01EE021EE001BFCA9BD9851F82000EE
:1017900000F5F561BB9801EB001090ED000AB8EE82
:1017A000400B81EE002BFCA9BD9851F8200041F6BA
:1017B00028610844A830BB9900EBC10080ED002BE4
:1017C0000EE09FED310BFCAABD9852F8201041F6B7
:1017D00028600844A830BB9900EBC10080ED000BE5
:1017E000BB98401CBB90BB98002881DBFCA9BD982E
:1017F00051F8200000F6080090ED540BB5EEC00B38
:10180000F1EE10FA22D0BD9851F8200041F628617F
:10181000084490ED1C0BFCA9BD9851F8200041F63E
:101820002861084490ED1A1BFCA9BD9851F82000CE
:1018300000F6080090ED542B01EE020BBD9851F814
:10184000200041F62861084480ED1C0BFCA9BD98DE
:1018500051F8200000F6080090ED520BB5EEC00BD9
:10186000F1EE10FA2FD0BD9851F8200041F6286112
:10187000084490ED1C0BFCA9BD9851F8200041F6DE
:1018800028610BE06001002400000000000000005F
:1018900078010024680100246A010024084490EDC6
:1018A000181BFCA9BD9851F8200000F6080090ED27
:1018B000522B01EE020BBD9851F8200041F6286131
:1018C000084480ED1C0BFCA9BD9851F8200000F6DF
:1018D000080090ED500BB5EEC00BF1EE10FA22D0DF
:1018E000BD9851F8200041F62861084490ED1A0B8C
:1018F000FCA9BD9851F8200041F62861084490EDFC
:10190000181BFCA9BD9851F8200000F6080090EDC6
:10191000502B01EE020BBD9851F8200041F62861D2
:10192000084480ED1A0BFCA9BD9851F8200000F680
:10193000080090ED4C0BB5EEC00BF1EE10FA22D082
:10194000BD9851F8201041F62860084490ED160B20
:10195000FCA9BD9851F8200041F62861084490ED9B
:10196000141BFCA9BD9851F8200000F6080090ED6A
:101970004C2B01EE020BBD9851F8200041F6286176
:10198000084480ED160BFCA9BD9851F820001030DA
:1019900000F58050B0F80A1EFE4ABD9822F81010DB
:1019A000FCA9BD9851F8200041F628610844C08880
:1019B00078B1F949BD9801EBC00090ED000BFCA98E
:1019C000BD9851F82000103000F5E05080ED800BFC
:1019D0000EE0FCA9BD9851F82000103000F5E05051
:1019E00090ED800BEC49BD9801EBC00080ED000B41
:1019F000FCA9BD9851F82000103000F5E05090EDA2
:101A0000800BB5EEC00BF1EE10FA09D21FED620BA0
:101A1000BD9851F82000103000F5E05080ED800BAB
:101A2000FCA9BD9851F82000103000F5E05090ED71
:101A3000800B9FEDDA1BB4EEC10BF1EE10FA09DD5D
:101A40009FEDD60BBD9851F82000103000F5E05006
:101A500080ED800BD3480068D349C860FCA9BD98CD
:101A600051F82000C08958B30021FCAABD9852F853
:101A70002000C181FCA9BD9851F8201041F62860D2
:101A8000084490F8CC03FF281AD10021BD9852F8E1
:101A9000200041F628621044A0F8C813FCAABD98A3
:101AA00052F8200041F628621044A0F8CA13FCAA9C
:101AB000BD9852F8200041F62862104480F8CC13FB
:101AC000FCA9BD9851F820008089002867D000212A
:101AD000FCAABD9852F820008181FCA9BD9851F85C
:101AE000200041F62861084490F8CC0350B1FCA9CD
:101AF000BD9851F8200041F62861084490F8CC03C5
:101B0000FF284CD10021BB9178E0FCAABD9852F887
:101B1000200000F5E960BB9900EB01100068E8B314
:101B2000FCA9BD9851F8200000F69C41BB9851F8E3
:101B3000200000EE100AB8EEC01BFCA9BD9851F8B9
:101B4000200000F5E961BB9801EB001090ED030A5D
:101B5000B8EEC00B31EE401BFCA9BD9851F8200037
:101B600000F5E961BB9801EB001090F9080000EE68
:101B7000100AB8EEC00B21EE001BFCA9BD9851F86D
:101B8000200000F5E961BB9801EB001090ED010A1F
:101B9000B8EE400B21EE001BFCA901E01CE089E13E
:101BA000BD9851F8200000F5E961BB9801EB0010E9
:101BB00090ED000AB8EE400B81EE002BFCA9BD9819
:101BC00051F8200041F6286108444830BB9900EBE9
:101BD000C10080ED002B0EE01FEDD50BFCAABD98D7
:101BE00052F8200041F6286108444830BB9900EBC8
:101BF000C10080ED000BBB98401CBB90FCA9BD98B8
:101C000051F8200041F6286108440179BB988142CF
:101C10003FF77BAF0021BB9177E0FCAABD9852F85B
:101C2000200000F5F560BB9900EB01100068E8B3F7
:101C3000FCA9BD9851F8200000F6B441BB9851F8BA
:101C4000200000EE100AB8EEC01BFCA9BD9851F8A8
:101C5000200000F5F561BB9801EB001090ED030A40
:101C6000B8EEC00B31EE401BFCA9BD9851F8200026
:101C700000F5F561BB9801EB001090F9080000EE4B
:101C8000100AB8EEC00B21EE001BFCA9BD9851F85C
:101C9000200000F5F561BB9801EB001090ED010A02
:101CA000B8EE400B21EE001BFCA900E01BE0BD9844
:101CB00051F8200000F5F561BB9801EB001090EDA4
:101CC000000AB8EE400B81EE002BFCA9BD9851F83C
:101CD000200041F628610844A830BB9900EBC10000
:101CE00080ED002B0EE09FED310BFCA9BD9851F863
:101CF000200041F628610844A830BB9900EBC100E0
:101D000080ED000BBB98401CBB90BB98002884DB87
:101D1000FCA9BD9851F8200000F6080090ED540B86
:101D2000B5EEC00BF1EE10FA22D0BD9851F82000AC
:101D300041F62861084490ED1C0BFCA9BD9851F8B0
:101D4000200041F62861084490ED1A1BFCA9BD98BB
:101D500051F8200000F6080090ED542B01EE020B24
:101D6000BD9851F8200041F62861084480ED1C0B15
:101D7000FCA9BD9851F8200000F6080090ED520B28
:101D8000B5EEC00BF1EE10FA34D0BD9851F820003A
:101D900010E000006A01002480010024000000001F
:101DA000008066401C0100247491012400000000A2
:101DB0000000000041F62861084490ED1C0BFCA9CE
:101DC000BD9851F8200041F62861084490ED181B99
:101DD000FCA9BD9851F8200000F6080090ED522BA8
:101DE00001EE020BBD9851F8201041F6286008441E
:101DF00080ED1C0BFCA9BD9851F8200000F60800EE
:101E000090ED500BB5EEC00BF1EE10FA22D0BD985C
:101E100051F8200041F62861084490ED1A0BFCA906
:101E2000BD9851F8200041F62861084490ED181B38
:101E3000FCA9BD9851F8200000F6080090ED502B49
:101E400001EE020BBD9851F8200041F628610844CC
:101E500080ED1A0BFCA9BD9851F8200000F608008F
:101E600090ED4C0BB5EEC00BF1EE10FA22D0BD9800
:101E700051F8200041F62861084490ED160BFCA9AA
:101E8000BD9851F8200041F62861084490ED141BDC
:101E9000FCA9BD9851F8200000F6080090ED4C2BED
:101EA00001EE020BBD9851F8200041F6286108446C
:101EB00080ED160BFCA9BD9851F820004089002840
:101EC0007BD0BD9851F8200041F62861084490F875
:101ED000CC03002870D13521BD984843FB4901EB64
:101EE000C000B0F8D0006328F4D1FCA9BD9851F827
:101EF0002000103000F5805090F8680DE8B1BD98D2
:101F000051F82000103000F5805090F8680D01283D
:101F100013D0BD9851F82000103000F5805090F893
:101F2000680D022809D0BD9851F82000103000F546
:101F3000805090F8680D032829D1FCA9BD9851F86C
:101F40002000103000F5805090F8680D022808D16C
:101F5000BD9851F8200041F6286108440079062810
:101F600015D1FCA9BD9851F82000103041F66851F8
:101F70000844807803280ADCFCA9BD9851F82000A9
:101F8000103041F6685108444078052816DD4FF4BA
:101F90007D71FCAABD9852F8200041F628621044D9
:101FA000A0F8C8130021FCAABD9852F8200041F601
:101FB00028621044A0F8CA13F4E3F4E30A21FCAA4F
:101FC000BD9852F8200041F62862104480F8CC13E6
:101FD000BF49BD9801EB0011FCAA52F82000103057
:101FE00000F5E850D0E91B34826E406F81E81C0098
:101FF000C860B749BD9801EB0010007800287CD17B
:10200000FCA9BD9851F820101031B14A02EB001024
:10201000407801EB801165913521BD984843AB496B
:1020200001EBC0002830402264906599FEF6B2F9B9
:10203000FCA9BD9851F820101031A54A02EB001000
:10204000407801EB801165913521BD9848439F4947
:1020500001EBC0006830402264906599FEF69AF961
:102060003521BD984843994901EBC00090ED0E0B16
:102070003521BD984843954901EBC00090ED2C1BDC
:1020800020EE010B3521BD984843904901EBC0007B
:1020900080ED0E0B3521BD9848438C4901EBC00003
:1020A00090ED100B3521BD984843884901EBC000E5
:1020B00090ED2C1B20EE010B3521BD984843834940
:1020C00001EBC00080ED100B3521BD9848437F49DE
:1020D00001EBC00090ED1E0B3521BD9848437B49B4
:1020E00001EBC00090ED2C1B20EE010B3521BD98BB
:1020F0004843764901EBC00000E0C7E180ED1E0BCC
:102100003521BD984843714901EBC00090ED200B8B
:102110003521BD9848436D4901EBC00090ED2C1B63
:1021200020EE010B3521BD984843684901EBC00002
:1021300080ED200BFCA9BD9851F8200041F62861E4
:1021400001444831624ABD9802EB0010407801EB2F
:10215000C00090ED000B3521BD9848435B4901EB71
:10216000C00080ED020B1146BD9801EB0010807895
:1021700090BBFCA9BD9851F82010103102EB001063
:10218000407801EB801090ED000BFCA9BD9851F850
:1021900020001030BD9902EB0111497800EB81104D
:1021A00090ED021BB4EEC10BF1EE10FA15DDFCA9A7
:1021B000BD9851F82010103102EB0010407801EB6F
:1021C000801090ED000B3521BD9848433F4901EB4D
:1021D000C00080ED000B14E01EE09FED3E0B3521AA
:1021E000BD984843394901EBC00080ED0A0B9FEDD3
:1021F0003B0B3521BD984843344901EBC00080EDCD
:10220000000B9FED380B3521BD9848432F4901EB5A
:10221000C00080ED0C0B11E22D49BD9801EB0010C0
:102220008078012866D1FCA9BD9851F820101031A2
:10223000274A02EB0010407801EB801090ED000B74
:10224000FCA9BD9851F820001030BD9902EB011196
:10225000497800EB811090ED021BB4EEC10BF1EE5A
:1022600010FA14DDFCA9BD9851F82010103102EBD2
:102270000010407801EB801090ED020B3521BD98E5
:102280004843124901EBC00080ED000B13E09FEDC5
:10229000150B3521BD9848430C4901EBC00080ED7A
:1022A0000C0B9FED120B3521BD984843074901EBFC
:1022B000C00080ED000B9FED070B3521BD98484312
:1022C000024901EBC00080ED0A0BB7E17017022450
:1022D00098B501241B695743B8179E47EA8CA0396B
:1022E000593E29461B695743B8179EC7EA8CA03947
:1022F000593E29C6FB49BD9801EB001080780228A1
:1023000089D1FCA9BD9851F820101031F54A02EB93
:102310000010407801EB801090ED000B1146BD9845
:1023200001EB001090ED021BB4EEC10BF1EE10FAC0
:1023300016D3FCA9BD9851F82010103102EB001003
:10234000407801EB801090ED020B1146BD9801EB37
:10235000001090ED021BB4EEC10BF1EE10FA34DD6B
:10236000FCA9BD9851F820101031DE4A02EB001094
:10237000407801EB801090ED000BFCA9BD9851F85E
:1023800020001030BD9902EB0111497800EB81105B
:1023900090ED021BB4EEC10BF1EE10FA15DD40F228
:1023A000F531FCAABD9852F8200041F6286210448D
:1023B000A0F8C8130021FCAABD9852F8200041F6ED
:1023C00028621044A0F8CA1338E1FCA9BD9851F85E
:1023D000200041F6286101444831C24ABD9802EB11
:1023E0000010407801EBC00090ED000B1146BD9845
:1023F00001EB001090ED021BB4EEC10BF1EE10FAF0
:1024000021D8BD9801EB001090ED020B3521BD984D
:102410004843B54901EBC00080ED000B1FED530BA5
:102420003521BD984843B04901EBC00080ED0A0B4F
:102430001FED540B3521BD984843AB4901EBC0005B
:1024400080ED0C0BFAE0A749BD9801EB001090ED70
:10245000020B3521BD984843A34901EBC00080ED34
:10246000000B1FED640B3521BD9848439E4901EBDD
:10247000C00080ED0A0B1FED650B3521BD98484368
:10248000994901EBC00080ED0C0BD7E09549BD9850
:1024900001EB0010007801287ED1BD9801EB0010FF
:1024A0004078032818DA3521BD9848438E4901EB5E
:1024B000C00028304022A8A96590FDF66BFF3521A9
:1024C000BD984843884901EBC00068304022A8A964
:1024D0006590FDF65FFF17E03521BD9848438249BE
:1024E00001EBC0002830402298A96590FDF652FF0C
:1024F0003521BD9848437C4901EBC000683040223B
:1025000098A96590FDF646FF3521BD984843764968
:1025100001EBC00090ED0E0B3521BD984843724988
:1025200001EBC00090ED2C1B20EE010B3521BD9876
:1025300048436D4901EBC00080ED0E0B3521BD987D
:102540004843694901EBC00090ED100B3521BD985F
:102550004843654901EBC00090ED2C1B20EE010BB8
:102560003521BD984843604901EBC00080ED100B58
:102570003521BD9848435C4901EBC00090ED1E0B2E
:102580003521BD984843584901EBC00090ED2C1B04
:1025900020EE010B352100E07EE0BD984843524912
:1025A00001EBC00080ED1E0B3521BD9848434E491C
:1025B00001EBC00090ED200B3521BD9848434A49FE
:1025C00001EBC00090ED2C1B20EE010B3521BD98D6
:1025D0004843454901EBC00080ED200BFCA9BD98A4
:1025E00051F8200041F62861014401F59C713D4AF3
:1025F000BD9802EB0010407801EBC00090ED000B9D
:102600003521BD984843384901EBC00080ED020BED
:102610001146BD9801EB0010807880B93521BD9836
:102620004843314901EBC00090ED0A0B3521BD98BC
:1026300048432D4901EBC00080ED000B89E3294997
:10264000BD9801EB00108078012810D13521BD988C
:102650004843254901EBC00090ED0C0B3521BD9896
:102660004843214901EBC00080ED000B71E31D4997
:10267000BD9801EB001080780228DFD1BD9801EBF6
:10268000001090ED020B3521BD984843164901EB2F
:10269000C00080ED000B5CE31249BD9801EB001017
:1026A000007802287DD1BD9801EB00104078032806
:1026B0001CDA3521BD9848430B4901EBC000283096
:1026C0004022A8A96590FDF665FE3521BD984843D6
:1026D000054901EBC00068304022A8A96590FDF6CD
:1026E00059FE1BE098B50124701702243521BD98CE
:1026F0004843FE4901EBC0002830402298A965906C
:10270000FDF648FE3521BD984843F84901EBC0006D
:102710006830402298A96590FDF63CFE3521BD98B1
:102720004843F24901EBC00090ED0E0B3521BD98F6
:102730004843EE4901EBC00090ED2C1B20EE010B4D
:102740003521BD984843E94901EBC00080ED0E0BEF
:102750003521BD984843E54901EBC00090ED100BD1
:102760003521BD984843E14901EBC00090ED2C1B99
:1027700020EE010B3521BD984843DC4901EBC00038
:1027800080ED100B3521BD984843D84901EBC000BE
:1027900090ED1E0B3521BD984843D44901EBC00094
:1027A00002E075E012E312E390ED2C1B20EE010B2A
:1027B0003521BD984843CD4901EBC00080ED1E0B8B
:1027C0003521BD984843C94901EBC00090ED200B6D
:1027D0003521BD984843C54901EBC00090ED2C1B45
:1027E00020EE010B3521BD984843C04901EBC000E4
:1027F00080ED200B9FEDBE0B3521BD984843BB49B2
:1028000001EBC00080ED020BBB49BD9801EB00104D
:10281000807880B93521BD984843B44901EBC000A8
:1028200090ED0A0B3521BD984843B04901EBC0003B
:1028300080ED000B8DE2B049BD9801EB001080786F
:10284000012810D13521BD984843A84901EBC000AB
:1028500090ED0C0B3521BD984843A44901EBC00015
:1028600080ED000B75E2A449BD9801EB0010807863
:102870000228DFD1BD9801EB001090ED020B35214D
:10288000BD984843994901EBC00080ED000B60E220
:102890009949BD9801EB001000780328CAD1FCA922
:1028A000BD9851F8200000F5E071934ABD9802EB05
:1028B0000010407801EB801165913521BD984843A7
:1028C0008A4901EBC0002830402264906599FDF6EA
:1028D00061FDFCA9BD9851F8200000F5E071864A21
:1028E000BD9802EB0010407801EB80116591352115
:1028F000BD9848437D4901EBC00068304022649098
:102900006599FDF647FD3521BD984843774901EBB0
:10291000C00090ED0E0B3521BD984843734901EB83
:10292000C00090ED2C1B20EE010B3521BD984843D3
:102930006E4901EBC00080ED0E0B3521BD98484378
:102940006A4901EBC00090ED100B3521BD9848435A
:10295000664901EBC00090ED2C1B20EE010B3521E8
:10296000BD984843614901EBC00080ED100B352153
:10297000BD9848435D4901EBC00090ED1E0B352129
:10298000BD984843594901EBC00090ED2C1B20EE47
:10299000010B3521BD984843544901EBC00080ED3F
:1029A0001E0B3521BD984843504901EBC00090ED06
:1029B000200B3521BD9848434C4901EBC00090EDF8
:1029C0002C1B20EE010B3521BD984843474901EBF4
:1029D000C00080ED200BFCA9BD9851F8200041F605
:1029E00028610144A831444ABD9802EB00104078A8
:1029F00001EBC00090ED000B3521BD9848433B49E9
:102A000001EBC00080ED020B1146BD9801EB0010F8
:102A10008078B8BBFCA9BD9851F8200000F5E071A2
:102A2000BD9802EB0010407801EB801090ED000B98
:102A3000FCA9BD9851F8200000F5E070BD9902EBAB
:102A40000111497800EB811090ED021BB4EEC10B2F
:102A5000F1EE10FA17DDFCA9BD9851F8200000F541
:102A6000E071BD9802EB0010407801EB801090ED12
:102A7000000B3521BD9848431C4901EBC00080ED97
:102A8000000B14E01EE09FED1D0B3521BD9848435F
:102A9000164901EBC00080ED0A0B9FED1A0B3521A2
:102AA000BD984843114901EBC00080ED000B9FED3C
:102AB000170B3521BD9848430C4901EBC00080ED50
:102AC0000C0B46E10C49BD9801EB00108078012801
:102AD0006DD1FCA9BD9851F8200000F5E071064ABF
:102AE000BD9802EB0010407814E00000701702243B
:102AF000000000000000000098B501241B69574346
:102B0000B8179E47EA8CA039593E29461B6957439E
:102B1000B8179EC701EB801090ED000BFCA9BD9883
:102B200051F8200000F5E070BD9902EB01114978E1
:102B300000EB811090ED021BB4EEC10BF1EE10FA28
:102B400016DDFCA9BD9851F8200000F5E071BD9894
:102B500002EB0010407801EB801090ED020B352164
:102B6000BD984843FE4901EBC00080ED000B13E027
:102B70001FED1A0B3521BD984843F94901EBC00000
:102B800080ED0C0B9FEDF70B3521BD984843F449C0
:102B900001EBC00080ED000B1FED280B3521BD9827
:102BA0004843EF4901EBC00080ED0A0BD1E0EF494B
:102BB000BD9801EB00108078022869D1FCA9BD986E
:102BC00051F8200000F5E071E84ABD9802EB0010D2
:102BD000407801EB801090ED000B1146BD9801EBA1
:102BE000001090ED021BB4EEC10BF1EE10FA18D3F9
:102BF000FCA9BD9851F8200000F5E071BD9802EBEA
:102C00000010407801EB801090ED020B1146BD984A
:102C100001EB001090ED021BB4EEC10BF1EE10FAC7
:102C200037DDFCA9BD9851F8200000F5E071CF4ACE
:102C3000BD9802EB0010407801EB801090ED000B86
:102C4000FCA9BD9851F8200000F5E070BD9902EB99
:102C50000111497800EB811090ED021BB4EEC10B1D
:102C6000F1EE10FA15DD40F2F531FCAABD9852F8EC
:102C7000200041F628621044A0F8C8130021FCAAE5
:102C8000BD9852F8200041F628621044A0F8CA13FB
:102C90005FE0FCA9BD9851F8200041F6286101448D
:102CA000A831B24ABD9802EB0010407801EBC00099
:102CB00090ED000B1146BD9801EB001090ED021B4A
:102CC000B4EEC10BF1EE10FA21D8BD9801EB001063
:102CD00090ED020B3521BD984843A14901EBC0009E
:102CE00080ED000B1FED7B0B3521BD9848439C49BF
:102CF00001EBC00080ED0A0B1FED7C0B3521BD9868
:102D00004843974901EBC00080ED0C0B21E0974947
:102D1000BD9801EB001090ED020B3521BD984843A2
:102D20008F4901EBC00080ED000B1FED880B3521B2
:102D3000BD9848438A4901EBC00080ED0C0B1FEDA4
:102D4000910B3521BD984843854901EBC00080EDCA
:102D50000A0B1FED990B3521BD984843804901EBC3
:102D6000C00080ED040B1FED9E0B3521BD9848433C
:102D70007B4901EBC00080ED060B1FEDA30B352155
:102D8000BD984843764901EBC00080ED080B012156
:102D90003522BD985043724A02EBC000A0F8921150
:102DA0003522BD9850436E4A02EBC000A0F8901146
:102DB0003521BD984843114601EBC00090ED020B50
:102DC0006B49BD9801EBC00080ED000B10E0FCA941
:102DD000BD9851F8200041F62861084490F8CC03D2
:102DE0000A2805D10122FCA9BD9851F82000828053
:102DF000FCA9BD9851F8200041F62861084490F8DC
:102E0000CC030A2809D1B7EE000B3521BD98484301
:102E1000534901EBC00080ED2C0BFCA9BD9851F883
:102E20002000008800287DD000206590FCAABD9875
:102E300052F8200041F62861084490F8CC0300289D
:102E400071D13521BD984843454901EBC000B0F828
:102E5000D000632867D140F64F31BD9848434549BB
:102E600001EBC001649145F678216498FDF7CFF835
:102E7000FCA9BD9851F82000D0F8CC0C80B1BD98C9
:102E800051F82000D0F8CC1C40F64F32BD9850438A
:102E9000384A02EBC00000F5A040C0F8181A0BE059
:102EA000012140F64F32BD985043324A02EBC00038
:102EB00000F5A040C0F8181AFCAABD9852F82000EE
:102EC00041F6286108444830649040F64F31BD987F
:102ED0004843284901EBC00045F2E011084400F5E1
:102EE000B070302263906499FDF654FAFCA9BD9845
:102EF00051F8200041F62861084400F58470649080
:102F000040F64F31BD9848431A4901EBC00045F2E5
:102F1000E011084400F59870302263906499FDF642
:102F200039FA01E0CDE0CBE0FCA9BD9851F82000D2
:102F300041F628610844A830649040F64F31BD98AE
:102F400048430C4901EBC00045F2E011084400F58C
:102F5000C870302263906499FDF61CFA0A210BE0D8
:102F600070170224EA8CA039593E29C698B501246D
:102F700088010024F8BC012440F64F32BD9850432C
:102F8000FE4A02EBC00000F5A04080F8131A9FED46
:102F9000FC0B40F64F31BD984843114601EBC00091
:102FA00045F2E011084400F5006080ED060B0A21AF
:102FB00040F64F32BD985043F04A02EBC00000F596
:102FC000A04080F8111AFCA9BD9851F82000D0F853
:102FD000081B08466491FDF725F86590FCAABD988A
:102FE00052F82000D0F8080B6390FDF71BF8401C46
:102FF00001216490FDF726F80146E34ABD9842F8A6
:1030000020101146BD9851F82000C0B9DFA011F77B
:103010002BFA40F21E41FCAABD9852F8200041F65E
:1030200028621044A0F8C8130021FCAABD9852F8E9
:10303000200041F628621044A0F8CA1330E0FCA931
:10304000BD9851F82000D0F8081B6491CE49BD9876
:1030500051F82010639164996398FCF7EAFFCA491C
:10306000BD9851F8201008466491FCF7DBFFB8B911
:10307000CDA011F7F9F940F21C41FCAABD9852F815
:10308000200041F628621044A0F8C8130021FCAAD1
:10309000BD9852F8200041F628621044A0F8CA13E7
:1030A0001421FCAABD9852F8200041F62862104471
:1030B00080F8CC130021FCAABD9852F820000180B2
:1030C00000BFFCA9BD9851F820004088F0B3BD981E
:1030D00051F8200041F62861084490F8CC03A8BBC1
:1030E0003521BD984843B44901EBC000B0F8D00089
:1030F00063282BD140F64F31BD9848439F4901EBDF
:10310000C001659145F678216598FCF780FF0021A4
:1031100040F64F32BD985043984A02EBC00000F58C
:10312000A040C0F8181AFCA9BD9851F8200041F63B
:10313000286108444830659040F64F31BD984843B7
:10314000114601EBC00045F2E01100E074E00844D4
:1031500000F5B070302264906599FDF61BF9FCA96A
:10316000BD9851F8200041F62861084400F58470AC
:10317000659040F64F31BD984843804901EBC0004F
:1031800045F2E011084400F598703022649065998A
:10319000FDF600F9FCA9BD9851F8200041F6286120
:1031A0000844A830659040F64F31BD9848437349B4
:1031B00001EBC00045F2E011084400F5C870302270
:1031C00064906599FDF6E6F80A2140F64F32BD9805
:1031D00050436A4A02EBC00000F5A04080F8131A81
:1031E0009FED670B40F64F31BD984843114601EB08
:1031F000C00045F2E011084400F5006080ED060BC8
:103200000A2140F64F32BD9850435C4A02EBC000A1
:1032100000F5A04080F8111A1421FCAABD9852F8BC
:10322000200041F62862104480F8CC130021FCAA4B
:10323000BD9852F820004180FCA9BD9851F82000AB
:103240008088E8B30021FCAABD9852F82000818054
:10325000FCA9BD9851F8200041F62861084490F877
:10326000CC030A280AD0FCA9BD9851F8200041F6E9
:103270002861084490F8CC03142824D1FCA9BD98F7
:1032800051F8200041F628610844008950B14B49AB
:10329000BD9801EBC00090ED000BB5EEC00BF1EE58
:1032A00010FA08D001213522BD985043424A02EB62
:1032B000C000A0F894114FF0FF31414ABD9800E0E2
:1032C00001E022F81010FCA9BD9851F82000C08838
:1032D00048B30021FCAABD9852F82000C180FCA987
:1032E000BD9851F8200041F62861084490F8CC03BD
:1032F000142818D1FCA9BD9851F8200041F6286186
:103300000844008978B9B7EE000B2C49BD9801EB51
:10331000C00080ED000B0121BD9852F8200041F65D
:10332000286210440181FCA9BD9851F82000008951
:10333000D0B1BD9851F8200041F62861084490F8BA
:10334000CC03142810D10021FCAABD9852F820000B
:1033500041F62862104401819FED090B1749BD9881
:1033600001EBC00080ED000BFCA9BD9851F82000D6
:10337000B0F8600A30B30022FCAB24E0F8BC0124B2
:103380000000000000000000480100246D656D6F22
:10339000727920616C6C6F636174696F6E20657205
:1033A000726F720D0A000000656D7074792073747D
:1033B00072696E670D0A0000701702247001002404
:1033C000400100241BE0BD9853F82000A0F8602ABB
:1033D000FCAABD9852F8200000F668206590BD98C0
:1033E00052F8200000F51760649065990DF7D8FD3C
:1033F0000146FCAABD9852F82000A0F8621AFCA968
:10340000BD9851F82000B0F8C80AE8B10022FCAB22
:10341000BD9853F82000A0F8C82AFCAABD9852F81D
:10342000200000F52D606590BD9852F8200000F551
:1034300028606490659902F7DFFE0146FCAABD98FA
:1034400052F82000A0F8CA1AFE480068FE49086138
:103450003521BD984843FD4901EBC00108466591FF
:1034600009F726FBB7EE000BF949BD9801EBC00048
:1034700080ED000BF3480068F3494861FCA9BD9852
:1034800051F8200041F62861084490F8CC03FF2849
:1034900077D00021BB9130E0FCA9BD9851F82010F5
:1034A0001031BB9801EB801090ED000BFCA9BD988A
:1034B00051F820001030BB9900EB811090ED021BF9
:1034C000B4EEC10BF1EE10FA14D240F2F631FCAAC0
:1034D000BD9852F8200041F628621044A0F8C813A5
:1034E0000021FCAABD9852F8200041F62862104441
:1034F000A0F8CA13BB98401CBB90FCA9BD9851F81A
:10350000200041F6286108440179BB988142C3DC60
:103510000021BB9132E0FCA9BD9851F8200000F5D4
:10352000E071BB9801EB801090ED001BFCA9BD98E9
:1035300051F8200000F5E070BB9900EB811090ED90
:10354000020BB4EEC01BF1EE10FA14D240F2F931C6
:10355000FCAABD9852F8200041F628621044A0F859
:10356000C8130021FCAABD9852F8200041F6286239
:103570001044A0F8CA13BB98401CBB90BB9800280D
:10358000C9DBFCA9BD9851F8200041F62861084428
:1035900090F8CC0314287DD10021BB91ACE0FCAAAB
:1035A000BD9852F8200000F55070BB9901EB410224
:1035B00002EBC10110F8310001280FD0FCA9BD9821
:1035C00051F8200000F55070BB9901EB410202EB6D
:1035D000C10110F83100022800D08AE00021BC911E
:1035E00078E0FCAABD9852F8200000F55070BB9915
:1035F00001EB410202EBC10100EBC1002030FCAA4B
:103600006490BD9852F8200000F55070BB9901EB12
:10361000410202EBC10100EBC1000830FCAA63903B
:10362000BD9852F8200041F62861014401F5B471BB
:10363000BC9800EB400001EB0011629162A807C842
:1036400009F760F86590659870B9FCAABD9852F8C2
:10365000200000F55070BB9901EB410202EBC10163
:1036600010F83100012810D0659878B3FCA9BD98F6
:1036700051F8200000F55070BB9901EB410202EBBC
:10368000C10110F83100022821D101213522BD9855
:10369000504300E0F2E26D4A02EBC000A0F8961140
:1036A000BB9800F5916001B26A4ABD9822F81010EB
:1036B000FCA9BD9851F8200041F628610844664AEB
:1036C000D0F8E812BD9842F8201010E0FFE7BC984F
:1036D000401CBC90FCAABD9852F8200041F628611D
:1036E00008440079401CBC998842BFF67AAF00BFFD
:1036F00000BFBB98401CBB90BB980A28FFF64FAF99
:103700000020BB90DEE0FCAABD9852F8200000F536
:103710005070BB9901EB410202EBC10110F831007E
:10372000032800D0CBE0FCA9BD9851F8200041F659
:103730002861084490ED100B8DED520BFCA9BD984B
:1037400051F8200041F62861084490ED0E0B8DEDF4
:10375000500BFCA9BD9851F8200041F6286108449F
:1037600090ED0C0B8DED4E0B5EA89DED522B9DED5B
:10377000501B9DED4E0B02F7FDFAFCAABD9852F8C6
:10378000200000F55070BB9901EB410202EBC10132
:1037900000EBC10090ED120B8DED520BFCA9BD9812
:1037A00051F8200000F55071BB9800EB400202EB8D
:1037B000C00001EBC00090ED100B8DED500BFCA98B
:1037C000BD9851F8200000F55071BB9800EB400205
:1037D00002EBC00001EBC00090ED0E0B8DED4E0B27
:1037E00056A89DED522B9DED501B9DED4E0B02F703
:1037F000C1FA5EA89DED5C3B9DED5A2B9DED581BDB
:103800009DED560BFDF606FBB0EEC00BB0EE001BB7
:1038100020EE010B9FED112B80EE021B9FED110B93
:1038200021EE000B8DED540BFCAABD9852F8200040
:1038300000F55070BB9901EB410202EBC10100EBB6
:10384000C10013E01C0100247491012470170224AC
:10385000500100244001002444010024112D44544F
:10386000FB210940000000000080664090ED141B21
:103870009DED540BB4EEC01BF1EE10FA1ED80121E1
:103880003522BD985043FE4A02EBC000A0F89611C5
:10389000BB9800F5916001B2FA4ABD9822F8101069
:1038A000FCA9BD9851F8201041F628600844F64A5A
:1038B000D0F8E812BD9842F8201007E000BFBB988E
:1038C000401CBB90BB980A28FFF61DAF00BF00212B
:1038D000BB9174E0FCA9BD9851F8200041F6286125
:1038E00001444831BB9801EBC00090ED000BFCA9EE
:1038F000BD9851F820001030BB9900EB811090ED7D
:10390000001BB4EEC10BF1EE10FA1BDCFCA9BD9854
:1039100051F8200041F6286101444831BB9801EB81
:10392000C00090ED000BFCA9BD9851F820001030AC
:10393000BB9900EB811090ED021BB4EEC10BF1EED0
:1039400010FA39D2FCA9BD9851F820101031BB985B
:1039500001EB801090ED000BFCA9BD9851F8200000
:103960001030BB9900EB811090ED021BB4EEC10B3F
:10397000F1EE10FA20DD01213522BD985043C04AF6
:1039800002EBC000A0F89611C0A010F76DFDBB9827
:1039900000F29D4001B2BB4ABD9822F81010FCA96C
:1039A000BD9851F8200041F628610844B64AD0F885
:1039B000E812BD9842F82010BB98401CBB90FCA9AF
:1039C000BD9851F8201041F6286008440179BB9851
:1039D00081423FF77FAF0020BB9075E0FCA9BD9806
:1039E00051F8200041F628610144A831BB9801EB51
:1039F000C00090ED000BFCA9BD9851F8200000F527
:103A0000E070BB9900EB811090ED001BB4EEC10B90
:103A1000F1EE10FA1CDCFCA9BD9851F8200041F62B
:103A200028610144A831BB9801EBC00090ED000B68
:103A3000FCA9BD9851F8200000F5E070BB9900EB9F
:103A4000811090ED021BB4EEC10BF1EE10FA38D2EA
:103A5000FCA9BD9851F8200000F5E071BB9801EB7E
:103A6000801090ED000BFCA9BD9851F8200000F5E6
:103A7000E070BB9900EB811090ED021BB4EEC10B1E
:103A8000F1EE10FA1DDD01213522BD9850437C4A2C
:103A900002EBC000A0F89611BB9800F2C44001B23E
:103AA000784ABD9822F81010FCA9BD9851F8200062
:103AB00041F628610844744AD0F8E812BD9842F8EB
:103AC0002010BB98401CBB90BB98002886DBFCA94B
:103AD000BD9851F82000B0F84007E8B30020BB9033
:103AE00084E0FCAABD9852F8200000F5E160BB9983
:103AF00000EBC10090ED000BB5EEC00BF1EE10FA3B
:103B000000D870E0FCA9BD9851F8200041F628616A
:103B1000014401F5B471BB9800EB400001EB0011CA
:103B2000182258A85591FCF635FCFCA9BD9851F80F
:103B3000200041F62861014401F5B471BB98401C96
:103B400000EB400001EB001118225EA85591FCF635
:103B500021FCFCA9BD9800E056E051F8200000F5DA
:103B6000E161BB9801EBC00090ED000BB6EE001BCD
:103B700020EE010B8DED640BFCA9BD9851F82000DF
:103B800041F62861084400F59C700146559058A8FC
:103B900008F7EEFD8DED560B9DED641B9DED560B6C
:103BA000B4EEC01BF1EE10FA1CDB01213522BD98EA
:103BB0005043334A02EBC000A0F8961140F2F641A0
:103BC000304ABD9822F81010FCA9BD9851F8200089
:103BD00041F6286108442C4AD0F8E812BD9842F812
:103BE000201010E000BFBB98401CBB90FCA9BD9802
:103BF00051F8200041F6286108440079801EBB99E5
:103C000088423FF76EAF00BFFCA9BD9851F8200075
:103C1000B0F8420790B30021BB9106E1FCAABD9821
:103C200052F8200000F5E160BB9900EBC10090ED77
:103C3000000BB5EEC00BF1EE10FA00D8F2E0FCA9D3
:103C4000BD9851F8200041F62861014401F5B47196
:103C5000BB9800EB400001EB0011182258A85791C7
:103C6000FCF698FBFCA9BD9851F8200041F62861AC
:103C7000014401F5B471BB98401C11E0E1E0000083
:103C80007017022440010024440100244552525F71
:103C90004C494D49545F4A3120310D0A0000000063
:103CA00000EB400001EB001118225EA85791FCF6D2
:103CB00071FBFCA9BD9851F8200000F5E161BB98AB
:103CC00001EBC00090ED000BB6EE001B20EE010BE7
:103CD0008DED640B0021BA919DE0BD99BA988842A0
:103CE00000D195E0FCA9BA9851F82000B0F842073D
:103CF00000B98DE00020BC907CE0FCAABA9852F894
:103D0000200000F5E160BC9900EBC10090ED000BD4
:103D1000B5EEC00BF1EE10FA00D868E0FCA9BA9835
:103D200051F8201041F62860014401F5B471BC98A7
:103D300000EB400001EB001118224AA84791FCF665
:103D400029FBFCA9BA9851F8200041F628610144EA
:103D500001F5B471BC98401C00EB400001EB001170
:103D6000182250A84791FCF615FBFCA9BA9851F807
:103D7000200000F5E161BC9801EBC00090ED000B64
:103D8000B6EE001B20EE010B8DED560B4AA958A88C
:103D9000FFF632F88DED480B9DED640B9DED561B43
:103DA00030EE011B9DED480BB4EEC01BF1EE10FA96
:103DB0001CDB01213522BD985043FE4A02EBC000B6
:103DC000A0F8961140F2F741FB4ABD9822F8101076
:103DD000FCA9BD9851F8200041F628610844F74A33
:103DE000D0F8E812BD9842F820100FE000BFBC9850
:103DF000401CBC90FCA9BA9851F8201041F62860EC
:103E000008440179BC988142BFF677AF00BF00BF7C
:103E1000BA98401CBA90DDF80414BA988842FFF6AC
:103E20005CAF00BFBB98401CBB90FCA9BD9851F88B
:103E3000200041F6286108440179BB988142BFF611
:103E4000EDAEFCA9BD9851F8200041F62861084468
:103E500090F8CC030A287CD1D949BD9801EB001019
:103E60000078012805D0BD9801EB001000780228E9
:103E700077D10021BB9167E0FCA9BD9851F82000E3
:103E800041F6286101444831BB9801EBC00090ED38
:103E9000000BFCA9BD9851F820001030BB9900EB35
:103EA000811090ED001BB4EEC10BF1EE10FA1BDC9B
:103EB000FCA9BD9851F8200041F628610144483121
:103EC000BB9801EBC00090ED000BFCA9BD9851F828
:103ED00020001030BB9900EB811090ED021BB4EE76
:103EE000C10BF1EE10FA2CD2FCA9BD9851F82010AC
:103EF0001031BB9801EB801090ED000BFCA9BD9830
:103F000051F820001030BB9900EB811090ED021B9E
:103F1000B4EEC10BF1EE10FA13DD01213522BD988C
:103F20005043A44A02EBC000A0F89611A5A010F7D8
:103F30009BFABB9800F29D4001B29F4ABD9822F8BF
:103F40001010BB98411CBB91FCA9BD9851F82000F2
:103F500000E006E041F6286108440179BB988142FF
:103F60008ADCFCA9BD9851F8200041F6286108447C
:103F7000B0F8C80348B1FF21FCAABD9852F8200050
:103F800041F62862104480F8CC13934800689349A6
:103F90008861FCA9BD9851F8200041F628610844C9
:103FA00090F8CC0340B10A287ED014287DD0FF2899
:103FB0005DF07A801DF02CB80021FCAABD9852F863
:103FC000200041F628621044C180FCAABD9852F836
:103FD000200041F62862104401819FED810B824947
:103FE000BD9801EBC00080ED000B9FED7D0BFCA99F
:103FF000BD9851F820001146084480ED040B0021C3
:10400000FCAABD9852F8200041F62862104480F8BE
:10401000B713FCAABD9852F8200041F6286210445C
:1040200080F8B613FCAABD9852F8200041F6286229
:10403000104480F8B8139FED6A0BFCA9BD9851F8A5
:1040400020101046084480EDF00B00213522BD9869
:104050005043584A02EBC000A0F890116349BD9844
:1040600001EBC00090ED000BFCA9BD9851F82000B9
:10407000103000F5E05090ED7E1BB4EEC10BF1EE78
:1040800010FA19D85949BD9801EBC00090ED000B0A
:10409000FCA9BD9851F82000103000F5E05090EDDB
:1040A0007C1B30EE010B01E0B9E0FDE34F49BD9808
:1040B00001EBC00080ED000BFCA9BD9851F8200079
:1040C00041F62861084443A1097880F8EC120021E8
:1040D000FCAABD9852F8200041F628621044C0F8AE
:1040E000E812FCAABD9852F8200041F6286210445C
:1040F00080F810139FED3A0BFCA9BD9851F82000F1
:104100001146084480EDC00B9FED350BFCA9BD980E
:1041100051F820001146084480EDC20BFCA9BD985F
:1041200051F820001146084400F21630282165900D
:10413000FBF76DFF2E49BD9851F8200058B1BD988E
:1041400051F82010084665911CF70EF90021284A05
:10415000BD9842F82010FCAABD9852F8200041F604
:104160002861084400F58470302201466590EAA871
:10417000FCF610F9FCAABD9852F8200041F628611F
:10418000084400F584700090BD9852F8200008445F
:1041900048306590BD9852F8200000F60800EAAB60
:1041A00064900021659A0DF7A5F8F890F898A0B3EF
:1041B000FCAA1FE0701702244001002444010024DF
:1041C00098B501244552525F4C494D49545F4A31DC
:1041D00020320D0A000000001C010024749101240B
:1041E000000000000000000070010024780100249D
:1041F00048010024BD9852F8200041F6286210447E
:10420000F899A0F8C8130021FCAABD9852F8200024
:1042100041F628621044A0F8CA131CF045BF0121E2
:10422000FCAABD9852F8200041F628621044C180D3
:104230003521BD984843FA4901EBC000B0F8980118
:10424000D0B3F849BD9831F91000002821DDBD98A0
:1042500031F8100081B2FCAABD9852F8200041F656
:1042600028621044A0F8C8130021FCAABD9852F897
:10427000200041F628621044A0F8CA13FF21FCAACE
:10428000BD9852F8200041F62862104480F8CC1303
:1042900009E00021FCAABD9852F8200041F62862EE
:1042A000104480F8CC130021DE4ABD9822F810108B
:1042B000DD4ABD9842F820103521BD984843D849C1
:1042C00001EBC000B0F8D000B0F5966F1ADB3521D5
:1042D000BD984843D24901EBC000B0F8D010FCAA09
:1042E000BD9852F8200041F628621044A0F8C81387
:1042F0000021FCAABD9852F8200041F62862104423
:10430000A0F8CA13C949BD9801EB00100078E8BBBA
:104310003521BD984843C24901EBC00090ED2E0BFA
:10432000FCA9BD9851F8201041F62860014448319D
:10433000BE4ABD9802EB0010407801EBC00080ED52
:10434000000BFCA9BD9851F8201041F628600844E4
:1043500000F58470302201466590EAA8FCF61AF850
:10436000FCAABD9852F8200041F62861084400F5E7
:1043700084700090BD9852F8200008444830659041
:10438000BD9852F8200000F6080000E01EE0EAABFD
:1043900064900021659A0CF7ADFFF890F89800281A
:1043A00013D0FCAABD9852F8200041F628621044B0
:1043B000F899A0F8C8130021FCAABD9852F8200073
:1043C00041F628621044A0F8CA13FDE39749BD984E
:1043D00001EB0010007801287ED100206590FCAA36
:1043E000BD9852F8200041F62861084400F59C7001
:1043F00030220146479058A8FBF6CCFFFCAABD9896
:1044000052F8200041F62861084400F584703022FB
:10441000014647904CA8FBF6BDFFFCAABD9852F898
:10442000200041F628610844483030220146479078
:10443000EAA8FBF6AFFF01204B9000BF4B9850B1AC
:104440003521BD984843764901EBC00090ED2E0B15
:104450008DED480B23E03521BD984843704901EBB1
:10446000C00090ED2E0B3521BD9848436C4901EBFF
:10447000C00090ED302B9DEDB81B22EE011B6C4966
:10448000BD9801EBC00090ED002BB7EE003B33EE82
:10449000422B01EE420B8DED480BFF204B90FCA907
:1044A000BD9851F8200041F628610844007906289B
:1044B0007ED15E49BD9801EB00104078032877DB80
:1044C000FCA9BD9851F8200041F62861084490ED00
:1044D000540B8DED460B00E0D0E3FCA9BD9851F8DC
:1044E000200041F62861084490ED560B8DED440BF9
:1044F000FCA9BD9851F8200041F62861084490EDD0
:10450000580B8DED420B9DED422B9DED441B9DED17
:10451000460B30A8FEF6E0FD1FEDCF0B8DED1C0B1A
:104520001FEDD10B8DED1A0B1FEDD30B8DED180B7D
:104530003E49BD9801EB0010407803280BD13D495E
:10454000BD9801EBC00090ED001B9DED480B30EED7
:10455000410B8DED1C0B3549BD9801EB00104078E7
:1045600004280BD13349BD9801EBC00090ED001B2E
:104570009DED480B30EE410B8DED1A0B2B49BD988C
:1045800001EB0010407805280BD12A49BD9801EBBA
:10459000C00090ED001B9DED480B30EE410B8DED02
:1045A000180B9DED182B9DED1A1B9DED1C0B00E0CB
:1045B00042E01EA8FEF690FD06AA30A91EA806F746
:1045C00023FA6B4602AA04A99DED422B9DED441BE4
:1045D0009DED460B06A8FFF667FA9DED040BFCA9BE
:1045E000BD9851F8200041F62861084480ED540B35
:1045F0009DED020BFCA9BD9851F8200041F6286101
:10460000084480ED560B9DED000BFCA9BD9851F8B8
:10461000200041F62861084480ED580B20E000009E
:1046200070170224400100244401002498B501249D
:1046300050010024880100249DED480BFCA9BD9881
:1046400051F8200041F62861084400F59C70FE4AAC
:10465000BD9902EB0111497800EBC10080ED000B20
:10466000FCA9BD9851F8200041F628610844007962
:10467000062855D1FCA9BD9851F82000103041F210
:1046800088510144FCAABD9852F8200041F62862E6
:104690001044B0F8120300EB400001EB00113F9111
:1046A000FCA9BD9851F82000103041F67811014462
:1046B000FCAABD9852F8200041F628621044B0F8D8
:1046C000140300EB400001EB00113E91FCA9BD98E2
:1046D00051F82000104400F5847047909DED620B66
:1046E0008DED440B9DED600B8DED420B9DED5E0B52
:1046F0008DED400BFCAABD9852F8200041F62861D0
:10470000084400F59C703D90479B9DED442B9DED2A
:10471000421B9DED400BDDE93E120CF731FA41E002
:10472000FCA9BD9851F82000103041F28851014495
:10473000FCAABD9852F8200041F628621044B0F857
:10474000120300EB400001EB00114691FCA9BD985B
:1047500051F82000103041F678110144FCAABD98B0
:1047600052F8200041F628621044B0F8140300EB20
:10477000400001EB00114591FCA9BD9851F82000C3
:10478000104400F58470FCAA4790BD9852F82000B0
:1047900041F62861084400F59C70449045A90EC973
:1047A0000CF7B6F9FCAABD9852F8200041F6286132
:1047B000084448300090BD9852F82000084400F5A5
:1047C00084704790BD9852F8200000F6080046908B
:1047D000EAAA0121479B0CF78DFDF890F898E8BBF9
:1047E0000021BB9159E0FCA9BD9851F8200041F689
:1047F000286101444831BB9801EBC00090ED000BEB
:10480000FCA9BD9851F820001030BB9900EB811035
:1048100090ED001BB4EEC10BF1EE10FA1BDCFCA90D
:10482000BD9851F8200041F6286101444831BB98F9
:1048300001EBC00090ED000BFCA9BD9851F82000E1
:104840001030BB9900EB811090ED021BB4EEC10B50
:10485000F1EE10FA1ED2FCA9BD9800E02AE051F852
:1048600020101031BB9801EB801090ED001BFCA9CB
:10487000BD9851F820001030BB9900EB811090EDED
:10488000020BB4EEC01BF1EE10FA03DDBB98401C26
:1048900001B26591BB98401CBB90FCA9BD9851F832
:1048A000200041F6286100E0F6E308440179BB9856
:1048B000814298DCF89808B96598A8B3FCAABD981D
:1048C00052F8200041F62861084400F58470302237
:1048D0004CA94790FBF65EFDFCA9BD9851F820005D
:1048E00041F62861084400F59C70302258A9479091
:1048F000FBF650FDFCA9BD9851F8200041F6286157
:10490000084448303022EAA94790FBF643FD6598F9
:1049100058B9FCAABD9952F8211041F628621144F9
:10492000F898A1F8C80310E022E0659800F29C40D6
:1049300081B2FCAABD9852F8200041F628621044CA
:10494000A0F8C81341A00FF78FFD0021FCAABD9865
:1049500052F8200041F628621044A0F8CA13FCAABD
:10496000BD9852F8200041F62862104480F8CC131C
:104970004B98FF287AD046A8FCAA0090BD9852F820
:10498000200010304490BD9852F8200041F6286174
:10499000084400794390BD9852F8200008444830FC
:1049A00042909DEDB80B0146EAA8449B439A00F75C
:1049B00082FD45904598E0B39DED460B2849BD9892
:1049C00001EBC00080ED000BBD9801EBC00090ED45
:1049D000000BB7EE001BB4EEC10BF1EE10FA23DDB5
:1049E000B7EE000BBD9801EBC00080ED000B40F26C
:1049F000EC41FCAABD9852F8200041F62862104410
:104A0000A0F8C813FCA9BD9851F82000114608442D
:104A1000B0F8E80281B2FCAABD9852F8200041F635
:104A200028621044A0F8CA130D49BD9801EBC000DC
:104A300000E069E090ED000BB5EEC00BF1EE10FA6E
:104A400037D29FED080B12E098B501244552525F12
:104A50004C494D49545F4A3120330D0A0000000093
:104A60005001002400000000000000004DE0BD984F
:104A700001EBC00080ED000B40F2EC41FCAABD98B8
:104A800052F8200041F628621044A0F8C813FCA98F
:104A9000BD9851F8200011460844B0F8E80281B2F0
:104AA000FCAABD9852F8200041F628621044A0F8F4
:104AB000CA1300204B90FCAABD9852F8200041F682
:104AC0002861084400F5847030224CA94490FBF61C
:104AD00061FCFCA9BD9851F8200041F6286108440A
:104AE00000F59C70302258A94490FBF653FCFCA9B9
:104AF000BD9851F8200041F6286108444830302222
:104B0000EAA94490FBF646FCB3E00020BC90A4E088
:104B1000FCA9BD9851F8200041F6286101444831B4
:104B2000BC9801EBC00090ED001BEAA9BC9801EB1A
:104B3000C00090ED000B31EE402B9DEDB80B82EEE6
:104B4000001B8DED461B9DED460BB5EEC00BF1EE47
:104B500010FA7FD09DED460BB5EEC00BF1EE10FACA
:104B600037DDFCA9BD9851F820101031BC9801EB3D
:104B7000801090ED042B9DED460B82EE001BB7EEEE
:104B8000000BB4EEC01BF1EE10FA22D2FCA9BD98C6
:104B900051F820101031BC9801EB801090ED042BDF
:104BA000EAA9BC9801EBC00090ED001B9DEDB80B8D
:104BB00002EE001BFCA9BD9851F8200041F62861C7
:104BC00008444830BC9900E098E300EBC10080ED58
:104BD000001B9DED460BB5EEC00BF1EE10FA39D27D
:104BE000FCA9BD9851F820101031BC9801EB801041
:104BF00090ED060BB1EE401B9DED460B81EE002BB8
:104C0000B7EE000BB4EEC02BF1EE10FA22D2FCA9E5
:104C1000BD9851F820101031BC9801EB801090ED38
:104C2000062BEAA9BC9801EBC00090ED001B9DED9E
:104C3000B80B02EE401BFCA9BD9851F8200041F6CC
:104C4000286108444830BC9900EBC10000E001E055
:104C500080ED001BBC98401CBC90FCA9BD9851F88D
:104C6000200041F6286108440179BC9881423FF751
:104C70004FAF4B9800283FF4E1AB60E3FE49BD988D
:104C800001EB0010007802287DD100206590FCAA7D
:104C9000BD9852F8200041F62861084400F59C7048
:104CA000302201463E9058A8FBF674FBFCAABD9842
:104CB00052F8200041F62861084400F58470302243
:104CC00001463E904CA8FBF665FBFCAABD9852F845
:104CD000201041F6286008444830302201463E90BA
:104CE000EAA8FBF657FB302140A8FBF790F901201A
:104CF0003F9000BF3F98B0B13521BD984843DF4990
:104D000001EBC00090ED301B9DEDB80B21EE000BC8
:104D1000D949BD9801EB0010407840A901EBC000D3
:104D200080ED000B1FE03521BD984843D34901EBCE
:104D3000C00090ED301B9DEDB80B21EE000BD0496B
:104D4000BD9801EBC00090ED001B20EE010BCA499D
:104D5000BD9801EB0010407840A901EBC00080ED48
:104D6000000BFF203F90FCA9BD9851F8200041F6B0
:104D7000286108440079062838D1FCA9BD9851F86B
:104D80002000103000E0BAE241F288510144FCAA50
:104D9000BD9852F8200041F628621044B0F8120382
:104DA00000EB400001EB00113791FCA9BD9851F8D0
:104DB0002000104400F584703E909DED560B8DED63
:104DC0003C0B9DED540B8DED3A0B9DED520B8DED93
:104DD000380B03469DED3C2B9DED3A1B9DED380BAA
:104DE00058A940A8379A0BF7CBFE23E0FCA9BD9841
:104DF00051F82000103041F288510144FCAABD98BE
:104E000052F8200041F628621044B0F8120300EB7B
:104E1000400001EB00113D91FCA9BD9851F8200024
:104E2000104400F5847003463E9058A940A83D9A6E
:104E30000BF76EFEFCAABD9852F8200041F62861DF
:104E4000084448300090BD9852F82000084400F50E
:104E500084703E90BD9852F8200000F608003D9006
:104E6000EAAA01213E9B0CF745FAF890F898E8BBB6
:104E70000020BB9059E0FCA9BD9851F8200041F6F4
:104E8000286101444831BB9801EBC00090ED000B54
:104E9000FCA9BD9851F820001030BB9900EB81109F
:104EA00090ED001BB4EEC10BF1EE10FA1BDCFCA977
:104EB000BD9851F8200041F6286101444831BB9863
:104EC00001EBC00090ED000BFCA9BD9851F820004B
:104ED0001030BB9900EB811090ED021BB4EEC10BBA
:104EE000F1EE10FA1ED2FCA9BD9800E028E051F8BE
:104EF00020101031BB9801EB801090ED000BFCA945
:104F0000BD9851F820001030BB9900EB811090ED56
:104F1000021BB4EEC10BF1EE10FA03DDBB98401C8E
:104F200001B26591BB98401CBB90FCA9BD9851F89B
:104F3000200041F6286108440179BB9881429ADC3F
:104F4000F89808B96598A8B3FCAABD9852F8200053
:104F500041F62861084400F5847030224CA93E9047
:104F6000FBF618FAFCA9BD9851F8200041F628611B
:104F7000084448303022EAA93E90FBF60BFAFCA91F
:104F8000BD9851F8200041F62861084400F59C7056
:104F9000302258A93E90FBF6FDF9659858B9FCAA55
:104FA000BD9952F8211041F628621144F898A1F8F1
:104FB000C80310E022E0659800F29C4081B2FCAA90
:104FC000BD9852F8200041F628621044A0F8C8139A
:104FD0002CA00FF749FA0021FCAABD9852F8200036
:104FE00041F628621044A0F8CA13FCAABD9852F8F2
:104FF000200041F62862104480F8CC133F98FF2827
:105000007ED03CA8FCAA0090BD9852F82000103039
:105010003A90BD9852F8200041F628610844007982
:105020003990BD9852F820000844483038909DEDE2
:10503000B80B0146EAA8DDE9392300F73CFA3B90BA
:105040003B9850B39DED3C0B0D49BD9801EBC00062
:1050500080ED000BBD9801EBC00090ED000BB7EEAA
:10506000001BB4EEC10BF1EE10FA36DDB7EE000B0B
:10507000BD9801EBC00011E098B50124701702241F
:10508000500100244552525F4C494D49545F4A310A
:1050900020340D0A0000000061E17AE080ED000B91
:1050A00040F2EC41FCAABD9852F8200041F628627B
:1050B0001044A0F8C813FCA9BD9851F8200011466F
:1050C0000844B0F8E80281B2FCAABD9852F820006A
:1050D00041F628621044A0F8CA13FB49BD9801EBC1
:1050E000C00090ED000BB5EEC00BF1EE10FA25D22A
:1050F0009FEDF60BBD9801EBC00080ED000B00E0CA
:1051000048E040F2EC41FCAABD9852F8200041F67C
:1051100028621044A0F8C813FCA9BD9851F82000DB
:1051200011460844B0F8E80281B2FCAABD9852F8D2
:10513000200041F628621044A0F8CA1300203F90D6
:10514000FCAABD9852F8200041F62861084400F5F9
:10515000847030224CA93A90FBF61CF9FCA9BD984A
:1051600051F8200041F62861084448303022EAA96D
:105170003A90FBF60FF9FCA9BD9851F8200041F6D2
:105180002861084400F59C70302258A93A90FBF63B
:1051900001F9AFE00020BC90A0E0FCA9BD9851F857
:1051A000200041F6286101444831BC9801EBC00061
:1051B00090ED000BEAA9BC9801EBC00090ED001B3C
:1051C00030EE412B9DEDB80B82EE001B8DED3C1BAC
:1051D0009DED3C0BB5EEC00BF1EE10FA7BD09DEDD2
:1051E0003C0BB5EEC00BF1EE10FA35DDFCA9BD9815
:1051F00051F820101031BC9801EB801090ED042B79
:105200009DED3C0B82EE001BB7EE000BB4EEC01B15
:10521000F1EE10FA20D2FCA9BD9851F820101031FF
:10522000BC9801EB801090ED042BEAA9BC9801EB2F
:10523000C00090ED000B9DEDB81B02EE010BFCA928
:10524000BD9851F8200041F6286108444830BC99C7
:1052500000EBC10080ED000B9DED3C0BB5EEC00BEB
:10526000F1EE10FA37D2FCA9BD9851F82010103198
:10527000BC9801EB801090ED060BB1EE401B9DED4C
:105280003C0B81EE002BB7EE000BB4EEC02BF1EE21
:1052900010FA20D2FCA9BD9851F820101031BC980A
:1052A00001EB801090ED062BEAA9BC9801EBC00041
:1052B00090ED001B9DEDB80B02EE401BFCA9BD98C4
:1052C00051F8200041F6286108444830BC9900EBB1
:1052D000C10080ED001BBC98401CBC90FCA9BD988F
:1052E00051F8200041F6286108440179BC988142B8
:1052F0003FF753AF3F9800283FF4FCAC1FE07549DF
:10530000BD9801EB00100078032818D13521BD9815
:105310004843714901EBC00090ED2E0BFCA9BD98EC
:1053200051F8200041F628610844A830694ABD9927
:1053300002EB0111497800EBC10080ED000B352133
:10534000BD984843644901EBC00090ED2E0B6349C2
:10535000BD9801EBC00080ED000B1BF0A5BE6048BE
:1053600000686049C8610122FCABBD9853F8200079
:1053700041F628610844C28000206590FDE36598ED
:10538000401C81B265915849BD9851F82000B0B1D8
:1053900040F64F31BD984843544901EBC00000F539
:1053A000A040D0F8181A64914F49BD9851F82010C8
:1053B0006391BEA9649A639805F776F910B34A49D8
:1053C000BD9851F8200000287DD1FCA9BD9851F866
:1053D000200000F60C3140F64F32BD985043434A4E
:1053E00002EBC00000F5A040D0F8180A00EB8000E6
:1053F00001EB800100226491BEA9649805F754F97D
:105400000028E1D140F64F31BD984843374901EBC0
:10541000C00000F5B04090ED940B40F64F31BD98C0
:105420004843324901EBC00140F64F32BD9850432A
:105430002E4A02EBC00000F5A04090F8142A02EBBF
:10544000420000EBC21001EB001080ED0C0B40F6A7
:105450004F31BD984843254901EBC00000F5A040FD
:1054600090F8581A40F64F32BD9850431F4A02EB4D
:10547000C00240F64F33BD9858431C4B03EBC000AD
:1054800000F5A04090F8140A00EB400303EBC010B5
:1054900002EB001080F8381040F64F31BD984843B9
:1054A000124901EBC00140F64F32BD9850430F4AFC
:1054B00002EBC00000F5A04090F8142A02EB420075
:1054C00000EBC21014E0FCE35001002400000000D7
:1054D0000000000098B50124701702248801002400
:1054E0001C0100247491012448010024F8BC01240B
:1054F00001EB0011BEA8639103F7A2FF64906498CA
:10550000F0B101213522BD985043FE4A02EBC000A4
:10551000A0F89611649801B2FB4ABD9822F81010C9
:1055200040F64F31BD984843F84901EBC00000F503
:10553000A040F74AD0F8181ABD9842F82010E7E3C7
:1055400040F64F31BD984843F04901EBC00140F6A9
:105550004F32BD985043ED4A02EBC00000F5A04029
:1055600090F8140A00EB400202EBC01001EB0010AF
:10557000007809281AD040F64F31BD984843E349D6
:1055800001EBC00140F64F32BD985043DF4A02EBB9
:10559000C00000F5A04090F8140A00EB400202EBB6
:1055A000C01001EB0010007807287DD1D949BD98C3
:1055B00051F82000F0B901213522BD985043D14A5D
:1055C00002EBC000A0F8961140F25B41CE4ABD98B4
:1055D00022F8101040F64F31BD984843CB4901EBFB
:1055E000C00000F5A040CA4AD0F8181ABD9842F889
:1055F0002010A4E700206390BC908CE240F64F316D
:10560000BD984843C14901EBC00140F64F32BD98F7
:105610005043BE4A02EBC00000F5A04090F8140AC7
:1056200000EB400202EBC01001EB001000780928EB
:105630007DD140F64F31BD984843B44901EBC000DD
:1056400045F65C210144BC9800EB400051F8201065
:1056500040F64F32BD985043AC4A02EBC00000F513
:10566000A040D0F8180A814261D10120639040F631
:105670004F31BD984843114601EBC00045F65C210F
:105680000144BC9800EB400001EB8000406800281A
:105690005ADD40F64F31BD984843114601EBC0003A
:1056A00045F65C21014400E0B4E3BC9800EB400007
:1056B00001EB80004168491E40F64F32BD985043CF
:1056C000924A02EBC00045F65C220244BC9800EB13
:1056D000400002EB8000416040F64F31BD984843E6
:1056E0008A4901EBC00045F65C210144BC9800EBFF
:1056F000400001EB8000816840F64F32BD98504376
:10570000824A02EBC00000F5A040C0F8181A002140
:1057100040F64F32BD9850437C4A02EBC00240F63F
:105720004F33BD985843794B03EBC00000E0C6E00F
:1057300000F5A04090F8140A00EB400303EBC01002
:1057400002EB00100170B9E040F64F31BD984843BC
:105750006E4901EBC00045F65C210144BC9800EBAA
:10576000400001EB80004068002847DA4FF0FF312D
:1057700040F64F32BD985043644A02EBC00045F6F4
:105780005C220244BC9800EB400002EB80004160C8
:1057900040F64F31BD9848435C4901EBC00045F6E7
:1057A0005C210144BC9800EB400001EB8000816863
:1057B00040F64F32BD985043544A02EBC00000F50A
:1057C000A040C0F8181A002140F64F32BD9850434F
:1057D0004E4A02EBC00240F64F33BD9858434B4B44
:1057E00003EBC00000F5A04090F8140A00EB400362
:1057F00003EBC01002EB001001705FE040F64F3188
:10580000BD984843414901EBC00000F5A040D0F8E5
:10581000181A491C40F64F32BD9850433B4A02EBE0
:10582000C00000F5A040C0F8181A002140F64F3221
:10583000BD985043354A02EBC00240F64F33BD9845
:105840005843324B03EBC00000F5A04090F8140A17
:1058500000EB400303EBC01002EB0010017040F6B8
:105860004F32BD985043294A02EBC00045F65C22F6
:105870000244BC9800EB400002EB8000816040F6DF
:105880004F32BD985043214A02EBC00045F65C22DE
:105890000244BC9800EB400042F8201040F64F3222
:1058A000BD985043194A02EBC00045F65C22024401
:1058B000BC9800EB400002EB800041602FE140F615
:1058C0004F31BD984843114901EBC00140F64F32BA
:1058D000BD9850430D4A02EBC00000F5A04090F87F
:1058E000140A00EB400202EBC01001EB001000783C
:1058F00007287DD140F64F31BD984843034901EB5D
:10590000C00109E07017022440010024F8BC012402
:10591000440100244801002445F668200144BC9855
:1059200000EB400051F8201040F64F32BD98504334
:10593000FE4A02EBC00000F5A040D0F8180A8142F0
:1059400056D10120639040F64F31BD98484311462F
:1059500001EBC00045F668210144BC9800EB400013
:1059600001EB80004068002871DD40F64F31BD98A2
:105970004843114601EBC00045F668210144BC983C
:1059800000EB400001EB80004168491E40F64F32B9
:10599000BD985043E54A02EBC00045F66822024438
:1059A000BC9800EB400002EB8000416040F64F31B4
:1059B000BD984843DD4901EBC00000F5A04090F8D8
:1059C0001C0A401CC1B240F64F32BD985043D74A22
:1059D00002EBC00000F5A04080F81C1A40F64F31E1
:1059E000BD984843114601EBC00045F6682100E030
:1059F0008EE00144BC9800EB400001EB8000816820
:105A000040F64F32BD985043C84A02EBC00000F543
:105A1000A040C0F8181A002140F64F32BD985043FC
:105A2000C24A02EBC00240F64F33BD985843BF4B09
:105A300003EBC00000F5A04090F8140A00EB40030F
:105A400003EBC01002EB0010017060E0FFE740F6CE
:105A50004F31BD984843B54901EBC00000F5A04067
:105A6000D0F8181A491C40F64F32BD985043AF4A3F
:105A700002EBC00000F5A040C0F8181A002140F663
:105A80004F32BD985043A94A02EBC00240F64F3353
:105A9000BD985843A54B03EBC00000F5A04090F81B
:105AA000140A00EB400303EBC01002EB001001707E
:105AB00040F64F32BD9850439C4A02EBC00045F679
:105AC00068220244BC9800EB400002EB8000816039
:105AD00040F64F32BD985043944A02EBC00045F661
:105AE00068220244BC9800EB400042F8201040F6C7
:105AF0004F32BD9850438D4A02EBC00045F66822F4
:105B00000244BC9800EB400002EB8000416006E0DC
:105B1000BC98401CBC90BC980128FFF66FAD00BF3C
:105B2000639858BB00206290BC9017E140F64F315B
:105B3000BD9848437D4901EBC00140F64F32BD9806
:105B400050437A4A02EBC00000F5A04090F8140AD6
:105B500000EB400202EBC01001EB001000780928B6
:105B60006DD140F64F31BD984843704901EBC000FC
:105B700045F65C210144BC9801E0FDE349E100EBFE
:105B8000400051F82000E0BB40F64F31BD9848433B
:105B9000664901EBC00000F5A040D0F8181A40F6A5
:105BA0004F32BD985043614A02EBC00045F65C227B
:105BB0000244BC9800EB400042F8201040F64F3100
:105BC000BD984843594901EBC00140F64F32BD989A
:105BD0005043564A02EBC00000F5A04090F8140A6A
:105BE00000EB400202EBC01001EB0010D0F8601790
:105BF000491E40F64F32BD9850434C4A02EBC0005C
:105C000000E01CE045F65C220244BC9800EB40003A
:105C100002EB80004160002140F64F32BD985043B6
:105C2000424A02EBC00045F65C220244BC9800EBFD
:105C3000400002EB800081600120629092E040F61B
:105C40004F31BD984843394901EBC00140F64F320E
:105C5000BD985043354A02EBC00000F5A04090F8D3
:105C6000140A00EB400202EBC01001EB00100078B8
:105C7000072870D140F64F31BD9848432B4901EBBE
:105C8000C00045F668210144BC9800EB400051F883
:105C90002000E0BB40F64F31BD984843234901EB5B
:105CA000C00000F5A040D0F8181A40F64F32BD9859
:105CB00050431E4A02EBC00045F668220244BC98DD
:105CC00000E0FDE300EB400042F8201040F64F31C9
:105CD000BD984843154901EBC00140F64F32BD98CD
:105CE0005043124A02EBC00000F5A04090F8140A9D
:105CF00000EB400202EBC01001EB0010D0F860177F
:105D0000491E40F64F32BD985043084A01E022E058
:105D10009EE202EBC00045F668220244BC9800EB0C
:105D2000400002EB80004160002101E0F8BC01244A
:105D300040F64F32BD985043FE4A02EBC00045F694
:105D400068220244BC9800EB400002EB80008160B6
:105D50000120629006E0BC98401CBC90BC980128D1
:105D6000FFF6E4AE00BF002140F64F32BD9850432D
:105D7000F04A02EBC00240F64F33BD985843ED4B5A
:105D800003EBC00000F5A04090F8140A00EB4003BC
:105D900003EBC01002EB0010A0F85A1740F64F3288
:105DA000BD985043E34A02EBC00240F64F33BD9822
:105DB0005843E04B03EBC00000F5A04090F8140AF4
:105DC00000EB400303EBC01002EB0010C0F85C17BF
:105DD0006298E8B901213522BD985043D64A02EBBA
:105DE000C000A0F8961140F25C41D44ABD9822F858
:105DF000101040F64F31BD984843CE4901EBC0002A
:105E000000F5A040CE4AD0F8181ABD9842F82010EC
:105E100000BF1DE240F64F31BD984843C54901EB34
:105E2000C00140F64F32BD985043C24A02EBC00059
:105E300000F5A04090F8140A00EB400202EBC010FD
:105E400001EB0010007808287ED140F64F31BD9854
:105E50004843B84901EBC00000F5A04090F81C0A87
:105E600088BB012140F64F32BD985043B14A02EB46
:105E7000C00000F5A04080F8481A40F64F31BD98A8
:105E80004843114601EBC00000F5A040D0F8181AB5
:105E900040F64F32BD985043A64A02EBC00240F68E
:105EA0004F33BD985843A34B03EBC00000F5A0400F
:105EB00090F8140A00EB400303EBC01002EB001053
:105EC000C0F82817C4E1FFE740F64F31BD984843BA
:105ED000984901EBC00045F62021014440F64F32BD
:105EE000BD985043934A02EBC00000F5A04090F8E3
:105EF0001C0A51F8201040F64F32BD9850438D4A8D
:105F000002EBC00000F5A040C0F8181A40F64F316F
:105F1000BD984843114601EBC00000F5A04090F841
:105F20001C0A401EC1B240F64F32BD985043814A10
:105F300002EBC00000F5A04080F81C1A002140F6DA
:105F40004F32BD98504300E015E07A4A02EBC002A0
:105F500040F64F33BD985843764B03EBC00000F535
:105F6000A04090F8140A00EB400303EBC01002EBD2
:105F7000001001706CE140F64F31BD9848436D4907
:105F800001EBC00140F64F32BD985043694A02EB25
:105F9000C00000F5A04090F8140A00EB400202EBAC
:105FA000C01001EB0010007812287DD16549BD9822
:105FB00051F82000E8B901213522BD9850435E4ACE
:105FC00002EBC000A0F8961140F25F415B4ABD9819
:105FD00022F8101040F64F31BD984843554901EB67
:105FE000C00000F5A040564AD0F8181ABD9842F8F3
:105FF000201040F64F31BD9848434E4901EBC00098
:1060000000F5A04090F84D0A401CC1B240F64F3256
:10601000BD985043474A02EBC00000F5A04080F80D
:106020004D1A40F64F31BD984843114601EBC00070
:1060300000F5A04090F84D1A40F64F32BD985043FD
:106040003C4A02EBC00000F5A04080F84E1A012146
:1060500040F64F32BD985043364A02EBC00000F57F
:10606000A04080F8491A002140F64F32BD985043B5
:10607000304A02EBC00240F64F33BD9858432D4BD7
:1060800003EBC00000F5A04090F8140A00EB4003B9
:1060900003EBC01002EB0010A0F85A1740F64F3186
:1060A000BD984843234900E022E001EBC00000F521
:1060B000A040D0F8181A40F64F32BD9850431D4A00
:1060C00002EBC00240F64F33BD985843194B03EB27
:1060D000C00000F5A04090F8140A00EB400303EB69
:1060E000C01002EB0010C0F85C1700206590AFE014
:1060F00040F64F31BD9848430E4901EBC00140F6D0
:106100004F32BD9850430B4A02EBC00000F5A0404F
:1061100090F8140A00EB400202EBC01001EB0010F3
:10612000007813287ED140F64F31BD98484301498D
:106130000AE00000F8BC012470170224400100248A
:10614000440100244801002401EBC00000F5A040F8
:1061500090F84D0A20B1FE49BD9851F82000E8B9E9
:1061600001213522BD985043FA4A02EBC000A0F845
:10617000961140F25F41F84ABD9822F8101040F69F
:106180004F31BD984843F54901EBC00000F5A040F0
:10619000F34AD0F8181ABD9842F8201040F64F3153
:1061A000BD984843ED4901EBC00000F5A04090F8D0
:1061B0004D1A40F64F32BD985043E84A02EBC000FA
:1061C00000F5A04080F84E1A002140F64F32BD98ED
:1061D0005043E24A02EBC00240F64F33BD985843A9
:1061E000DE4B03EBC00000F5A04090F8140A00EB72
:1061F000400303EBC01002EB0010A0F85A1740F662
:106200004F31BD984843D54901EBC00000F5A0408F
:10621000D0F8181A40F64F32BD985043CF4A02EBDF
:10622000C00200E015E040F64F33BD985843CB4B19
:1062300003EBC00000F5A04090F8140A00EB400307
:1062400003EBC01002EB0010C0F85C170020659053
:106250005EE340F64F31BD984843C04901EBC001B1
:1062600040F64F32BD985043BC4A02EBC00000F5E7
:10627000A04090F8140A00EB400202EBC01001EBC2
:106280000010007814287CD140F64F31BD98484367
:10629000B24901EBC00000F5A04090F84D0A20B1D2
:1062A000AB49BD9851F82000F0B901213522BD98C5
:1062B0005043A84A02EBC000A0F8961140F25F419B
:1062C000A54ABD9822F8101040F64F31BD984843BA
:1062D000A24901EBC00000F5A040A14AD0F8181A6D
:1062E000BD9842F8201013E3002140F64F32BD98CC
:1062F00050439A4A02EBC00240F64F33BD985843D0
:10630000964B03EBC00000F5A04090F8140A00EB98
:10631000400303EBC01002EB0010017040F64F3158
:10632000BD9848438D4901EBC00000F5A04090F8AE
:106330004D0A401EC1B240F64F32BD985043874AC5
:1063400002EBC00000F5A04080F84D1A40F64F3136
:10635000BD984843114601EBC00000F5A040D0F8BD
:10636000181A491C40F64F32BD9850437B4A02EB45
:10637000C00000F5A04001E002E302E0C0F8181AF6
:10638000C6E240F64F31BD984843744901EBC00165
:1063900040F64F32BD985043704A02EBC00000F502
:1063A000A04090F8140A00EB400202EBC01001EB91
:1063B00000100078E8B340F64F31BD984843674974
:1063C00001EBC00000F5A040D0F8181A40F64F329B
:1063D000BD985043614A02EBC00240F64F33BD986E
:1063E00058435E4B03EBC00000F5A04090F8140A40
:1063F00000EB400303EBC01002EB0010C0F82817BD
:1064000040F64F31BD984843544901EBC00140F676
:106410004F32BD985043514A02EBC00000F5A040F6
:1064200090F8140A00EB400202EBC01001EB0010E0
:1064300000E01EE200F22C70BEA96390F9F7F9FDAE
:1064400040F64F31BD984843444901EBC00140F646
:106450004F32BD985043414A02EBC00000F5A040C6
:1064600090F8140A00EB400202EBC01001EB0010A0
:1064700090ED0C0B40F64F31BD984843374901EB86
:10648000C00000F5B04080ED940B40F64F31BD9850
:106490004843324901EBC00140F64F32BD985043AA
:1064A0002E4A02EBC00000F5A04090F8140A00EB61
:1064B000400202EBC01001EB001090F8381000E031
:1064C00027E240F64F32BD985043244A02EBC00009
:1064D00000F5A04080F8581A40F64F31BD98484367
:1064E000114601EBC00140F64F32BD9850431B4AA4
:1064F00002EBC00000F5A04090F8140A00EB400247
:1065000002EBC01001EB0010007806283FD10221F9
:1065100040F64F32BD985043104A02EBC00240F69D
:106520004F33BD9858430D4B03EBC00000F5A0401E
:1065300090F8140A00EB400303EBC01002EB0010CC
:106540000170002140F64F32BD985043034A09E0E4
:10655000480100247017022440010024F8BC0124E3
:106560004401002402EBC00240F64F33BD9858436B
:10657000FE4B03EBC00000F5A04090F8140A00EBBE
:10658000400303EBC01002EB00104180FFE040F637
:106590004F31BD984843F54901EBC00140F64F32F9
:1065A000BD985043F14A02EBC00000F5A04090F8BE
:1065B000140A00EB400202EBC01001EB001000785F
:1065C000112836D1022140F64F32BD985043E74A98
:1065D00002EBC00240F64F33BD985843E34B03EB48
:1065E000C00000F5A04090F8140A00EB400303EB54
:1065F000C01002EB00100170B0EE000B40F64F31FE
:10660000BD984843D94901EBC00140F64F32BD98CF
:106610005043D64A02EBC00000F5A04090F8140A9F
:1066200000EB400202EBC01001EB001080ED0A0B02
:10663000ADE040F64F31BD984843CC4901EBC00175
:1066400040F64F32BD985043C84A02EBC00000F5F7
:10665000A04090F8140A00EB400202EBC01001EBDE
:10666000001000780B286CD140F64F31BD9848439C
:10667000BE4901EBC00140F64F32BD985043BB4AC2
:1066800002EBC00000F5A04090F8140A00EB4002B5
:1066900002EBC01001EB0010B0F8280858B940F622
:1066A0004F31BD984843B14901EBC00000F5A0400F
:1066B00090F84C0A38B340F64F31BD984843AB4987
:1066C00001EBC00140F64F32BD985043A74A02EBA0
:1066D000C00000F5A04090F8140A00EB400202EB65
:1066E000C01001EB0010B0F8280800282ADD40F6A1
:1066F0004F31BD9848439D4901EBC00000F5A040D3
:1067000090F84C0AF0B101213522BD985043984AC7
:1067100002EBC000A0F8961140F25A41954ABD988C
:1067200022F8101040F64F31BD9848438F4901EBD5
:10673000C00000F5A040904AD0F8181ABD9842F861
:10674000201024E040F64F31BD984843874901EBC3
:10675000C00140F64F32BD985043844A02EBC0005E
:1067600000F5A04090F8140A00EB400202EBC010C4
:1067700001EB001090F8281840F64F32BD985043B6
:106780007A4A02EBC00000F5A04080F84C1A40F6AF
:106790004F31BD984843754901EBC00000F5A0405A
:1067A00090F8140A401CC1B240F64F32BD985043D5
:1067B0006E4A02EBC00000F5A04080F8141A40F6C3
:1067C0004F31BD984843114601EBC00000F5A04091
:1067D00090F8140A0A280BDB002140F64F32BD98CE
:1067E0005043624A02EBC00000F5A04080F8141A42
:1067F00040F64F31BD9848435C4901EBC00000F5BD
:10680000A040D0F8181A491C40F64F32BD985043AA
:10681000564A02EBC00000F5A040C0F8181A5749CC
:10682000BD9851F8200018BB40F64F31BD98484341
:10683000114601EBC00000F5A040D0F8180A14285A
:1068400066D340F64F31BD984843114601EBC00076
:1068500000F5A040D0F8181A143940F64F32BD9810
:106860005043424A02EBC00000F5A040C0F8181A9D
:106870004EE04249BD9851F8200088BB012140F606
:106880004F32BD985043394A02EBC00000F5A0409A
:1068900080F8481A40F64F31BD984843114601EB45
:1068A000C00000F5A040D0F8181A40F64F32BD984D
:1068B00050432E4A02EBC00240F64F33BD98584376
:1068C0002A4B03EBC00000F5A04090F8140A00EB3F
:1068D000400303EBC01002EB0010C0F8281717E0CC
:1068E000FFE740F64F31BD984843204901EBC00017
:1068F00000F5A040D0F8181A491C40F64F32BD9858
:1069000050431A4A02EBC00000F5A040C0F8181A24
:106910000BE0012140F64F32BD985043134A02EB81
:10692000C00000F5A04080F8481A1449BD9851F8FD
:10693000200028B340F64F31BD9848430B4901EB86
:10694000C00000F5A040FCAAD0F8181ABD9852F873
:106950002000D0F8D00C81421ED9FCA9BD9851F876
:106960002000D0F8D00C58B101210AE0F8BC012475
:10697000701702244001002444010024480100242F
:106980000AE040F64F32BD985043F94A02EBC0008E
:1069900000F5A04080F8481A40F64F31BD984843B2
:1069A000F34901EBC00140F64F32BD985043F04A25
:1069B00002EBC00000F5A04090F8140A00EB400282
:1069C00002EBC01001EB00100078A8B965981428FC
:1069D00012DA40F64F31BD984843E54901EBC0005B
:1069E00000F5A04090F8480A30B9E249BD9831F866
:1069F000100000283EF4C3AC7FE26598401C81B2D1
:106A0000659140F64F31BD984843D94901EBC0012B
:106A100040F64F32BD985043D54A02EBC00000F516
:106A2000A04090F8140A00EB400202EBC01001EB0A
:106A30000010D0F85C17491C40F64F32BD98504307
:106A4000CB4A02EBC00240F64F33BD985843C84BC7
:106A500003EBC00000F5A04090F8140A00EB4003DF
:106A600003EBC01002EB0010C0F85C1740F64F318A
:106A7000BD984843BE4901EBC00140F64F32BD9876
:106A80005043BB4A02EBC00000F5A04090F8140A46
:106A900000EB400202EBC01001EB0010D0F85C17D5
:106AA0006491B549BD9851F820106391BEA9649ACC
:106AB000639803F7F9FDE0BBB0A1BEA8F9F67CFC32
:106AC0006490649810B1002164980170ACA1BEA8D4
:106AD0001BF057FE6490649860B3002164980170C5
:106AE000BEA9649102E06498401C649064980078A8
:106AF0002028F8D06498F9F795FA0146649808447C
:106B0000401E639002E06398401E6390649963980E
:106B1000884203D9639800782028F4D00021639834
:106B2000417040F64F31BD984843914901EBC00197
:106B300001E0C4E1C2E140F64F32BD9850438C4AB7
:106B400002EBC00000F5A04090F8140A00EB4002F0
:106B500002EBC01001EB001000F24470014662909D
:106B60006498F9F647FCE8BB012140F64F32BD9826
:106B700050437F4A02EBC00240F64F33BD98584362
:106B80007B4B03EBC00000F5A04090F8140A00EB2B
:106B9000400303EBC01002EB0010A0F85A1740F6B8
:106BA0004F31BD984843724901EBC00140F64F3266
:106BB000BD9850436E4A02EBC00000F5A04090F82B
:106BC000140A00EB400202EBC01001EB0010007849
:106BD000072867D140F64F31BD984843644901EB1F
:106BE000C00000E069E100F5A04090F81C0A401CDC
:106BF000C1B240F64F32BD9850435D4A02EBC0002F
:106C000000F5A04080F81C1A40F64F31BD9848436B
:106C1000114601EBC00000F5A04090F81C0A0128C5
:106C20001EDB01213522BD985043564A02EBC000BD
:106C3000A0F8961140F25C414E4ABD9822F810101F
:106C400040F64F31BD984843494901EBC00000F57B
:106C5000A0404D4AD0F8181ABD9842F8201021E003
:106C600040F64F31BD984843414901EBC00000F563
:106C7000A040D0F8181A40F64F32BD9850433C4A15
:106C800002EBC00045F62022024440F64F33BD9887
:106C90005843374B03EBC00000F5A04090F81C0AA6
:106CA00042F8201040F64F31BD984843304901EB7F
:106CB000C00140F64F32BD9850432D4A02EBC00050
:106CC00000F5A04090F8140A00EB400202EBC0105F
:106CD00001EB0010007809285FD10020BC9058E03B
:106CE00040F64F31BD984843214901EBC00045F6BD
:106CF0005C210144BC9800EB400051F8201040F6A4
:106D00004F32BD9850431A4A02EBC00000F5A04034
:106D1000D0F8180A814239D140F64F31BD98484326
:106D2000114601EBC00140F64F32BD985043104A66
:106D300002EBC00000F5A04090F8140A00EB4002FE
:106D400002EBC01001EB0010D0F85C1740F64F3298
:106D5000BD985043064A02EBC00045F65C2202444F
:106D6000BC9800EB400002EB8000816014E0000062
:106D7000F8BC012440010024480100242F2F00000A
:106D80003A0000007017022444010024BC98401C03
:106D9000BC90BC980128A3DB50E00020BC9049E0E7
:106DA00040F64F31BD984843FE4901EBC00045F61F
:106DB00068210144BC9800EB400051F8201040F6D7
:106DC0004F32BD985043F74A02EBC00000F5A04097
:106DD000D0F8180A81422AD140F64F31BD98484375
:106DE000114601EBC00140F64F32BD985043ED4AC9
:106DF00002EBC00000F5A04090F8140A00EB40023E
:106E000002EBC01001EB0010D0F85C1740F64F32D7
:106E1000BD985043E34A02EBC00045F668220244A5
:106E2000BC9800EB400002EB8000816005E0BC985C
:106E3000401CBC90BC980128B2DB00BF40F64F312B
:106E4000BD984843D74901EBC00140F64F32BD9889
:106E50005043D44A02EBC00000F5A04090F8140A59
:106E600000EB400202EBC01001EB0010D0F85C1701
:106E700040F64F32BD985043CA4A02EBC00000F5BD
:106E8000A040C0F8181A002140F64F32BD98504378
:106E9000C44A02EBC00240F64F33BD985843C14B81
:106EA00003EBC00000F5A04090F8140A00EB40038B
:106EB00003EBC01002EB0010017000BF1DE00121C8
:106EC0003522BD985043B84A02EBC000A0F8961195
:106ED00040F25941B54ABD9822F8101040F64F31A2
:106EE000BD984843AF4901EBC00000F5A040B04A4F
:106EF000D0F8181ABD9842F8201040F64F31BD98CE
:106F00004843A84901EBC00140F64F32BD985043B9
:106F1000A44A02EBC00000F5A04090F8140A00EB70
:106F2000400202EBC01001EB0010007809281AD0D3
:106F300040F64F31BD9848439A4901EBC00140F6F5
:106F40004F32BD985043974A02EBC00000F5A04075
:106F500090F8140A00EB400202EBC01001EB0010A5
:106F60000078072824D140F64F31BD9848438D4919
:106F700001EBC00140F64F32BD985043894A02EB05
:106F8000C00000F5A04090F8140A00EB400202EBAC
:106F9000C01001EB0010B0F85A0748B965981428E2
:106FA00006DA8249BD9831F8100000283FF425AD7B
:106FB00040F64F31BD9848437A4901EBC00140F695
:106FC0004F32BD985043774A02EBC00000F5A04015
:106FD00090F8140A00EB400202EBC01001EB001025
:106FE000007812287ED140F64F31BD9848436D4954
:106FF00001EBC00000F5A04090F84B0A002871D0CA
:10700000002140F64F32BD985043664A02EBC00063
:1070100000F5A04080F84B1A40F64F32BD9850431F
:10702000604A02EBC00000F5A04080F8491A40F623
:107030004F31BD984843114601EBC00140F64F3235
:10704000BD985043574A02EBC00000F5A04090F8AD
:10705000140A00EB400202EBC01001EB001090F8A4
:107060002300012825D140F64F31BD9848434D49B2
:1070700001EBC00140F64F32BD985043494A02EB44
:10708000C00000F5A04090F8140A00EB400202EBAB
:10709000C01001EB001090F82210FCAABD9852F825
:1070A000200041F62862104400F2663030F81100EA
:1070B000F0BB40F64F31BD9848433A4901EBC0015F
:1070C00040F64F32BD985043364A02EBC00000F5FF
:1070D000A04090F8140A00EB400202EBC01001EB54
:1070E000001000E03AE290F82300032827D140F690
:1070F0004F31BD9848432B4901EBC00140F64F3258
:10710000BD985043274A02EBC00000F5A04090F81C
:10711000140A00EB400202EBC01001EB001090F8E3
:107120002210FCAABD9852F8200041F6286200E027
:1071300040E0104400F2663030F81100D0B340F661
:107140004F31BD984843174901EBC00140F64F321B
:10715000BD985043134A02EBC00000F5A04090F8E0
:10716000140A00EB400202EBC01001EB001090F893
:10717000230002282FD140F64F31BD9848430949DA
:1071800001EBC00140F64F32BD985043054A02EB77
:10719000C00000F5A04090F8140A00EB400202EB9A
:1071A000C01008E0F8BC012470170224400100243C
:1071B000440100244DE001EB001090F82210FCAADD
:1071C000BD9852F8200041F62862104400F23E308B
:1071D00030F81100E8BB40F64F31BD984843FE49F6
:1071E00001EBC00140F64F32BD985043FA4A02EB22
:1071F000C00000F5A04090F8140A00EB400202EB3A
:10720000C01001EB001090F8230004285AD140F67A
:107210004F31BD984843F04901EBC00140F64F3271
:10722000BD985043EC4A02EBC00000F5A04090F836
:10723000140A00EB400202EBC01001EB001090F8C2
:107240002210FCAABD9852F8200041F62862104492
:1072500000E004E000F23E3030F8110088BB40F658
:107260004F31BD984843DC4901EBC00000F5A04018
:10727000D0F8181A491C40F64F32BD985043D64AF0
:1072800002EBC00000F5A040C0F8181A002140F63B
:107290004F32BD985043D04A02EBC00240F64F3304
:1072A000BD985843CC4B03EBC00000F5A04090F8CC
:1072B000140A00EB400303EBC01002EB0010017056
:1072C00036E3FFE740F64F31BD984843C24901EB32
:1072D000C00140F64F32BD985043BF4A02EBC00098
:1072E00000F5A04090F8140A00EB400202EBC01039
:1072F00001EB001090F82300012825D140F64F3112
:10730000BD984843B44901EBC00140F64F32BD98E7
:107310005043B14A02EBC00000F5A04090F8140AB7
:1073200000EB400202EBC01001EB001090F82210BD
:10733000FCAABD9852F8200041F62862104400F2E1
:10734000663030F81100E8B340F64F31BD9848433D
:10735000A14901EBC00140F64F32BD9850439E4A0F
:1073600002EBC00000F5A04090F8140A00EB4002C8
:1073700002EBC01001EB001090F82300032827D186
:1073800040F64F31BD984843934901EBC00140F6A8
:107390004F32BD985043904A02EBC00000F5A04028
:1073A00090F8140A00EB400202EBC01001EB001051
:1073B00090F82210FCAABD9852F8200041F62862ED
:1073C000104400E042E000F2663030F81100E8BB03
:1073D00040F64F31BD9848437F4901EBC00140F66C
:1073E0004F32BD9850437C4A02EBC00000F5A040EC
:1073F00090F8140A00EB400202EBC01001EB001001
:1074000090F82300022827D140F64F31BD98484319
:10741000714901EBC00140F64F32BD9850436E4AAE
:1074200002EBC00000F5A04090F8140A00EB400207
:1074300002EBC01001EB001090F82210FCAABD98DE
:1074400052F8200041F62862104400E042E000F2C9
:107450003E3030F81100E8B340F64F31BD98484354
:107460005D4901EBC00140F64F32BD9850435A4A86
:1074700002EBC00000F5A04090F8140A00EB4002B7
:1074800002EBC01001EB001090F82300042865D136
:1074900040F64F31BD9848434F4901EBC00140F6DB
:1074A0004F32BD9850434C4A02EBC00000F5A0405B
:1074B00090F8140A00EB400202EBC01001EB001040
:1074C00090F82210FCAABD9852F8200041F62862DC
:1074D000104400E004E000F23E3030F81100E8B360
:1074E00047E16598401C81B2659140F64F31BD98E7
:1074F0004843394901EBC00140F64F32BD98504333
:10750000354A02EBC00000F5A04090F8140A00EBE9
:10751000400202EBC01001EB0010D0F85C17491CD0
:1075200040F64F32BD9850432B4A02EBC00240F662
:107530004F33BD985843284B03EBC00000F5A040E3
:1075400090F8140A00EB400303EBC01002EB0010AC
:10755000C0F85C1740F64F31BD9800E0E8E14843C1
:107560001D4901EBC00140F64F32BD9850431A4A05
:1075700002EBC00000F5A04090F8140A00EB4002B6
:1075800002EBC01001EB0010D0F85C1764911349B6
:10759000BD9851F820106391BEA9649A639803F7CF
:1075A00083F8E8BBAFF62C01BEA8F8F605FF64909F
:1075B000649810B100216498017009A1BEA81BF065
:1075C000E0F86490649860B340F64F31BD9848434A
:1075D000014901EBC00007E0F8BC01244801002488
:1075E000454E44494600000000F5A04090F84E1A70
:1075F00040F64F32BD985043FE4A02EBC00000F502
:10760000A04090F84D0A81421ED10B2140F64F3226
:10761000BD985043F74A02EBC00240F64F3301E0F9
:1076200088E02AE0BD985843F24B03EBC00000F518
:10763000A04090F8140A00EB400303EBC01002EBEB
:107640000010A0F85A17B9E040F64F31BD984843F2
:10765000E84901EBC00000F5A04090F84E0A401E3A
:10766000C1B240F64F32BD985043E24A02EBC0002F
:1076700000F5A04080F84E1A7BE0DFA1BEA81BF009
:1076800080F86490649898B340F64F31BD984843B1
:10769000D84901EBC00000F5A04090F84E1A40F622
:1076A0004F32BD985043D34A02EBC00000F5A040D2
:1076B00090F84D0A81421CD10A2140F64F32BD9804
:1076C0005043CC4A02EBC00240F64F33BD985843BA
:1076D000C84B03EBC00000F5A04090F8140A00EB83
:1076E000400303EBC01002EB0010A0F85A1765E04E
:1076F00000E03EE0C2A1BEA81BF043F8649064988D
:10770000B8B140F64F31BD984843BA4901EBC000CB
:1077100000F5A04090F84E0A401CC1B240F64F322E
:10772000BD985043B34A02EBC00000F5A04080F87A
:107730004E1A1DE001213522BD985043B14A02EB9B
:10774000C000A0F8961140F25F41AF4ABD9822F800
:10775000101040F64F31BD984843A64901EBC000D8
:1077600000F5A040A94AD0F8181ABD9842F8201098
:1077700000BF40F64F31BD9848439E4901EBC00120
:1077800040F64F32BD9850439A4A02EBC00000F5D4
:10779000A04090F8140A00EB400202EBC01001EB8D
:1077A0000010B0F85A0748B96598142806DA9649C7
:1077B000BD9831F8100000283FF493AE00BF40F6AA
:1077C0004F31BD9848438B4901EBC00140F64F3221
:1077D000BD985043874A02EBC00000F5A04090F8E6
:1077E000140A00EB400202EBC01001EB0010B0F8ED
:1077F0005A070A2840D140F64F31BD9848437D4989
:1078000001EBC00140F64F32BD985043794A02EB7C
:10781000C00000F5A04090F8140A00EB400202EB13
:10782000C01001EB0010D0F85C17491C40F64F3235
:10783000BD9850436F4A02EBC00000F5A040C0F86D
:10784000181A002140F64F32BD985043694A02EBA6
:10785000C00240F64F33BD985843664B03EBC0005F
:1078600000F5A04090F8140A00EB400303EBC010B1
:1078700002EB001001705BE040F64F31BD984843C9
:107880005C4901EBC00140F64F32BD985043594A64
:1078900002EBC00000F5A04090F8140A00EB400293
:1078A00002EBC01001EB0010B0F85A070B283FD1D3
:1078B00040F64F31BD9848434E4901EBC00140F6B8
:1078C0004F32BD9850434B4A02EBC00000F5A04038
:1078D00090F8140A00EB400202EBC01001EB00101C
:1078E000D0F85C17491C40F64F32BD985043414ACE
:1078F00002EBC00000F5A040C0F8181A002140F6C5
:107900004F32BD9850433B4A02EBC00240F64F3322
:10791000BD985843374B03EBC00000F5A04090F8EA
:10792000140A00EB400303EBC01002EB00100170DF
:1079300040F64F31BD9848432E4901EBC00140F657
:107940004F32BD9850432B4A02EBC00000F5A040D7
:1079500090F8140A00EB400202EBC01001EB00109B
:10796000007813287DD112E16598401C81B26591A1
:1079700040F64F31BD9848431E4901EBC00140F627
:107980004F32BD9850431B4A02EBC00000F5A040A7
:1079900090F8140A00EB400202EBC01001EB00105B
:1079A000D0F85C17491C40F64F32BD985043114A3D
:1079B00002EBC00240F64F33BD9858430D4B03EB2A
:1079C000C00000F5A04090F8140A00EB400303EB60
:1079D000C01002EB0010C0F85C1740F64F31BD98A4
:1079E0004843044901EBC00140F64F32BD98504373
:1079F000004A0DE0F8BC0124454C5345000000004E
:107A0000494600007017022440010024440100246C
:107A100002EBC00000F5A04090F8140A00EB400211
:107A200002EBC01001EB0010D0F85C176491FE4926
:107A3000BD9851F820106391BEA9649A639802F72B
:107A400033FEE0BBAFF6CC41BEA8F8F6B5FC6490BF
:107A5000649810B1002164980170AFF27C41BEA817
:107A600000E016E11AF08DFE6490649840B340F691
:107A70004F31BD984843ED4901EBC00000F5A040EF
:107A800090F84E1A40F64F32BD985043E74A02EB49
:107A9000C00000F5A04090F84D0A81421ED10B2194
:107AA00040F64F32BD985043E04A02EBC00240F628
:107AB0004F33BD985843DD4B03EBC00001E047E076
:107AC00025E000F5A04090F8140A00EB400303EB1A
:107AD000C01002EB0010A0F85A177DE040F64F31BD
:107AE000BD984843D14901EBC00000F5A04090F893
:107AF0004E0A401EC1B240F64F32BD985043CB4AA9
:107B000002EBC00000F5A04080F84E1A3FE0AFF253
:107B10001011BEA81AF035FE64906498B8B140F612
:107B20004F31BD984843C14901EBC00000F5A0406A
:107B300090F84E0A401CC1B240F64F32BD985043F7
:107B4000BA4A02EBC00000F5A04080F84E1A1DE0D2
:107B500001213522BD985043B54A02EBC000A0F880
:107B6000961140F25F41B34ABD9822F8101040F6DA
:107B70004F31BD984843AD4901EBC00000F5A0402E
:107B8000AD4AD0F8181ABD9842F8201000BF40F650
:107B90004F31BD984843A54901EBC00140F64F3233
:107BA000BD985043A14A02EBC00000F5A04090F8F8
:107BB000140A00EB400202EBC01001EB0010B0F819
:107BC0005A0748B96598142806DA9A49BD9831F8D9
:107BD000100000283FF4C8AE00BF40F64F31BD98FA
:107BE0004843924901EBC00140F64F32BD985043E3
:107BF0008E4A02EBC00000F5A04090F8140A00EB9A
:107C0000400202EBC01001EB0010B0F85A070B283D
:107C10003FD140F64F31BD984843844901EBC00144
:107C200040F64F32BD985043804A02EBC00000F549
:107C3000A04090F8140A00EB400202EBC01001EBE8
:107C40000010D0F85C17491C40F64F32BD985043E5
:107C5000764A02EBC00000F5A040C0F8181A0021D7
:107C600040F64F32BD985043704A02EBC00240F6D6
:107C70004F33BD9858436D4B03EBC00000F5A04057
:107C800090F8140A00EB400303EBC01002EB001065
:107C900001706A4800686A49086240F64F31BD9831
:107CA0004843624901EBC00000F5A04090F84A0A41
:107CB000F0B3002140F64F32BD9850435B4A02EBCF
:107CC000C00000F5A04080F84A1A40F64F31BD9838
:107CD0004843114601EBC00000F5A04090F8120A9D
:107CE000401CC1B240F64F32BD9850434F4A02EBA0
:107CF000C00000F5A04080F8121A40F64F31BD9840
:107D00004843114601EBC00140F64F32BD98504345
:107D1000464A02EBC00000F5A04090F8130A00EBC1
:107D2000400202EBC01001EB001000F5B07000E063
:107D300061E0FCAA6390BD9852F8200041F62861EA
:107D4000084448303022014664906398F8F622FBDC
:107D500040F64F31BD984843344901EBC00140F62D
:107D60004F32BD985043314A02EBC00000F5A040AD
:107D700090F8130A00EB400202EBC01001EB001078
:107D800000F59870FCAA6390BD9852F8200041F667
:107D90002861084400F5847030220146649063989D
:107DA000F8F6F8FA40F64F31BD9848431F4901EB09
:107DB000C00140F64F32BD9850431C4A02EBC00050
:107DC00000F5A04090F8130A00EB400202EBC0104F
:107DD00001EB001000F5C870FCAA6390BD9852F842
:107DE000200041F628610844A83030220146649002
:107DF0006398F8F6CFFA40F64F31BD9848430B49E7
:107E000001EBC00000F5A04090F8120A0A281BDB25
:107E1000002140F64F32BD985043044A02EBC000A7
:107E200000F5A0400EE0000048010024F8BC012449
:107E30007017022440010024440100241C01002486
:107E40007491012480F8121AFE49BD9831F810008F
:107E500000284DF08A8540F64F31BD984843FA49D5
:107E600001EBC00140F64F32BD985043F64A02EB99
:107E7000C00000F5A04090F8120A00EB400202EBAF
:107E8000C01001EB001090F87807B0B340F64F3106
:107E9000BD984843EC4901EBC00140F64F32BD9814
:107EA0005043E94A02EBC00000F5A04090F8120AE6
:107EB00000EB400202EBC01001EB001000780A2832
:107EC0001BD040F64F31BD984843DF4901EBC0015C
:107ED00040F64F32BD985043DB4A02EBC00000F53C
:107EE000A04090F8120A00EB400202EBC01001EB38
:107EF000001000780B284DF02C8540F64F31BD98CE
:107F00004843D14901EBC00140F64F32BD98504380
:107F1000CD4A02EBC00000F5A04090F8120A00EB39
:107F2000400202EBC01001EB0010007813288DF026
:107F3000E184DFE810F014008400A9191D31BF6945
:107F4000086BDF6CDF6C9A6CDF6CB56AD568A55482
:107F50005A6B1B696D69B66ADF6C130000BF40F68F
:107F60004F31BD984843B84901EBC00000F5A0402F
:107F700090F8480AE8B3082140F64F32BD985043C4
:107F8000B14A02EBC00240F64F33BD985843AE4BA6
:107F900003EBC00000F5A04090F8120A00EB40038C
:107FA00003EBC01002EB00100170BFEE000B40F6B7
:107FB0004F31BD984843A44901EBC00140F64F3210
:107FC000BD985043A04A02EBC00000F5A04090F8D5
:107FD000120A00EB400202EBC01001EB001080ED32
:107FE000040BBFEE000B40F64F31BD984843964955
:107FF00000E022E001EBC00140F64F32BD98504353
:10800000914A02EBC00000F5A04090F8120A00EB84
:10801000400202EBC01001EB001000F5006080EDA3
:10802000040B012140F64F32BD985043864A02EBC3
:10803000C00000F5A04080F8491A0DF089BC8348C3
:1080400000688349886740F64F31BD9848437E49B0
:1080500001EBC00240F64F31BD9848437A4901EB2D
:10806000C00000F5A04090F8130A00EB400101EBBE
:10807000C01002EB001000F59870479040F64F31A9
:10808000BD984843704901EBC00240F64F31BD989E
:1080900048436D4901EBC00000F5A04090F8120A7A
:1080A00000EB400101EBC01002EB00104030302229
:1080B00046904799F8F66EF940F64F31BD9848431F
:1080C000614901EBC00140F64F32BD9850435E4A12
:1080D00002EBC00000F5A04090F8130A00EB40024C
:1080E00002EBC01001EB001000F5B070479040F6B5
:1080F0004F31BD984843544901EBC00240F64F311F
:10810000BD984843504901EBC00000F5A04090F8ED
:10811000120A00EB400101EBC01002EB00107030BE
:10812000302246904799F8F635F940F64F31BD9820
:108130004843454901EBC00140F64F32BD985043DA
:10814000414A02EBC00000F5A04090F8130A00EB92
:10815000400202EBC01001EB001000F5C870479020
:1081600040F64F31BD984843374901EBC00240F615
:108170004F31BD984843344901EBC00000F5A040A1
:1081800090F8120A00EB400101EBC01002EB001066
:10819000A030302246904799F8F6FCF840F64F316F
:1081A000BD984843284901EBC00140F64F32BD98C5
:1081B0005043254A02EBC00000F5A04090F8120A97
:1081C00000EB400202EBC01001EB00104088C0EB56
:1081D000C001FCAABD9852F8200000F6D84000EB80
:1081E000011090F83000A8BB40F64F31BD984843CD
:1081F000154901EBC00140F64F32BD985043124A79
:1082000002EBC00000F5A04090F8120A00EB40021B
:1082100002EBC01001EB00104088C0EBC001FCAACB
:10822000BD9852F8200000F6D84000EB01114791AC
:1082300040F64F31BD984843034901EBC00240F678
:108240004F3108E040010024F8BC01241C01002447
:1082500074910124A2E0BD984843FE4901EBC0009F
:1082600000F5A04090F8120A00EB400101EBC010AD
:1082700002EB001000F5B070302246904799F8F6F6
:1082800089F840F64F31BD984843F24901EBC001EF
:1082900040F64F32BD985043EE4A02EBC00000F565
:1082A000A04090F8120A00EB400202EBC01001EB74
:1082B000001000F59870009040F64F31BD9848438B
:1082C000E44901EBC00140F64F32BD985043E14A0A
:1082D00002EBC00000F5A04090F8120A00EB40024B
:1082E00002EBC01001EB00104030479040F64F31D8
:1082F000BD984843D74901EBC00240F64F31BD98C5
:108300004843D44901EBC00000F5A04090F8120AA0
:1083100000EB400101EBC01002EB001000F5B07063
:10832000FCAA4690BD9852F8200000F6080045903F
:108330000021479B469A08F7DDFFF890F898E0B3D4
:1083400001213522BD985043C34A02EBC000A0F87A
:108350009611F89801B2C14ABD9822F8101040F663
:108360004F31BD984843BB4901EBC00140F64F3245
:10837000BD985043B74A02EBC00000F5A04090F80A
:10838000120A00EB400202EBC01001EB0010B44AED
:10839000D0F82817BD9842F820104EE640F64F312D
:1083A000BD984843AB4901EBC00140F64F32BD9840
:1083B0005043A84A02EBC00000E0F0E100F5A04005
:1083C00090F8120A00EB400202EBC01001EB001023
:1083D0004088C0EBC001FCAABD9852F8200000F60E
:1083E000D84000EB011090F8300001287ED1FCA9A4
:1083F000BD9851F8201041F62860084400790528FE
:1084000075DA40F64F31BD984843924901EBC002FE
:1084100040F64F31BD9848438E4901EBC00000F54E
:10842000A04090F8120A00EB400101EBC01002EBF3
:10843000001000F59870479040F64F31BD984843C2
:10844000844901EBC00240F64F31BD984843814951
:1084500001EBC00000F5A04090F8120A00EB4001CB
:1084600001EBC01002EB0010008900EB4002FCABF6
:10847000BD9853F82000103041F28851084400EBB9
:108480000210469040F64F31BD984843714901EBC8
:10849000C00240F64F31BD9848436E4901EBC00021
:1084A00000F5A04090F8120A00EB400101EBC0106B
:1084B00002EB0010C08800EB4002BD9853F820008A
:1084C000103041F67811084400EB0210459040F658
:1084D0004F31BD9848435F4901EBC00240F64F3130
:1084E000BD9848435B4901EBC00001E047E119E05A
:1084F00000F5A04090F8120A00EB400101EBC0101B
:1085000002EB00104088C0EBC002BD9853F8200079
:1085100000F6D84000EB0210449045A90EC908F7B8
:10852000F7FA92E040F64F31BD984843494901EBD4
:10853000C00240F64F31BD984843464901EBC000A8
:1085400000F5A04090F8120A00EB400101EBC010CA
:1085500002EB001000F59870479040F64F31BD983F
:1085600048433C4901EBC00240F64F31BD984843B7
:10857000384901EBC00000F5A04090F8120A00EB6A
:10858000400101EBC01002EB0010008900EB40023B
:10859000FCABBD9853F82000103041F288510844DC
:1085A00000EB0210469040F64F31BD9848432949F0
:1085B00001EBC00240F64F31BD984843254901EB1D
:1085C000C00000F5A04090F8120A00EB400101EB5A
:1085D000C01002EB0010C08800EB4002BD9853F8B9
:1085E0002000103041F67811084400EB021045904D
:1085F00040F64F31BD984843164901EBC00240F6A2
:108600004F31BD984843134901EBC00000F5A0402D
:1086100090F8120A00EB400101EBC01002EB0010D1
:108620004088C0EBC002BD9853F8200000F6D84047
:1086300000EB021044909FED0B2B9FED0A1B9FED6A
:10864000090B45A90EC908F79BFA40F64F31BD98B2
:1086500048430BE0F8BC01247017022440010024B9
:10866000440100240000000000000000FE4901EB6E
:10867000C00140F64F32BD985043FB4A02EBC000A8
:1086800000F5A04090F8120A00EB400202EBC01087
:1086900001EB001000F5B070009040F64F31BD982E
:1086A0004843F14901EBC00140F64F32BD985043B9
:1086B000ED4A02EBC00000F5A04090F8120A00EB72
:1086C000400202EBC01001EB001000F598704790DB
:1086D00040F64F31BD984843E34901EBC00240F6F4
:1086E0004F31BD984843E04901EBC00000F5A04080
:1086F00090F8120A00EB400101EBC01002EB0010F1
:108700007030FCAA4690BD9852F8200000F6080090
:1087100045900121479B469A08F7ECFDF890F898A0
:10872000E8B301213522BD985043D04A02EBC00086
:10873000A0F89611F89801B2CD4ABD9822F8101011
:1087400040F64F31BD984843C74901EBC00140F6A0
:108750004F32BD985043C44A02EBC00000F5A04020
:1087600090F8120A00EB400202EBC01001EB00107F
:10877000C04AD0F82817BD9842F820105DE40121C6
:108780003522BD985043B94A02EBC000A0F89611BB
:108790004FF47E71B64ABD9822F8101000E01EE03A
:1087A00040F64F31BD984843AF4901EBC00140F658
:1087B0004F32BD985043AC4A02EBC00000F5A040D8
:1087C00090F8120A00EB400202EBC01001EB00101F
:1087D000A84AD0F82817BD9842F820102DE4A648E2
:1087E0000068A649C86740F64F31BD9848439E4986
:1087F00001EBC00140F64F32BD9850439A4A02EB5C
:10880000C00000F5A04090F8120A00EB400202EB15
:10881000C01001EB00104088C0EBC001FCAABD985D
:1088200052F8200000F6D84000EB01103830479095
:1088300040F64F31BD9848438B4901EBC00240F6EA
:108840004F31BD984843884901EBC00000F5A04076
:1088500090F8120A00EB400101EBC01002EB00108F
:1088600000F5C870302246904799F7F693FD40F620
:108870004F31BD9848437C4901EBC00140F64F326F
:10888000BD985043784A02EBC00000F5A04090F834
:10889000120A00EB400202EBC01001EB001040880E
:1088A000C0EBC001FCAABD9852F8200000F6D840E9
:1088B00000EB011090F86800E8B30021BB9163E081
:1088C00040F64F31BD984843674901EBC00140F67F
:1088D0004F32BD985043644A02EBC00000F5A040FF
:1088E00090F8120A00EB400202EBC01001EB0010FE
:1088F00000F5C871BB9801EBC00090ED000B40F68D
:108900004F31BD984843584901EBC00140F64F3202
:10891000BD985043544A02EBC00000F5A04090F8C7
:10892000120A00EB400202EBC01001EB001000F154
:10893000A001BB9800E02AE001EBC00090ED001B15
:1089400030EE010B40F64F31BD984843464901EBEC
:10895000C00140F64F32BD985043434A02EBC0007D
:1089600000F5A04090F8120A00EB400202EBC010A4
:1089700001EB001000F5C871BB9801EBC00080ED61
:10898000000BBB98401CBB90BB98002898DBFCA94F
:10899000BD9851F8200041F6286108440079052867
:1089A0006EDA40F64F31BD9848432F4901EBC002C3
:1089B00040F64F31BD9848432B4901EBC00000F50C
:1089C000A04090F8120A00EB400101EBC01002EB4E
:1089D00000104030479040F64F31BD98484322493F
:1089E00001EBC00240F64F31BD9848431E4901EBF0
:1089F000C00000F5A04090F8120A00EB400101EB26
:108A0000C01002EB0010008900EB4002FCABBD98E7
:108A100053F82000103041F28851084400EB021155
:108A200058AA46914799469807F740FF40F64F31BC
:108A3000BD9848430C4901EBC00140F64F32BD9848
:108A40005043094A02EBC00000F5A04090F8120A1A
:108A500000EB400202EBC01001EB001000F5987033
:108A6000479040F64F310CE0F8BC01247017022407
:108A700040010024440100241C01002474910124BD
:108A800029E0BD984843FE4901EBC00240F64F3152
:108A9000BD984843FA4901EBC00000F5A04090F8AA
:108AA000120A00EB400101EBC01002EB001000893C
:108AB00000EB4002FCABBD9853F82000103041F2AF
:108AC0008851084400EB02114CAA469147994698F8
:108AD00007F7ECFE96E040F64F31BD984843E84971
:108AE00001EBC00240F64F31BD984843E44901EB29
:108AF000C00000F5A04090F8120A00EB400101EB25
:108B0000C01002EB00104030479040F64F31BD9846
:108B10004843DB4901EBC00240F64F31BD98484362
:108B2000D74901EBC00000F5A04090F8120A00EB15
:108B3000400101EBC01002EB0010008900EB400285
:108B4000FCABBD9853F82000103041F28851084426
:108B500000EB021158AA9FEDCB2B9FEDCA1B9FED96
:108B6000C90B46914799469807F72CFF40F64F31BD
:108B7000BD984843C24901EBC00140F64F32BD9851
:108B80005043BF4A02EBC00000F5A04090F8120A23
:108B900000EB400202EBC01001EB001000F59870F2
:108BA000479040F64F31BD984843B54901EBC002AC
:108BB00040F64F31BD984843B14901EBC00000F584
:108BC000A04090F8120A00EB400101EBC01002EB4C
:108BD0000010008900EB4001FCAABD9852F820006B
:108BE000103041F28852104400EB01114CAA9FED65
:108BF000A52B9FEDA41B9FEDA30B4691479946988B
:108C000007F7E0FE0021BB91E5E0FCAABD9852F811
:108C1000200000F55070BB9901EB410202EBC1014D
:108C200010F8310001280FD0FCAABD9852F820009E
:108C300000F55070BB9901EB410202EBC10110F845
:108C40003100022800D0C3E0FCAABD9852F82000F1
:108C500000F55070BB9901EB410202EBC10100EB42
:108C6000C1002030FCAA4490BD9852F8200000F5C5
:108C70005070BB9901EB410202EBC10100EBC10056
:108C800008304390014658A8449A03F73BFD4790AB
:108C9000FCAABD9852F8200000F55070BB9901EB7A
:108CA000410202EBC10100EBC1002030FCAA44905C
:108CB000BD9852F8200000F55070BB9901EB4102BD
:108CC00002EBC10100EBC1000830439001464CA803
:108CD000449A03F717FD4690FCAABD9852F820006D
:108CE00000F55070BB9901EB410202EBC10100EBB2
:108CF000C1002030FCAA4490BD9852F8200000F535
:108D00005070BB9901EB410202EBC10100EBC100C5
:108D10000830439002464CA958A8449B01F7F0FB49
:108D20004590479808B1469870B9FCA9BD9851F88C
:108D3000200000F55070BB9901EB410202EBC1012C
:108D400010F83100012810D04598E0B3FCA9BD9877
:108D500051F8200000F55070BB9901EB410202EB85
:108D6000C10110F83100022831D101213522BD980E
:108D70005043464A02EBC000A0F89611BB9800F59C
:108D8000916001B2424ABD9822F8101040F64F316E
:108D9000BD9848433A4901EBC00140F64F32BD98B7
:108DA0005043374A02EBC00000F5A04090F8120A89
:108DB00000EB400202EBC01001EB0010354AD0F886
:108DC0002817BD9800E002E042F8201007E000BF3D
:108DD000BB98401CBB90BB980A28FFF616AF00BF9B
:108DE0002D4801682D48C0F880100020BB90BCE0E1
:108DF00040F64F31BD984843214901EBC00140F690
:108E00004F32BD9850431E4A02EBC00000F5A0400F
:108E100090F8120A00EB400202EBC01001EB0010C8
:108E200000F5B071BB9801EBC00090ED000BFCA900
:108E3000BD9851F820001030BB9900EB811090EDE7
:108E4000001BB4EEC10BF1EE10FA3FDC40F64F31DF
:108E5000BD9848430A4901EBC00140F64F32BD9826
:108E60005043074A02EBC00000F5A04090F8120AF8
:108E700000EB400202EBC01001EB001010E000001C
:108E8000F8BC01240000000000000000701702245C
:108E900040010024440100241C0100247491012499
:108EA00000F5B071BB9801EBC00090ED000BFCA980
:108EB000BD9851F820001030BB9900EB811090ED67
:108EC000021BB4EEC10BF1EE10FA4BD2FCA9BD9817
:108ED00051F820101031BB9801EB801090ED000B81
:108EE000FCA9BD9851F820001030BB9900EB81100F
:108EF00090ED021BB4EEC10BF1EE10FA32DD012150
:108F00003522BD985043FE4A02EBC000A0F89611EE
:108F1000FCA00BF7A9FABB9800F29D4001B2FE4AF3
:108F2000BD9822F8101040F64F31BD984843FB49D8
:108F300001EBC00140F64F32BD985043F74A02EBB7
:108F4000C00000F5A04090F8120A00EB400202EBCE
:108F5000C01001EB0010F24AD0F82817BD9842F873
:108F600020100EE0BB98401CBB90FCA9BD9851F8A6
:108F7000200041F6286108440179BB9881423FF7FF
:108F800037AF00BF0021BB91ABE040F64F31BD9839
:108F90004843E24901EBC00140F64F32BD985043CF
:108FA000DE4A02EBC00000F5A04090F8120A00EB88
:108FB000400202EBC01001EB001000F5C871BB9835
:108FC00001EBC00090ED000BFCA9BD9851F820000A
:108FD00000F5E070BB9900EB811090ED001BB4EE42
:108FE000C10BF1EE10FA2EDC40F64F31BD9848432C
:108FF000CA4901EBC00140F64F32BD985043C74A01
:1090000002EBC00000F5A04090F8120A00EB40020D
:1090100002EBC01001EB001000F5C871BB9801EB2A
:10902000C00090ED000BFCA9BD9851F8200000F5A0
:10903000E070BB9900EB811090ED021BB4EEC10B08
:10904000F1EE10FA4AD2FCA9BD9851F8200000F5C3
:10905000E071BB9801EB801090ED000BFCA9BD986E
:1090600051F8200000F5E070BB9900EB811090ED05
:10907000021BB4EEC10BF1EE10FA2FDD01213522F7
:10908000BD9850439E4A02EBC000A0F89611BB98D1
:1090900000F2C44001B2A04ABD9822F8101040F678
:1090A0004F31BD9848439D4901EBC00140F64F3216
:1090B000BD985043994A02EBC00000F5A04090F8DB
:1090C000120A00EB400202EBC01001EB0010944AC0
:1090D000D0F82817BD9842F8201006E0BB98401C35
:1090E000BB90BB980028FFF650AF00BF8D480068CA
:1090F0008D49C1F88000FCA9BD9851F8200041F6C7
:1091000028610844007906287DD140F64F31BD988A
:109110004843824901EBC00240F64F31BD984843B5
:109120007E4901EBC00000F5A04090F8120A00EB68
:10913000400101EBC01002EB001000F51C704790DD
:1091400040F64F31BD984843744901EBC00240F6E8
:109150004F31BD984843714901EBC00000F5A04074
:1091600090F8120A00EB400101EBC01002EB001076
:1091700090ED1A0B8DED440B40F64F31BD984843EE
:10918000664901EBC00240F64F31BD984843634940
:1091900001EBC00000F5A04090F8120A00EB40017E
:1091A00001EBC01002EB001090ED180B8DED420B9F
:1091B00040F64F31BD984843584901EBC00240F694
:1091C0004F31BD984843554901EBC00000F5A04020
:1091D00090F8120A00EB400101EBC01002EB001006
:1091E00090ED160B8DED400B47989DED442B9DEDBA
:1091F000421B9DED400BFCF6BDFD40F64F31BD9886
:109200004843464900E0E7E001EBC00240F64F3139
:10921000BD984843414901EBC00000F5A04090F8DB
:10922000120A00EB400101EBC01002EB001000F548
:109230002C70479040F64F31BD984843374901EBB9
:10924000C00240F64F31BD984843344901EBC0009D
:1092500000F5A04090F8120A00EB400101EBC010AD
:1092600002EB001090ED560B8DED440B40F64F31A4
:10927000BD984843294901EBC00240F64F31BD98E3
:109280004843264901EBC00000F5A04090F8120ABF
:1092900000EB400101EBC01002EB001090ED540B0D
:1092A0008DED420B40F64F31BD9848431B4901EB11
:1092B000C00240F64F31BD984843184901EBC00049
:1092C00000F5A04090F8120A00EB400101EBC0103D
:1092D00002EB001090ED520B8DED400B47989DED89
:1092E000442B9DED421B9DED400BFCF643FD40F6EB
:1092F0004F31BD984843094901EBC00216E0000018
:10930000701702244552525F4C494D49545F4A310F
:1093100020350D0A0000000040010024F8BC0124A3
:10932000440100241C0100247491012440F64F31B3
:10933000BD984843FE4901EBC00000F5A04090F8FD
:10934000120A00EB400101EBC01002EB001000F527
:109350002C70479040F64F31BD984843F44901EBDB
:10936000C00240F64F31BD984843F14901EBC000BF
:1093700000F5A04090F8120A00EB400101EBC0108C
:1093800002EB001000F51C7046904699479891ED4D
:10939000063B91ED042B91ED021B91ED000BF7F6CE
:1093A00039FD40F64F31BD984843E14901EBC00219
:1093B00040F64F31BD984843DD4901EBC00000F550
:1093C000A04090F8120A00EB400101EBC01002EB44
:1093D000001080EDB40B57E040F64F31BD98484384
:1093E000D34901EBC00140F64F32BD985043D04AFB
:1093F00002EBC00000F5A04090F8120A00EB40021A
:1094000002EBC01001EB001090ED520B40F64F3113
:10941000BD984843C64901EBC00140F64F32BD98A4
:109420005043C34A02EBC00000F5A04090F8120A76
:1094300000EB400202EBC01001EB001090ED161B98
:1094400030EE410B9FEDBB1B20EE010B9FEDBB1BD4
:1094500080EE012B40F64F31BD984843B44901EBF3
:10946000C00140F64F32BD985043B14A02EBC000F4
:1094700000F5A04090F8120A00EB400202EBC01089
:1094800001EB001080EDB42B40F64F31BD984843FE
:10949000A74901EBC00140F64F32BD985043A44AA2
:1094A00002EBC00000F5A04090F8120A00EB400269
:1094B00002EBC01001EB001090F8380001287CD1BD
:1094C00040F64F31BD984843994901EBC00240F640
:1094D0004F31BD984843964901EBC00000F5A040CC
:1094E00090F8120A00EB400101EBC01002EB0010F3
:1094F00000F59870479040F64F31BD9848438C492D
:1095000001EBC00240F64F31BD984843884901EB5A
:10951000C00000F5A04090F8120A00EB400101EBFA
:10952000C01002EB001040304690479901F722F935
:1095300040F64F31BD9848437D4901EBC00140F6EC
:109540004F32BD9850437A4A02EBC00000F5A0406C
:1095500090F8120A00EB400202EBC01001EB001081
:1095600000F5806080EDDA0B40F64F31BD9848433E
:109570006F4901EBC00140F64F32BD9850436C4A31
:1095800002EBC00000F5A04090F8120A00EB400288
:1095900002EBC01001EB001000F5806090EDDA0BDB
:1095A0009FED681BB4EEC10BF1EE10FA60D240F6ED
:1095B0004F31BD9848435E4900E05AE001EBC002DC
:1095C00040F64F31BD984843594901EBC00000F5C2
:1095D000A04090F8120A00EB400101EBC01002EB32
:1095E000001000F59870469040F64F31BD98484302
:1095F0004F4901EBC00240F64F31BD9848434C49FA
:1096000001EBC00000F5A04090F8120A00EB400109
:1096100001EBC01002EB00104030FCA94590BD9852
:1096200051F8200041F62861084401790A46479123
:109630004699459801F76EF840F64F31BD9848437A
:109640003B4901EBC00140F64F32BD985043384AC8
:1096500002EBC00000F5A04090F8120A00EB4002B7
:1096600002EBC01001EB001000F5806080EDDA0B1A
:109670004EE140F64F31BD9848432D4901EBC00102
:1096800040F64F32BD985043294A02EBC00000F526
:10969000A04090F8120A00EB400202EBC01001EB70
:1096A000001090F8380002287ED140F64F31BD9866
:1096B00048431F4901EBC00140F64F32BD9850436B
:1096C0001B4A02EBC00000F5A04090F8120A00EB24
:1096D000400202EBC01001EB001090EDB40BB0EEB5
:1096E000C00B9FED161B20EE010B9FED121B80EEB1
:1096F000012B40F64F31BD9848430D4901EBC001A5
:1097000040F64F32BD985043094A02EBC00000F5C5
:10971000A04090F8120A00EB400202EBC01001EBEF
:10972000001000F5806080EDDA2B40F64F310DE03F
:10973000F8BC0124112D4454FB2109400000000015
:1097400000806640F168E388B5F8E43EBD98484380
:10975000FE4901EBC00140F64F32BD985043FB4A31
:1097600002EBC00000F5A04090F8120A00EB4002A6
:1097700002EBC01001EB001000F5806090EDDA0BF9
:109780001FED101BB4EEC10BF1EE10FA60D240F6E3
:109790004F31BD984843ED4901EBC00240F64F31CF
:1097A000BD984843E94900E053E001EBC00000F5F3
:1097B000A04090F8120A00EB400101EBC01002EB50
:1097C000001000F59870469040F64F31BD98484320
:1097D000DE4901EBC00240F64F31BD984843DB49FA
:1097E00001EBC00000F5A04090F8120A00EB400128
:1097F00001EBC01002EB00104030FCAA4590BD9870
:1098000052F8200041F6286108440079024647904A
:109810004699459800F77EFF40F64F31BD98484382
:10982000CA4901EBC00140F64F32BD985043C74AC8
:1098300002EBC00000F5A04090F8120A00EB4002D5
:1098400002EBC01001EB001000F5806080EDDA0B38
:109850005EE040F64F31BD984843BC4901EBC00281
:1098600040F64F31BD984843B84901EBC00000F5C0
:10987000A04090F8120A00EB400101EBC01002EB8F
:10988000001000F59870469040F64F31BD9848435F
:10989000AE4901EBC00240F64F31BD984843AB4999
:1098A00001EBC00000F5A04090F8120A00EB400167
:1098B00001EBC01002EB00104030FCAA4590BD98AF
:1098C00052F8200041F6286108440079024647908A
:1098D0004699459800F71EFF40F64F31BD98484322
:1098E0009A4901EBC00140F64F32BD985043974A68
:1098F00002EBC00000F5A04090F8120A00EB400215
:1099000002EBC01001EB001000F5806080EDDA0B77
:1099100040F64F31BD9848438C4901EBC00140F6F9
:109920004F32BD985043894A02EBC00000F5A04079
:1099300090F8120A00EB400202EBC01001EB00109D
:1099400000F5806090EDDA0B1FED821BB4EEC10BC9
:10995000F1EE10FA54D240F64F31BD9848437B499E
:1099600001EBC00240F64F31BD984843774901EB07
:10997000C00000F5A04090F8120A00EB400101EB96
:10998000C01002EB001000F5C870479040F64F3150
:10999000BD9848436D4901EBC00240F64F31BD9878
:1099A00048436A4901EBC00000F5A04090F8120A54
:1099B00000EB400101EBC01002EB0010A0300022D0
:1099C0004690479900F7A6FE40F64F31BD984843B0
:1099D0005E4901EBC00140F64F32BD9850435B4AEF
:1099E00002EBC00000F5A04090F8120A00EB400224
:1099F00002EBC01001EB001000F5806080EDDA0B87
:109A0000534800685349C1F8880040F64F31BD986B
:109A100048434E4901EBC00240F64F31BD984843E0
:109A20004A4901EBC00000F5A04090F8120A00EB93
:109A3000400101EBC01002EB001000F59870479058
:109A400040F64F31BD984843404901EBC00240F613
:109A50004F31BD9848433D4901EBC00000F5A0409F
:109A600090F8120A00EB400101EBC01002EB00106D
:109A700040304690479900F77DFE40F64F31BD9843
:109A80004843324901EBC00140F64F32BD98504384
:109A90002E4A02EBC00000F5A04090F8120A00EB3D
:109AA000400202EBC01001EB001000F5806080ED79
:109AB000DC0B40F64F31BD984843244901EBC0010F
:109AC00040F64F32BD985043204A02EBC00000F5EB
:109AD000A04090F8120A00EB400202EBC01001EB2C
:109AE000001000F5FC60479040F64F31BD984843A8
:109AF000164901EBC00240F64F31BD984843134967
:109B000001EBC00000F5A04090F8120A00EB400104
:109B100001EBC01002EB001000F59870469040F683
:109B20004F31BD984843094901EBC00240F64F311F
:109B3000BD984843054901EBC00000F5A04090F8EE
:109B4000120A00EB400101EBC01005E0F8BC012453
:109B50001C0100247491012402EB00104030459058
:109B6000479A469902F76AFE40F64F31BD9848433E
:109B7000FE4901EBC00140F64F32BD985043FB4A0D
:109B800002EBC00000F5A04090F8120A00EB400282
:109B900002EBC01001EB001000F5FC60479002F7EB
:109BA00031F840F64F31BD984843F04901EBC0020F
:109BB00040F64F31BD984843EC4901EBC00000F539
:109BC000A04090F8120A00EB400101EBC01002EB3C
:109BD000001000F5806090EDF80B40F64F31BD9815
:109BE0004843E24901EBC00240F64F31BD9848437B
:109BF000DE4901EBC00000F5A04090F8120A00EB2E
:109C0000400101EBC01002EB001000F5806080ED18
:109C1000FE0B40F64F31BD984843D44901EBC002DA
:109C200040F64F31BD984843D04901EBC00000F5E4
:109C3000A04090F8120A00EB400101EBC01002EBCB
:109C4000001000F5FC6090ED020B40F64F31BD981E
:109C50004843C64901EBC00140F64F32BD9850431E
:109C6000C24A02EBC00000F5A04090F8120A00EBD7
:109C7000400202EBC01001EB001000F5FF6080ED28
:109C8000020B40F64F31BD984843B84901EBC00183
:109C900040F64F32BD985043B44A02EBC00000F585
:109CA000A04090F8120A00EB400202EBC01001EB5A
:109CB000001000F5FC6090ED040B40F64F31BD98AC
:109CC0004843AA4901EBC00140F64F32BD985043CA
:109CD000A64A02EBC00000F5A04090F8120A00EB83
:109CE000400202EBC01001EB001000F5FF6080EDB8
:109CF000040B0020BC904DE040F64F31BD98484326
:109D00009A4901EBC00140F64F32BD985043974A43
:109D100002EBC00000F5A04090F8120A00EB4002F0
:109D200002EBC01001EB00114031BC9801EBC00008
:109D300090ED000B9FED8E1B20EE010B40F64F3196
:109D4000BD984843894901EBC00140F64F32BD98A8
:109D50005043864A02EBC00000F5A04090F8120A7A
:109D600000EB400202EBC01001EB001000F598710F
:109D7000BC9801EBC00090ED001B9FED7F2B02EE25
:109D8000010BDEA9BC9801EBC00080ED000BBC9874
:109D9000401CBC90FCA9BD9851F8201041F62860E9
:109DA00008440179BC988142A6DC75480068754971
:109DB000C1F88C00D2A8009040F64F31BD984843BE
:109DC0006A4901EBC00240F64F31BD9848436749EC
:109DD00001EBC00000F5A04090F8120A00EB400132
:109DE00001EBC01002EB00107030FCAA4790BD9848
:109DF00052F8200000F60800DEAB46900121479A99
:109E000007F778FAF890F89870B301213522BD98D9
:109E100050435D4A02EBC000A0F89611F89801B2D9
:109E20005A4ABD9822F8101040F64F31BD98484369
:109E30004E4901EBC00140F64F32BD9850434B4AAA
:109E400002EBC00000F5A04090F8120A00EB4002BF
:109E500002EBC01001EB00104D4AD0F82817BD9856
:109E600042F820100BF074BD454800684549C1F820
:109E700090000021BB9148E040F64F31BD98484327
:109E80003A4901EBC00140F64F32BD985043374A82
:109E900002EBC00000F5A04090F8120A00EB40026F
:109EA00002EBC01001EB001000F17001BB9801EB58
:109EB000C00090ED000BD2A9BB9801EBC00090ED63
:109EC000001B31EE400B40F64F31BD984843274907
:109ED00001EBC00140F64F32BD985043234A02EBDC
:109EE000C00000F5A04090F8120A00EB400202EB1F
:109EF000C01001EB001101F5F061BB9801EBC0004F
:109F000080ED000BBB98401CBB90FCA9BD9851F89C
:109F1000200041F6286108440179BB988142ABDCFE
:109F20000021BC9162E040F64F31BD9848430F4993
:109F300001EBC00140F64F32BD9850430B4A02EB93
:109F4000C00000F5A04090F8120A00EB400202EBBE
:109F5000C01001EB00114031BC9801EBC00090ED46
:109F6000000B9FED051B20EE010B13E0F8BC012454
:109F70002B8716D9CEF7EF3FFCA9F1D24D62503FA7
:109F80001C01002474910124701702244001002454
:109F90004401002440F64F31BD984843FD4901EB90
:109FA000C00140F64F32BD985043FA4A02EBC00060
:109FB00000F5A04090F8120A00EB400202EBC0103E
:109FC00001EB001000F59871BC9801EBC00090ED1A
:109FD000001B1FED192B02EE010BDEA9BC9801EB53
:109FE000C00080ED000BBC98401CBC90FCA9BD9843
:109FF00051F8200041F6286108440179BC9881425B
:10A0000091DCD2A8009040F64F31BD984843E14919
:10A0100001EBC00240F64F31BD984843DD4901EBEA
:10A02000C00000F5A04090F8120A00EB400101EBDF
:10A03000C01002EB001000F5B070FCAA4790BD986C
:10A0400052F8200000F60800DEAB46900121479A46
:10A0500007F750F9F890F89868B301213522BD98B8
:10A060005043CD4A02EBC000A0F89611F89801B217
:10A07000CA4ABD9822F8101040F64F31BD984843A7
:10A08000C44901EBC00140F64F32BD985043C14A6C
:10A0900002EBC00000F5A04090F8120A00EB40026D
:10A0A00002EBC01001EB0010BD4AD0F82817BD9894
:10A0B00042F82010D6E60021BB9148E040F64F312F
:10A0C000BD984843B34901EBC00140F64F32BD98FB
:10A0D0005043B04A02EBC00000F5A04090F8120ACD
:10A0E00000EB400202EBC01001EB001000F5B07174
:10A0F000BB9801EBC00090ED000BD2A9BB9801EB1F
:10A10000C00090ED001B30EE410B40F64F31BD9882
:10A110004843A04901EBC00140F64F32BD9850437F
:10A120009C4A02EBC00000F5A04090F8120A00EB38
:10A13000400202EBC01001EB001101F5F661BB9883
:10A1400001EBC00080ED000BBB98401CBB90FCA94C
:10A15000BD9851F8200041F6286108440179BB9868
:10A160008142ABDC8F4800688F49C1F89400002120
:10A17000BC913FE040F64F31BD984843854901EB23
:10A18000C00140F64F32BD985043824A02EBC000F6
:10A1900000F5A04090F8120A00EB400202EBC0105C
:10A1A00001EB00114031BC9801EBC00090ED000BB9
:10A1B00040F64F31BD984843764901EBC00140F667
:10A1C0004F32BD985043734A02EBC00000F5A040E7
:10A1D00090F8120A00EB400202EBC01001EB0010F5
:10A1E00000F57071BC9801EBC00080ED000BBC98CD
:10A1F000401CBC90FCA9BD9851F8200041F6286194
:10A2000008440179BC988142B4DC0021BC9140E053
:10A2100040F64F31BD9848435E4901EBC00140F61E
:10A220004F32BD9850435B4A02EBC00000F5A0409E
:10A2300090F8120A00EB400202EBC01001EB001094
:10A2400000F59871BC9801EBC00090ED000B40F652
:10A250004F31BD9848434F4901EBC00140F64F32A2
:10A26000BD9850434B4A02EBC00000F5A04090F867
:10A27000120A00EB400202EBC01001EB001000F5E7
:10A280009361BC9801EBC00080ED000BBC98401CB2
:10A29000BC90FCA9BD9851F8200041F62861084403
:10A2A0000179BC988142B3DC40F64F31BD984843F8
:10A2B000384901EBC00140F64F32BD985043354A52
:10A2C00002EBC00000F5A04090F8130A00EB40023A
:10A2D00002EBC01001EB001090ED040BB5EEC00BCB
:10A2E000F1EE10FA62D240F64F31BD984843294949
:10A2F00001EBC00240F64F31BD984843254901EBC0
:10A30000C00000F5A04090F8130A00EB400101EBFB
:10A31000C01002EB001000F5F660479040F64F3198
:10A32000BD9848431B4901EBC00240F64F31BD9830
:10A330004843184901EBC00000F5A04090F8120A0C
:10A3400000EB400101EBC01002EB001000F5F060E3
:10A3500046904799F6F6FAFD40F64F31BD984843CE
:10A360000C4901EBC00140F64F32BD985043094AF9
:10A3700002EBC00000F5A04090F8120A00EB40028A
:10A3800002EBC01001EB001000F5006080ED040B43
:10A39000CDE20BE0F8BC0124701702244001002438
:10A3A000440100241C0100247491012440F64F3123
:10A3B000BD984843FE4901EBC00140F64F32BD98BD
:10A3C0005043FB4A02EBC00000F5A04090F8130A8E
:10A3D00000EB400202EBC01001EB001090ED040B0B
:10A3E000B5EEC00BF1EE10FA1ED1BFEE000B40F639
:10A3F0004F31BD984843EE4901EBC00140F64F3262
:10A40000BD985043EA4A02EBC00000F5A04090F826
:10A41000120A00EB400202EBC01001EB001000F545
:10A42000006080ED040B82E29FEDE20B40F64F31BD
:10A43000BD984843DE4901EBC00140F64F32BD985C
:10A440005043DB4A02EBC00000F5A04090F8120A2E
:10A4500000EB400202EBC01001EB001000F50060C1
:10A4600080ED040B40F64F31BD984843D04901EBD5
:10A47000C00140F64F32BD985043CD4A02EBC000B8
:10A4800000F5A04090F8130A00EB400202EBC01068
:10A4900001EB0011459140F64F31BD984843C44946
:10A4A00001EBC00140F64F32BD985043C04A02EB69
:10A4B000C00000F5A04090F8120A00EB400202EB49
:10A4C000C01001EB00114491FCA9BD9851F8200087
:10A4D00000F60800FCAA4790BD9852F8200041F60B
:10A4E00028610844007946900246479B4599449864
:10A4F00005F778F940F64F31BD984843AC4901EB78
:10A50000C00140F64F32BD985043A94A02EBC0004B
:10A5100000F5A04090F8130A00EB400202EBC010D7
:10A5200001EB0010007803287ED140F64F31BD9832
:10A5300048439F4901EBC00240F64F31BD98484364
:10A540009B4901EBC00000F5A04090F8130A00EB16
:10A55000400101EBC01002EB001000F59360419048
:10A5600040F64F31BD984843914901EBC00240F697
:10A570004F31BD9848438E4901EBC00000F5A04023
:10A5800090F8130A00EB400101EBC01002EB001041
:10A5900000F5E47042AA4090419902F74FF940F665
:10A5A0004F31BD984843824901EBC00140F64F321C
:10A5B000BD9850437E4A02EBC00000F5A04090F8E1
:10A5C000130A00EB400202EBC01001EB001000F593
:10A5D000FF60419040F64F31BD984843744901EB0C
:10A5E000C00240F64F31BD984843714901EBC000AD
:10A5F00000F5A04090F8130A00EB400101EBC010F9
:10A6000002EB001000F5F870409042A9419AF9F66B
:10A610001DFA40F64F31BD984843654901EBC00132
:10A6200040F64F32BD9800E079E05043604A02EBBB
:10A63000C00000F5A04090F8130A00EB400202EBC6
:10A64000C01001EB001000F5FF60419001F7DAFA4D
:10A6500040F64F31BD984843554901EBC00240F6E2
:10A660004F31BD984843524901EBC00000F5A0406E
:10A6700090F8130A00EB400101EBC01002EB001050
:10A6800000F5806090EDFE0B8DED400B40F64F31F4
:10A69000BD984843464901EBC00240F64F31BD9892
:10A6A0004843434901EBC00000F5A04090F8130A6D
:10A6B00000EB400101EBC01002EB001000F5FF6061
:10A6C00090ED020B8DED3E0B9DED401B9DED3E0B85
:10A6D0000AF716F99FED391B20EE010B9FED391B90
:10A6E00080EE012B40F64F31BD984843304901EBD5
:10A6F000C00240F64F31BD9848432D4901EBC000E0
:10A7000000F5A04090F8130A00EB400101EBC010E7
:10A7100002EB001000F5916080ED582B00BF40F671
:10A720004F31BD984843224901EBC00140F64F32FA
:10A73000BD9850431E4A02EBC00000F5A04090F8BF
:10A74000130A00EB400202EBC01001EB001000788E
:10A7500002287CD140F64F31BD984843144901EBA3
:10A76000C00240F64F31BD984843114901EBC0008B
:10A7700000F5A04090F8130A00EB400101EBC01077
:10A7800002EB001000F5BF60479040F64F31BD98D6
:10A790004843074901EBC00240F64F31BD9848439A
:10A7A000034901EBC00000F5A04090F8130A0DE04A
:10A7B000F8BC0124000000000000000000000000C0
:10A7C00000806640112D4454FB21094000EB4001FC
:10A7D00001EBC01002EB001000F5916090ED0E0B44
:10A7E0008DED440B40F64F31BD984843FE4901EBD7
:10A7F000C00240F64F31BD984843FB4901EBC00011
:10A8000000F5A04090F8130A00EB400101EBC010E6
:10A8100002EB001000F5916090ED0C0B8DED420BFA
:10A8200040F64F31BD984843EF4901EBC00240F676
:10A830004F31BD984843EC4901EBC00000F5A04002
:10A8400090F8130A00EB400101EBC01000E06EE04D
:10A8500002EB001000F5916090ED0A0B8DED400BBE
:10A8600047989DED442B9DED421B9DED400BFBF663
:10A8700081FA40F64F31BD984843DB4901EBC002F5
:10A8800040F64F31BD984843D74901EBC00000F571
:10A89000A04090F8130A00EB400101EBC01002EB5E
:10A8A000001000F52C70479040F64F31BD9848439A
:10A8B000CD4901EBC00240F64F31BD984843CA492B
:10A8C00001EBC00000F5A04090F8130A00EB400136
:10A8D00001EBC01002EB001000F5BF6046904699F6
:10A8E000479891ED063B91ED042B91ED021B91ED04
:10A8F000000BF6F68FFA40F64F31BD984843BA493F
:10A9000001EBC00240F64F31BD984843B64901EB18
:10A91000C00000F5A04090F8130A00EB400101EBE5
:10A92000C01002EB001000F5916080ED640BAF48A1
:10A930000068AF49C1F8980040F64F31BD984843D0
:10A94000A94901EBC00140F64F32BD985043A64AD9
:10A9500002EBC00000F5A04090F8120A00EB4002A4
:10A9600002EBC01001EB001000F5806090EDF80BD9
:10A970008DED460B40F64F31BD9848439A4901EBA7
:10A98000C00140F64F32BD985043974A02EBC000D9
:10A9900000F5A04090F8120A00EB400202EBC01054
:10A9A00001EB001000F5FC6090ED020B8DED440B07
:10A9B0009DED461B9DED440B09F7A2FF1FED811B8A
:10A9C00020EE010B1FED811B80EE012B40F64F3175
:10A9D000BD984843844901EBC00140F64F32BD9811
:10A9E0005043814A02EBC00000F5A04090F8120AE3
:10A9F00000EB400202EBC01001EB001000F53C70D0
:10AA000080ED5A2B40F64F31BD984843764901EB13
:10AA1000C00140F64F32BD985043734A02EBC0006C
:10AA200000F5A04090F8120A00EB400202EBC010C3
:10AA300001EB001000F5806090EDFE0B8DED460BF4
:10AA400040F64F31BD984843674901EBC00140F6DD
:10AA50004F32BD985043644A02EBC00000F5A0405D
:10AA600090F8120A00EB400202EBC01001EB00105C
:10AA700000F5FF6090ED020B8DED440B9DED461B44
:10AA80009DED440B09F73CFF1FEDB41B20EE010BBD
:10AA90001FEDB41B80EE012B40F64F31BD984843AB
:10AAA000514901EBC00140F64F32BD9850434E4A28
:10AAB00002EBC00000F5A04090F8120A00EB400243
:10AAC00002EBC01001EB001000F5916080ED582BF7
:10AAD00040F64F31BD984843434901EBC00140F671
:10AAE0004F32BD985043404A02EBC00000F5A040F1
:10AAF00090F8130A00EB400202EBC01001EB0010CB
:10AB000000F5916090ED580B40F64F31BD984843E9
:10AB1000354901EBC00140F64F32BD985043324AEF
:10AB200002EBC00000F5A04090F8120A00EB4002D2
:10AB300002EBC01001EB001000F53C7080ED580BEB
:10AB400040F64F31BD984843274901EBC00140F61C
:10AB50004F32BD985043244A02EBC00000F5A0409C
:10AB600090F8120A00EB400202EBC01001EB00105B
:10AB700000F53C7090ED5A0B40F64F31BD984843BC
:10AB8000194901EBC00140F64F32BD985043164AB7
:10AB900002EBC00000F5A04090F8130A00EB400261
:10ABA00002EBC01001EB001000F5916080ED5A0B34
:10ABB00040F64F31BD9848430B4901EBC00140F6C8
:10ABC0004F32BD985043084A02EBC00000F5A04048
:10ABD00090F8130A00EB400202EBC01001EB0010EA
:10ABE00000780C287ED105E0F8BC01241C0100246B
:10ABF000749101249FEDFE0B40F64F31BD98484300
:10AC0000FD4901EBC00140F64F32BD985043FA4A6E
:10AC100002EBC00000F5A04090F8120A00EB4002E1
:10AC200002EBC01001EB001000F5006080ED040B9A
:10AC30000020BC90BDE040F64F31BD984843EE493E
:10AC400001EBC00140F64F32BD985043EA4A02EB97
:10AC5000C00000F5A04090F8120A00EB400202EBA1
:10AC6000C01001EB001101F5FC61BC9801EBC000C4
:10AC700090ED000B40F64F31BD984843DE4901EBA3
:10AC8000C00140F64F32BD985043DB4A02EBC00092
:10AC900000F5A04090F8130A00EB400202EBC01050
:10ACA00001EB001101F5FF61BC9801EBC00080EDE4
:10ACB000000B40F64F31BD984843CF4901EBC0012E
:10ACC00040F64F32BD985043CB4A02EBC00000F52E
:10ACD000A04090F8130A00EB400202EBC01001EB19
:10ACE000001000E02EE100F59871BC9801EBC00067
:10ACF00090ED000B40F64F31BD984843BE4901EB43
:10AD0000C00140F64F32BD985043BB4A02EBC00031
:10AD100000F5A04090F8130A00EB400202EBC010CF
:10AD200001EB001101F5FF61BC9801EBC00090ED53
:10AD3000001B40F64F31BD984843AF4901EBC001BD
:10AD400040F64F32BD985043AB4A02EBC00000F5CD
:10AD5000A04090F8130A00EB400202EBC01001EB98
:10AD6000001000F5C46090ED022B01EE420B40F69E
:10AD70004F31BD984843A04901EBC00140F64F3226
:10AD8000BD9850439C4A02EBC00000F5A04090F8EB
:10AD9000130A00EB400202EBC01001EB001000F5BB
:10ADA000D261BC9801EBC00080ED000BBC98401C48
:10ADB000BC90BC980328FFF63EAF40F64F31BD98DB
:10ADC00048438D4901EBC00240F64F31BD984843DE
:10ADD000894901EBC00000F5A04090F8130A00EB90
:10ADE000400101EBC01002EB001000F5C660032229
:10ADF00011464790F7F622FF40F64F31BD98484381
:10AE00007D4901EBC00140F64F32BD9850437A4A6C
:10AE100002EBC00000F5A04090F8130A00EB4002DE
:10AE200002EBC01001EB001000F5806080EDDA0B42
:10AE30000021FCAABD9852F8200041F62862104477
:10AE40000079CDE9000140F64F31BD9848436A4989
:10AE500001EBC00140F64F32BD985043664A02EB09
:10AE6000C00000F5A04090F8130A00EB400202EB8E
:10AE7000C01001EB0010008900EB4001FCAABD9856
:10AE800052F82000103041F28852104400EB0111BA
:10AE9000469140F64F31BD984843574901EBC001F8
:10AEA00040F64F32BD985043534A02EBC00000F5C4
:10AEB000A04090F8130A00EB400202EBC01001EB37
:10AEC00000104030FCAA4590BD9852F8200000F5D3
:10AED0005070034647900C20469A459909F754F95B
:10AEE000C390C39870B301213522BD985043434AA3
:10AEF00002EBC000A0F89611C39800F2874001B29F
:10AF00003F4ABD9822F8101040F64F31BD98484393
:10AF1000394901EBC00140F64F32BD985043364AE3
:10AF200002EBC00000F5A04090F8130A00EB4002CD
:10AF300002EBC01001EB0010324AD0F82817BD9880
:10AF400042F82010304800683049C1F89C0040F6B3
:10AF50004F31BD984843284901EBC00240F64F31BC
:10AF6000BD984843244901EBC00000F5A04090F88B
:10AF7000120A00EB400101EBC01002EB001000F5DB
:10AF8000B070459040F64F31BD9848431A4901EBE7
:10AF9000C00240F64F31BD984843174901EBC0004D
:10AFA00000F5A04090F8120A00EB400101EBC01040
:10AFB00002EB00107030FCAA4490BD9852F82000BB
:10AFC0001030FCA94790BD9851F8200041F6286147
:10AFD0000844017946910A46479B4599449800F7F1
:10AFE0001BFD8DED4A0B40F64F31BD9848430FE0F5
:10AFF0000000000000000000F8BC012470170224CB
:10B0000040010024440100241C0100247491012407
:10B01000FE4901EBC00140F64F32BD985043FB4A58
:10B0200002EBC00000F5A04090F8120A00EB4002CD
:10B0300002EBC01001EB001000F5C870469040F61E
:10B040004F31BD984843F14901EBC00240F64F3102
:10B05000BD984843ED4901EBC00000F5A04090F8D1
:10B06000120A00EB400101EBC01002EB0010A0300F
:10B07000FCAA4590BD9852F8200000F5E070034608
:10B08000002247904699459800F7C6FC8DED480B85
:10B090009DED4A1B9DED480B81FE000B8DEDC40B11
:10B0A0009DEDC40BB5EEC00BF1EE10FA5FD040F68B
:10B0B0004F31BD984843D54901EBC00140F64F32AE
:10B0C000BD985043D14A02EBC00000F5A04090F873
:10B0D000120A00EB400202EBC01001EB001000F579
:10B0E000806090EDDA2B9DEDC40B82EE001B8DEDA0
:10B0F000461B40F64F31BD984843C44901EBC0019F
:10B1000040F64F32BD985043C04A02EBC00000F5F4
:10B11000A04090F8120A00EB400202EBC01001EBD5
:10B12000001090ED0C1B9DED460BB4EEC01BF1EE34
:10B1300010FA1BDD9DED460B40F64F31BD9848439C
:10B14000B24901EBC00140F64F32BD985043AF4ABF
:10B1500002EBC00000F5A04090F8120A00EB40029C
:10B1600002EBC01001EB001080ED0C0B00BF40F6AD
:10B170004F31BD984843A54901EBC00140F64F321D
:10B18000BD985043A14A02EBC00000F5A04090F8E2
:10B19000120A00EB400202EBC01001EB001090ED30
:10B1A0000C0B9DEDAC1BB4EEC10BF1EE10FA1BDDE8
:10B1B0009DEDAC0B40F64F31BD984843934901EBF0
:10B1C000C00140F64F32BD985043904A02EBC00098
:10B1D00000F5A04090F8120A00EB400202EBC0100C
:10B1E00001EB001080ED0C0B012140F64F32BD98B1
:10B1F0005043864A02EBC00240F64F33BD98584395
:10B20000824B03EBC00000F5A04090F8120A00EB5F
:10B21000400303EBC01002EB001080F8781740F6F3
:10B220004F31BD984843794901EBC00000F5A0407B
:10B2300090F8121A40F64F32BD985043734A02EB11
:10B24000C00000F5A04080F8131A40F64F31BD98B9
:10B250004843114601EBC00000F5A04090F8120AE7
:10B26000401CC1B240F64F32BD985043674A02EBD2
:10B27000C00000F5A04080F8121A654800686549D2
:10B28000C1F8A0000AF064BB614800686149C1F8D8
:10B29000A40040F64F31BD9848435C4901EBC00221
:10B2A00040F64F31BD984843584901EBC00000F5C6
:10B2B000A04090F8130A00EB400101EBC01002EB34
:10B2C000001000F598705F9040F64F31BD984843EC
:10B2D0004E4901EBC00240F64F31BD9848434B49FF
:10B2E00001EBC00000F5A04090F8120A00EB40010D
:10B2F00001EBC01002EB0010403030225E905F99ED
:10B30000F5F648F840F64F31BD9848433F4901EB08
:10B31000C00140F64F32BD9850433C4A02EBC0009A
:10B3200000F5A04090F8130A00EB400202EBC010B9
:10B3300001EB001000F5B0705F9040F64F31BD9802
:10B340004843324901EBC00240F64F31BD984843B3
:10B350002E4901EBC00000F5A04090F8120A00EB66
:10B36000400101EBC01002EB0010703030225E9003
:10B370005F99F5F60FF840F64F31BD9848432349E1
:10B3800001EBC00140F64F32BD9850431F4A02EB1B
:10B39000C00000F5A04090F8130A00EB400202EB59
:10B3A000C01001EB001000F5C8705F9040F64F31FF
:10B3B000BD984843154901EBC00240F64F31BD9896
:10B3C0004843124901EBC00000F5A04090F8120A72
:10B3D00000EB400101EBC01002EB0010A030302266
:10B3E0005E905F99F4F6D6FF40F64F31BD98484322
:10B3F000064901EBC00140F64F32BD985043034A65
:10B4000002EBC00000F5A04006E00000F8BC0124FB
:10B410001C0100247491012490F8120A00EB4002F0
:10B4200002EBC01001EB001090ED0A0BB0EE001B18
:10B43000B4EE410BF1EE10FA75D140F64F31BD98E4
:10B440004843FE4901EBC00240F64F31BD984843E6
:10B45000FA4901EBC00000F5A04090F8130A00EB98
:10B46000400101EBC01002EB001000F598705F90F6
:10B4700040F64F31BD984843F04901EBC00240F619
:10B480004F31BD984843ED4901EBC00000F5A040A5
:10B4900090F8120A00EB400101EBC01002EB001023
:10B4A00000F5987030225E905F99F4F673FF40F6D5
:10B4B0004F31BD984843E14901EBC00140F64F329E
:10B4C000BD985043DD4A02EBC00000F5A04090F863
:10B4D000130A00EB400202EBC01001EB001000F574
:10B4E000B0705F9040F64F31BD984843D34901EBAF
:10B4F000C00240F64F31BD984843D04901EBC0002F
:10B5000000F5A04090F8120A00EB400101EBC010DA
:10B5100002EB001000F5B07030225E905F99F4F6F7
:10B5200039FF6EE3FFE740F64F31BD984843C3490A
:10B5300001EBC00140F64F32BD985043BF4A02EBC9
:10B54000C00000F5A04090F8120A00EB400202EBA8
:10B55000C01001EB00104088C0EBC001FCAABD98F0
:10B5600052F8200000F6D84000EB011090F83000AF
:10B57000F0BB40F64F31BD984843B04901EBC001E4
:10B5800040F64F32BD985043AC4A02EBC00000F584
:10B59000A04090F8120A00EB400202EBC01001EB51
:10B5A00000104088C0EBC001FCAABD9852F82000F2
:10B5B00000F6D84000EB01115F9140F64F31BD9885
:10B5C00048439E4901EBC00140F64F32BD985043BD
:10B5D0009A4A02EBC00000F5A04090F8120A00EB76
:10B5E000400202EBC01001EB001000F5B07000E06B
:10B5F00091E030225E905F99F4F6CCFE40F64F3138
:10B60000BD9848438D4901EBC00140F64F32BD98CB
:10B6100050438A4A02EBC00000F5A04090F8120A9D
:10B6200000EB400202EBC01001EB001000F5987037
:10B63000009040F64F31BD984843804901EBC0016E
:10B6400040F64F32BD9850437C4A02EBC00000F5F3
:10B65000A04090F8120A00EB400202EBC01001EB90
:10B66000001040305F9040F64F31BD984843734919
:10B6700001EBC00240F64F31BD9848436F4901EBE2
:10B68000C00000F5A04090F8120A00EB400101EB69
:10B69000C01002EB001000F5B070FCAA5E90BD98DF
:10B6A00052F8200000F608005D9000215F9B5E9A32
:10B6B00005F720FEF890F898F0B301213522BD98E7
:10B6C00050435F4A02EBC000A0F89611F89801B20F
:10B6D0005C4ABD9822F8101040F64F31BD9848439F
:10B6E000564901EBC00140F64F32BD985043534AD2
:10B6F00002EBC00000F5A04090F8120A00EB4002F7
:10B7000002EBC01001EB00104F4AD0F82817BD988B
:10B7100042F82010B6E540F64F31BD9848434749FE
:10B7200001EBC00140F64F32BD985043434A02EB53
:10B73000C00000F5A04000E043E290F8120A00EBE0
:10B74000400202EBC01001EB00104088C0EBC001CA
:10B75000FCAABD9852F8200000F6D84000EB01107A
:10B7600090F83000012868D1FCA9BD9851F820005C
:10B7700041F6286108440079052867DA40F64F3120
:10B78000BD9848432D4901EBC00240F64F31BD98AA
:10B7900048432A4901EBC00000F5A04090F8120A86
:10B7A00000EB400101EBC01002EB001000F59870B7
:10B7B0005F9040F64F31BD984843204901EBC002ED
:10B7C00040F64F31BD9848431C4901EBC00000F5DD
:10B7D000A04090F8120A00EB400101EBC01002EB10
:10B7E0000010008900EB4001FCAABD9852F820002F
:10B7F000103041F28852104400EB01115E9140F686
:10B800004F31BD9848430D4901EBC00140F64F321E
:10B81000BD985043094A02EBC00000F5A04090F8E3
:10B82000120A00EB400202EBC01001EB0010C088CE
:10B8300000EB4001FCAABD9809E0B2E1F8BC01248C
:10B8400070170224400100244401002431E052F822
:10B850002000103041F67812104400EB01115D9188
:10B8600040F64F31BD984843FE4901EBC00140F618
:10B870004F32BD985043FB4A02EBC00000F5A04098
:10B8800090F8120A00EB400202EBC01001EB00102E
:10B890004088C0EBC001FCAABD9852F8200000F619
:10B8A000D84000EB01115C915CA80FC805F730F996
:10B8B00092E040F64F31BD984843EA4901EBC0029F
:10B8C00040F64F31BD984843E64901EBC00000F512
:10B8D000A04090F8120A00EB400101EBC01002EB0F
:10B8E000001000F598705F9040F64F31BD984843C6
:10B8F000DC4901EBC00240F64F31BD984843D949BD
:10B9000001EBC00000F5A04090F8120A00EB4001E6
:10B9100001EBC01002EB0010008900EB4002FCAB11
:10B92000BD9853F82000103041F28851084400EBD4
:10B9300002105E9040F64F31BD984843C94901EB73
:10B94000C00240F64F31BD984843C64901EBC000E4
:10B9500000F5A04090F8120A00EB400101EBC01086
:10B9600002EB0010C08800EB4002BD9853F82000A5
:10B97000103041F67811084400EB02105D9040F65B
:10B980004F31BD984843B74901EBC00240F64F31F3
:10B99000BD984843B34901EBC00000F5A04090F8C2
:10B9A000120A00EB400101EBC01002EB00104088CE
:10B9B000C0EBC002BD9853F8200000F6D84000EB61
:10B9C00002105C909FEDA82B9FEDA71B9FEDA60B8F
:10B9D0005DA90EC905F7D4F840F64F31BD9848432C
:10B9E000A04901EBC00240F64F31BD9848439D4944
:10B9F00001EBC00000F5A04090F8121A01EB4100E5
:10BA000000EBC11002EB00107030302201465F9055
:10BA1000EAA8F4F6BFFC0020BB9044E040F64F31AA
:10BA2000BD9848438F4901EBC00140F64F32BD98A5
:10BA300050438C4A02EBC00000F5A04090F8120A77
:10BA400000EB400202EBC01001EB001000F5E460D7
:10BA5000BB99405C20B340F64F31BD9848438149C3
:10BA600001EBC00140F64F32BD9850437D4A02EBD6
:10BA7000C00000F5A04090F8120A00EB400202EB73
:10BA8000C01001EB001101F5DE61BB9801EBC000B5
:10BA900090ED000BEAA9BB9801EBC00080ED000B14
:10BAA000BB98401CBB90FCA9BD9851F8200041F602
:10BAB000286108440179BB988142AFDC40F64F31E0
:10BAC000BD984843674901EBC00140F64F32BD982D
:10BAD0005043644A02EBC00000F5A04090F8120AFF
:10BAE00000EB400202EBC01001EB001000F5B0705B
:10BAF000009040F64F31BD9848435A4901EBC001D0
:10BB000040F64F32BD985043564A02EBC00000F554
:10BB1000A04090F8120A00EB400202EBC01001EBCB
:10BB2000001000F59870FCAA5F90BD9852F82000B4
:10BB300000F608005E90EAAA01215F9B05F7DAFB98
:10BB4000F890F898E8B301213522BD985043484A4F
:10BB500002EBC000A0F89611F89801B2454ABD98D2
:10BB600022F8101040F64F31BD9848433D4901EB93
:10BB7000C00140F64F32BD9850433A4A02EBC00034
:10BB800000F5A04090F8120A00EB400202EBC01052
:10BB900001EB0010384AD0F82817BD9842F8201061
:10BBA000B8E501213522BD985043314A02EBC0006F
:10BBB000A0F896114FF47E712E4ABD9822F810100D
:10BBC00000E01EE040F64F31BD984843254901EBA7
:10BBD000C00140F64F32BD985043224A02EBC000EC
:10BBE00000F5A04090F8120A00EB400202EBC010F2
:10BBF00001EB0010204AD0F82817BD9842F8201019
:10BC000088E51E4801681E48C0F8A81040F64F316C
:10BC1000BD984843134901EBC00140F64F32BD982F
:10BC20005043104A02EBC00000F5A04090F8122AE1
:10BC300002EB420000EBC21001EB00104088C0EBA9
:10BC4000C001FCAABD9852F8200000F6D84000EBD5
:10BC5000011038305F9040F64F31BD98484301499C
:10BC600010E00000F8BC012400000000000000000B
:10BC70007017022440010024440100241C01002408
:10BC80007491012401EBC00240F64F31BD98484346
:10BC9000FE4901EBC00000F5A04090F8120A00EB4D
:10BCA000400101EBC01002EB001000F5C87030221B
:10BCB0005E905F99F4F66EFB40F64F31BD984843B5
:10BCC000F24901EBC00140F64F32BD985043EF4AB4
:10BCD00002EBC00000F5A04090F8122A02EB4200EF
:10BCE00000EBC21001EB00104088C0EBC001FCAAC1
:10BCF000BD9852F8200000F6D84000EB011090F8F3
:10BD00006800E8B30020BB9063E040F64F31BD9877
:10BD10004843DE4901EBC00140F64F32BD98504325
:10BD2000DA4A02EBC00000F5A04090F8122A02EBBC
:10BD3000420000EBC21001EB001000F5C871BB9887
:10BD400001EBC00090ED000B40F64F31BD98484329
:10BD5000CE4901EBC00140F64F32BD985043CB4A6B
:10BD600002EBC00000F5A04090F8122A02EB42005E
:10BD700000EBC21001EB001000F1A001BB9800E045
:10BD80002AE001EBC00090ED001B30EE010B40F605
:10BD90004F31BD984843BD4901EBC00140F64F32D9
:10BDA000BD985043B94A02EBC00000F5A04090F89E
:10BDB000122A02EB420000EBC21001EB001000F56A
:10BDC000C871BB9801EBC00080ED000BBB98401C14
:10BDD000BB90BB98002898DBFCA9BD9851F82010B7
:10BDE00041F628600844007906287DD140F64F319D
:10BDF000BD984843A54901EBC00240F64F31BD98BC
:10BE00004843A24901EBC00000F5A04090F8121A87
:10BE100001EB410000EBC11002EB001000F51C70BB
:10BE20005F9040F64F31BD984843984901EBC002FE
:10BE300040F64F31BD984843944901EBC00000F5EE
:10BE4000A04090F8121A01EB410000EBC11002EB88
:10BE5000001090ED1A0B8DED5C0B40F64F31BD9844
:10BE600048438A4901EBC00240F64F31BD98484330
:10BE7000864901EBC00000F5A04090F8121A01EBD2
:10BE8000410000EBC11002EB001090ED180B8DED9E
:10BE90005A0B40F64F31BD9848437C4901EBC00234
:10BEA00040F64F31BD984843784901EBC00000F59A
:10BEB000A04090F8121A01EB410000EBC11002EB18
:10BEC000001090ED160B8DED580B5F989DED5C2BDF
:10BED0009DED5A1B9DED580BF9F64CFF40F64F3186
:10BEE000BD984843694900E0D2E001EBC00240F64A
:10BEF0004F31BD984843654901EBC00000F5A040B3
:10BF000090F8121A01EB410000EBC11002EB001097
:10BF100000F52C705F9040F64F31BD9848435B4967
:10BF200001EBC00240F64F31BD984843574901EB41
:10BF3000C00000F5A04090F8120A00EB400101EBB0
:10BF4000C01002EB001090ED560B8DED5C0B40F62F
:10BF50004F31BD9848434D4901EBC00240F64F3187
:10BF6000BD984843494901EBC00000F5A04090F856
:10BF7000120A00EB400101EBC01002EB001090ED43
:10BF8000540B8DED5A0B40F64F31BD9848433F4955
:10BF900001EBC00240F64F31BD9848433B4901EBED
:10BFA000C00000F5A04090F8120A00EB400101EB40
:10BFB000C01002EB001090ED520B8DED580B5F9806
:10BFC0009DED5C2B9DED5A1B9DED580BF9F6D2FEB5
:10BFD00040F64F31BD9848432C4901EBC00240F672
:10BFE0004F31BD984843294901EBC00000F5A040FE
:10BFF00090F8121A01EB410000EBC11002EB0010A7
:10C0000000F52C705F9040F64F31BD9848431F49B2
:10C0100001EBC00240F64F31BD9848431B4901EB8C
:10C02000C00000F5A04090F8120A00EB400101EBBF
:10C03000C01002EB001000F51C705E905E995F98D6
:10C0400091ED063B91ED042B91ED021B91ED000B60
:10C05000F4F6E0FE40F64F31BD9848430B4901EB42
:10C06000C00240F64F31BD984843084901EBC0007B
:10C0700000F5A04090F8121A01EB410000EBC1104E
:10C0800002EB001080EDB40B5AE00000F8BC012474
:10C0900040F64F31BD984843FE4901EBC00140F6E0
:10C0A0004F32BD985043FB4A02EBC00000F5A04060
:10C0B00090F8122A02EB420000EBC21001EB0010D4
:10C0C00090ED520B40F64F31BD984843F14901EBDA
:10C0D000C00140F64F32BD985043EE4A02EBC0001B
:10C0E00000F5A04090F8122A02EB420000EBC210CB
:10C0F00001EB001090ED161B30EE410B9FEDE61B9F
:10C1000020EE010B9FEDE61B80EE012B40F64F3138
:10C11000BD984843DF4901EBC00140F64F32BD985E
:10C120005043DC4A02EBC00000F5A04090F8120A30
:10C1300000EB400202EBC01001EB001080EDB42BCD
:10C1400040F64F31BD984843D24901EBC00140F65B
:10C150004F32BD985043CF4A02EBC00000F5A040DB
:10C1600090F8120A00EB400202EBC01001EB001045
:10C1700090F8380001287DD140F64F31BD984843F2
:10C18000C44901EBC00240F64F31BD984843C14954
:10C1900001EBC00000F5A04090F8120A00EB40014E
:10C1A00001EBC01002EB00104030FCAA5D90BD987E
:10C1B00052F8200000F608005F90BD9852F8200069
:10C1C00041F62861084400795E9001465F9A5D98C7
:10C1D000FFF6F6FD40F64F31BD984843AD4901EBFF
:10C1E000C00140F64F32BD985043AA4A02EBC0004E
:10C1F00000F5A04090F8120A00EB400202EBC010DC
:10C2000001EB001000F5806080EDDA0B40F64F3155
:10C21000BD9848439F4901EBC00140F64F32BD989D
:10C2200050439C4A02EBC00000F5A04090F8120A6F
:10C2300000EB400202EBC01001EB001000F5806043
:10C2400090EDDA0B9FED981BB4EEC10BF1EE10FAF6
:10C2500060D240F64F31BD9848438E4901EBC00291
:10C2600040F64F31BD9848438A4901EBC00000F5C4
:10C27000A04000E04FE090F8120A00EB400101EB13
:10C28000C01002EB001000F5B0705E9040F64F3128
:10C29000BD9848437F4901EBC00240F64F31BD983D
:10C2A00048437C4901EBC00000F5A04090F8120A19
:10C2B00000EB400101EBC01002EB00107030FCAA53
:10C2C0005D90BD9852F8200041F62861084400793D
:10C2D00002465F905E995D98FEF61CFA40F64F317B
:10C2E000BD9848436B4901EBC00140F64F32BD9801
:10C2F0005043684A02EBC00000F5A04090F8120AD3
:10C3000000EB400202EBC01001EB001000F5806072
:10C3100080EDDA0B4EE140F64F31BD9848435D4960
:10C3200001EBC00140F64F32BD985043594A02EB31
:10C33000C00000F5A04090F8120A00EB400202EBAA
:10C34000C01001EB001090F8380002287ED140F6B2
:10C350004F31BD9848434F4901EBC00140F64F3281
:10C36000BD9850434B4A02EBC00000F5A04090F846
:10C37000120A00EB400202EBC01001EB001090ED3E
:10C38000B40BB0EEC00B9FED461B20EE010B9FEDF2
:10C39000421B80EE012B40F64F31BD9848433D498A
:10C3A00001EBC00140F64F32BD985043394A02EBD1
:10C3B000C00000F5A04090F8120A00EB400202EB2A
:10C3C000C01001EB001000F5806080EDDA2B40F624
:10C3D0004F31BD9848432F4901EBC00140F64F3221
:10C3E000BD9850432B4A02EBC00000F5A04090F8E6
:10C3F000120A00EB400202EBC01001EB001000F546
:10C40000806090EDDA0B9FED281BB4EEC10BF1EECE
:10C4100010FA6FD240F64F31BD9848431D4901EBE9
:10C42000C00240F64F31BD9848431A4901EBC000A5
:10C4300000F5A04090F8120A00EB400101EBC0109B
:10C4400002EB001000F5B0705E9000E053E040F6A3
:10C450004F31BD9848430F4901EBC00240F64F31C0
:10C46000BD9848430B4901EBC00000F5A04090F88F
:10C47000120A00EB400101EBC01002EB001070301B
:10C48000FCAA5D90BD9852F8200041F6286108444E
:10C4900000790DE0F8BC0124112D4454FB21094022
:10C4A0000000000000806640F168E388B5F8E43ED3
:10C4B00002465F905E995D98FEF62CF940F64F318A
:10C4C000BD984843FE4901EBC00140F64F32BD988C
:10C4D0005043FB4A02EBC00000F5A04090F8120A5E
:10C4E00000EB400202EBC01001EB001000F5806091
:10C4F00080EDDA0B5EE040F64F31BD984843F049DD
:10C5000001EBC00240F64F31BD984843EC4901EBC6
:10C51000C00000F5A04090F8120A00EB400101EBCA
:10C52000C01002EB001000F5B0705E9040F64F3185
:10C53000BD984843E24901EBC00240F64F31BD9837
:10C540004843DF4901EBC00000F5A04090F8120A13
:10C5500000EB400101EBC01002EB00107030FCAAB0
:10C560005D90BD9852F8200041F62861084400799A
:10C5700002465F905E995D98FEF6CCF840F64F312A
:10C58000BD984843CE4901EBC00140F64F32BD98FB
:10C590005043CB4A02EBC00000F5A04090F8120ACD
:10C5A00000EB400202EBC01001EB001000F58060D0
:10C5B00080EDDA0BC3480068C349C1F8AC0040F60F
:10C5C0004F31BD984843BE4901EBC00140F64F32A0
:10C5D000BD985043BA4A02EBC00000F5A04090F865
:10C5E000120A00EB400202EBC01001EB001000F554
:10C5F000806090EDDA0B1FED541BB4EEC10BF1EE31
:10C6000010FA54D240F64F31BD984843AC4901EB83
:10C61000C00240F64F31BD984843A94901EBC00024
:10C6200000F5A04090F8120A00EB400101EBC010A9
:10C6300002EB001000F5C8705F9040F64F31BD98D6
:10C6400048439F4901EBC00240F64F31BD98484333
:10C650009B4901EBC00000F5A04090F8120A00EBE6
:10C66000400101EBC01002EB0010A03000225E90F0
:10C670005F99FEF64FF840F64F31BD984843904918
:10C6800001EBC00140F64F32BD9850438C4A02EB9B
:10C69000C00000F5A04090F8120A00EB400202EB47
:10C6A000C01001EB001000F5806080EDDA0B40F661
:10C6B0004F31BD984843824901EBC00240F64F31EB
:10C6C000BD9848437E4901EBC00000F5A04090F8BA
:10C6D000120A00EB400101EBC01002EB00104030E9
:10C6E000FCAA5D90BD9852F8200000F60800FCA955
:10C6F0005F90BD9851F8200041F628610844017907
:10C700005E915F9A5D98FFF65BFB40F64F31BD98F6
:10C7100048436B4901EBC00140F64F32BD9850438E
:10C72000674A02EBC00000F5A04090F8120A00EB47
:10C73000400202EBC01001EB001000F5806080EDBC
:10C74000DC0BFCA9BD9851F8200000F60801FCAAFA
:10C75000BD9852F8200041F6286210440079CDE9D6
:10C76000000140F64F31BD984843554901EBC001E7
:10C7700040F64F32BD985043514A02EBC00000F5DD
:10C78000A04090F8120A00EB400202EBC01001EB4F
:10C790000010008900EB4001FCAABD9852F820006F
:10C7A000103041F28852104400EB01115E9140F6C6
:10C7B0004F31BD984843424901EBC00140F64F322A
:10C7C000BD9850433E4A02EBC00000F5A04090F8EF
:10C7D000120A00EB400202EBC01001EB00104030E7
:10C7E000FCAA5D90BD9852F8200000F550700346F9
:10C7F0005F9002205E9A5D9907F7C6FCC390C398CC
:10C8000070B301213522BD985043304A02EBC0007D
:10C81000A0F89611C39800F2874001B22C4ABD9847
:10C8200022F8101040F64F31BD984843244901EBDF
:10C83000C00140F64F32BD985043214A02EBC00080
:10C8400000F5A04090F8120A00EB400202EBC01085
:10C8500001EB00101F4AD0F82817BD9842F82010AD
:10C860000021BB91B8E040F64F31BD9848431449D0
:10C8700001EBC00140F64F32BD985043104A02EB25
:10C88000C00000F5A04090F8120A00EB400202EB55
:10C89000C01001EB001000F5B071BB9801EBC000B7
:10C8A00090ED000BFCA9BD9851F820001030BB9909
:10C8B00000EB811090ED001BB4EEC10B0CE000000A
:10C8C000F8BC01241C010024749101247017022477
:10C8D0004001002444010024F1EE10FA2DDC40F662
:10C8E0004F31BD984843FB4901EBC00140F64F3240
:10C8F000BD985043F74A02EBC00000F5A04090F805
:10C90000120A00EB400202EBC01001EB001000F530
:10C91000B071BB9801EBC00090ED000BFCA9BD9875
:10C9200051F820001030BB9900EB811090ED021BF4
:10C93000B4EEC10BF1EE10FA4BD2FCA9BD9851F840
:10C9400020101031BB9801EB801090ED000BFCA97A
:10C95000BD9851F820001030BB9900EB811090ED8C
:10C96000021BB4EEC10BF1EE10FA32DD01213522CB
:10C97000BD985043D84A02EBC000A0F89611D7A04A
:10C9800007F772FDBB9800F29D4001B2D84ABD98EE
:10C9900022F8101040F64F31BD984843CD4901EBC5
:10C9A000C00140F64F32BD985043CA4A02EBC00066
:10C9B00000F5A04090F8120A00EB400202EBC01014
:10C9C00001EB0010CB4AD0F82817BD9842F8201090
:10C9D0000EE0BB98401CBB90FCA9BD9851F820000C
:10C9E00041F6286108440179BB9881423FF73BAF8B
:10C9F00000BFC1480068C149C1F8B0000020BB9029
:10CA0000ABE040F64F31BD984843B24901EBC0015D
:10CA100040F64F32BD985043AE4A02EBC00000F5DD
:10CA2000A04090F8120A00EB400202EBC01001EBAC
:10CA3000001000F5C871BB9801EBC00090ED001B21
:10CA4000FCA9BD9851F8200000F5E070BB9900EBFF
:10CA5000811090ED000BB4EEC01BF1EE10FA2EDC4D
:10CA600040F64F31BD9848439A4901EBC00140F66A
:10CA70004F32BD985043974A02EBC00000F5A040EA
:10CA800090F8120A00EB400202EBC01001EB00101C
:10CA900000F5C871BB9801EBC00090ED000BFCA93C
:10CAA000BD9851F8200000F5E070BB9900EB8110B3
:10CAB00090ED021BB4EEC10BF1EE10FA4AD2FCA9C4
:10CAC000BD9851F8200000F5E071BB9801EB801093
:10CAD00090ED000BFCA9BD9851F8200000F5E07026
:10CAE000BB9900EB811090ED021BB4EEC10BF1EE8F
:10CAF00010FA2FDD01213522BD985043764A02EB12
:10CB0000C000A0F89611BB9800F2C44001B2784A68
:10CB1000BD9822F8101040F64F31BD9848436D493A
:10CB200001EBC00140F64F32BD985043694A02EB19
:10CB3000C00000F5A04090F8120A00EB400202EBA2
:10CB4000C01001EB00106B4AD0F82817BD9842F8CE
:10CB5000201006E0BB98401CBB90BB980028FFF655
:10CB600050AF00BF0021BC914EE040F64F31BD9860
:10CB70004843584901EBC00140F64F32BD9850433D
:10CB8000544A02EBC00000F5A04090F8120A00EBF6
:10CB9000400202EBC01001EB001000F17001BC98E4
:10CBA00001EBC00090ED000B9FED551B20EE010B3B
:10CBB00040F64F31BD984843464901EBC00140F66D
:10CBC0004F32BD985043434A02EBC00000F5A040ED
:10CBD00090F8120A00EB400202EBC01001EB0010CB
:10CBE00000F5B071BC9801EBC00090ED001B9FED0B
:10CBF000462B02EE010BDEA9BC9801EBC00080EDD4
:10CC0000000BBC98401CBC90FCA9BD9851F82000BA
:10CC100041F6286108440179BC988142A5DCC6A888
:10CC2000009040F64F31BD9848432A4901EBC002BD
:10CC300040F64F31BD984843264901EBC00000F54E
:10CC4000A04090F8120A00EB400101EBC01002EB8B
:10CC500000104030FCAA5F90BD9852F8200000F60A
:10CC600008005E90DEAA00215F9B04F743FBF8906A
:10CC7000F89870B301213522BD985043164A02EB53
:10CC8000C000A0F89611F89801B2194ABD9822F890
:10CC9000101040F64F31BD9848430E4901EBC001DA
:10CCA00040F64F32BD9850430A4A02EBC00000F5EF
:10CCB000A04090F8120A00EB400202EBC01001EB1A
:10CCC00000100C4AD0F82817BD9842F8201008F040
:10CCD0003FBE1DE0F8BC0124701702244552525F8C
:10CCE0004C494D49545F4A3120360D0A000000007E
:10CCF00040010024440100241C01002474910124FB
:10CD00002B8716D9CEF7EF3FFCA9F1D24D62503FE9
:10CD10000020BB9047E040F64F31BD984843FE49A4
:10CD200001EBC00140F64F32BD985043FA4A02EB86
:10CD3000C00000F5A04090F8120A00EB400202EBA0
:10CD4000C01001EB00114031BB9801EBC00090ED29
:10CD5000000BC6A9BB9801EBC00090ED001B31EEA3
:10CD6000400B40F64F31BD984843EB4901EBC00101
:10CD700040F64F32BD985043E74A02EBC00000F541
:10CD8000A04090F8120A00EB400202EBC01001EB49
:10CD9000001101F5FC61BB9801EBC00080ED000BB8
:10CDA000BB98401CBB90BB980328B4DB40F64F31C6
:10CDB000BD984843D84901EBC00240F64F31BD98B9
:10CDC0004843D54901EBC00000F5A04090F8120A95
:10CDD00000EB400101EBC01002EB001000F5FC601D
:10CDE0005F90FEF60FFF0020BC904EE040F64F3102
:10CDF000BD984843C84901EBC00140F64F32BD9889
:10CE00005043C54A02EBC00000F5A04090F8120A5A
:10CE100000EB400202EBC01001EB001000F17001CA
:10CE2000BC9801EBC00090ED000B1FED491B20EEFC
:10CE3000010B40F64F31BD984843B74901EBC001A3
:10CE400040F64F32BD985043B34A02EBC00000F5A4
:10CE5000A04090F8120A00EB400202EBC01001EB78
:10CE6000001000F5B071BC9801EBC00090ED001B04
:10CE70001FED5D2B02EE010BDEA9BC9801EBC0009B
:10CE800080ED000BBC98401CBC90FCA9BD9851F8EB
:10CE9000200041F6286108440179BC988142A5DC54
:10CEA000C6A8009040F64F31BD9848439A4901EB1F
:10CEB000C00240F64F31BD984843974901EBC0008E
:10CEC00000F5A04090F8120A00EB400101EBC01001
:10CED00002EB001000F59870FCAA5F90BD9852F824
:10CEE000200000F608005E90DEAA00215F9B04F798
:10CEF00001FAF890F89868B301213522BD985043A3
:10CF0000864A02EBC000A0F89611F89801B2844A54
:10CF1000BD9822F8101040F64F31BD9848437E4925
:10CF200001EBC00140F64F32BD9850437A4A02EB04
:10CF3000C00000F5A04090F8120A00EB400202EB9E
:10CF4000C01001EB0010774AD0F82817BD9842F8BE
:10CF50002010BCE6744800687449C1F8B400002190
:10CF6000BB9148E040F64F31BD9848436A4901EB18
:10CF7000C00140F64F32BD985043674A02EBC000F3
:10CF800000F5A04090F8120A00EB400202EBC0103E
:10CF900001EB001000F59871BB9801EBC00090ED1B
:10CFA000000BC6A9BB9801EBC00090ED001B30EE52
:10CFB000410B40F64F31BD984843574901EBC00142
:10CFC00040F64F32BD985043534A02EBC00000F583
:10CFD000A04090F8120A00EB400202EBC01001EBF7
:10CFE000001101F5FF61BB9801EBC00080ED000B63
:10CFF000BB98401CBB90BB980328B3DB40F64F3175
:10D00000BD984843444901EBC00240F64F31BD98FA
:10D010004843414901EBC00000F5A04090F8120AD6
:10D0200000EB400101EBC01002EB001000F5FF60C7
:10D030005F90FEF6E7FD0020BB90ACE040F64F317C
:10D04000BD984843344901EBC00140F64F32BD98CA
:10D050005043314A02EBC00000F5A04090F8120A9C
:10D0600000EB400202EBC01001EB001000F5B071C4
:10D07000BB9801EBC00090ED000B40F64F31BD981E
:10D080004843254901EBC00140F64F32BD9850435B
:10D09000214A02EBC00000F5A04090F8120A00EB14
:10D0A000400202EBC01001EB001000F17001BB98D0
:10D0B00001EBC00090ED001B30EE410B40F64F310C
:10D0C000BD984843144901EBC00140F64F32BD986A
:10D0D0005043114A02EBC00000F5A04090F8120A3C
:10D0E00000EB400202EBC01001EB001101F5F06112
:10D0F000BB9801EBC00080ED000B40F64F31BD98AE
:10D100004843054901EBC00140F64F32BD985043FA
:10D11000014A02EBC0000BE0F8BC012470170224A6
:10D1200040010024440100241C01002474910124C6
:10D1300000F5A04090F8120A00EB400202EBC0108C
:10D1400001EB001101F5F061BB9801EBC00090ED1F
:10D15000000B40F64F31BD984843FE4901EBC0013A
:10D1600040F64F32BD985043FA4A02EBC00000F53A
:10D17000A04090F8120A00EB400202EBC01001EB55
:10D18000001101F5F661BB9801EBC00080ED000BCA
:10D19000BB98401CBB90FCA9BD9851F8200041F6FB
:10D1A000286108440179BB9881423FF747AF40F6B8
:10D1B0004F31BD984843E74901EBC00240F64F317B
:10D1C000BD984843E34901EBC00000F5A04090F84A
:10D1D000120A00EB400101EBC01002EB00107030AE
:10D1E0005F9040F64F31BD984843DA4901EBC002E9
:10D1F00040F64F31BD984843D64901EBC00000F5D9
:10D20000A04090F8120A00EB400101EBC01002EBC5
:10D21000001000F5846030225E905F99F3F6BAF852
:10D2200040F64F31BD984843CA4901EBC00140F672
:10D230004F32BD985043C74A02EBC00000F5A040F2
:10D2400090F8120A00EB400202EBC01001EB001054
:10D2500000F5B0705F9040F64F31BD984843BD492E
:10D2600001EBC00240F64F31BD984843B94901EB8C
:10D27000C00000F5A04090F8120A00EB400101EB5D
:10D28000C01002EB001000F5B16030225E905F9993
:10D29000F3F680F840F64F31BD984843AD4901EBB5
:10D2A000C00140F64F32BD985043AA4A02EBC0007D
:10D2B00000F5A04090F8130A00EB400202EBC0100A
:10D2C00001EB001090ED040BB5EEC00BF1EE10FA7F
:10D2D00055D240F64F31BD9848439E4901EBC002FC
:10D2E00040F64F31BD9848439A4901EBC00000F524
:10D2F000A04090F8130A00EB400101EBC01002EBD4
:10D30000001000F5F6605F9040F64F31BD9848433D
:10D31000904901EBC00240F64F31BD9848438D491A
:10D3200001EBC00000F5A04090F8120A00EB4001AC
:10D3300001EBC01002EB001000F5F0605E905F9909
:10D34000F3F604FE40F64F31BD984843814901EBA6
:10D35000C00140F64F32BD9850437E4A02EBC000F8
:10D3600000F5A04090F8120A00EB400202EBC0105A
:10D3700001EB001000F5006080ED040B99E340F62E
:10D380004F31BD984843734901EBC00140F64F321D
:10D39000BD9850436F4A02EBC00000F5A04090F8E2
:10D3A000130A00EB400202EBC01001EB001090EDFD
:10D3B000040BB5EEC00BF1EE10FA1ED1BFEE000B60
:10D3C00040F64F31BD984843624901EBC00140F639
:10D3D0004F32BD9850435F4A02EBC00000F5A040B9
:10D3E00090F8120A00EB400202EBC01001EB0010B3
:10D3F00000F5006080ED040B5BE39FED570B40F6FA
:10D400004F31BD984843534901EBC00140F64F32BC
:10D41000BD9850434F4A02EBC00000F5A04090F881
:10D42000120A00EB400202EBC01001EB001000F505
:10D43000006080ED040B40F64F31BD9848434549EC
:10D4400001EBC00140F64F32BD985043414A02EB18
:10D45000C00000F5A04090F8130A00EB400202EB78
:10D46000C01001EB00115D9140F64F31BD9848436B
:10D47000384901EBC00140F64F32BD985043354A60
:10D4800002EBC00000F5A04090F8120A00EB400249
:10D4900002EBC01001EB00115C91FCA9BD9851F8A2
:10D4A000200000F608005F90BD9851F8200041F67A
:10D4B0002861084401795E910A465F9B5D995C98FA
:10D4C00002F790F940F64F31BD984843214901EBEE
:10D4D000C00140F64F32BD9850431E4A02EBC000D7
:10D4E00000F5A04090F8120A00EB400202EBC010D9
:10D4F00001EB001000F58C605F9040F64F31BD9855
:10D500004843144901EBC00240F64F31BD984843EF
:10D51000104901EBC00000F5A04090F8120A00EBA2
:10D52000400101EBC01002EB001090EDFA0B8DED05
:10D530005C0B40F64F31BD984843064901EBC002F1
:10D5400040F64F31BD984843024901EBC00000F559
:10D55000A04005E0F8BC012400000000000000002D
:10D5600090F8120A00EB400101EBC01002EB001032
:10D5700090EDF80B8DED5A0B40F64F31BD984843B6
:10D58000FE4901EBC00240F64F31BD984843FB49CC
:10D5900001EBC00000F5A04090F8120A00EB40013A
:10D5A00001EBC01002EB001090EDF60B8DED580B67
:10D5B0005F989DED5C2B9DED5A1B9DED580BF8F689
:10D5C000D9FB40F64F31BD984843EC4901EBC0020E
:10D5D00040F64F31BD984843E84901EBC00000F5E3
:10D5E000A04090F8120A00EB400101EBC01002EBE2
:10D5F000001000F58C605F9040F64F31BD984843B5
:10D60000DE4901EBC00240F64F31BD984843DB498B
:10D6100001EBC00000F5A04090F8120A00EB4001B9
:10D6200001EBC01002EB001000F51C705E905E99DB
:10D630005F9891ED063B91ED042B91ED021B91ED6E
:10D64000000BF3F6E7FB40F64F31BD984843CB495A
:10D6500001EBC00240F64F31BD984843C74901EB8A
:10D66000C00000F5A04090F8120A00EB400101EB69
:10D67000C01002EB001000F53C7080ED640B40F62A
:10D680004F31BD984843BD4901EBC00240F64F31D0
:10D69000BD984843B94901EBC00000F5A04090F89F
:10D6A000130A00EB400101EBC01002EB0010007800
:10D6B00003287DD140F64F31BD984843AF4901EB77
:10D6C000C00240F64F31BD984843AC4901EBC00061
:10D6D00000F5A04090F8130A00EB400101EBC010E8
:10D6E00002EB001000F59360599040F64F31BD9861
:10D6F0004843A24901EBC00240F64F31BD98484370
:10D700009E4901EBC00000F5A04090F8130A00EB21
:10D71000400101EBC01002EB001000F5E4705AAAC2
:10D7200058905999FFF68AF840F64F31BD98484312
:10D73000924901EBC00140F64F32BD9850438F4AE9
:10D7400002EBC00000F5A04090F8130A00EB400285
:10D7500002EBC01001EB001000F5FF60599040F69D
:10D760004F31BD984843854901EBC00240F64F3127
:10D77000BD984843814901EBC00000F5A04090F8F6
:10D78000130A00EB400101EBC01002EB001000F5A2
:10D79000F87058905AA9599AF6F658F940F64F3150
:10D7A000BD984843754901EBC00140F64F3200E097
:10D7B0007AE0BD985043714A02EBC00000F5A040EA
:10D7C00090F8130A00EB400202EBC01001EB0010CE
:10D7D00000F5FF605990FEF615FA40F64F31BD98FE
:10D7E0004843664901EBC00240F64F31BD984843BB
:10D7F000624901EBC00000F5A04090F8130A00EB6D
:10D80000400101EBC01002EB001000F5806090EDCC
:10D81000FE0B8DED580B40F64F31BD9848435749EC
:10D8200001EBC00240F64F31BD984843534901EB2C
:10D83000C00000F5A04090F8130A00EB400101EB96
:10D84000C01002EB001000F5FF6090ED020B8DEDB3
:10D85000560B9DED581B9DED560B07F751F89FEDAC
:10D86000481B20EE010B9FED481B80EE012B40F67C
:10D870004F31BD984843414901EBC00240F64F315A
:10D88000BD9848433D4901EBC00000F5A04090F829
:10D89000130A00EB400101EBC01002EB001000F591
:10D8A000916080ED582B00BF40F64F31BD98484342
:10D8B000324901EBC00140F64F32BD9850432F4A28
:10D8C00002EBC00000F5A04090F8130A00EB400204
:10D8D00002EBC01001EB0010007802287DD140F669
:10D8E0004F31BD984843254901EBC00240F64F3106
:10D8F000BD984843214901EBC00000F5A04090F8D5
:10D90000130A00EB400101EBC01002EB001000F520
:10D91000BF605F9040F64F31BD984843174901EB17
:10D92000C00240F64F31BD984843144901EBC00096
:10D9300000F5A04090F8130A00EB400101EBC01085
:10D9400002EB001000F5916090ED0E0B8DED5C0B7D
:10D9500040F64F31BD984843084901EBC00240F6FC
:10D960004F31BD984843054901EBC00000F5A04088
:10D9700090F8130A00EB40010AE00000F8BC012413
:10D980000000000000806640112D4454FB21094036
:10D9900001EBC01002EB001000F5916090ED0C0B54
:10D9A0008DED5A0B40F64F31BD984843FE4901EBCF
:10D9B000C00240F64F31BD984843FB4901EBC0001F
:10D9C00000F5A04090F8130A00EB400101EBC010F5
:10D9D00002EB001000F5916000E06AE090ED0A0BA8
:10D9E0008DED580B5F989DED5C2B9DED5A1B9DEDC9
:10D9F000580BF8F6BFF940F64F31BD984843EA4955
:10DA000001EBC00240F64F31BD984843E64901EBB7
:10DA1000C00000F5A04090F8130A00EB400101EBB4
:10DA2000C01002EB001000F52C705F9040F64F31F3
:10DA3000BD984843DC4901EBC00240F64F31BD9828
:10DA40004843D94901EBC00000F5A04090F8130A03
:10DA500000EB400101EBC01002EB001000F5BF60CD
:10DA60005E905E995F9891ED063B91ED042B91EDF0
:10DA7000021B91ED000BF3F6CDF940F64F31BD9846
:10DA80004843C94901EBC00240F64F31BD984843B5
:10DA9000C54901EBC00000F5A04090F8130A00EB67
:10DAA000400101EBC01002EB001000F5916080ED29
:10DAB000640BBE480068BE49C1F8B80040F64F315B
:10DAC000BD984843B84901EBC00140F64F32BD98BC
:10DAD0005043B54A02EBC00000F5A04090F8130A8D
:10DAE00000EB400202EBC01001EB001000780C28A4
:10DAF0007ED19FEDB00B40F64F31BD984843AA4907
:10DB000001EBC00140F64F32BD985043A64A02EBEC
:10DB1000C00000F5A04090F8120A00EB400202EBB2
:10DB2000C01001EB001000F5006080ED040B002038
:10DB3000BC90BDE040F64F31BD9848439A4901EB97
:10DB4000C00140F64F32BD985043974A02EBC000E7
:10DB500000F5A04090F8120A00EB400202EBC01062
:10DB600001EB001101F5FC61BC9801EBC00090EDE8
:10DB7000000B40F64F31BD9848438B4901EBC00183
:10DB800040F64F32BD985043874A02EBC00000F583
:10DB9000A04090F8132A02EB420000EBC21001EB08
:10DBA000001101F5FF61BC9801EBC00080ED000B96
:10DBB00040F64F31BD9848437B4901EBC00140F628
:10DBC0004F32BD985043784A02EBC00000F5A040A8
:10DBD00090F8130A00EB400202EBC01001EB0010BA
:10DBE00000F59871BC9801EBC00090ED000B00E0CF
:10DBF00032E140F64F31BD9848436B4901EBC0011B
:10DC000040F64F32BD985043674A02EBC00000F522
:10DC1000A04090F8130A00EB400202EBC01001EBA9
:10DC2000001101F5FF61BC9801EBC00090ED001BF5
:10DC300040F64F31BD9848435B4901EBC00140F6C7
:10DC40004F32BD985043584A02EBC00000F5A04047
:10DC500090F8130A00EB400202EBC01001EB001039
:10DC600000F5C46090ED022B01EE420B40F64F31FF
:10DC7000BD9848434C4901EBC00140F64F32BD9876
:10DC80005043494A02EBC00000F5A04090F8130A47
:10DC900000EB400202EBC01001EB001000F5D26176
:10DCA000BC9801EBC00080ED000BBC98401CBC9000
:10DCB000BC980328FFF63EAF40F64F31BD9848436D
:10DCC000394901EBC00240F64F31BD98484336490F
:10DCD00001EBC00000F5A04090F8130A00EB4001F2
:10DCE00001EBC01002EB001000F5C66003221146E4
:10DCF0005F90F4F6A3FF40F64F31BD9848432A49A0
:10DD000001EBC00140F64F32BD985043264A02EB6A
:10DD1000C00000F5A04090F8130A00EB400202EBAF
:10DD2000C01001EB001000F5806080EDDA0B0021DF
:10DD3000FCAABD9852F8202041F6286010440079D2
:10DD4000CDE9000140F64F31BD984843164901EB3B
:10DD5000C00140F64F32BD985043134A02EBC00059
:10DD600000F5A04090F8130A00EB400202EBC0104F
:10DD700001EB0010008900EB4001FCAABD9852F8AD
:10DD80002000103041F28852104400EB01115E91E6
:10DD900040F64F31BD984843034901EBC00140F6BE
:10DDA0004F32BD98504309E0F8BC01241C01002407
:10DDB000749101240000000000000000FE4A02EB04
:10DDC000C00000F5A04090F8130A00EB400202EBFF
:10DDD000C01001EB00104030FCAA5D90BD9852F8D5
:10DDE000200000F5507003465F900C205E9A5D990C
:10DDF00006F7CAF9C390C39870B301213522BD98C4
:10DE00005043EE4A02EBC000A0F89611C39800F20E
:10DE1000874001B2EA4ABD9822F8101040F64F310F
:10DE2000BD984843E44901EBC00140F64F32BD982C
:10DE30005043E14A02EBC00000F5A04090F8130AFD
:10DE400000EB400202EBC01001EB0010DD4AD0F8FD
:10DE50002817BD9842F8201040F64F31BD9848432E
:10DE6000D54901EBC00240F64F31BD984843D24935
:10DE700001EBC00000F5A04090F8120A00EB400151
:10DE800001EBC01002EB001000F5B0705D9040F6A1
:10DE90004F31BD984843C84901EBC00240F64F31AD
:10DEA000BD984843C44901EBC00000F5A04090F87C
:10DEB000120A00EB400101EBC01002EB00107030C1
:10DEC000FCAA5C90BD9852F820001030FCA95F902D
:10DED000BD9851F8200041F62861084401795E910F
:10DEE0000A465F9B5D995C98FDF696FD8DED620B91
:10DEF00040F64F31BD984843AF4901EBC00140F6B1
:10DF00004F32BD985043AC4A02EBC00000F5A04030
:10DF100090F8120A00EB400202EBC01001EB001077
:10DF200000F5C8705E9040F64F31BD984843A24955
:10DF300001EBC00240F64F31BD9848439E4901EBCA
:10DF4000C00000F5A04090F8121A01EB410000EB70
:10DF5000C11002EB0010A030FCAA5D90BD9852F8F1
:10DF6000200000F5E070034600225F905E995D9806
:10DF7000FDF652FD8DED600B9DED621B9DED600B7E
:10DF800081FE000B8DEDC40B9DEDC40BB5EEC00BF7
:10DF9000F1EE10FA5FD040F64F31BD984843864904
:10DFA00001EBC00140F64F32BD985043824A02EB6C
:10DFB000C00000F5A04090F8120A00EB400202EB0E
:10DFC000C01001EB001000F5806090EDDA2B9DEDA4
:10DFD000C40B82EE001B8DED5E1B40F64F31BD98E9
:10DFE0004843754901EBC00140F64F32BD9850439C
:10DFF000714A02EBC00000F5A04090F8122A02EB33
:10E00000420000EBC21001EB001090ED0C1B9DEDE7
:10E010005E0BB4EEC01BF1EE10FA1BDD9DED5E0B46
:10E0200040F64F31BD984843634901EBC00140F6CB
:10E030004F32BD985043604A02EBC00000F5A0404B
:10E0400090F8120A00EB400202EBC01001EB001046
:10E0500080ED0C0B00BF40F64F31BD984843564948
:10E0600001EBC00140F64F32BD985043524A02EBDB
:10E07000C00000F5A04090F8120A00EB400202EB4D
:10E08000C01001EB001090ED0C0B9DEDAC1BB4EE3D
:10E09000C10BF1EE10FA1BDD9DEDAC0B40F64F31DC
:10E0A000BD984843444901EBC00140F64F32BD984A
:10E0B0005043414A02EBC00000F5A04090F8120A1C
:10E0C00000EB400202EBC01001EB001080ED0C0BE6
:10E0D000012140F64F32BD985043374A02EBC0024F
:10E0E00040F64F33BD985843334B03EBC00000F567
:10E0F000A04090F8120A00EB400303EBC01002EBC3
:10E10000001080F8781740F64F31BD9848432A49EF
:10E1100001EBC00000F5A04090F8121A40F64F3213
:10E12000BD985043244A02EBC00000F5A04080F89F
:10E13000131A40F64F31BD984843114601EBC00019
:10E1400000F5A04090F8120A401CC1B240F64F32D0
:10E15000BD985043184A02EBC00000F5A04080F87B
:10E16000121A194801681948C0F8BC1007F0F0BB32
:10E17000154800681549C1F8C80040F64F31BD98F0
:10E1800048430D4901EBC00240F64F31BD9848436A
:10E19000094901EBC00000F5A04090F8131A01EB0B
:10E1A000410000EBC11002EB001000F5987059908F
:10E1B00040F64F31BD980BE0F8BC012470170224E3
:10E1C00040010024440100241C0100247491012416
:10E1D0004843FE4901EBC00240F64F31BD98484329
:10E1E000FA4901EBC00000F5A04090F8121A01EBCB
:10E1F000410000EBC11002EB00104030302258907B
:10E200005999F2F6C7F840F64F31BD984843EF49A7
:10E2100001EBC00140F64F32BD985043EB4A02EB90
:10E22000C00000F5A04090F8132A02EB420000EB7A
:10E23000C21001EB001000F5B070599040F64F315C
:10E24000BD984843E14901EBC00240F64F31BD980B
:10E250004843DE4901EBC00000F5A04090F8121AD7
:10E2600001EB410000EBC11002EB001070303022D6
:10E2700058905999F2F68EF840F64F31BD984843C0
:10E28000D24901EBC00140F64F32BD985043CF4A0E
:10E2900002EBC00000F5A04090F8132A02EB420008
:10E2A00000EBC21001EB001000F5C870599040F669
:10E2B0004F31BD984843C54901EBC00240F64F318C
:10E2C000BD984843C14901EBC00000F5A04090F85B
:10E2D000121A01EB410000EBC11002EB0010A0305C
:10E2E000302258905999F2F655F840F64F31BD98C2
:10E2F0004843B64901EBC00140F64F32BD98504348
:10E30000B24A02EBC00000F5A04090F8122A02EBDE
:10E31000420000EBC21001EB00108088C0EBC0018E
:10E32000FCAABD9852F8200000F6D84000EB01107E
:10E3300090F83000F0BB40F64F31BD984843A349F8
:10E3400001EBC00140F64F32BD9850439F4A02EBAB
:10E35000C00000F5A04090F8120A00EB400202EB6A
:10E36000C01001EB00108088C0EBC001FCAABD9872
:10E3700052F8200000F6D84000EB0111599140F608
:10E380004F31BD984843914901EBC00140F64F32EF
:10E39000BD9850438D4A02EBC00000F5A04090F8B4
:10E3A000120A00EB400202EBC01001EB001000F576
:10E3B000807000E090E0302258905999F1F6EAFF21
:10E3C00040F64F31BD984843804901EBC00140F60B
:10E3D0004F32BD9850437D4A02EBC00000F5A0408B
:10E3E00090F8120A00EB400202EBC01001EB0010A3
:10E3F000D030009040F64F31BD984843734901EB4F
:10E40000C00140F64F32BD985043704A02EBC00045
:10E4100000F5A04090F8120A00EB400202EBC01099
:10E4200001EB00104030599040F64F31BD98484301
:10E43000664901EBC00240F64F31BD98484363493D
:10E4400001EBC00000F5A04090F8120A00EB40017B
:10E4500001EBC01002EB001000F58070FCAA589090
:10E46000BD9852F8200000F6080057900021599BF3
:10E47000589A02F73FFFF890F898E0B3012135224F
:10E48000BD985043524A02EBC000A0F89611F8988C
:10E4900001B2504ABD9822F8101040F64F31BD9895
:10E4A00048434A4901EBC00140F64F32BD98504302
:10E4B000464A02EBC00000F5A04090F8120A00EBBB
:10E4C000400202EBC01001EB0010434AD0F82817BD
:10E4D000BD9842F8201049E640F64F31BD984843B8
:10E4E0003A4901EBC00140F64F32BD985043374ADC
:10E4F00002EBC00000E0EEE100F5A04090F8120A47
:10E5000000EB400202EBC01001EB00108088C0EB72
:10E51000C001FCAABD9852F8200000F6D84000EBDC
:10E52000011090F8300001287ED1FCA9BD9851F867
:10E53000200041F6286108440079052875DA40F684
:10E540004F31BD984843214901EBC00240F64F319D
:10E55000BD9848431D4901EBC00000F5A04090F86C
:10E56000120A00EB400101EBC01002EB0010D030AA
:10E57000599040F64F31BD984843144901EBC00211
:10E5800040F64F31BD984843104901EBC00000F5FB
:10E59000A04090F8120A00EB400101EBC01002EB22
:10E5A0000010008900EB4001FCAABD9852F8200041
:10E5B000103041F28852104400EB0111589140F69E
:10E5C0004F31BD984843014908E00000F8BC0124E0
:10E5D00070170224400100244401002401EBC00113
:10E5E00040F64F32BD985043FD4A02EBC00000F5A3
:10E5F000A04090F8120A00EB400202EBC01001EBC1
:10E600000010C08800EB4001FCAABD9852F8200021
:10E61000103041F67812104400EB0111579140F68A
:10E620004F31BD98484301E045E124E0EC4901EB5E
:10E63000C00140F64F32BD985043E94A02EBC0009A
:10E6400000F5A04090F8120A00EB400202EBC01067
:10E6500001EB00108088C0EBC001FCAABD9852F805
:10E66000200000F6D84000EB0111569156A80FC8C3
:10E6700002F74EFA93E040F64F31BD984843D8492F
:10E6800001EBC00240F64F31BD984843D44901EB3D
:10E69000C00000F5A04090F8120A00EB400101EB29
:10E6A000C01002EB0010D030599040F64F31BD98A9
:10E6B0004843CB4901EBC00240F64F31BD98484377
:10E6C000C74901EBC00000F5A04090F8120A00EB2A
:10E6D000400101EBC01002EB0010008900EB40028A
:10E6E000FCABBD9853F82000103041F2885108442B
:10E6F00000EB0210589040F64F31BD984843B8499E
:10E7000001EBC00240F64F31BD984843B44901EBDC
:10E71000C00000F5A04090F8120A00EB400101EBA8
:10E72000C01002EB0010C08800EB4001FCAABD98AD
:10E7300052F82000103041F67812104400EB01111D
:10E74000579140F64F31BD984843A54901EBC001B0
:10E7500040F64F32BD985043A14A02EBC00000F58D
:10E76000A04090F8120A00EB400202EBC01001EB4F
:10E7700000108088C0EBC001FCAABD9852F82000B0
:10E7800000F6D84000EB011156919FED962B9FEDBE
:10E79000951B9FED940B56A80FC802F7F1F940F6B0
:10E7A0004F31BD9848438E4901EBC00140F64F32CE
:10E7B000BD9850438A4A02EBC00000F5A04090F893
:10E7C000120A00EB400202EBC01001EB001000F552
:10E7D0008070009040F64F31BD984843804901EB6E
:10E7E000C00140F64F32BD9850437D4A02EBC00055
:10E7F00000F5A04090F8120A00EB400202EBC010B6
:10E8000001EB0010D030599040F64F31BD9848438D
:10E81000734901EBC00240F64F31BD98484370493F
:10E8200001EBC00000F5A04090F8120A00EB400197
:10E8300001EBC01002EB00107030FCAA5890BD989C
:10E8400052F8200000F6080057900121599B589A71
:10E8500002F750FDF890F898E8B301213522BD98F1
:10E860005043624A02EBC000A0F89611F89801B23A
:10E870005F4ABD9822F8101040F64F31BD984843CA
:10E88000574901EBC00140F64F32BD985043544AFE
:10E8900002EBC00000F5A04090F8122A02EB420003
:10E8A00000EBC21001EB0010524AD0F82817BD98B7
:10E8B00042F820105AE401213522BD9850434B4ABA
:10E8C00002EBC000A0F896114FF47E71484ABD9843
:10E8D00022F8101000E01EE040F64F31BD9848438A
:10E8E0003F4901EBC00140F64F32BD9850433C4ACE
:10E8F00002EBC00000F5A04090F8120A00EB4002C5
:10E9000002EBC01001EB00103A4AD0F82817BD986E
:10E9100042F820102AE4384801683848C0F8CC1082
:10E9200040F64F31BD9848432D4901EBC00140F6F8
:10E930004F32BD9850432A4A02EBC00000F5A04078
:10E9400090F8120A00EB400202EBC01001EB00103D
:10E950004088C0EBC001FCAABD9852F8200000F628
:10E96000D84000EB011090F83000C0BB40F64F31AA
:10E97000BD9848431A4901EBC00140F64F32BD989B
:10E980005043174A02EBC00000F5A04090F8120A6D
:10E9900000EB400202EBC01001EB00104088C0EB1E
:10E9A000C001FCAABD9852F8200000F6D84000EB48
:10E9B0000111599140F64F31BD984843084901EB88
:10E9C000C00140F64F32BD985043054A02EBC000EB
:10E9D00000F5A04090F8120A00EB400210E0A7E01A
:10E9E000F8BC0124000000000000000070170224A1
:10E9F00040010024440100241C01002474910124DE
:10EA000002EBC01001EB001000F5B07030225890FE
:10EA10005999F1F6BFFC40F64F31BD984843FE4985
:10EA200001EBC00140F64F32BD985043FA4A02EB69
:10EA3000C00000F5A04090F8120A00EB400202EB83
:10EA4000C01001EB001000F59870009040F64F31B7
:10EA5000BD984843F04901EBC00140F64F32BD98E4
:10EA60005043ED4A02EBC00000F5A04090F8120AB6
:10EA700000EB400202EBC01001EB0010D0305990C7
:10EA800040F64F31BD984843E34901EBC00240F6E0
:10EA90004F31BD984843E04901EBC00000F5A0406C
:10EAA00090F8120A00EB400101EBC01002EB0010DD
:10EAB00000F5B070FCAA5890BD9852F8200000F6FE
:10EAC000080057900021599B589A02F713FCF890C0
:10EAD000F898E0B301213522BD985043CF4A02EBAC
:10EAE000C000A0F89611F89801B2CD4ABD9822F85E
:10EAF000101040F64F31BD984843C74901EBC001A3
:10EB000040F64F32BD985043C34A02EBC00000F5B7
:10EB1000A04090F8120A00EB400202EBC01001EB9B
:10EB20000010C04AD0F82817BD9842F82010D2E44F
:10EB300040F64F31BD984843B74901EBC00140F65C
:10EB40004F32BD985043B44A02EBC00000E0F3E1FD
:10EB500000F5A04090F8120A00EB400202EBC01052
:10EB600001EB00104088C0EBC001FCAABD9852F830
:10EB7000200000F6D84000EB011090F8300001288A
:10EB80007DD1FCA9BD9851F8200041F628610844C8
:10EB90000079052874DA40F64F31BD9848439E4904
:10EBA00001EBC00240F64F31BD9848439A4901EB52
:10EBB000C00000F5A04090F8120A00EB400101EB04
:10EBC000C01002EB001000F59870599040F64F31DC
:10EBD000BD984843904901EBC00240F64F31BD98C3
:10EBE00048438D4901EBC00000F5A04090F8120A9F
:10EBF00000EB400101EBC01002EB0010008900EBBC
:10EC00004001FCAABD9852F82000103041F2885211
:10EC1000104400EB0111589140F64F31BD98484324
:10EC20007D4901EBC00140F64F32BD9850437A4A0E
:10EC300002EBC00000F5A04090F8120A00EB400281
:10EC400002EBC01001EB0010C08800EB4001FCAAF1
:10EC5000BD9852F82000103041F67812104400EBB5
:10EC60000111579140F64F31BD9848436A4901EB75
:10EC7000C00140F64F32BD985043674A01E04BE176
:10EC80001CE002EBC00000F5A04090F8120A00EB77
:10EC9000400202EBC01001EB00104088C0EBC00145
:10ECA000FCAABD9852F8200000F6D84000EB0111F4
:10ECB000569156A80FC801F72BFF92E040F64F314E
:10ECC000BD984843544901EBC00240F64F31BD980E
:10ECD0004843514901EBC00000F5A04090F8120AEA
:10ECE00000EB400101EBC01002EB001000F5987042
:10ECF000599040F64F31BD984843474901EBC00257
:10ED000040F64F31BD984843434901EBC00000F540
:10ED1000A04090F8120A00EB400101EBC01002EB9A
:10ED20000010008900EB4002FCABBD9853F82000B6
:10ED3000103041F28851084400EB0210589040F620
:10ED40004F31BD984843344901EBC00240F64F3182
:10ED5000BD984843304901EBC00000F5A04090F851
:10ED6000120A00EB400101EBC01002EB0010C0885A
:10ED700000EB4002BD9853F82000103041F67811A6
:10ED8000084400EB0210579040F64F31BD984843BD
:10ED9000214901EBC00240F64F31BD9848431E495E
:10EDA00001EBC00000F5A04090F8120A00EB400112
:10EDB00001EBC01002EB00104088C0EBC002BD9810
:10EDC00053F8200000F6D84000EB021056901FEDDB
:10EDD000FB2B1FEDFC1B9FED140B57A90EC901F770
:10EDE000CFFE40F64F31BD9848430B4901EBC001BF
:10EDF00040F64F32BD985043074A02EBC00000F581
:10EE0000A04090F8120A00EB400202EBC01001EBA8
:10EE1000001000F5B0700BE0F8BC0124701702245C
:10EE20004001002444010024000000000000000014
:10EE3000009040F64F31BD984843FE4901EBC001B8
:10EE400040F64F32BD985043FA4A02EBC00000F53D
:10EE5000A04090F8120A00EB400202EBC01001EB58
:10EE6000001000F59870599040F64F31BD98484316
:10EE7000F04901EBC00240F64F31BD984843ED49DF
:10EE800001EBC00000F5A04090F8120A00EB400131
:10EE900001EBC01002EB001000F58070FCAA589046
:10EEA000BD9852F8200000F6080057900121599BA8
:10EEB000589A02F71FFAF890F898E8B30121352222
:10EEC000BD985043DC4A02EBC000A0F89611F898B8
:10EED00001B2DA4ABD9822F8101040F64F31BD98C1
:10EEE0004843D44901EBC00140F64F32BD9850432E
:10EEF000D04A02EBC00000F5A04090F8120A00EBE7
:10EF0000400202EBC01001EB0010CD4AD0F82817E8
:10EF1000BD9842F82010CDE401213522BD98504320
:10EF2000C54A02EBC000A0F896114FF47E71C34AA7
:10EF3000BD9822F8101000E01EE040F64F31BD9859
:10EF40004843BC4901EBC00140F64F32BD985043E5
:10EF5000B84A02EBC00000F5A04090F8120A00EB9E
:10EF6000400202EBC01001EB0010B54AD0F82817A0
:10EF7000BD9842F820109DE4B2480068B249C1F83B
:10EF8000D00040F64F31BD984843AA4901EBC0017B
:10EF900040F64F32BD985043A64A02EBC00000F540
:10EFA000A04090F8120A00EB400202EBC01001EB07
:10EFB00000104088C0EBC001FCAABD9852F82000A8
:10EFC00000F6D84000EB01103830599040F64F3130
:10EFD000BD984843974901EBC00240F64F31BD98B8
:10EFE0004843944901EBC00000F5A04090F8120A94
:10EFF00000EB400101EBC01002EB001000F5C870FF
:10F00000302258905999F1F6C5F940F64F31BD9824
:10F010004843884901EBC00140F64F32BD98504348
:10F02000844A02EBC00000F5A04090F8120A00EB01
:10F03000400202EBC01001EB00104088C0EBC001A1
:10F04000FCAABD9852F8200000F6D84000EB011051
:10F0500090F86800E8B30020BB9063E040F64F31C1
:10F06000BD984843734901EBC00140F64F32BD984B
:10F070005043704A02EBC00000F5A04090F8120A1D
:10F0800000EB400202EBC01001EB001000F5C8716C
:10F09000BB9801EBC00090ED000B40F64F31BD98DE
:10F0A0004843644901EBC00140F64F32BD985043DC
:10F0B000604A02EBC00000F5A04090F8120A00EB95
:10F0C000400202EBC01001EB001000F1A001BB9860
:10F0D00000E02AE001EBC00090ED001B30EE010BD8
:10F0E00040F64F31BD984843524901EBC00140F60C
:10F0F0004F32BD9850434F4A02EBC00000F5A0408C
:10F1000090F8120A00EB400202EBC01001EB001075
:10F1100000F5C871BB9801EBC00080ED000BBB98F7
:10F12000401CBB90BB98002898DB40F64F31BD983F
:10F130004843404901EBC00240F64F31BD98484377
:10F140003C4901EBC00000F5A04090F8120A00EB2A
:10F15000400101EBC01002EB001040305990F6F670
:10F1600027FEF790F79868B301213522BD985043E8
:10F17000314A02EBC000A0F8961140F27E412F4ABE
:10F18000BD9822F8101040F64F31BD9848432949E8
:10F1900001EBC00140F64F32BD985043254A02EBC7
:10F1A000C00000F5A04090F8120A00EB400202EB0C
:10F1B000C01001EB0010224AD0F82817BD9842F881
:10F1C0002010B4E440F64F31BD984843194901EB93
:10F1D000C00140F64F32BD985043164A02EBC000C2
:10F1E00000F5A04090F8120A00EB400202EBC010BC
:10F1F00001EB001090ED9A0BB5EEC00BF1EE10FA9A
:10F200007EDD40F64F31BD9848430A4901EBC0020C
:10F2100040F64F31BD984843064901EBC00000F568
:10F22000A04090F8120A00EB400101EBC01002EB85
:10F2300000100BE0F8BC01247017022440010024E8
:10F24000440100241C010024749101244030599091
:10F2500030225999F03140A8F1F69CF830225999A2
:10F2600090314CA8F1F696F8599890ED600B90ED1E
:10F270008A1B20EE010B9FEDFE2B80EE021B9FED03
:10F28000FE0B21EE000B8DED3E0B599890ED682B97
:10F290009DED3E0B80EE021B8DED3C1B599890EDD1
:10F2A0006A0B90ED681B80EE012B80EDAA2B0020ED
:10F2B000BC90AFE0599890ED681B9DED3C0B21EEA2
:10F2C000001B90ED602B81EE020B8DED3A0B9DED56
:10F2D0003A0B05F7F5FB599890ED601B20EE010BFA
:10F2E00000F5E471BC9801EBC00090ED001B59984B
:10F2F00000F5C471BC9801EBC00090ED008B00E0FC
:10F3000074E300EE018B599890ED681B9DED3C0B6A
:10F3100021EE001B90ED602B81EE020B8DED3A0B80
:10F320009DED3A0B06F724FA599890ED601B20EEFC
:10F33000010B00F5F071BC9801EBC00090ED001BD3
:10F3400000EE018B40A9BC9801EBC00080ED008B62
:10F35000599890EDAA1B9DED3C0BB4EEC01BF1EE4D
:10F3600010FA54DB9DED3C0BB6EE001B20EE010BBA
:10F370008DED3A0B599890ED681B9DED3A0B21EEFF
:10F38000001B90ED602B81EE020B8DED380B9DED97
:10F39000380B05F795FB599890ED601B20EE010B9B
:10F3A00000F5E471BC9801EBC00090ED001B59988A
:10F3B00000F5C471BC9801EBC00090ED008B00EE2D
:10F3C000018B599890ED681B9DED3A0B21EE001BC7
:10F3D00090ED602B81EE020B8DED380B9DED380B1F
:10F3E00006F7C6F9599890ED601B20EE010B00F569
:10F3F000F071BC9801EBC00090ED001B00EE018B9A
:10F400004CA9BC9801EBC00080ED008B00BFBC98FC
:10F41000401CBC90BC980328FFF64CAFFCA9BD98DB
:10F4200051F8200041F628610844007906287DD073
:10F430000321BC9190E0599890EDAA1B9DED3C0BE7
:10F44000B4EEC01BF1EE10FA4DDB599890EDAA2BEB
:10F450009DED3C0B80EE021B8DED3A1B9DED3A0BB2
:10F46000B7EE001B31EE400B5999BC9801EBC00080
:10F4700090ED001B20EE011B9031BC9801EBC00009
:10F4800090ED002B9DED3A0B00EE021B40A9BC98BD
:10F4900001EBC00080ED001B9DED3A0BB6EE001BAA
:10F4A00020EE010B8DED3A0B9DED3A0BB7EE001BF4
:10F4B00031EE400B5999BC9801EBC00090ED001B58
:10F4C00020EE011B9031BC9801EBC00090ED002BA9
:10F4D0009DED3A0B00EE021B4CA9BC9801EBC0005D
:10F4E00080ED001B35E0599890EDAA1B9DED3C0B7B
:10F4F00030EE411B90EDAA0BB7EE002B32EE402B05
:10F5000081EE020B8DED3A0B9DED3A0BB7EE001B31
:10F5100031EE400B599800F19001BC9801EBC0000E
:10F5200090ED001B20EE011B599800E021E000F156
:10F53000F001BC9801EBC00090ED002B9DED3A0B63
:10F5400000EE021B40A9BC9801EBC00080ED001B3F
:10F5500000BFBC98401CBC90FCA9BD9851F820008D
:10F5600041F6286108440179BC9881423FF763AFB6
:10F570008DE1599890ED0A0B8DED2C0B90ED080B59
:10F580008DED2A0B90ED060B8DED280B00F50C7020
:10F590009DED2C2B9DED2A1B9DED280BF6F6EAFB2D
:10F5A000599890ED2E0B8DED2C0B90ED2C0B8DEDD5
:10F5B0002A0B90ED2A0B8DED280B00F514709DEDB4
:10F5C0002C2B9DED2A1B9DED280BF6F6D3FB5998AD
:10F5D00090ED460B8DED2C0B90ED440B8DED2A0B31
:10F5E00090ED420B8DED280B00F51C709DED2C2B42
:10F5F0009DED2A1B9DED280BF6F6BCFB599800F5F6
:10F600001C70599991ED923B91ED902B91ED8E1BD1
:10F6100091ED8C0BF1F6FEFB599880EDA40B5998F7
:10F6200000F51470599991ED923B91ED902B91ED6D
:10F630008E1B91ED8C0BF1F6EDFB599880EDA60B2E
:10F64000599800F51C70599991ED9A3B91ED982BC2
:10F6500091ED961B91ED940BF1F6DCFB599880ED42
:10F66000A80B599890EDAA1B9DED3C0B08E00000FB
:10F670000000000000806640112D4454FB21094029
:10F68000B4EEC01BF1EE10FA7EDB599890EDAA2B78
:10F690009DED3C0B80EE021B8DED2C1B9DED2C0B8C
:10F6A0008DED020B599890EDA60B8DED000B2EA859
:10F6B000599991ED9A7B91ED986B91ED965B91ED57
:10F6C000944B91ED923B91ED902B91ED8E1B91ED32
:10F6D0008C0B00F7F5FF599890ED460B8DED2A0B3A
:10F6E00090ED440B8DED280B90ED420B8DED260B2C
:10F6F00036AA38A93AA89DED2A6B9DED285B9DEDB1
:10F70000264B9DED343B9DED322B9DED301B9DED49
:10F710002E0BFDF6AEF89DED3A0B8DED460B9DEDF3
:10F72000380B8DED480B9DED360B8DED4A0B9DEDA5
:10F730002C0BB6EE001B20EE010B8DED2C0B9DED7E
:10F740002C0B8DED020B599890EDA60B8DED000B57
:10F750002EA8599991ED9A7B91ED986B91ED965B5E
:10F7600091ED944B91ED923B91ED902B91ED8E1B91
:10F7700091ED8C0B00F7A4FF599890ED460B8DEDA1
:10F780002A0B90ED440B00E025E08DED280B90ED69
:10F79000420B8DED260B36AA38A93AA89DED2A6BAF
:10F7A0009DED285B9DED264B9DED343B9DED322B71
:10F7B0009DED301B9DED2E0BFDF65BF89DED3A0B9C
:10F7C0008DED520B9DED380B8DED540B9DED360BF1
:10F7D0008DED560B5AE0599890EDAA1B9DED3C0B10
:10F7E00030EE411B90EDAA0BB7EE002B32EE402B12
:10F7F00081EE020B8DED2C0B9DED2C0B8DED020B94
:10F80000599890EDA80B8DED000B2EA8599991ED0C
:10F81000A27B91EDA06B91ED9E5B91ED9C4B91EDE8
:10F820009A3B91ED982B91ED961B91ED940B00F77F
:10F8300047FF599890ED460B8DED2A0B90ED440B48
:10F840008DED280B90ED420B8DED260B36AA38A9D5
:10F850003AA89DED2A6B9DED285B9DED264B9DED15
:10F86000343B9DED322B9DED301B9DED2E0BFDF6B7
:10F8700000F89DED3A0B8DED460B9DED380B8DEDAF
:10F88000480B9DED360B8DED4A0B00BF00BFFE48C7
:10F890000068FE49C1F8D400302240A95998F030E0
:10F8A000F0F678FD30224CA959989030F0F672FDB0
:10F8B000599800F59070FCA90090BD9851F820006F
:10F8C00000F608003B90599BF033599AC032012151
:10F8D00001F710FDF890F89868B301213522BD9822
:10F8E0005043EB4A02EBC000A0F89611F89801B221
:10F8F000E84ABD9822F8101040F64F31BD984843B1
:10F90000E54901EBC00140F64F32BD985043E24A51
:10F9100002EBC00000F5A04090F8120A00EB400294
:10F9200002EBC01001EB0010DC4AD0F82817BD989C
:10F9300042F8201045E49DED3E0B599880ED680B90
:10F94000599890EDAA1B9DED3C0BB4EEC01BF1EE57
:10F9500010FA4ADB5998C030FCAA0090BD9852F8C2
:10F96000200000F608003B90599B9033599A3032A2
:10F97000012101F7BFFCF890F89868B30121352206
:10F98000BD985043C24A02EBC000A0F89611F89807
:10F9900001B2C04ABD9822F8101040F64F31BD9810
:10F9A0004843BD4901EBC00140F64F32BD9850437A
:10F9B000B94A02EBC00000F5A04090F8120A00EB33
:10F9C000400202EBC01001EB0010B44AD0F8281737
:10F9D000BD9842F82010ADE7599890ED681BB6EE3F
:10F9E000000B21EE000B80ED6A0B00BFA6480068FB
:10F9F000A649C1F8D8000021FCAABD9852F8200001
:10FA000041F6286210440079CDE9000140F64F31FB
:10FA1000BD984843A04901EBC00140F64F32BD9864
:10FA200050439D4A02EBC00000F5A04090F8120A36
:10FA300000EB400202EBC01001EB0010008900EB6C
:10FA40004001FCAABD9852F82000103041F28852C3
:10FA5000104400EB0111589140F64F31BD984843D6
:10FA60008D4901EBC00140F64F32BD9850438A4AA0
:10FA700002EBC00000F5A04090F8120A00EB400233
:10FA800002EBC01001EB00104030FCAA5790BD986B
:10FA900052F8200000F55070034659900320589A00
:10FAA000579904F771FBC390C39870B301213522B5
:10FAB000BD985043764A02EBC000A0F89611C39857
:10FAC00000F2874001B2734ABD9822F8101040F648
:10FAD0004F31BD984843704901EBC00140F64F32A9
:10FAE000BD9850436C4A02EBC00000F5A04090F86E
:10FAF000122A02EB420000EBC21001EB0010674A31
:10FB0000D0F82817BD9842F820100020BB9015E1CE
:10FB100040F64F31BD9848435F4901EBC00140F6C4
:10FB20004F32BD9850435C4A02EBC00000F5A04044
:10FB300090F8122A02EB420000EBC21001EB001019
:10FB400000F58071BB9801EBC00090ED000BFCA9A3
:10FB5000BD9851F820001030BB9900EB811090ED5A
:10FB6000001BB4EEC10BF1EE10FA7DDC40F64F3114
:10FB7000BD984843484901EBC00140F64F32BD985B
:10FB80005043454A02EBC00000F5A04090F8122A0D
:10FB900002EB420000EBC21001EB001000F5807197
:10FBA000BB9801EBC00090ED000BFCA9BD9851F88B
:10FBB00020001030BB9900EB811090ED021BB4EED9
:10FBC000C10BF1EE10FA5DD340F64F31BD984843BA
:10FBD000314901EBC00140F64F32BD9850432E4AE7
:10FBE00002EBC00000F5A04090F8122A02EB4200A0
:10FBF00000EBC21001EB001000F5B071BB9801EBF7
:10FC0000C00090ED000BFCA9BD9851F82000103009
:10FC1000BB9900EB811090ED001BB4EEC10BF1EE2F
:10FC200010FA2FDC40F64F31BD9848431A4901EBDA
:10FC3000C00140F64F32BD985043174A02EBC00056
:10FC400000F5A04090F8122A02EB420000EBC2102F
:10FC500001EB001000F5B071BB9801EBC00090ED16
:10FC6000000BFCA9BD9800E00CE051F8200010301A
:10FC7000BB9900EB811090ED021BB4EEC10BF1EECD
:10FC800010FA58D2FCA90BE01C0100247491012445
:10FC90007017022440010024F8BC01244401002410
:10FCA000BD9851F820101031BB9801EB801090EDF9
:10FCB000000BFCA9BD9851F820001030BB9900EB57
:10FCC000811090ED021BB4EEC10BF1EE10FA32DDA3
:10FCD00001213522BD985043FE4A02EBC000A0F836
:10FCE0009611FDA004F7C0FBBB9800F29D4001B245
:10FCF000FE4ABD9822F8101040F64F31BD98484397
:10FD0000FB4901EBC00140F64F32BD985043F84A21
:10FD100002EBC00000F5A04090F8122A02EB42006E
:10FD200000EBC21001EB0010F24AD0F82817BD9882
:10FD300042F820100EE0BB98401CBB90FCA9BD9877
:10FD400051F8200041F6286108440179BB988142AE
:10FD50003FF7DEAE00BF0020BB90ABE040F64F3176
:10FD6000BD984843E24901EBC00140F64F32BD98CF
:10FD70005043DF4A02EBC00000F5A04090F8120AA1
:10FD800000EB400202EBC01001EB001000F5C8715F
:10FD9000BB9801EBC00090ED000BFCA9BD9851F899
:10FDA000200000F5E070BB9900EB811090ED001B86
:10FDB000B4EEC10BF1EE10FA2EDC40F64F31BD98D7
:10FDC0004843CB4901EBC00140F64F32BD98504348
:10FDD000C74A02EBC00000F5A04090F8120A00EB01
:10FDE000400202EBC01001EB001000F5C871BB9897
:10FDF00001EBC00090ED000BFCA9BD9851F820006C
:10FE000000F5E070BB9900EB811090ED021BB4EEA1
:10FE1000C10BF1EE10FA4AD2FCA9BD9851F82000AE
:10FE200000F5E071BB9801EB801090ED000BFCA990
:10FE3000BD9851F8200000F5E070BB9900EB8110EF
:10FE400090ED021BB4EEC10BF1EE10FA2FDD012193
:10FE50003522BD9850439F4A02EBC000A0F896118E
:10FE6000BB9800F2C44001B2A04ABD9822F810101D
:10FE700040F64F31BD9848439D4901EBC00140F623
:10FE80004F32BD9850439A4A02EBC00000F5A040A3
:10FE900090F8120A00EB400202EBC01001EB0010D8
:10FEA000944AD0F82817BD9842F8201006E0BB9875
:10FEB000401CBB90BB980028FFF650AF00BFFCA9C8
:10FEC000BD9851F8200041F62861084400790628C1
:10FED0007DD140F64F31BD984843854901EBC002C2
:10FEE00040F64F31BD984843814901EBC00000F511
:10FEF000A04090F8120A00EB400101EBC01002EBA9
:10FF0000001000F51C70599040F64F31BD984843E1
:10FF1000774901EBC00240F64F31BD984843744920
:10FF200001EBC00000F5A04090F8120A00EB400180
:10FF300001EBC01002EB001090ED1A0B8DED560B8B
:10FF400040F64F31BD984843694901EBC00240F685
:10FF50004F31BD984843664901EBC00000F5A04011
:10FF600090F8120A00EB400101EBC01002EB001008
:10FF700090ED180B8DED540B40F64F31BD98484372
:10FF80005B4901EBC00240F64F31BD9848435849E8
:10FF900001EBC00000F5A04090F8120A00EB400110
:10FFA00001EBC01002EB001090ED160B8DED520B23
:10FFB00059989DED562B9DED541B9DED520BF5F67A
:10FFC000D9FE40F64F31BD984843494900E012E25E
:10FFD00001EBC00240F64F31BD984843444901EB64
:10FFE000C00000F5A04090F8120A00EB400101EBC0
:10FFF000C01002EB001000F52470599040F64F310C
:020000040811E1
:10000000BD9848433A4901EBC00240F64F31BD98D4
:100010004843374901EBC00000F5A04090F8120AB0
:1000200000EB400101EBC01002EB001090ED3E0B25
:100030008DED560B40F64F31BD9848432C4901EBEE
:10004000C00240F64F31BD984843294901EBC0003A
:1000500000F5A04090F8120A00EB400101EBC0103F
:1000600002EB001090ED3C0B8DED540B40F64F3140
:10007000BD9848431E4901EBC00240F64F31BD9880
:1000800048431B4901EBC00000F5A04090F8120A5C
:1000900000EB400101EBC01002EB001090ED3A0BB9
:1000A0008DED520B59989DED562B9DED541B9DEDFA
:1000B000520BF5F65FFE40F64F31BD9848430C49B0
:1000C00001EBC00240F64F31BD984843084901EBAF
:1000D000C00011E0701702244552525F4C494D494F
:1000E000545F4A3120370D0A00000000400100240F
:1000F000F8BC01244401002400F5A04090F8120A45
:1001000000EB400101EBC01002EB001000F52C7079
:10011000599040F64F31BD984843FE4901EBC0026B
:1001200040F64F31BD984843FA4901EBC00000F555
:10013000A04090F8120A00EB400101EBC01002EB66
:10014000001090ED560B8DED560B40F64F31BD98DB
:100150004843F04901EBC00240F64F31BD98484397
:10016000EC4901EBC00000F5A04090F8120A00EB4A
:10017000400101EBC01002EB001090ED540B8DED2F
:10018000540B40F64F31BD984843E24901EBC002A1
:1001900040F64F31BD984843DE4901EBC00000F501
:1001A000A04090F8120A00EB400101EBC01002EBF6
:1001B000001090ED520B8DED520B59989DED562B82
:1001C0009DED541B9DED520BF5F6D4FD40F64F31DD
:1001D000BD984843CF4901EBC00240F64F31BD986E
:1001E0004843CC4901EBC00000F5A04090F8120A4A
:1001F00000EB400101EBC01002EB001000F52C7089
:10020000599040F64F31BD984843C24901EBC002B6
:1002100040F64F31BD984843BE4901EBC00000F5A0
:10022000A04090F8120A00EB400101EBC01002EB75
:10023000001000F51C7058905899599891ED063BA4
:1002400091ED042B91ED021B91ED000BF0F6E2FD18
:1002500040F64F31BD984843AE4901EBC00240F62D
:100260004F31BD984843AB4901EBC00000F5A040B9
:1002700090F8120A00EB400101EBC01002EB0010F5
:1002800080EDB40B40F64F31BD984843A14901EBD6
:10029000C00240F64F31BD9848439E4901EBC00073
:1002A00000F5A04090F8120A00EB400101EBC010ED
:1002B00002EB001000F52470599040F64F31BD98C4
:1002C0004843944901EBC00240F64F31BD98484382
:1002D000904901EBC00000F5A04090F8120A00EB35
:1002E000400101EBC01002EB001000F51C705890AB
:1002F0005899599891ED063B91ED042B91ED021B15
:1003000091ED000BF0F686FD40F64F31BD98484365
:10031000804901EBC00240F64F31BD9848437D490A
:1003200001EBC00000F5A04090F8120A00EB40017C
:1003300001EBC01002EB001080EDB60B40F64F3120
:10034000BD984843734901EBC00240F64F31BD9858
:100350004843704901EBC00000F5A04090F8120A34
:1003600000EB400101EBC01002EB001000F52C7017
:10037000599040F64F31BD984843664901EBC002A1
:1003800040F64F31BD984843624901EBC00000F58B
:10039000A04090F8120A00EB400101EBC01002EB04
:1003A000001000F5247058905899599891ED063B2B
:1003B00091ED042B91ED021B91ED000BF0F62AFD5F
:1003C00040F64F31BD984843524901EBC00240F618
:1003D0004F31BD9848434F4901EBC00000F5A040A4
:1003E00090F8120A00EB400101EBC01002EB001084
:1003F00080EDB80B12E140F64F31BD9848434549B6
:1004000001EBC00140F64F32BD985043414A02EB28
:10041000C00000F5A04090F8120A00EB400202EB89
:10042000C01001EB001090ED520B40F64F31BD981B
:100430004843384901EBC00140F64F32BD98504364
:10044000344A02EBC00000F5A04090F8120A00EB1D
:10045000400202EBC01001EB001090ED161B30EED5
:10046000410B9FED2D1B20EE010B9FED2D1B80EE10
:10047000012B40F64F31BD984843264901EBC0019E
:1004800040F64F32BD985043224A02EBC00000F5BF
:10049000A04090F8120A00EB400202EBC01001EB02
:1004A000001080EDB42B40F64F31BD9848431949F8
:1004B00001EBC00140F64F32BD985043154A02EBA4
:1004C000C00000F5A04090F8120A00EB400202EBD9
:1004D000C01001EB001090ED3A0B40F64F31BD9883
:1004E00048430C4901EBC00140F64F32BD985043E0
:1004F000084A02EBC00000F5A04090F8120A00EB99
:10050000400202EBC01001EB001090ED161B30EE24
:10051000410B09E0F8BC0124112D4454FB21094092
:1005200000000000008066401FED051B20EE010B5F
:100530001FED051B80EE012B40F64F31BD9848435F
:10054000FE4901EBC00140F64F32BD985043FB4AD3
:1005500002EBC00000F5A04090F8120A00EB400248
:1005600002EBC01001EB001080EDB62B40F64F31CE
:10057000BD984843F14901EBC00140F64F32BD98A8
:100580005043EE4A02EBC00000F5A04090F8120A7A
:1005900000EB400202EBC01001EB001090ED520B9B
:1005A00040F64F31BD984843E44901EBC00140F6A5
:1005B0004F32BD985043E14A02EBC00000F5A04025
:1005C00090F8120A00EB400202EBC01001EB0010A1
:1005D00090ED3A1B30EE410B1FED311B20EE010B6D
:1005E0001FED311B80EE012B40F64F31BD98484383
:1005F000D24901EBC00140F64F32BD985043CF4A7B
:1006000002EBC00000F5A04090F8120A00EB400297
:1006100002EBC01001EB001080EDB82B40F64F311B
:10062000BD984843C54901EBC00140F64F32BD9823
:100630005043C24A02EBC00000F5A04090F8120AF5
:1006400000EB400202EBC01001EB001090F8380004
:1006500002287DD140F64F31BD984843B74901EBA0
:10066000C00140F64F32BD985043B44A02EBC0007F
:1006700000F5A04090F8120A00EB400202EBC01017
:1006800001EB001090EDB60BB0EEC00B30EE000B9E
:100690001FED5D1B20EE010B1FED611B80EE012B9A
:1006A00040F64F31BD984843A44901EBC00140F6E4
:1006B0004F32BD985043A14A02EBC00000F5A04064
:1006C00090F8120A00EB400202EBC01001EB0010A0
:1006D00000F5806080EDDA2B40F64F31BD9848433D
:1006E000964901EBC00140F64F32BD985043934A02
:1006F00002EBC00000F5A04090F8120A00EB4002A7
:1007000002EBC01001EB001090EDB60BB0EEC00B89
:100710009FED8B1BB4EEC10BF1EE10FA24D940F61D
:100720004F31BD984843854901EBC00140F64F3237
:10073000BD985043814A02EBC00000F5A04090F8FC
:10074000120A00EB400202EBC01001EB001000E0C7
:100750000CE190EDB80BB0EEC00B9FED791BB4EE41
:10076000C10BF1EE10FA7DD8002140F64F32BD9852
:100770005043724A02EBC00240F64F33BD985843D3
:100780006E4B03EBC00000F5A04090F8123A03EB6B
:10079000430000EBC31002EB001080F8381040F665
:1007A0004F31BD984843654901EBC00140F64F32D7
:1007B000BD985043614A02EBC00000F5A04090F89C
:1007C000120A00EB400202EBC01001EB001090EDAA
:1007D000780B40F64F31BD984843584901EBC001B2
:1007E00040F64F32BD985043544A02EBC00000F52A
:1007F000A04090F8120A00EB400202EBC01001EB9F
:10080000001000F5806080EDDA0B40F64F31BD98A6
:1008100048434A4901EBC00140F64F32BD9850436E
:10082000464A02EBC00000F5A04090F8120A00EB27
:10083000400202EBC01001EB001090ED7A0B40F685
:100840004F31BD9848433D4901EBC00140F64F325E
:10085000BD985043394A02EBC00000F5A04090F823
:10086000120A00E024E000EB400202EBC01001EBB2
:10087000001090ED781B80EE012B40F64F31BD98B3
:1008800048432E4901EBC00140F64F32BD9850431A
:100890002A4A02EBC00000F5A04090F8120A00EBD3
:1008A000400202EBC01001EB001080EDBA2BE3E038
:1008B00040F64F31BD984843204901EBC00140F656
:1008C0004F32BD9850431D4A02EBC00000F5A040D6
:1008D00090F8120A00EB400202EBC01001EB00108E
:1008E00090EDB60BB0EEC00B40F64F31BD984843CB
:1008F000124901EBC00140F64F32BD9850430F4AF8
:1009000002EBC00000F5A04090F8120A00EB400294
:1009100002EBC01001EB001090EDB61BB0EEC11B56
:1009200031EE011B80EE012B40F64F31BD9848435C
:10093000024901EBC00140F64F3205E0F8BC01244A
:10094000F168E388B5F8E43EBD985043FE4A02EBF7
:10095000C00000F5A04090F8120A00EB400202EB44
:10096000C01001EB001080EDBA2B85E040F64F314E
:10097000BD984843F44901EBC00140F64F32BD98A1
:100980005043F14A02EBC00000F5A04090F8120A73
:1009900000EB400202EBC01001EB001090ED780B71
:1009A00040F64F31BD984843E74901EBC00140F69E
:1009B0004F32BD985043E44A02EBC00000F5A0401E
:1009C00090F8120A00EB400202EBC01001EB00109D
:1009D00000F5806080EDDA0B40F64F31BD9848435A
:1009E000D94901EBC00140F64F32BD985043D64A79
:1009F00002EBC00000F5A04090F8120A00EB4002A4
:100A000002EBC01001EB001090ED7A0B40F64F3175
:100A1000BD984843CC4901EBC00140F64F32BD9828
:100A20005043C94A02EBC00000F5A04090F8120AFA
:100A300000EB400202EBC01001EB001090ED781BC0
:100A400080EE012B40F64F31BD984843BE4901EB83
:100A5000C00140F64F32BD985043BB4A02EBC00084
:100A600000F5A04090F8120A00EB400202EBC01023
:100A700001EB001080EDBA2B40F64F31BD98484392
:100A8000B14901EBC00140F64F32BD985043AE4A28
:100A900002EBC00000F5A04090F8120A00EB400203
:100AA00002EBC01001EB001000F5806090EDDA0B56
:100AB0001FED5D1BB4EEC10BF1EE10FA54D240F6FF
:100AC0004F31BD984843A04901EBC00240F64F3179
:100AD000BD9848439C4901EBC00000F5A04090F848
:100AE000120A00EB400101EBC01002EB001000F510
:100AF000C870599040F64F31BD984843924901EB78
:100B0000C00240F64F31BD9848438F4901EBC00009
:100B100000F5A04090F8120A00EB400101EBC01074
:100B200002EB0010A030002258905999F9F6F2FD1E
:100B300040F64F31BD984843834901EBC00140F670
:100B40004F32BD985043804A02EBC00000F5A040F0
:100B500090F8120A00EB400202EBC01001EB00100B
:100B600000F5806080EDDA0B40F64F31BD984843C8
:100B7000754901EBC00140F64F32BD985043724AAF
:100B800002EBC00000F5A04090F8120A00EB400212
:100B900002EBC01001EB001090EDBA0BB5EEC00BEC
:100BA000F1EE10FA20D940F64F31BD98484366491E
:100BB00001EBC00140F64F32BD985043624A02EB50
:100BC000C00000F5A04090F8120A00EB400202EBD2
:100BD000C01001EB001090EDBA0BB7EE001BB4EEA5
:100BE000C10BF1EE10FA2EDB01213522BD985043E6
:100BF000564A02EBC000A0F8961140F27F41544AD9
:100C0000BD9822F8101040F64F31BD9848434E4928
:100C100001EBC00140F64F32BD9850434A4A02EB07
:100C2000C00000F5A04090F8120A00EB400202EB71
:100C3000C01001EB0010474AD0F82817BD9842F8C1
:100C4000201004F085BE444800684449C1F8DC0027
:100C500040F64F31BD9848433B4901EBC00140F697
:100C60004F32BD985043384A02EBC00000F5A04017
:100C700090F8120A00EB400202EBC01001EB0010EA
:100C800090ED780B40F64F31BD9848432E4901EB6B
:100C9000C00140F64F32BD9850432B4A02EBC000D2
:100CA00000F5A04090F8122A02EB420000EBC210BF
:100CB00001EB001000F5806080EDDC0B0020BC90A3
:100CC00040E040F64F31BD9848431F4901EBC00159
:100CD00040F64F32BD9850431B4A02EBC00000F56E
:100CE000A04090F8120A00EB400202EBC01001EBAA
:100CF000001000F50871BC9801EBC00090ED000BEE
:100D000040F64F31BD9848430F4901EBC00140F612
:100D10004F32BD9850430C4A02EBC00000F5A04092
:100D200090F8120A00EB400202EBC01001EB001138
:100D300001F5FC61BC9801EBC00080ED000BBC9894
:100D4000401CBC90BC980BE0F8BC01247017022436
:100D500040010024440100241C010024749101245A
:100D60000328AEDB40F64F31BD984843FE4901EB06
:100D7000C00240F64F31BD984843FB4901EBC0002B
:100D800000F5A04090F8121A01EB410000EBC110F1
:100D900002EB001000F59870599040F64F31BD9865
:100DA0004843F14901EBC00240F64F31BD9848433A
:100DB000ED4901EBC00000F5A04090F8121A01EBDC
:100DC000410000EBC11002EB001000F5E4705EAAD8
:100DD00058905999FBF632FD40F64F31BD98484383
:100DE000E14901EBC00140F64F32BD985043DE4A65
:100DF00002EBC00000F5A04090F8122A02EB42007E
:100E000000EBC21001EB001000F5FF60599040F6B6
:100E10004F31BD984843D44901EBC00240F64F31F1
:100E2000BD984843D04901EBC00000F5A04090F8C0
:100E3000120A00EB400101EBC01002EB001000F5BC
:100E4000F87058905EA9599AF2F600FE40F64F31BC
:100E5000BD984843C44901EBC00140F64F32BD98EC
:100E60005043C14A02EBC00000F5A04090F8122A9E
:100E700002EB420000EBC21001EB001000F5FF6036
:100E80005990FAF6BFFE0020BC9021E140F64F31A8
:100E9000BD984843B44901EBC00140F64F32BD98BC
:100EA0005043B14A02EBC00000F5A04090F8120A8E
:100EB00000EB400202EBC01001EB001090ED780B4C
:100EC0009FEDAA1B20EE011B40F64F31BD98484311
:100ED000A54901EBC00140F64F32BD985043A24AEC
:100EE00002EBC00000F5A04090F8120A00EB4002AF
:100EF00002EBC01001EB001090ED702B81EE020BA5
:100F00008DED580B9DED580B03F7DAFD40F64F3190
:100F1000BD984843944901EBC00140F64F32BD985B
:100F20005043914A02EBC00000F5A04090F8120A2D
:100F300000EB400202EBC01001EB001090ED701BC3
:100F400020EE010B40F64F31BD984843864901EB36
:100F5000C00140F64F32BD985043834A02EBC000B7
:100F600000F5A04090F8120A00EB400202EBC0101E
:100F700001EB001000F50271BC9801EBC00090ED90
:100F8000001B40F64F31BD984843774901EBC00143
:100F900040F64F32BD985043734A02EBC00000F553
:100FA000A04090F8120A00EB400202EBC01001EBE7
:100FB000001000F5E471BC9801EBC00090ED008BCF
:100FC00000EE018B40F64F31BD984843664901EB76
:100FD000C00140F64F32BD985043634A02EBC00057
:100FE00000F5A04090F8120A00EB400202EBC0109E
:100FF00001EB001090ED780B9FED5C1B20EE011BC8
:1010000040F64F31BD984843574901EBC00140F6C7
:101010004F32BD985043544A02EBC00000F5A04047
:1010200090F8120A00EB400202EBC01001EB001036
:1010300090ED702B81EE020B8DED580B9DED580B52
:1010400004F796FB40F64F31BD984843464901EB03
:10105000C00140F64F32BD985043434A02EBC000F6
:1010600000F5A04090F8120A00EB400202EBC0101D
:1010700001EB001090ED701B20EE010B40F64F319C
:10108000BD984843384901EBC00140F64F32BD9846
:101090005043354A02EBC00000F5A04090F8120A18
:1010A00000EB400202EBC01001EB001000F50871EC
:1010B000BC9801EBC00090ED001B00EE018BDEA997
:1010C000BC9801EBC00080ED008BBC98401CBC902C
:1010D000BC980328FFF6DAAE0321BC9159E040F634
:1010E0004F31BD984843204901EBC00140F64F32D3
:1010F000BD9850431C4A02EBC00000F5A04090F898
:10110000120A00EB400202EBC01001EB001140316B
:10111000BC9801EBC00090ED000B9FED161B20EE7C
:10112000010B40F64F31BD9848430F4901EBC00118
:1011300040F64F32BD9850430B4A02EBC00000F519
:10114000A04090F8120A00EB400202EBC01001EB45
:10115000001000F59871BC9801EBC00090ED001BE9
:101160009FED022B0AE00000F8BC0124FCA9F1D29B
:101170004D62503F2B8716D9CEF7EF3F02EE010BA1
:10118000DEA9BC9801EBC00080ED000BBC98401CB0
:10119000BC90BC980628A2DBD2A8009040F64F3144
:1011A000BD984843FE4901EBC00240F64F31BD985F
:1011B0004843FB4901EBC00000F5A04090F8120A3B
:1011C00000EB400101EBC01002EB00107030FCAAF4
:1011D0005990BD9852F8200000F60800DEAB5890F8
:1011E0000121599A00F786F8F890F89868B3012120
:1011F0003522BD985043EB4A02EBC000A0F896118F
:10120000F89801B2E84ABD9822F8101040F64F3124
:10121000BD984843E24901EBC00140F64F32BD980A
:101220005043DF4A02EBC00000F5A04090F8120ADC
:1012300000EB400202EBC01001EB0010DB4AD0F8DB
:101240002817BD9842F82010FBE40020BB9048E02E
:1012500040F64F31BD984843D14901EBC00140F6FB
:101260004F32BD985043CE4A02EBC00000F5A0407B
:1012700090F8120A00EB400202EBC01001EB0010E4
:1012800000F17001BB9801EBC00090ED000BD2A9FA
:10129000BB9801EBC00090ED001B31EE400B40F617
:1012A0004F31BD984843BE4901EBC00140F64F3273
:1012B000BD985043BA4A02EBC00000F5A04090F838
:1012C000120A00EB400202EBC01001EB001101F525
:1012D000F061BB9801EBC00080ED000BBB98401C97
:1012E000BB90FCA9BD9851F8200041F62861084444
:1012F0000179BB988142ABDCAD480068AD49C1F8CB
:10130000E0000021BC9121E140F64F31BD984843F7
:10131000A34901EBC00140F64F32BD985043A04AAB
:1013200002EBC00000F5A04090F8120A00EB40026A
:1013300002EBC01001EB001090ED780B1FED731B5A
:1013400020EE011B40F64F31BD984843944901EB14
:10135000C00140F64F32BD985043914A02EBC000A5
:1013600000F5A04090F8120A00EB400202EBC0101A
:1013700001EB001090ED702B81EE020B8DED580B00
:101380009DED580B03F79CFB40F64F31BD98484349
:10139000834901EBC00140F64F32BD985043804A6B
:1013A00002EBC00000F5A04090F8120A00EB4002EA
:1013B00002EBC01001EB001090ED701B20EE010B52
:1013C00040F64F31BD984843754901EBC00140F6E6
:1013D0004F32BD985043724A02EBC00000F5A04066
:1013E00090F8120A00EB400202EBC01001EB001073
:1013F00000F50271BC9801EBC00090ED001B40F6B7
:101400004F31BD984843664901EBC00140F64F3269
:10141000BD985043624A02EBC00000F5A04090F82E
:10142000120A00EB400202EBC01001EB001000F5C5
:10143000E471BC9801EBC00090ED008B00EE018BD5
:1014400040F64F31BD984843554901EBC00140F685
:101450004F32BD985043524A02EBC00000F5A04005
:1014600090F8120A00EB400202EBC01001EB0010F2
:1014700090ED780B1FEDC11B20EE011B40F64F31A4
:10148000BD984843464901EBC00140F64F32BD9834
:101490005043434A02EBC00000F5A04090F8120A06
:1014A00000EB400202EBC01001EB001090ED702B3E
:1014B00081EE020B8DED580B9DED580B04F758F99A
:1014C00040F64F31BD984843354901EBC00140F625
:1014D0004F32BD985043324A02EBC00000F5A040A5
:1014E00090F8120A00EB400202EBC01001EB001072
:1014F00090ED701B20EE010B40F64F31BD98484334
:10150000274901EBC00140F64F32BD985043244AB1
:1015100002EBC00000F5A04090F8120A00EB400278
:1015200002EBC01001EB001000F50871BC9801EB54
:10153000C00090ED001B00EE018BDEA9BC9801EB12
:10154000C00080ED008BBC98401CBC90BC98032868
:10155000FFF6DAAE0321BC915EE040F64F31BD9854
:1015600048430F4901EBC00140F64F32BD9850434C
:101570000B4A02EBC00000F5A04090F8120A00EB05
:10158000400202EBC01001EB00114031BC9801EBAE
:10159000C00090ED000B9FED081B20EE010B0FE04B
:1015A000F8BC0124701702244001002444010024E7
:1015B0001C01002474910124FCA9F1D24D62503F1A
:1015C00040F64F31BD984843FE4901EBC00140F65B
:1015D0004F32BD985043FB4A02EBC00000F5A040DB
:1015E00090F8120A00EB400202EBC01001EB001071
:1015F00000F59871BC9801EBC00090ED001B9FEDC9
:10160000F22B02EE010BDEA9BC9801EBC00080EDCD
:10161000000BBC98401CBC90BC9806289DDBD2A84F
:10162000009040F64F31BD984843E64901EBC002B7
:1016300040F64F31BD984843E24901EBC00000F548
:10164000A04090F8120A00EB400101EBC01002EB41
:1016500000107030FCAA5990BD9852F8200000F696
:101660000800DEAB58900121599AFFF643FEF8902E
:10167000F89868B301213522BD985043D44A02EB53
:10168000C000A0F89611F89801B2D24ABD9822F88D
:10169000101040F64F31BD984843CA4901EBC001D4
:1016A00040F64F32BD985043C64A02EBC00000F5E9
:1016B000A04090F8120A00EB400202EBC01001EBD0
:1016C0000010C54AD0F82817BD9842F82010BBE595
:1016D0000020BB9048E040F64F31BD984843B949DF
:1016E00001EBC00140F64F32BD985043B54A02EBC2
:1016F000C00000F5A04090F8120A00EB400202EB97
:10170000C01001EB001000F17001BB9801EBC000AC
:1017100090ED000BD2A9BB9801EBC00090ED001B2F
:1017200030EE410B40F64F31BD984843A54901EBDF
:10173000C00140F64F32BD985043A24A02EBC000B0
:1017400000F5A04090F8120A00EB400202EBC01036
:1017500001EB001101F5F661BB9801EBC00080EDD3
:10176000000BBB98401CBB90FCA9BD9851F8200011
:1017700041F6286108440179BB988142ABDC974867
:1017800000689749C1F8E40040F64F31BD984843DE
:101790008C4901EBC00140F64F32BD985043894A55
:1017A00002EBC00000F5A04090F8130A00EB4002E5
:1017B00002EBC01001EB001090ED040BB5EEC00B76
:1017C000F1EE10FA55D240F64F31BD9848437D49AD
:1017D00001EBC00240F64F31BD984843794901EB17
:1017E000C00000F5A04090F8130A00EB400101EBA7
:1017F000C01002EB001000F5F660599040F64F3132
:10180000BD9848436F4901EBC00240F64F31BD9887
:1018100048436C4901EBC00000F5A04090F8120A63
:1018200000EB400101EBC01002EB001000F5F0608E
:1018300058905999EFF68AFB40F64F31BD984843CE
:10184000604901EBC00140F64F32BD9850435D4AFC
:1018500002EBC00000F5A04090F8120A00EB400235
:1018600002EBC01001EB001000F5006080ED040BEE
:1018700063E340F64F31BD984843524901EBC00144
:1018800040F64F32BD9850434E4A02EBC00000F57F
:10189000A04090F8130A00EB400202EBC01001EBED
:1018A000001090ED040BB5EEC00BF1EE10FA1ED156
:1018B000BFEE000B40F64F31BD984843414901EB64
:1018C000C00140F64F32BD9850433E4A02EBC00083
:1018D00000F5A04090F8120A00EB400202EBC010A5
:1018E00001EB001000F5006080ED040B25E39FED97
:1018F0003D0B40F64F31BD984843324901EBC001E2
:1019000040F64F32BD9850432E4A02EBC00000F51E
:10191000A04090F8120A00EB400202EBC01001EB6D
:10192000001000F5006080ED040B40F64F31BD98CB
:101930004843244901EBC00140F64F32BD98504363
:10194000204A02EBC00000F5A04090F8130A00EB1B
:10195000400202EBC01001EB0011519140F64F31F3
:10196000BD984843174901EBC00140F64F32BD987E
:101970005043144A02EBC00000F5A04090F8120A50
:1019800000EB400202EBC01001EB00115091FCA9EA
:10199000BD9851F8200000F60800FCAA5390BD98AD
:1019A00052F8200041F6286108440079529002461E
:1019B000539B51995098FDF615FF40F64F31BD9855
:1019C000484313E0F8BC01242B8716D9CEF7EF3F2C
:1019D0007017022440010024440100241C0100244B
:1019E000749101240000000000000000FE4901EB9A
:1019F000C00140F64F32BD985043FB4A02EBC00095
:101A000000F5A04090F8120A00EB400202EBC01073
:101A100001EB001000F57070539040F64F31BD9807
:101A20004843F14901EBC00240F64F31BD984843AD
:101A3000ED4901EBC00000F5A04090F8120A00EB60
:101A4000400101EBC01002EB001000F5E47054AA55
:101A500052905399FAF6F2FE40F64F31BD98484342
:101A6000E14901EBC00140F64F32BD985043DE4AD8
:101A700002EBC00000F5A04090F8120A00EB400213
:101A800002EBC01001EB001000F5FC60539040F633
:101A90004F31BD984843D44901EBC00240F64F3165
:101AA000BD984843D04901EBC00000F5A04090F834
:101AB000120A00EB400101EBC01002EB001000F530
:101AC000F870529054A9539AF1F6C0FF40F64F3186
:101AD000BD984843C44901EBC00140F64F32BD9860
:101AE0005043C14A02EBC00000F5A04090F8120A32
:101AF00000EB400202EBC01001EB001000F5FC60AF
:101B00005390FAF67FF840F64F31BD984843B649F6
:101B100001EBC00240F64F31BD984843B24901EB9A
:101B2000C00000F5A04090F8130A00EB400101EB63
:101B3000C01002EB0010007803287DD140F64F3131
:101B4000BD984843A84901EBC00240F64F31BD980B
:101B50004843A54901EBC00000F5A04090F8130AE6
:101B600000EB400101EBC01002EB001000F59360A8
:101B7000539040F64F31BD9848439B4901EBC0025A
:101B800040F64F31BD984843974901EBC00000F53E
:101B9000A04090F8130A00EB400101EBC01002EBEB
:101BA000001000F5E47054AA52905399FAF646FEDC
:101BB00040F64F31BD9848438B4901EBC00140F6D8
:101BC0004F32BD985043884A02EBC00000F5A04058
:101BD00090F8130A00EB400202EBC01001EB00107A
:101BE00000F5FF60539040F64F31BD9848437E4961
:101BF00001EBC00240F64F31BD9848437A4901EBF2
:101C0000C00000F5A04090F8130A00EB400101EB82
:101C1000C01002EB001000F5F870529054A9539ACE
:101C2000F1F614FF40F64F31BD9848436E4901EB81
:101C3000C00140F64F3200E079E0BD9850436A4A57
:101C400002EBC00000F5A04090F8130A00EB400240
:101C500002EBC01001EB001000F5FF605390F9F6A5
:101C6000D1FF40F64F31BD9848435F4901EBC002B8
:101C700040F64F31BD9848435B4901EBC00000F589
:101C8000A04090F8130A00EB400101EBC01002EBFA
:101C9000001000F5806090EDFE0B8DED520B40F6CC
:101CA0004F31BD984843504901EBC00240F64F31D7
:101CB000BD9848434C4901EBC00000F5A04090F8A6
:101CC000130A00EB400101EBC01002EB001000F51D
:101CD000FF6090ED020B8DED500B9DED521B9DEDC5
:101CE000500B02F70DFE9FED411B20EE010B9FED07
:101CF000411B80EE012B40F64F31BD9848433A49D5
:101D000001EBC00240F64F31BD984843364901EB24
:101D1000C00000F5A04090F8130A00EB400101EB71
:101D2000C01002EB001000F5916080ED582B40F6DA
:101D30004F31BD9848432C4901EBC00140F64F326A
:101D4000BD985043284A02EBC00000F5A04090F82F
:101D5000130A00EB400202EBC01001EB0010007808
:101D600002287DD140F64F31BD9848431E4901EB12
:101D7000C00240F64F31BD9848431B4901EBC000FB
:101D800000F5A04090F8130A00EB400101EBC010F1
:101D900002EB001000F5BF60539040F64F31BD9844
:101DA0004843114901EBC00240F64F31BD9848430A
:101DB0000D4901EBC00000F5A04090F8130A00EBBC
:101DC000400101EBC01002EB001000F5916090EDB6
:101DD0000E0B8DED500B40F64F31BD984843024934
:101DE00001EBC0020AE00000F8BC01240000000082
:101DF00000806640112D4454FB21094040F64F31CC
:101E0000BD984843FE4901EBC00000F5A04090F8A2
:101E1000130A00EB400101EBC01002EB001000F5CB
:101E2000916090ED0C0B8DED4E0B40F64F31BD984F
:101E30004843F34901EBC00240F64F31BD98484397
:101E4000EF4901EBC00000F5A04090F8130A00EB49
:101E5000400101EBC01002EB001000F5916000E0C2
:101E60006AE090ED0A0B8DED4C0B53989DED502BD5
:101E70009DED4E1B9DED4C0BF3F67CFF40F64F3174
:101E8000BD984843DE4901EBC00240F64F31BD9892
:101E90004843DB4901EBC00000F5A04090F8130A6D
:101EA00000EB400101EBC01002EB001000F52C70BC
:101EB000539040F64F31BD984843D14901EBC002E1
:101EC00040F64F31BD984843CD4901EBC00000F5C5
:101ED000A04090F8130A00EB400101EBC01002EBA8
:101EE000001000F5BF6052905299539891ED063B57
:101EF00091ED042B91ED021B91ED000BEEF68AFFA4
:101F000040F64F31BD984843BD4901EBC00240F651
:101F10004F31BD984843BA4901EBC00000F5A040DD
:101F200090F8130A00EB400101EBC01002EB001027
:101F300000F5916080ED640B00BF40F64F31BD9815
:101F40004843AF4901EBC00140F64F32BD985043C2
:101F5000AB4A02EBC00000F5A04090F8120A00EB7B
:101F6000400202EBC01001EB001000F5806090ED24
:101F7000F80B8DED580B40F64F31BD984843A04902
:101F800001EBC00140F64F32BD9850439C4A02EB32
:101F9000C00000F5A04090F8120A00EB400202EBEE
:101FA000C01001EB001000F5FC6090ED020B8DED10
:101FB000560B9DED581B9DED560B02F7A1FC1FED36
:101FC000751B20EE010B1FED751B80EE012B40F6FB
:101FD0004F31BD9848438A4901EBC00140F64F326A
:101FE000BD985043864A02EBC00000F5A04090F82F
:101FF000120A00EB400202EBC01001EB001000F5EA
:102000003C7080ED5A2B40F64F31BD9848437C49D7
:1020100001EBC00140F64F32BD985043784A02EBC5
:10202000C00000F5A04090F8120A00EB400202EB5D
:10203000C01001EB001000F5806090EDFE0B8DEDFF
:10204000580B40F64F31BD9848436D4901EBC00134
:1020500040F64F32BD985043694A02EBC00000F58C
:10206000A04090F8120A00EB400202EBC01001EB16
:10207000001000F5FF6090ED020B8DED560B9DED0D
:10208000581B9DED560B02F73BFC1FEDA81B20EEE5
:10209000010B1FEDA81B80EE012B40F64F31BD98C0
:1020A0004843574901EBC00140F64F32BD985043B9
:1020B000534A02EBC00000F5A04090F8120A00EB72
:1020C000400202EBC01001EB001000F5916080EDC2
:1020D000582B40F64F31BD984843494901EBC001A8
:1020E00040F64F32BD985043454A02EBC00000F520
:1020F000A04090F8130A00EB400202EBC01001EB85
:10210000001000F5916090ED580B40F64F31BD98EE
:1021100048433B4901EBC00140F64F32BD98504364
:10212000374A02EBC00000F5A04090F8120A00EB1D
:10213000400202EBC01001EB001000F53C7080ED96
:10214000580B40F64F31BD9848432D4901EBC00173
:1021500040F64F32BD985043294A02EBC00000F5CB
:10216000A04090F8120A00EB400202EBC01001EB15
:10217000001000F53C7090ED5A0B40F64F31BD98C1
:1021800048431F4901EBC00140F64F32BD98504310
:102190001B4A02EBC00000F5A04090F8130A00EBC8
:1021A000400202EBC01001EB001000F5916080EDE1
:1021B0005A0B40F64F31BD984843114901EBC0011D
:1021C00040F64F32BD9850430D4A02EBC00000F577
:1021D000A04090F8130A00EB400202EBC01001EBA4
:1021E000001000780C287CD19FED060B40F64F3193
:1021F000BD984843024901EBC00140F64F3205E06B
:10220000F8BC01240000000000000000BD9850430D
:10221000FE4A02EBC00000F5A04090F8120A00EB65
:10222000400202EBC01001EB001000F5006080EDF1
:10223000040B0020BC90BDE040F64F31BD984843F0
:10224000F24901EBC00140F64F32BD985043EF4ACE
:1022500002EBC00000F5A04090F8120A00EB40022B
:1022600002EBC01001EB001101F5FC61BC9801EB21
:10227000C00090ED000B40F64F31BD984843E34954
:1022800001EBC00140F64F32BD985043DF4A02EBEC
:10229000C00000F5A04090F8130A00EB400202EBEA
:1022A000C01001EB001101F5FF61BC9801EBC0000B
:1022B00080ED000B40F64F31BD984843D34901EB08
:1022C000C00140F64F32BD985043D04A02EBC000E7
:1022D00000F5A04090F8130A00EB400202EBC0109A
:1022E00000E030E101EB001000F59871BC9801EBC3
:1022F000C00090ED000B40F64F31BD984843C349F4
:1023000001EBC00140F64F32BD985043BF4A02EB8B
:10231000C00000F5A04090F8130A00EB400202EB69
:10232000C01001EB001101F5FF61BC9801EBC0008A
:1023300090ED001B40F64F31BD984843B34901EB87
:10234000C00140F64F32BD985043B04A02EBC00086
:1023500000F5A04090F8130A00EB400202EBC01019
:1023600001EB001000F5C46090ED022B01EE420B72
:1023700040F64F31BD984843A44901EBC00140F6F7
:102380004F32BD985043A14A02EBC00000F5A04077
:1023900090F8130A00EB400202EBC01001EB0010B2
:1023A00000F5D261BC9801EBC00080ED000BBC9839
:1023B000401CBC90BC980328FFF63EAF40F64F315E
:1023C000BD984843914901EBC00240F64F31BD989A
:1023D00048438E4901EBC00000F5A04090F8130A75
:1023E00000EB400101EBC01002EB001000F5C660ED
:1023F000032211465990F0F621FC40F64F31BD986A
:102400004843824901EBC00140F64F32BD9850432A
:102410007E4A02EBC00000F5A04090F8130A00EBE2
:10242000400202EBC01001EB001000F5806080ED6F
:10243000DA0B0021FCAABD9852F8200041F6286270
:1024400010440079CDE9000140F64F31BD98484372
:102450006E4901EBC00140F64F32BD9850436B4AC4
:1024600002EBC00000F5A04090F8130A00EB400218
:1024700002EBC01001EB0010008900EB4001FCAA48
:10248000BD9852F82000103041F28852104400EB01
:102490000111589140F64F31BD9848435B4901EB1B
:1024A000C00140F64F32BD985043584A02EBC0007D
:1024B00000F5A04090F8130A00EB400202EBC010B8
:1024C00001EB00104030FCAA5790BD9852F8200054
:1024D00000F55070034659900C20589A579901F70F
:1024E00053FEC390C39870B301213522BD98504369
:1024F000474A02EBC000A0F89611C39800F287404B
:1025000001B2444ABD9822F8101040F64F31BD98F0
:1025100048433E4901EBC00140F64F32BD9850435D
:102520003A4A02EBC00000F5A04090F8130A00EB15
:10253000400202EBC01001EB0010374AD0F8281718
:10254000BD9842F82010354800683549C1F8E800C8
:1025500040F64F31BD9848432C4901EBC00240F68C
:102560004F31BD984843294901EBC00000F5A04018
:1025700090F8120A00EB400101EBC01002EB0010D2
:1025800000F5B070579040F64F31BD9848431F4951
:1025900001EBC00240F64F31BD9848431B4901EBA7
:1025A000C00000F5A04090F8120A00EB400101EBDA
:1025B000C01002EB00107030FCAA5690BD9852F883
:1025C000200010305990BD9852F8200041F6286143
:1025D0000844007958900246599B57995698F9F645
:1025E0001BFA8DED5C0B40F64F31BD98484307490F
:1025F00001EBC00140F64F32BD985043034A02EB55
:10260000C00000F5A04090F8120A0BE0F8BC0124CD
:102610007017022440010024440100241C010024FE
:102620007491012400EB400202EBC01001EB00109A
:1026300000F5C870589040F64F31BD984843FE49A8
:1026400001EBC00240F64F31BD984843FA4901EB17
:10265000C00000F5A04090F8120A00EB400101EB29
:10266000C01002EB0010A030FCAA5790BD9852F8A1
:10267000200000F5E07003460022599058995798C1
:10268000F9F6CAF98DED5A0B9DED5C1B9DED5A0BC9
:1026900081FE000B8DEDC40B9DEDC40BB5EEC00BA0
:1026A000F1EE10FA5FD040F64F31BD984843E24951
:1026B00001EBC00140F64F32BD985043DE4A02EBB9
:1026C000C00000F5A04090F8120A00EB400202EBB7
:1026D000C01001EB001000F5806090EDDA2B9DED4D
:1026E000C40B82EE001B8DED581B40F64F31BD9898
:1026F0004843D14901EBC00140F64F32BD985043E9
:10270000CD4A02EBC00000F5A04090F8122A02EB7F
:10271000420000EBC21001EB001090ED0C1B9DED90
:10272000580BB4EEC01BF1EE10FA1BDD9DED580BFB
:1027300040F64F31BD984843BF4901EBC00140F618
:102740004F32BD985043BC4A02EBC00000F5A04098
:1027500090F8120A00EB400202EBC01001EB0010EF
:1027600080ED0C0B00BF40F64F31BD984843B24995
:1027700001EBC00140F64F32BD985043AE4A02EB28
:10278000C00000F5A04090F8120A00EB400202EBF6
:10279000C01001EB001090ED0C0B9DEDAC1BB4EEE6
:1027A000C10BF1EE10FA1BDD9DEDAC0B40F64F3185
:1027B000BD984843A04901EBC00140F64F32BD9897
:1027C00050439D4A02EBC00000F5A04090F8120A69
:1027D00000EB400202EBC01001EB001080ED0C0B8F
:1027E000012140F64F32BD985043934A02EBC0029C
:1027F00040F64F33BD9858438F4B03EBC00000F5B4
:10280000A04090F8120A00EB400303EBC01002EB6B
:10281000001080F8781740F64F31BD98484386493C
:1028200001EBC00000F5A04090F8121A40F64F32BC
:10283000BD985043804A02EBC00000F5A04080F8EC
:10284000131A40F64F31BD984843114601EBC000C2
:1028500000F5A04090F8120A401CC1B240F64F3279
:10286000BD985043744A02EBC00000F5A04080F8C8
:10287000121A724800687249C1F8EC0003F068B897
:1028800040F64F31BD9848436B4901EBC00240F61A
:102890004F31BD984843684901EBC00000F5A040A6
:1028A00090F8130A00EB400101EBC01002EB00109E
:1028B00000F598705F9040F64F31BD9848435E49EF
:1028C00001EBC00240F64F31BD9848435A4901EB35
:1028D000C00000F5A04090F8120A00EB400101EBA7
:1028E000C01002EB0010403030225E905F99EDF690
:1028F00051FD40F64F31BD9848434F4901EBC001AF
:1029000040F64F32BD9850434B4A02EBC00000F5F1
:10291000A04090F8130A00EB400202EBC01001EB5C
:10292000001000F5B0705F9040F64F31BD984843FD
:10293000414901EBC00240F64F31BD9848433E4942
:1029400001EBC00000F5A04090F8120A00EB400136
:1029500001EBC01002EB0010703030225E905F99E6
:10296000EDF618FD40F64F31BD984843324901EB72
:10297000C00140F64F32BD9850432F4A02EBC000D1
:1029800000F5A04090F8130A00EB400202EBC010E3
:1029900001EB001000F5C8705F9040F64F31BD9814
:1029A0004843254901EBC00240F64F31BD984843EA
:1029B000214901EBC00000F5A04090F8120A00EB9D
:1029C000400101EBC01002EB0010A03030225E90FD
:1029D0005F99EDF6DFFC40F64F31BD98484316494C
:1029E00001EBC00140F64F32BD985043124A02EB52
:1029F000C00000F5A04090F8120A00EB400202EB84
:102A0000C01001EB00104088C0EBC001FCAABD98CB
:102A100052F8200000F6D84000EB011090F830008A
:102A2000E8BB40F64F31BD984843034901EBC00174
:102A300040F64F32BD9805E0F8BC01241C0100248B
:102A4000749101245043FE4A02EBC00000F5A040FF
:102A500090F8120A00EB400202EBC01001EB0010EC
:102A60004088C0EBC001FCAABD9852F8200000F6D7
:102A7000D84000EB01115F9140F64F31BD984843BB
:102A8000EF4901EBC00140F64F32BD985043EC4A8C
:102A900002EBC00000F5A04090F8120A00E099E0B7
:102AA00000EB400202EBC01001EB001000F5B0702B
:102AB00030225E905F99EDF66DFC40F64F31BD9887
:102AC0004843DF4901EBC00140F64F32BD98504307
:102AD000DB4A02EBC00000F5A04090F8120A00EBC0
:102AE000400202EBC01001EB001000F5987000905E
:102AF00040F64F31BD984843D14901EBC00140F643
:102B00004F32BD985043CE4A02EBC00000F5A040C2
:102B100090F8120A00EB400202EBC01001EB00102B
:102B200040305F9040F64F31BD984843C44901EBB7
:102B3000C00240F64F31BD984843C14901EBC00087
:102B400000F5A04090F8120A00EB400101EBC01024
:102B500002EB001000F5B070FCAA5E90BD9852F830
:102B6000200000F608005D9000215F9B5E9AFEF653
:102B7000C1FBF890F898E0B301213522BD9850438D
:102B8000B04A02EBC000A0F89611F89801B2AE4A24
:102B9000BD9822F8101040F64F31BD984843A8491F
:102BA00001EBC00140F64F32BD985043A44A02EBFE
:102BB000C00000F5A04090F8120A00EB400202EBC2
:102BC000C01001EB0010A14AD0F82817BD9842F8B8
:102BD000201053E640F64F31BD984843984901EB29
:102BE000C00140F64F32BD985043954A02EBC000F9
:102BF00000E0ECE100F5A04090F8120A00EB400282
:102C000002EBC01001EB00104088C0EBC001FCAA31
:102C1000BD9852F8200000F6D84000EB011090F863
:102C2000300001287ED1FCA9BD9851F8200041F662
:102C3000286108440079052875DA40F64F31BD98BF
:102C400048437F4901EBC00240F64F31BD984843ED
:102C50007B4901EBC00000F5A04090F8120A00EBA0
:102C6000400101EBC01002EB001000F598705F907E
:102C700040F64F31BD984843714901EBC00240F620
:102C80004F31BD9848436E4901EBC00000F5A040AC
:102C900090F8120A00EB400101EBC01002EB0010AB
:102CA000008900EB4002FCABBD9853F820001030C7
:102CB00041F28851084400EB02105E9040F64F311B
:102CC000BD9848435E4901EBC00240F64F31BD98C4
:102CD00048435B4901EBC00000F5A04090F8120AA0
:102CE00000EB400101EBC01002EB0010C08800EBCC
:102CF0004002BD9853F82000103041F67811084486
:102D000000EB02105D9040F64F31BD9848434C49AE
:102D100001EBC00240F64F31BD984843484901EBF2
:102D2000C00001E043E119E000F5A04090F8120A6C
:102D300000EB400101EBC01002EB00104088C0EB3B
:102D4000C002BD9853F8200000F6D84000EB0210F6
:102D50005C905DA90EC9FDF6DBFE9BE040F64F31AD
:102D6000BD984843364901EBC00240F64F31BD984B
:102D70004843334901EBC00000F5A04090F8121A17
:102D800001EB410000EBC11002EB001000F5987060
:102D90005F9040F64F31BD984843294901EBC0028E
:102DA00040F64F31BD984843254901EBC00000F57E
:102DB000A04090F8121A01EB410000EBC11002EBA9
:102DC0000010008900EB4002FCABBD9853F82000D6
:102DD000103041F28851084400EB02105E9040F63A
:102DE0004F31BD984843164901EBC00240F64F31C0
:102DF000BD984843124901EBC00000F5A04090F88F
:102E0000121A01EB410000EBC11002EB0010C08868
:102E100000EB4002BD9853F82000103041F67811C5
:102E2000084400EB02105D9040F64F31BD984843D6
:102E3000034901EBC00240F64F31BD98484307E01B
:102E4000F8BC01247017022440010024440100242E
:102E5000FE4901EBC00000F5A04090F8121A01EB0A
:102E6000410000EBC11002EB00104088C0EBC00233
:102E7000BD9853F8200000F6D84000EB02105C909B
:102E80009FEDF32B9FEDF21B9FEDF10B5DA90EC99A
:102E9000FDF676FE40F64F31BD984843EB4901EB15
:102EA000C00140F64F32BD985043E84A02EBC000E3
:102EB00000F5A04090F8120A00EB400202EBC010AF
:102EC00001EB001000F5B070009040F64F31BD9856
:102ED0004843DE4901EBC00140F64F32BD985043F4
:102EE000DA4A02EBC00000F5A04090F8120A00EBAD
:102EF000400202EBC01001EB001000F598705F90EB
:102F000040F64F31BD984843D04901EBC00240F62E
:102F10004F31BD984843CD4901EBC00000F5A040BA
:102F200090F8120A00EB400101EBC01002EB001018
:102F30007030FCAA5E90BD9852F8200000F60800A0
:102F40005D9001215F9B5E9AFEF6D4F9F890F898A7
:102F5000E8B301213522BD985043BF4A02EBC000BF
:102F6000A0F89611F89801B2BC4ABD9822F810104A
:102F700040F64F31BD984843B44901EBC00140F6DB
:102F80004F32BD985043B14A02EBC00000F5A0405B
:102F900090F8120A00EB400202EBC01001EB0010A7
:102FA000AF4AD0F82817BD9842F8201066E40121F6
:102FB0003522BD985043A84A02EBC000A0F89611F4
:102FC0004FF47E71A54ABD9822F8101000E01EE073
:102FD00040F64F31BD9848439C4901EBC00140F693
:102FE0004F32BD985043994A02EBC00000F5A04013
:102FF00090F8120A00EB400202EBC01001EB001047
:10300000974AD0F82817BD9842F8201036E440F6C9
:103010004F31BD9848438D4901EBC00140F64F3216
:10302000BD985043894A02EBC00000F5A04090F8DB
:10303000120A00EB400202EBC01001EB00104088C6
:10304000C0EBC001FCAABD9852F8200000F6D840A1
:1030500000EB011038305F9040F64F31BD98484387
:103060007A4901EBC00240F64F31BD984843774999
:1030700001EBC00000F5A04090F8120A00EB4001FF
:1030800001EBC01002EB001000F5C87030225E901A
:103090005F99EDF67FF940F64F31BD9848436B4993
:1030A00001EBC00140F64F32BD985043674A02EB36
:1030B000C00000F5A04090F8120A00EB400202EBBD
:1030C000C01001EB00104088C0EBC001FCAABD9805
:1030D00052F8200000F6D84000EB011090F868008C
:1030E000E8B30021BB9163E040F64F31BD984843FF
:1030F000564901EBC00140F64F32BD985043534A48
:1031000002EBC00000F5A04090F8120A00EB40026C
:1031100002EBC01001EB001000F5C871BB9801EB89
:10312000C00090ED000B40F64F31BD984843474931
:1031300001EBC00140F64F32BD985043434A02EBC9
:10314000C00000F5A04090F8120A00EB400202EB2C
:10315000C01001EB001000F1A001BB9800E02AE0D4
:1031600001EBC00090ED001B30EE010B40F64F313B
:10317000BD984843354901EBC00140F64F32BD9838
:103180005043324A02EBC00000F5A04090F8120A0A
:1031900000EB400202EBC01001EB001000F5C8711B
:1031A000BB9801EBC00080ED000BBB98401CBB90AE
:1031B000BB98002898DB0021BB91B8E040F64F3166
:1031C000BD984843214901EBC00140F64F32BD98FC
:1031D00050431E4A02EBC00000F5A04090F8120ACE
:1031E00000EB400202EBC01001EB001000F5B071E3
:1031F000BB9801EBC00090ED000BFCA9BD9851F805
:1032000020001030BB9900EB811090ED001BB4EE54
:10321000C10BF1EE10FA3BDC40F64F31BD9848434C
:103220000A4901EBC00140F64F32BD985043074AAE
:1032300002EBC00000F5A04090F8120A00EB40023B
:1032400002EBC01001EB00100CE00000F8BC012400
:10325000000000000000000070170224400100245C
:103260004401002400F5B071BB9801EBC00090ED63
:10327000000BFCA9BD9851F820001030BB9900EB61
:10328000811090ED021BB4EEC10BF1EE10FA4BD29F
:10329000FCA9BD9851F820101031BB9801EB8010AB
:1032A00090ED000BFCA9BD9851F820001030BB999F
:1032B00000EB811090ED021BB4EEC10BF1EE10FAA1
:1032C00032DD01213522BD985043FE4A02EBC00099
:1032D000A0F89611FCA001F7C7F8BB9800F29D403A
:1032E00001B2FE4ABD9822F8101040F64F31BD9849
:1032F0004843FB4901EBC00140F64F32BD985043B3
:10330000F74A02EBC00000F5A04090F8120A00EB6B
:10331000400202EBC01001EB0010F24AD0F828176F
:10332000BD9842F820100EE0BB98401CBB90FCA951
:10333000BD9851F8200041F6286108440179BB98F6
:1033400081423FF73BAF00BF0020BB90ABE040F6AF
:103350004F31BD984843E24901EBC00140F64F327E
:10336000BD985043DE4A02EBC00000F5A04090F843
:10337000120A00EB400202EBC01001EB001000F556
:10338000C871BB9801EBC00090ED000BFCA9BD9883
:1033900051F8200000F5E070BB9900EB811090ED32
:1033A000001BB4EEC10BF1EE10FA2EDC40F64F31EB
:1033B000BD984843CA4901EBC00140F64F32BD9861
:1033C0005043C74A02EBC00000F5A04090F8120A33
:1033D00000EB400202EBC01001EB001000F5C871D9
:1033E000BB9801EBC00090ED000BFCA9BD9851F813
:1033F000200000F5E070BB9900EB811090ED021BFE
:10340000B4EEC10BF1EE10FA4AD2FCA9BD9851F806
:10341000200000F5E071BB9801EB801090ED000BEF
:10342000FCA9BD9851F8200000F5E070BB9900EBB5
:10343000811090ED021BB4EEC10BF1EE10FA2FDDFE
:1034400001213522BD9850439E4A02EBC000A0F8EE
:103450009611BB9800F2C44001B2A04ABD9822F870
:10346000101040F64F31BD9848439D4901EBC00113
:1034700040F64F32BD985043994A02EBC00000F528
:10348000A04090F8120A00EB400202EBC01001EBE2
:103490000010944AD0F82817BD9842F8201006E092
:1034A000BB98401CBB90BB980028FFF650AF00BFF4
:1034B000FCA9BD9851F8200041F628610844007924
:1034C00006287DD140F64F31BD984843844901EB31
:1034D000C00240F64F31BD984843814901EBC0001E
:1034E00000F5A04090F8120A00EB400101EBC0107B
:1034F00002EB001000F51C705F9040F64F31BD9854
:103500004843774901EBC00240F64F31BD9848432C
:10351000734901EBC00000F5A04090F8120A00EBDF
:10352000400101EBC01002EB001090ED1A0B8DED85
:103530005C0B40F64F31BD984843694901EBC0022E
:1035400040F64F31BD984843654901EBC00000F596
:10355000A04090F8120A00EB400101EBC01002EB12
:10356000001090ED180B8DED5A0B40F64F31BD98C1
:1035700048435B4901EBC00240F64F31BD984843D8
:10358000574901EBC00000F5A04090F8120A00EB8B
:10359000400101EBC01002EB001090ED160B8DED19
:1035A000580B5F989DED5C2B9DED5A1B9DED580BC4
:1035B000F2F6E0FB40F64F31BD984843484900E041
:1035C000E3E001EBC00240F64F31BD984843444967
:1035D00001EBC00000F5A04090F8120A00EB40019A
:1035E00001EBC01002EB001000F52C705F9040F66C
:1035F0004F31BD9848433A4901EBC00240F64F3184
:10360000BD984843364901EBC00000F5A04090F852
:10361000120A00EB400101EBC01002EB001090ED2C
:10362000560B8DED5C0B40F64F31BD9848432C494D
:1036300001EBC00240F64F31BD984843284901EBE9
:10364000C00000F5A04090F8120A00EB400101EB29
:10365000C01002EB001090ED540B8DED5A0B40F6AC
:103660004F31BD9848431E4901EBC00240F64F312F
:10367000BD9848431A4901EBC00000F5A04090F8FE
:10368000120A00EB400101EBC01002EB001090EDBC
:10369000520B8DED580B5F989DED5C2B9DED5A1BE9
:1036A0009DED580BF2F666FB40F64F31BD9848434E
:1036B0000B4901EBC00240F64F31BD984843084921
:1036C00012E00000701702244552525F4C494D49E8
:1036D000545F4A3120380D0A0000000040010024E8
:1036E000F8BC01244401002401EBC00000F5A04017
:1036F00090F8120A00EB400101EBC01002EB001041
:1037000000F52C705F9040F64F31BD984843FE495C
:1037100001EBC00240F64F31BD984843FA4901EB36
:10372000C00000F5A04090F8120A00EB400101EB48
:10373000C01002EB001000F51C705E905E995F985F
:1037400091ED063B91ED042B91ED021B91ED000BE9
:10375000EDF660FB40F64F31BD984843EA4901EB76
:10376000C00240F64F31BD984843E74901EBC00025
:1037700000F5A04090F8120A00EB400101EBC010E8
:1037800002EB001080EDB40B57E040F64F31BD98CE
:103790004843DD4901EBC00140F64F32BD9850432C
:1037A000D94A02EBC00000F5A04090F8122A02EBC3
:1037B000420000EBC21001EB001090ED520B40F6FE
:1037C0004F31BD984843D04901EBC00140F64F321C
:1037D000BD985043CC4A02EBC00000F5A04090F8E1
:1037E000122A02EB420000EBC21001EB001090ED38
:1037F000161B30EE410B9FEDC51B20EE010B9FED1C
:10380000C51B80EE012B40F64F31BD984843BE49A1
:1038100001EBC00140F64F32BD985043BA4A02EB6B
:10382000C00000F5A04090F8122A02EB420000EB25
:10383000C21001EB001080EDB42B40F64F31BD9863
:103840004843B14901EBC00140F64F32BD985043A7
:10385000AD4A02EBC00000F5A04090F8122A02EB3E
:10386000420000EBC21001EB001090F83800012874
:103870007ED140F64F31BD984843A34901EBC002C9
:1038800040F64F31BD9848439F4901EBC00000F519
:10389000A04090F8120A00EB400101EBC01002EBCF
:1038A000001000F598705F9040F64F31BD98484386
:1038B000954901EBC00240F64F31BD98484392490B
:1038C00001EBC00000F5A04090F8120A00EB4001A7
:1038D00001EBC01002EB001040305E905F99F6F6ED
:1038E00049FF40F64F31BD984843874901EBC0017D
:1038F00040F64F32BD985043834A02EBC00000F5BA
:10390000A04090F8120A00EB400202EBC01001EB5D
:10391000001000F5806080EDDA0B40F64F31BD9865
:103920004843794901EBC00140F64F32BD985043FE
:10393000754A02EBC00000F5A04090F8120A00EBB7
:10394000400202EBC01001EB001000F5806090ED2A
:10395000DA0B9FED721BB4EEC10BF1EE10FA60D2E0
:1039600040F64F31BD984843674901EBC00200E083
:1039700058E040F64F31BD984843634901EBC00021
:1039800000F5A04090F8120A00EB400101EBC010D6
:1039900002EB001000F598705E9040F64F31BD9834
:1039A0004843594901EBC00240F64F31BD984843A6
:1039B000554901EBC00000F5A04090F8120A00EB59
:1039C000400101EBC01002EB00104030FCA95D90FB
:1039D000BD9851F8200041F62861084401790A4653
:1039E0005F915E995D98F6F695FE40F64F31BD9871
:1039F0004843454901EBC00140F64F32BD98504362
:103A0000414A02EBC00000F5A04090F8120A00EB1A
:103A1000400202EBC01001EB001000F5806080ED69
:103A2000DA0B4DE140F64F31BD984843364901EB82
:103A3000C00140F64F32BD985043334A02EBC000FC
:103A400000F5A04090F8120A00EB400202EBC01013
:103A500001EB001090F83800022854D140F64F31A5
:103A6000BD984843284901EBC00140F64F32BD984C
:103A70005043254A02EBC00000F5A04090F8120A1E
:103A800000EB400202EBC01001EB001090EDB40B14
:103A9000B0EEC00B9FED1F1B20EE010B9FED1B1B1B
:103AA00080EE012B40F64F31BD984843164901EB9B
:103AB000C00140F64F32BD985043134A02EBC0009C
:103AC00000F5A04090F8120A00EB400202EBC01093
:103AD00001EB001000F5806080EDDA2B40F64F31ED
:103AE000BD984843084901EBC00140F64F32BD98EC
:103AF0005043054A02EBC00000F5A04090F8120ABE
:103B000000EB40020EE07CE0F8BC0124112D44548F
:103B1000FB2109400000000000806640F168E38856
:103B2000B5F8E43E02EBC01001EB001000F5806038
:103B300090EDDA0B1FED071BB4EEC10BF1EE10FA9E
:103B40005ED240F64F31BD984843FE4901EBC002BA
:103B500040F64F31BD984843FA4901EBC00000F5EB
:103B6000A04090F8120A00EB400101EBC01002EBFC
:103B7000001000F598705E9040F64F31BD984843B4
:103B8000F04901EBC00240F64F31BD984843ED4982
:103B900001EBC00000F5A04090F8120A00EB4001D4
:103BA00001EBC01002EB00104030FCAA5D90BD9804
:103BB00052F8200041F628610844007902465F90DF
:103BC0005E995D98F6F6A6FD40F64F31BD984843E4
:103BD000DC4901EBC00140F64F32BD985043D94A51
:103BE00002EBC00000F5A04090F8120A00EB400282
:103BF00002EBC01001EB001000F5806080EDDA0BE5
:103C00005EE040F64F31BD984843CE4901EBC0021B
:103C100040F64F31BD984843CA4901EBC00000F55A
:103C2000A04090F8120A00EB400101EBC01002EB3B
:103C3000001000F598705E9040F64F31BD984843F3
:103C4000C04901EBC00240F64F31BD984843BD4921
:103C500001EBC00000F5A04090F8120A00EB400113
:103C600001EBC01002EB00104030FCA95D90BD9844
:103C700051F8200041F62861084401790A465F9115
:103C80005E995D98F6F646FD40F64F31BD98484383
:103C9000AC4901EBC00140F64F32BD985043A94AF0
:103CA00002EBC00000F5A04090F8120A00EB4002C1
:103CB00002EBC01001EB001000F5806080EDDA0B24
:103CC00040F64F31BD9848439E4901EBC00140F694
:103CD0004F32BD9850439B4A02EBC00000F5A04014
:103CE00090F8120A00EB400202EBC01001EB00104A
:103CF00000F5806090EDDA0B40F64F31BD984843F7
:103D0000904901EBC00140F64F32BD9850438D4AB7
:103D100002EBC00000F5A04090F8120A00EB400250
:103D200002EBC01001EB001000F5806080EDDC0BB1
:103D30000020BC903FE040F64F31BD984843814998
:103D400001EBC00140F64F32BD9850437D4A02EB73
:103D5000C00000F5A04090F8120A00EB400202EB10
:103D6000C01001EB00114031BC9801EBC00090ED98
:103D7000000B40F64F31BD984843724901EBC0013A
:103D800040F64F32BD9850436E4A02EBC00000F53A
:103D9000A04090F8120A00EB400202EBC01001EBC9
:103DA000001000F57071BC9801EBC00080ED000BB5
:103DB000BC98401CBC90FCA9BD9851F8200041F66D
:103DC000286108440179BC988142B4DC0020BC9091
:103DD00040E040F64F31BD9848435A4901EBC001DD
:103DE00040F64F32BD985043564A02EBC00000F5F2
:103DF000A04090F8120A00EB400202EBC01001EB69
:103E0000001000F59871BC9801EBC00090ED000B1C
:103E100040F64F31BD9848434A4901EBC00140F696
:103E20004F32BD985043474A02EBC00000F5A04016
:103E300090F8120A00EB400202EBC01001EB0010F8
:103E400000F59361BC9801EBC00080ED000BBC98BD
:103E5000401CBC90FCA9BD9851F8200041F6286197
:103E600008440179BC988142B3DC9FED370B40F6E2
:103E70004F31BD984843334901EBC00140F64F3202
:103E8000BD9850432F4A02EBC00000F5A04090F8C7
:103E9000120A00EB400202EBC01001EB001000F52B
:103EA000006080ED040B40F64F31BD984843254932
:103EB00001EBC00140F64F32BD985043214A02EB5E
:103EC000C00000F5A04090F8120A00EB400202EB9F
:103ED000C01001EB001000F5806090EDDC0B9FED51
:103EE0001C1B20EE010B40F64F31BD98484315498D
:103EF00001EBC00140F64F32BD985043114A02EB2E
:103F0000C00000F5A04090F8120A00EB400202EB5E
:103F1000C01001EB001000F5886080ED780B40F6D2
:103F20004F31BD984843074901EBC00140F64F327D
:103F3000BD985043034A02EBC00000F5A04090F842
:103F4000120A09E0F8BC0124000000000000000093
:103F50001D5A643BDF4FD53F00EB400202EBC0101F
:103F600001EB001000F5806090EDDC0B1FED081BED
:103F700020EE010B40F64F31BD984843FE4901EB5E
:103F8000C00140F64F32BD985043FB4A02EBC000DF
:103F900000F5A04090F8120A00EB400202EBC010BE
:103FA00001EB001000F5C46080ED020B0020BC9016
:103FB0003FE040F64F31BD984843EF4901EBC00167
:103FC00040F64F32BD985043EB4A02EBC00000F57B
:103FD000A04090F8120A00EB400202EBC01001EB87
:103FE00000114031BC9801EBC00090ED000B40F691
:103FF0004F31BD984843E04901EBC00140F64F32D4
:10400000BD985043DC4A02EBC00000F5A04090F898
:10401000120A00EB400202EBC01001EB001000F5A9
:10402000C661BC9801EBC00080ED000BBC98401C41
:10403000BC90BC980328BCDB0020BC9040E040F65C
:104040004F31BD984843CC4901EBC00140F64F3297
:10405000BD985043C84A02EBC00000F5A04090F85C
:10406000120A00EB400202EBC01001EB001000F559
:104070009871BC9801EBC00090ED000B40F64F31F9
:10408000BD984843BC4901EBC00140F64F32BD9892
:104090005043B94A02EBC00000F5A04090F8120A64
:1040A00000EB400202EBC01001EB001000F5D861FC
:1040B000BC9801EBC00080ED000BBC98401CBC908C
:1040C000BC980328BBDB40F64F31BD984843AA4952
:1040D00001EBC00240F64F31BD984843A64901EBC1
:1040E000C00000F5A04090F8130A00EB400101EB7E
:1040F000C01002EB001000F5FF605F900EF0E6F8D4
:104100009FED9E1BB4EEC10BF1EE10FA7EDD002098
:10411000BC90BCE040F64F31BD984843964901EB56
:10412000C00140F64F32BD985043934A02EBC000A5
:1041300000F5A04090F8130A00EB400202EBC0101B
:1041400001EB001101F5FF61BC9801EBC00090ED9F
:10415000000B40F64F31BD984843874901EBC00141
:1041600040F64F32BD985043834A02EBC00000F541
:10417000A04090F8122A02EB420000EBC21001EBC3
:10418000001101F5FC61BC9801EBC00080ED000B53
:1041900040F64F31BD984843774901EBC00140F6E6
:1041A0004F32BD985043744A02EBC00000F5A04066
:1041B00090F8120A00EB400202EBC01001EB001174
:1041C0004031BC9801EBC00090ED000B40F64F3140
:1041D000BD984843684901EBC00140F64F32BD9895
:1041E0005043654A02EBC00000F5A04090F8122A47
:1041F00002EB420000EBC21001EB001101F5FC6183
:10420000BC9801EBC00090ED001B00E044E040F6DC
:104210004F31BD984843584901EBC00140F64F3239
:10422000BD985043544A02EBC00000F5A04090F8FE
:10423000120A00EB400202EBC01001EB001000F587
:10424000886090ED782B01EE020B40F64F31BD985F
:104250004843494901EBC00140F64F32BD985043F5
:10426000454A02EBC00000F5A04090F8120A00EBAE
:10427000400202EBC01001EB001000F5CC61BC98CD
:1042800001EBC00080ED000BBC98401CBC90BC98BA
:104290000328FFF63FAFFBE040F64F31BD9848439F
:1042A000354901EBC00240F64F31BD9848433249D1
:1042B00001EBC00000F5A04090F8121A01EB41009C
:1042C00000EBC11002EB001000F5FC605F9040F6BF
:1042D0004F31BD984843284901EBC00240F64F31A9
:1042E000BD984843244901EBC00000F5A04090F878
:1042F000120A00EB400101EBC01002EB001000F5C8
:1043000098705E9040F64F31BD9848431A4901EBD2
:10431000C00240F64F31BD984843174901EBC00039
:1043200000F5A04090F8120A00EB400101EBC0102C
:1043300002EB001040305D905F9A5E99F8F67EFACD
:1043400040F64F31BD9848430B4901EBC00140F6A0
:104350004F32BD985043084A02EBC00000F5A04020
:1043600090F8120A00EB400202EBC01001EB0010C3
:1043700000F5FC605F9005E0F8BC0124F168E3887B
:10438000B5F8E43EF7F63EFC0020BC907CE040F639
:104390004F31BD984843FE4901EBC00140F64F3212
:1043A000BD985043FA4A02EBC00000F5A04090F8D7
:1043B000120A00EB400202EBC01001EB0011403189
:1043C000BC9801EBC00090ED000B40F64F31BD985A
:1043D0004843EF4901EBC00140F64F32BD985043CE
:1043E000EB4A02EBC00000F5A04090F8120A00EB87
:1043F000400202EBC01001EB001101F5FC61BC981A
:1044000001EBC00090ED001B40F64F31BD984843D2
:10441000DF4901EBC00140F64F32BD985043DC4A02
:1044200002EBC00000F5A04090F8120A00EB400239
:1044300002EBC01001EB001000F5886090ED782BC6
:1044400001EE020B40F64F31BD984843D04901EBD5
:10445000C00140F64F32BD985043CD4A02EBC00038
:1044600000F5A04090F8122A02EB420000EBC210C7
:1044700001EB001000F5CC61BC9801EBC00080EDB1
:10448000000BBC98401CBC90BC980328FFF67FAF83
:1044900040F64F31BD984843BD4901EBC00240F69C
:1044A0004F31BD984843BA4901EBC00000F5A04028
:1044B00090F8120A00EB400101EBC01002EB001073
:1044C00000F5FF605F9040F64F31BD984843B0491A
:1044D00001EBC00240F64F31BD984843AC4901EBB7
:1044E000C00000F5A04090F8120A00EB400101EB7B
:1044F000C01002EB001000F598705E9040F64F314E
:10450000BD984843A24901EBC00240F64F31BD9827
:1045100048439F4901EBC00000F5A04090F8120A03
:1045200000EB400101EBC01002EB001040305D9049
:104530005F9A5E99F8F682F940F64F31BD9848438C
:10454000934901EBC00140F64F32BD985043904A69
:1045500002EBC00000F5A04090F8120A00EB400208
:1045600002EBC01001EB001000F5FF605F90F7F662
:1045700049FB0020BC907DE040F64F31BD98484398
:10458000834901EBC00140F64F32BD985043804A49
:1045900002EBC00000F5A04090F8120A00EB4002C8
:1045A00002EBC01001EB001000F59871BC9801EB14
:1045B000C00090ED000B40F64F31BD984843744960
:1045C00001EBC00140F64F32BD985043704A02EBF8
:1045D000C00000F5A04090F8122A02EB420000EB68
:1045E000C21001EB001101F5FF61BC9801EBC000A6
:1045F00090ED001B40F64F31BD984843644901EBF4
:10460000C00140F64F32BD985043614A02EBC000F2
:1046100000F5A04090F8120A00EB400202EBC01037
:1046200001EB001000F5C46090ED022B01EE420B8F
:1046300040F64F31BD984843554901EBC00140F663
:104640004F32BD985043524A02EBC00000F5A040E3
:1046500090F8120A00EB400202EBC01001EB0010D0
:1046600000F5D261BC9801EBC00080ED000BBC9856
:10467000401CBC90BC980328FFF67EAF40F64F313B
:10468000BD984843424901EBC00240F64F31BD9806
:1046900048433F4901EBC00000F5A04090F8120AE2
:1046A00000EB400101EBC01002EB001000F5C6600A
:1046B000032211465F90EEF6C1FA40F64F31BD98E5
:1046C0004843334901EBC00140F64F32BD98504397
:1046D0002F4A02EBC00000F5A04090F8120A00EB50
:1046E000400202EBC01001EB001000F5806080ED8D
:1046F000DA0B40F64F31BD984843254901EBC00124
:1047000040F64F32BD985043214A02EBC00000F5FD
:10471000A04090F8120A00EB400202EBC01001EB3F
:10472000001000F5806090EDDA0B1FEDEC1BB4EE8D
:10473000C10BF1EE10FA57D240F64F31BD98484305
:10474000134901EBC00240F64F31BD984843104970
:1047500001EBC00000F5A04090F8120A00EB400108
:1047600001EBC01002EB001000F5C8705F9040F63E
:104770004F31BD984843064901EBC00240F64F3126
:10478000BD984843024901EBC00000F5A04001E09C
:10479000F8BC012490F8120A00EB400101EBC010B4
:1047A00002EB0010A03000225E905F99F5F6B2FF98
:1047B00040F64F31BD984843FE4901EBC00140F639
:1047C0004F32BD985043FB4A02EBC00000F5A040B9
:1047D00090F8120A00EB400202EBC01001EB00104F
:1047E00000F5806080EDDA0B40F64F31BD9848430C
:1047F000F04901EBC00140F64F32BD985043ED4AFD
:1048000002EBC00000F5A04090F8130A00EB400254
:1048100002EBC01001EB001000780C2873D140F6B9
:104820004F31BD984843E34901EBC00240F64F3198
:10483000BD984843DF4901EBC00000F5A04090F867
:10484000120A00EB400101EBC01002EB001000F572
:10485000FC605B9040F64F31BD984843D54901EB71
:10486000C00240F64F31BD984843D24901EBC00029
:1048700000F5A04090F8120A00EB400101EBC010D7
:1048800002EB001000F598705A9040F64F31BD9839
:104890004843C84901EBC00240F64F31BD98484338
:1048A000C44901EBC00000F5A04090F8130A00EBEA
:1048B000400101EBC01002EB0010403059905B9AB0
:1048C0005A99F7F6BBFF40F64F31BD984843B949B6
:1048D00001EBC00140F64F32BD985043B54A02EBA0
:1048E000C00000F5A04090F8120A00EB400202EB75
:1048F000C01001EB001000F5FC605B90F7F682F948
:104900000020BC9036E157E240F64F31BD98484355
:10491000A84901EBC00140F64F32BD985043A54A6B
:1049200002EBC00000F5A04090F8120A00EB400234
:1049300002EBC01001EB00114031BC9801EBC0004C
:1049400090ED000B40F64F31BD984843994901EB7B
:10495000C00140F64F32BD985043964A02EBC0006A
:1049600000F5A04090F8120A00EB400202EBC010E4
:1049700001EB001101F5FC61BC9801EBC00090ED6A
:10498000001B40F64F31BD9848438A4901EBC001F6
:1049900040F64F32BD985043864A02EBC00000F506
:1049A000A04090F8120A00EB400202EBC01001EBAD
:1049B000001000F5886090ED782B01EE020B40F6B8
:1049C0004F31BD9848437B4901EBC00140F64F325F
:1049D000BD985043774A02EBC00000F5A04090F824
:1049E000120A00EB400202EBC01001EB001000F5D0
:1049F000CC61BC9801EBC00080ED000B40F64F315C
:104A0000BD9848436B4901EBC00140F64F32BD9859
:104A10005043684A02EBC00000F5A04090F8120A2B
:104A200000EB400202EBC01001EB001101F5FC614C
:104A3000BC9801EBC00090ED000B40F64F31BD98E3
:104A400048435C4901EBC00140F64F32BD985043EA
:104A5000584A02EBC00000F5A04090F8130A00EBA2
:104A6000400202EBC01001EB001101F5FF61BC98A0
:104A700001EBC00080ED000B40F64F31BD9848437C
:104A80004C4901EBC00140F64F32BD985043494AB2
:104A900002EBC00000F5A04090F8130A00EB4002C2
:104AA00002EBC01001EB001000F59871BC9801EB0F
:104AB000C00090ED000B40F64F31BD9848433D4992
:104AC00001EBC00140F64F32BD985043394A02EB2A
:104AD000C00000F5A04090F8130A00EB400202EB82
:104AE000C01001EB001101F5FF61BC9801EBC000A3
:104AF00090ED001B40F64F31BD9848432D4901EB26
:104B0000C00140F64F32BD9850432A4A02EBC00024
:104B100000F5A04090F8130A00EB400202EBC01031
:104B200001EB001000F5C46090ED022B01EE420B8A
:104B300040F64F31BD9848431E4901EBC00140F695
:104B40004F32BD9850431B4A02EBC00000F5A04015
:104B500090F8130A00EB400202EBC01001EB0010CA
:104B600000F5D261BC9801EBC00080ED000BBC9851
:104B7000401CBC90BC980328FFF6C6AE40F64F31EF
:104B8000BD9848430B4901EBC00240F64F31BD9838
:104B90004843084901EBC00000F5A04090F8120A14
:104BA00000EB400101EBC01002EB001000F5C66005
:104BB000032201E0F8BC012411465B90EEF63EF8BA
:104BC0008DED5E0B9DED5E0B9FEDFE1BB4EEC10BFC
:104BD000F1EE10FA1DDB9DED5E0B40F64F31BD98F6
:104BE0004843FA4901EBC00140F64F32BD985043AB
:104BF000F64A02EBC00000F5A04090F8120A00EB64
:104C0000400202EBC01001EB001000F5806080ED67
:104C1000DA0B40F64F31BD984843EC4901EBC00236
:104C200040F64F31BD984843E84901EBC00000F51C
:104C3000A04090F8130A00EB400101EBC01002EB1A
:104C4000001000F5C660032211465B90EDF6F6FFFA
:104C50008DED5C0B9DED5C0B9FEDDA1BB4EEC10B93
:104C6000F1EE10FA1DDB9DED5C0B40F64F31BD9867
:104C70004843D64901EBC00140F64F32BD9850433E
:104C8000D24A02EBC00000F5A04090F8130A00EBF6
:104C9000400202EBC01001EB001000F5806080EDD7
:104CA000DA0B0021FCAABD9852F8200041F62862D8
:104CB00010440079CDE9000140F64F31BD984843DA
:104CC000C24901EBC00140F64F32BD985043BF4A84
:104CD00002EBC00000F5A04090F8130A00EB400280
:104CE00002EBC01001EB0010008900EB4001FCAAB0
:104CF000BD9852F82000103041F28852104400EB69
:104D000001115A9140F64F31BD984843AF4901EB2C
:104D1000C00140F64F32BD985043AC4A02EBC00090
:104D200000F5A04090F8130A00EB400202EBC0101F
:104D300001EB00104030FCAA5990BD9852F82000B9
:104D400000F5507003465B900C205A9A5999FFF673
:104D50001BFAC390C39870B301213522BD9850430C
:104D60009B4A02EBC000A0F89611C39800F287405E
:104D700001B2984ABD9822F8101040F64F31BD9804
:104D80004843924901EBC00140F64F32BD98504371
:104D90008E4A02EBC00000F5A04090F8130A00EB29
:104DA000400202EBC01001EB00108B4AD0F828172C
:104DB000BD9842F8201000BF40F64F31BD984843DF
:104DC000824901EBC00240F64F31BD9848437F490C
:104DD00001EBC00000F5A04090F8120A00EB400182
:104DE00001EBC01002EB001000F5B0705D9040F6D2
:104DF0004F31BD984843754901EBC00240F64F3131
:104E0000BD984843714901EBC00000F5A04090F8FF
:104E1000120A00EB400101EBC01002EB00107030F1
:104E2000FCAA5C90BD9852F820001030FCA95F905D
:104E3000BD9851F8200041F62861084401795E913F
:104E40000A465F9B5D995C98F6F6E6FD8DED620B78
:104E500040F64F31BD9848435C4901EBC00140F634
:104E60004F32BD985043594A02EBC00000F5A040B4
:104E700090F8120A00EB400202EBC01001EB0010A8
:104E800000F5C8705E9040F64F31BD9848434F49D9
:104E900001EBC00240F64F31BD9848434B4901EB4E
:104EA000C00000F5A04090F8121A01EB410000EBA1
:104EB000C11002EB0010A030FCAA5D90BD9852F822
:104EC000200000F5E070034600225F905E995D9837
:104ED000F6F6A2FD8DED600B9DED621B9DED600B66
:104EE00081FE000B8DEDC40B9DEDC40BB5EEC00B28
:104EF000F1EE10FA5FD040F64F31BD984843334988
:104F000001EBC00140F64F32BD9850432F4A02EBEF
:104F1000C00000F5A04090F8122A02EB420000EB1E
:104F2000C21001EB001000F5806090EDDA2B9DEDD2
:104F3000C40B82EE001B8DED5E1B40F64F31BD9819
:104F40004843224901EBC00140F64F32BD9850431F
:104F50001E4A02EBC00000F5A04090F8122A02EBB6
:104F6000420000EBC21001EB001090ED0C1B9DED18
:104F70005E0BB4EEC01BF1EE10FA1BDD9DED5E0B77
:104F800040F64F31BD984843104901EBC00140F64F
:104F90004F32BD9850430D4A02EBC00000F5A040CF
:104FA00090F8122A02EB420000EBC21001EB001055
:104FB00080ED0C0B00BF40F64F31BD9848430349CC
:104FC0000CE00000F168E388B5F8E43EF8BC012489
:104FD00070170224400100244401002401EBC001A9
:104FE00040F64F32BD985043FE4A02EBC00000F538
:104FF000A04090F8122A02EB420000EBC21001EB35
:10500000001090ED0C0B9DEDAC1BB4EEC10BF1EE5E
:1050100010FA1BDD9DEDAC0B40F64F31BD984843B7
:10502000F04901EBC00140F64F32BD985043ED4AC4
:1050300002EBC00000F5A04090F8122A02EB4200FB
:1050400000EBC21001EB001080ED0C0B012140F6CB
:105050004F32BD985043E34A02EBC00240F64F3353
:10506000BD985843DF4B03EBC00000F5A04090F81B
:10507000123A03EB430000EBC31002EB001080F880
:10508000781740F64F31BD984843D64901EBC00030
:1050900000F5A04090F8121A40F64F32BD985043E8
:1050A000D04A02EBC00000F5A04080F8131A40F689
:1050B0004F31BD984843114601EBC00000F5A040B8
:1050C00090F8120A401CC1B240F64F32BD985043CE
:1050D000C44A02EBC00000F5A04080F8121A31E289
:1050E000012140F64F32BD985043BE4A02EBC00248
:1050F00040F64F33BD985843BA4B03EBC00000F560
:10510000A04090F8120A00EB400303EBC01002EB42
:10511000001080F87817BFEE000B40F64F31BD98B5
:105120004843B04901EBC00140F64F32BD985043AF
:10513000AC4A02EBC00000F5A04090F8122A02EB46
:10514000420000EBC21001EB001000F5006080EDA2
:10515000040B012140F64F32BD985043A14A02EBA7
:10516000C00000F5A04080F8491AF1E3012140F6A3
:105170004F32BD9850439B4A02EBC00240F64F337A
:10518000BD985843974B03EBC00000F5A04090F842
:10519000123A03EB430000EBC31002EB001080F85F
:1051A00078179FED910B40F64F31BD9848438D49DC
:1051B00001EBC00140F64F32BD985043894A02EBE3
:1051C000C00000F5A04090F8122A02EB420000EB6C
:1051D000C21001EB001000F5006080ED040B40F6FA
:1051E0004F31BD9848437F4901EBC00000F5A04016
:1051F00090F8120A401CC1B240F64F32BD9850439D
:10520000784A02EBC00000F5A04080F8121A9FE334
:10521000012140F64F32BD985043724A02EBC00262
:1052200040F64F33BD9858436E4B03EBC00000F57A
:10523000A04090F8120A00EB400303EBC01002EB11
:10524000001080F878179FED680B40F64F31BD983D
:105250004843644901EBC00140F64F32BD985043CA
:10526000604A02EBC00000F5A04090F8120A00EB83
:10527000400202EBC01001EB001000F5006080ED71
:10528000040B40F64F31BD984843564901EBC0002E
:1052900000F5A04090F8120A401CC1B240F64F320F
:1052A000BD9850434F4A02EBC00000F5A04080F883
:1052B000121A4DE30020FB9040F64F31BD98484351
:1052C000484901EBC00140F64F32BD985043454A72
:1052D00002EBC00000F5A04090F8120A00EB40027B
:1052E00002EBC01001EB00112031FB98095CFA9130
:1052F0000020F9902DE0FCA9BD9851F82000103055
:1053000041F6C8510144FA9831F8100008B1012162
:10531000F991FB98401CC1B2FB9140F64F31BD980A
:105320004843304901EBC00140F64F32BD9850432D
:105330002C4A02EBC00000F5A04090F8120A00EBE6
:10534000400202EBC01001EB00112031FB98085C19
:10535000FA90FA98002802DDFB980A28CBDB01219D
:1053600040F64F32BD9850431E4A02EBC00240F651
:105370004F33BD9858431B4B03EBC00000F5A040D2
:1053800090F8120A00EB400303EBC01002EB001090
:1053900080F87817F99858B30A2140F64F32BD9833
:1053A0005043104A02EBC00240F64F33BD985843B9
:1053B0000C4B03EBC00000F5A04090F8120A00EB84
:1053C000400303EBC01002EB00100170BFEE000BB6
:1053D00040F64F31BD984843024901EBC00140F609
:1053E0004F3206E0F8BC012400000000000000007D
:1053F0001FE0BD985043FE4A02EBC00000F5A040FC
:1054000090F8120A00EB400202EBC01001EB001012
:1054100000F5006080ED040B012140F64F32BD988D
:105420005043F34A02EBC00000F5A04080F8491A4F
:1054300035E01FED130B40F64F31BD984843EC4962
:1054400001EBC00140F64F32BD985043E84A02EBF1
:10545000C00000F5A04090F8120A00EB400202EBF9
:10546000C01001EB001000F5006080ED040B40F669
:105470004F31BD984843DE4901EBC00000F5A04024
:1054800090F8120A401CC1B240F64F32BD9850430A
:10549000D74A02EBC00000F5A04080F8121A57E28C
:1054A00056E2BFEE000B40F64F31BD984843D0495D
:1054B00001EBC00140F64F32BD985043CC4A02EB9D
:1054C000C00000F5A04090F8120A00EB400202EB89
:1054D000C01001EB001000F5006080ED040B01210D
:1054E00040F64F32BD985043C14A02EBC00240F62D
:1054F0004F33BD985843BE4B03EBC00000F5A040AE
:1055000090F8120A00EB400303EBC01002EB00100E
:1055100080F8781740F64F31BD984843B44901EB05
:10552000C00000F5A04090F8120A401CC1B240F63D
:105530004F32BD985043AE4A02EBC00000F5A04088
:1055400080F8121A04E2BFEE000B40F64F31BD980E
:105550004843A74901EBC00140F64F32BD98504384
:10556000A34A02EBC00000F5A04090F8120A00EB3D
:10557000400202EBC01001EB001000F5006080ED6E
:10558000040B012140F64F32BD985043984A02EB7C
:10559000C00240F64F33BD985843954B03EBC00013
:1055A00000F5A04090F8120A00EB400303EBC01096
:1055B00002EB001080F8781740F64F31BD98484351
:1055C0008B4901EBC00000F5A04090F8120A401C86
:1055D000C1B240F64F32BD985043854A02EBC0003D
:1055E00000F5A04080F8121AB2E140F64F31BD98A4
:1055F00048437F4901EBC00140F64F32BD9850430C
:105600007B4A02EBC00000F5A04090F8120A00EBC4
:10561000400202EBC01001EB0010B0F82A08E8B31A
:1056200040F64F31BD984843714901EBC00140F647
:105630004F32BD9850436E4A02EBC00000F5A040C7
:1056400090F8130A00EB400202EBC01001EB0010CF
:10565000B0F82A08F0B340F64F31BD98484364498A
:1056600001EBC00140F64F32BD985043604A02EB57
:10567000C00000F5A04090F8130A00EB400202EBD6
:10568000C01001EB0010B0F82A0838B140F64F31D5
:10569000BD984843564901EBC00100E058E040F690
:1056A0004F32BD985043524A02EBC00000F5A04073
:1056B00090F8120A00EB400202EBC01001EB001060
:1056C00090ED9A0B40F64F31BD984843484901EBA5
:1056D000C00100E01DE040F64F32BD985043444AFF
:1056E00002EBC00000F5A04090F8130A00EB400266
:1056F00002EBC01001EB001090ED9A1B30EE410B55
:10570000B0EEC00B9FED3B1BB4EEC10BF1EE10FAF7
:105710001EDDBFEE000B40F64F31BD9848433449C3
:1057200001EBC00140F64F32BD985043304A02EBC6
:10573000C00000F5A04090F8120A00EB400202EB16
:10574000C01001EB001000F5006080ED040B1DE0BF
:105750001FEDDB0B40F64F31BD984843244901EB68
:10576000C00140F64F32BD985043214A02EBC000C1
:1057700000F5A04090F8120A00EB400202EBC010C6
:1057800001EB001000F5006080ED040B012140F6F4
:105790004F32BD985043164A02EBC00240F64F33D9
:1057A000BD985843124B03EBC00000F5A04090F8A1
:1057B000120A00EB400303EBC01002EB001080F86C
:1057C000781740F64F31BD984843094901EBC001B5
:1057D00040F64F32BD985043054A02EBC00000F539
:1057E000A04090F8120A00EB400202EBC01005E066
:1057F000F8BC0124F168E388B5F8E43E01EB001041
:10580000B0F82A1840F64F32BD985043FE4A02EBDA
:10581000C00240F64F33BD985843FB4B03EBC0002A
:1058200000F5A04090F8130A00EB400303EBC01012
:1058300002EB0010A0F82A1840F64F31BD984843FB
:10584000F14901EBC00000F5A04090F8120A401C9D
:10585000C1B240F64F32BD985043EB4A02EBC00054
:1058600000F5A04080F8121A72E0BFEE000B40F67F
:105870004F31BD984843E44901EBC00140F64F3237
:10588000BD985043E04A02EBC00000F5A04090F8FC
:10589000120A00EB400202EBC01001EB001000F511
:1058A000006080ED040B012140F64F32BD9850435B
:1058B000D54A02EBC00240F64F33BD985843D24B55
:1058C00003EBC00000F5A04090F8120A00EB400383
:1058D00003EBC01002EB001080F8781740F64F324F
:1058E000BD985043C84A02EBC00000F5A04080F8C4
:1058F000491A2DE001213522BD985043C34A02EBDD
:10590000C000A0F8961140F21A41C14ABD9822F891
:10591000101040F64F31BD984843BB4901EBC00120
:1059200040F64F32BD985043B74A02EBC00000F535
:10593000A04090F8120A00EB400202EBC01001EB0D
:105940000010B44AD0F82817BD9842F8201000BFC4
:105950000BE0012140F64F32BD985043AA4A02EBBA
:10596000C00000F5A04080F8491AAB480068AB4978
:10597000486240F64F31BD984843A34901EBC0004F
:1059800000F5A04090F8100A0A280BDB002140F631
:105990004F32BD9850439C4A02EBC00000F5A04036
:1059A00080F8101A40F64F31BD984843964901EBF4
:1059B000C00240F64F31BD984843934901EBC00007
:1059C00000F5A04090F8100A00EB400101EBC01078
:1059D00002EB001000F22C70FCAA6490BD9852F803
:1059E000200041F62861084400F53B7063906499FB
:1059F000EAF71FFB40F64F31BD984843824901EB5F
:105A0000C00140F64F32BD9850437F4A02EBC000C0
:105A100000F5A04090F8100A00EB400202EBC01025
:105A200001EB0010FCAAD0F82817BD9852F820000E
:105A300041F628621044C0F8E81240F64F31BD9894
:105A40004843714901EBC00140F64F32BD985043C5
:105A50006D4A02EBC00000F5A04090F8100A00EB80
:105A6000400202EBC01001EB00108178FCAABD9847
:105A700052F8200041F62862104480F8101340F6D6
:105A80004F31BD984843604901EBC00140F64F32A9
:105A9000BD9850435C4A02EBC00000F5A04090F86E
:105AA000100A00EB400202EBC01001EB001000787E
:105AB00012280BD1012140F64F32BD985043524A73
:105AC00002EBC00000F5A04080F84B1A40F64F31C1
:105AD000BD9848434C4901EBC00000F5A04090F848
:105AE000490A00280BF03A8200BF0020639000BFF3
:105AF000002064906398401C81B2639140F64F315E
:105B0000BD984843404901EBC00000F5A04090F823
:105B1000100A0A280BDB002140F64F32BD98504393
:105B2000394A02EBC00000F5A04080F8101A40F698
:105B30004F31BD984843344901EBC00140F64F3224
:105B4000BD985043304A02EBC00000F5A04090F8E9
:105B5000100A00EB400202EBC01001EB00100078CD
:105B600013288BF0D581DFE810F014007E00B71009
:105B70004024D44DEB54D359D3599259D359AC50F6
:105B80006248A13A06570F4B104B1853D3591300D4
:105B900000BF40F64F31BD9848431B4901EBC000A0
:105BA00000F5A04090F8480A48B10021FCAABD9831
:105BB00052F8200041F62862104480F8CC131449B2
:105BC000BD9831F91000002832DDBD9831F8100081
:105BD00081B2FCAABD9852F8200041F62862104418
:105BE000A0F8C8130B49BD9831F8200081B2FCAA77
:105BF000BD9852F8200041F628621044A0F8CA135C
:105C0000FF21FCAABD980BE0F8BC01247017022408
:105C100040010024440100241C010024749101244B
:105C200052F8202041F62860104480F8CC130FE091
:105C3000FE49BD9831F91000002809DA0021FCAABC
:105C4000BD9852F8200041F62862104480F8CC1329
:105C50000021F64ABD9822F81010F54ABD9842F886
:105C600020100BF073B93521BD984843F14901EB81
:105C7000C000B0F8900100287ED140F64F31BD98A9
:105C80004843ED4901EBC00140F64F32BD98504307
:105C9000E94A02EBC00000F5A04090F8100A00EBC2
:105CA000400202EBC01001EB001000F5806090EDA7
:105CB000DA0BFCA9BD9851F8200041F62861084490
:105CC00080EDC00B40F64F31BD984843DA4901EBF7
:105CD000C00140F64F32BD985043D74A02EBC00096
:105CE00000F5A04090F8100A00EB400202EBC01053
:105CF00001EB00100189FCAABD9852F8200041F682
:105D000028621044A0F8121340F64F31BD98484362
:105D1000C94901EBC00140F64F32BD985043C64A15
:105D200002EBC00000F5A04090F8100A00EB400222
:105D300002EBC01001EB0010C188FCAABD9852F81C
:105D4000200041F628621044A0F81413FCA9BD9865
:105D500051F820101046084490EDC00B9FEDB71B82
:105D6000B4EEC10BF1EE10FA7DD29FEDB60BFCA99B
:105D7000BD9851F8200000E0FDE31146084480ED95
:105D8000C20B00213522BD985043AA4A02EBC00045
:105D9000A0F89011AD49BD9851F8200030BB40F6F5
:105DA0004F31BD984843A44901EBC00140F64F3242
:105DB000BD985043A04A02EBC00000F5A04090F807
:105DC000100A00EB400202EBC01001EB0010D0F80B
:105DD000280700EB8001FCAABD9852F8200000F6CD
:105DE0000C3000EB81009AA10978017040F64F3128
:105DF000BD984843904901EBC00140F64F32BD9831
:105E000050438D4A02EBC00000F5A04090F8110A03
:105E100000EB400202EBC01001EB001000F5006047
:105E200090ED060B8DED540B40F64F31BD98484375
:105E3000814901EBC00140F64F32BD9850437E4A84
:105E400002EBC00000F5A04090F8110A00EB400200
:105E500002EBC01001EB001000F5006090ED080BA4
:105E60008DED520B00E0A6E040F64F31BD9848435F
:105E7000714901EBC00140F64F32BD9850436E4A64
:105E800002EBC00000F5A04090F8100A00EB4002C1
:105E900002EBC01001EB001151914FF403615198D6
:105EA000EAF7B5F89DED540B40F64F31BD984843E5
:105EB000614901EBC00140F64F32BD9850435E4A44
:105EC00002EBC00000F5A04090F8100A00EB400281
:105ED00002EBC01001EB001000F5006080ED060B36
:105EE0009DED520B40F64F31BD984843524901EBAE
:105EF000C00140F64F32BD9850434F4A02EBC000FC
:105F000000F5A04090F8100A00EB400202EBC01030
:105F100001EB001000F5006080ED080B40F64F31FA
:105F2000BD984843444901EBC00140F64F32BD984B
:105F30005043414A02EBC00000F5A04090F8100A1F
:105F4000401C00EB400202EBC01001EB0010007897
:105F50000B2801D00120649040F64F31BD98484392
:105F6000354901EBC00000F5A04090F8101A40F64A
:105F70004F32BD985043304A02EBC00000F5A040BC
:105F800080F8111A40F64F31BD984843114601EB95
:105F9000C00000F5A04090F8100A401CC1B240F6C5
:105FA0004F32BD985043244A02EBC00000F5A04098
:105FB00080F8101A55E63521BD9848431D4901EB7C
:105FC000C00028304022A8A95590EAF6E3F935210F
:105FD000BD984843174901EBC00068304022A8A98A
:105FE0005590EAF6D7F940F64F31BD98484312492B
:105FF00001EBC00140F64F32BD9850430E4A02EB10
:10600000C00000F5A04090F8100A00EB400202EB3F
:10601000C01001EB001090ED0C0B3521BD984843EA
:10602000044901EBC00080ED1E0B13E04001002489
:106030004401002470170224F8BC0124F168E388AD
:10604000B5F8E43E00000000000000004801002414
:1060500000000000012162910020619000BF40F625
:106060004F31BD984843FE4901EBC00000F5A04008
:1060700090F8101A6298084481B2559155980A28F0
:1060800003DB55980A3881B2559140F64F31BD98DF
:106090004843F34901EBC001559800EB400202EB85
:1060A000C01001EB001000F5006090ED040BB5EEA0
:1060B000C00BF1EE10FA1FD340F64F31BD984843A4
:1060C000E74901EBC001559800EB400202EBC0101C
:1060D00001EB001000F5006090ED040BFCA9BD98E9
:1060E00051F82000103000F5E05090ED801BB4EE28
:1060F000C10BF1EE10FA05DD012161916298401E9D
:1061000081B262916298401C81B2629162980A28C1
:1061100002DA61980028A2D01FED360B8DED5C0BE2
:106120001FED380B8DED5A0B1FED3A0B8DED580B13
:106130001FED3C0B8DED560B0FE16298401E81B2B6
:10614000629140F64F31BD984843C54901EBC0000C
:1061500000F5A04090F8101A6298084481B2559159
:1061600055980A2803DB55980A3881B2559140F6B4
:106170004F31BD984843BA4901EBC001559800EB37
:10618000400202EBC01001EB00100078042821D07F
:1061900040F64F31BD984843B14901EBC0015598D5
:1061A00000EB400202EBC01001EB001000780E285B
:1061B00010D040F64F31BD984843A94901EBC001CA
:1061C000559800EB400202EBC01001EB0010007884
:1061D0000F2800D1C1E040F64F31BD984843A04997
:1061E00001EBC001559800EB400202EBC01001EB3F
:1061F000001000F5806090EDDA0B8DED4E0B35212F
:10620000BD984843974901EBC00090ED260B8DEDFA
:10621000520B3521BD984843924901EBC00090EDE7
:10622000220B8DED500B5EA89DED5C3B9DED522B3E
:106230009DED501B9DED4E0BF4F6E2FCF0BB40F6DD
:106240004F31BD984843864901EBC001559800EB9A
:10625000400202EBC01001EB001000F5806090EDF1
:10626000DA1B9DED5A0B31EE000B8DED5A0B40F60B
:106270004F31BD9848437A4901EBC001559800EB76
:10628000400202EBC01001EB001090ED0C0B8DED05
:106290005C0B40F64F31BD984843714901EBC0019A
:1062A000559800EB400202EBC01001EB001090ED9E
:1062B0000C0B40F64F31BD98484300E03CE0684984
:1062C00001EBC00140F64F32BD985043644A02EBE7
:1062D000C00000F5A04090F8100A00EB400202EB6D
:1062E000C01001EB001090ED0C1BB4EEC10BF1EEF1
:1062F00010FA18DB40F64F31BD984843584901EB7E
:10630000C001559800EB400202EBC01001EB0010F9
:1063100000F5806090EDDA1B9DED580B31EE000B1F
:106320008DED580B18E01FEDB90B8DED580B9DED61
:106330005C0B8DED560B0FE01FEDBE0B8DED5C0B76
:106340001FEDC00B8DED5A0B1FEDC20B8DED580BE1
:106350001FEDC40B8DED560B00BF629801283FF76F
:10636000ECAE40F64F31BD9848433D4901EBC001CA
:1063700040F64F32BD985043394A02EBC00000F559
:10638000A04090F8100A00EB400202EBC01001EBB5
:10639000001000F5806090EDDA1B9DED5A0B31EE98
:1063A000000B8DED5A0B40F64F31BD9848432C49F8
:1063B00001EBC00140F64F32BD985043284A02EB32
:1063C000C00000F5A04090F8100A00EB400202EB7C
:1063D000C01001EB001000F5806090EDDA1B9DED20
:1063E000580B31EE000B8DED580BFCA9BD9851F800
:1063F0002000103000F58050B0F8080E20B11FEDDD
:10640000EF0B8DED5C0B5BE140F64F31BD984843DF
:10641000134901EBC00140F64F32BD985043104A7A
:1064200002EBC00000F5A04090F8100A00EB40021B
:1064300002EBC01001EB001090ED0C1B9DED5C0B0E
:1064400080FE410B8DED5C0B40F64F31BD9848430B
:10645000034901EBC00140F64F32BD98504303E0C1
:10646000F8BC012470170224FC4A02EBC00000F5BE
:10647000A04090F8110A00EB400202EBC01001EBC3
:10648000001000F5006090ED080B8DED4A0B40F612
:106490004F31BD984843F14901EBC00140F64F32FE
:1064A000BD985043ED4A02EBC00000F5A04090F8C3
:1064B000110A00EB400202EBC01001EB001000F5E6
:1064C000006090ED060B8DED480B40F64F31BD9806
:1064D0004843E24901EBC00140F64F32BD985043BA
:1064E000DE4A02EBC00000F5A04090F8100A00EB75
:1064F000400202EBC01001EB001090ED0C0B8DED93
:10650000460B3521BD984843D54901EBC00090EDBD
:10651000260B8DED440B3521BD984843D04901EB46
:10652000C00090ED220B8DED420B4EAB50AA52A94C
:1065300054A89DED4A6B9FEDCB5B9DED484B9DEDC7
:10654000463B9DED442B9DED421B9DED5A0BF4F611
:106550001FFC00EE100AB8EE400B8DED4C0B9DEDCC
:106560004C0BB5EEC00BF1EE10FA0AD19DED5C0BB1
:106570009DED541B00E0AAE180FE410B8DED5C0B0C
:1065800003E09FEDB80B8DED5C0B40F64F31BD98ED
:106590004843B24901EBC00140F64F32BD98504329
:1065A000AE4A02EBC00000F5A04090F8110A00EBE3
:1065B000400202EBC01001EB001000F5006090ED0E
:1065C000080B8DED4A0B40F64F31BD984843A34967
:1065D00001EBC00140F64F32BD9850439F4A02EB99
:1065E000C00000F5A04090F8110A00EB400202EB59
:1065F000C01001EB001000F5006090ED060B8DED72
:10660000480B40F64F31BD984843944901EBC00117
:1066100040F64F32BD985043904A02EBC00000F55F
:10662000A04090F8100A00EB400202EBC01001EB12
:10663000001090ED0C0B8DED460B3521BD984843B5
:10664000874901EBC00090ED260B8DED440B352101
:10665000BD984843824901EBC00090ED220B8DEDBF
:10666000420B4EAB50AA52A954A89DED4A6B9DED2A
:10667000565B9DED484B9DED463B9DED442B9DEDBE
:10668000421B9DED580BF4F683FB00EE100AB8EEAA
:10669000400B8DED4C0B9DED4C0BB5EEC00BF1EEB0
:1066A00010FA08D19DED5C0B9DED541B80FE410B53
:1066B0008DED5C0B03E09FED6B0B8DED5C0B00BF74
:1066C0009DED5C0B40F64F31BD984843634901EBAB
:1066D000C00140F64F32BD985043604A02EBC00003
:1066E00000F5A04090F8100A00EB400202EBC01049
:1066F00001EB001000F5006080ED060B9FED590BDB
:106700003521BD984843564901EBC00080ED020B8E
:10671000FCA9BD9851F8200041F62861084490ED8D
:10672000C00B3521BD9848434D4901EBC00080EDB9
:10673000000B40F64F31BD984843484901EBC0017A
:1067400040F64F32BD985043444A02EBC00000F57A
:10675000A04090F8110A00EB400202EBC01001EBE0
:10676000001000F5006090ED060B3521BD98484300
:106770003B4901EBC00080ED040B40F64F31BD9862
:106780004843364901EBC00140F64F32BD985043B3
:10679000324A02EBC00000F5A04090F8110A00EB6D
:1067A000400202EBC01001EB001000F5006090ED1C
:1067B000080B3521BD984843294901EBC00080ED05
:1067C000080B2A49BD9831F8100068BB40F64F31DC
:1067D000BD984843214901EBC00140F64F32BD98B6
:1067E00050431E4A02EBC00000F5A04090F8100A8A
:1067F00000EB400202EBC01001EB001000F500605E
:1068000090ED060B3521BD984843154901EBC000BA
:1068100080ED060B01213522BD985043104A02EB52
:10682000C000A0F8921136E01049BD9831F910006F
:1068300000281DDA9FED0B0B3521BD984843084910
:1068400001EBC00080ED060B01213522BD985043BD
:10685000034A02EBC000A0F894111CE0F8BC01242C
:106860007017022400000000000000004001002416
:106870001FED040B3521BD984843FE4901EBC000D4
:1068800080ED060B01213522BD985043F94A02EBF9
:10689000C000A0F8961101213522BD985043F54A59
:1068A00002EBC000A0F890111FED120BF249BD9849
:1068B00001EBC00080ED000B1FED160B3521BD98DC
:1068C0004843114601EBC00080ED2E0BFEE335215D
:1068D000BD984843E74901EBC000B0F8D000B0F5DF
:1068E000966F22DB3521BD984843E24901EBC00099
:1068F000B0F8D010FCAABD9852F8200041F62862EA
:106900001044A0F8C813FCA9BD9851F82000114606
:106910000844B0F8E80281B2FCAABD9852F82020E1
:1069200041F628601044A0F8CA1301206290FCAA26
:10693000BD9852F8200041F62861084448303022C2
:1069400001465B90EAA8E9F625FDFCAABD9852F83D
:10695000200041F62861084490ED420B8DED5E0B5E
:10696000BD9852F82000084490ED440B8DED5C0B6F
:1069700000BF629888B13521BD984843BD4901EBFD
:10698000C00090ED2E0BFCA9BD9851F8200041F6F7
:106990002861084480EDC20B28E03521BD984843AA
:1069A000B44901EBC00090ED2E0BB349BD9801EB4B
:1069B000C00090ED001B30EE411BB049BD9801EBCB
:1069C000C00090ED002BAC49BD9801EBC00090EDEC
:1069D000000B01EE020BFCA9BD9851F8200041F616
:1069E0002861084480EDC20BFF206290FCA9BD988D
:1069F00051F8200041F62861084490EDC20BFCA933
:106A0000BD9851F8200041F62861084490EDC01B64
:106A1000B4EEC10BF1EE10FA11DDFCA9BD9851F8EE
:106A2000200041F62861084490EDC00BFCA9BD98F8
:106A300051F8200041F62861084480EDC20BFCA902
:106A4000BD9851F8200041F62861084490EDC21B22
:106A5000FCA9BD9851F8200041F62861084490ED4A
:106A6000C02B81EE020B8DED5A0B1FED820B8DEDCD
:106A7000580B1FED840B8DED560B40F64F31BD9832
:106A800048437F4901EBC00140F64F32BD98504367
:106A90007B4A02EBC00000F5A04090F8100A00EB22
:106AA000400202EBC01001EB001000F5806090ED99
:106AB000DC0BB5EEC00BF1EE10FA75DD40F64F3190
:106AC000BD9848436E4901EBC00140F64F32BD9876
:106AD00050436B4A02EBC00000F5A04090F8100A4A
:106AE00000EB400202EBC01001EB001090EDBC1B6C
:106AF00040F64F31BD984843614901EBC00140F673
:106B00004F32BD9850435E4A02EBC00000F5A040F2
:106B100090F8100A00EB400202EBC01001EB0010ED
:106B200000F5806090EDDC2B81EE020B8DED580BB3
:106B300040F64F31BD984843514901EBC00140F642
:106B40004F32BD9850434E4A02EBC00000F5A040C2
:106B500090F8100A00EB400202EBC01001EB0010AD
:106B600000F5886090ED121B40F64F31BD98484308
:106B7000434901EBC00140F64F32BD985043404AB3
:106B800002EBC00000F5A04090F8100A00EB4002B4
:106B900002EBC01001EB001000F5806090EDDC2BE3
:106BA00081EE020B8DED560B9DED5A0B9DED581BA2
:106BB000B4EEC10BF1EE10FA7ED2002055909DED9F
:106BC0005A0B9DED581B80EE012BB6EE001BB6EE66
:106BD000000B02EE010B8DED460B40F64F31BD98D8
:106BE0004843274901EBC00240F64F31BD98484366
:106BF000234901EBC00000F5A04090F8100A00EB1B
:106C0000400101EBC01002EB001000F540700423BE
:106C1000032248A945909DED460BEFF675FA00203A
:106C2000BC9016E048A9BC9801EBC00090ED000BA9
:106C3000FCA9BD9851F8201041F62860014401F5E7
:106C40008471BC9801EBC00080ED000BBC98401C27
:106C5000BC90BC980328E5DBFCA9BD9851F8200046
:106C600041F62861084490F8B80330B340F64F313C
:106C7000BD9807E070170224880100245001002409
:106C8000F8BC01244843FE4901EBC00140F64F32F5
:106C9000BD985043FA4A02EBC00000F5A04090F8BE
:106CA000100A00EB400202EBC01001EB001090ED67
:106CB000BE1BB7EE002B01E078E076E082EE010B20
:106CC000B2EE042B80EE021B9DED460B31EE000B65
:106CD0008DED440B9DED440BB7EE001BB4EEC10BE4
:106CE000F1EE10FA42D240F64F31BD984843E449E4
:106CF00001EBC00240F64F31BD984843E04901EB3B
:106D0000C00000F5A04090F8100A00EB400101EB34
:106D1000C01002EB001000F540700423032248A9C4
:106D200043909DED440BEFF6EFF99DED481B9DED73
:106D30005E0B31EE400B8DED420B9DED4A1B9DED40
:106D40005C0B31EE400B8DED400B9DED421B9DED3C
:106D5000400BFDF6D5FD9FEDCB1B20EE011B9FEDFB
:106D6000CB2B81EE020B8DED600B1DE040F64F3119
:106D7000BD984843C24901EBC00140F64F32BD986F
:106D80005043BF4A02EBC00000F5A04090F8100A43
:106D900000EB400202EBC01001EB001000F53C706C
:106DA00090ED5A0B8DED600B00BFACE19DED5A0BE1
:106DB000B7EE001B31EE401B9DED560BB4EEC01B31
:106DC000F1EE10FA7DD2022055909DED560BB7EEF4
:106DD000001B31EE400B8DED460B9DED5A0B9DEDEA
:106DE000461B30EE411B9DED560B81EE002BB6EE9F
:106DF000000B22EE000B8DED440B40F64F31BD9899
:106E000048439F4901EBC00140F64F32BD985043C3
:106E10009B4A02EBC00000F5A04090F8100A00EB7E
:106E2000400202EBC01001EB001000F59360042358
:106E3000032248A943909DED440BEFF665F900202D
:106E4000BC9016E048A9BC9801EBC00090ED000B87
:106E5000FCA9BD9851F8201041F62860014401F5C5
:106E60008471BC9801EBC00080ED000BBC98401C05
:106E7000BC90BC980328E5DBFCA9BD9851F8200024
:106E800041F62861084490F8B803E0B340F64F316A
:106E9000BD9848437A4901EBC00140F64F32BD9896
:106EA0005043774A02EBC00000F5A04090F8100A6A
:106EB00000EB400202EBC01001EB001000F5916006
:106EC00000E07DE090ED021BB7EE002B82EE010B9F
:106ED000B2EE042B80EE021B9DED440B31EE000B55
:106EE0008DED420B9DED420BB7EE001BB4EEC10BD6
:106EF000F1EE10FA44D240F64F31BD984843604954
:106F000001EBC00200E05AE040F64F31BD98484323
:106F10005B4901EBC00000F5A04090F8100A00EBBF
:106F2000400101EBC01002EB001000F59360042358
:106F3000032248A941909DED420BEFF6E5F89DED47
:106F4000481B9DED5E0B31EE400B8DED400B9DED32
:106F50004A1B9DED5C0B31EE400B8DED3E0B9DED24
:106F6000401B9DED3E0BFDF6CBFC9FED461B20EE3E
:106F7000011B9FED462B81EE020B8DED600B1DE09A
:106F800040F64F31BD9848433D4901EBC00140F602
:106F90004F32BD9850433A4A02EBC00000F5A04082
:106FA00090F8100A00EB400202EBC01001EB001059
:106FB00000F5916090ED5A0B8DED600B00BFA2E0E3
:106FC000012055909DED5A0B9DED581B30EE411B55
:106FD0009DED560BB7EE002B32EE402B9DED580B7E
:106FE00032EE402B81EE020B8DED460B0021BC9161
:106FF00065E040F64F31BD984843214901EBC0019F
:1070000040F64F32BD9850431D4A02EBC00000F5D8
:10701000A04090F8100A00EB400202EBC01001EB18
:10702000001000F57071BC9801EBC00090ED001BE2
:107030009DED460BB7EE002B32EE400B21EE001B10
:1070400040F64F31BD9848430D4901EBC00140F671
:107050004F32BD9850430A4A02EBC00000F5A040F1
:1070600090F8100A00EB400202EBC01001EB001098
:1070700000F59361BC9801EBC00090ED002B09E096
:10708000F8BC01240000000000806640112D44542B
:10709000FB2109409DED460B00EE021BFCA9BD98AB
:1070A00051F8200041F62861014401F58471BC9833
:1070B00001EBC00080ED001BBC98401CBC90BC984C
:1070C000032896DB40F64F31BD9800E0FEE34843CD
:1070D000FE4901EBC00140F64F32BD985043FB4AD8
:1070E00002EBC00000F5A04090F8100A00EB40024F
:1070F00002EBC01001EB001000F53C7090ED5A0B54
:107100008DED600B00BFFCA9BD9851F8201041F631
:10711000286008440079062868D00321BC9159E012
:1071200040F64F31BD984843E84901EBC00140F6B5
:107130004F32BD985043E54A02EBC00000F5A04035
:1071400090F8100A00EB400202EBC01001EB0011B6
:107150004031BC9801EBC00090ED001B9DED5A0B37
:10716000B7EE002B32EE400B21EE001B40F64F3104
:10717000BD984843D54901EBC00140F64F32BD9858
:107180005043D24A02EBC00000F5A04090F8100A2C
:1071900000EB400202EBC01001EB001000F598710B
:1071A000BC9801EBC00090ED002B9DED5A0B00EE5A
:1071B000021BFCA9BD9851F8200041F6286101444A
:1071C00001F58471BC9801EBC00080ED001BBC98F8
:1071D000401CBC90FCA9BD9851F8200041F62861E4
:1071E00008440179BC9881429ADCF3E09DED5A0B8A
:1071F0008DED020B40F64F31BD984843B34901EB8A
:10720000C00140F64F32BD985043B04A02EBC00077
:1072100000F5A04090F8100A00EB400202EBC0100D
:1072200001EB001090EDB40B8DED000B40F64F31EB
:10723000BD984843A54901EBC00140F64F32BD98C7
:107240005043A24A02EBC00000F5A04090F8100A9B
:1072500000EB400202EBC01001EB001000F52C70B7
:10726000399040F64F31BD984843984901EBC00230
:1072700040F64F31BD984843944901EBC00000F5FA
:10728000A04090F8100A00EB400101EBC01002EBA7
:10729000001000F51C7038903AA8399991ED067BE2
:1072A00091ED046B91ED025B91ED004B389991EDFE
:1072B000063B91ED042B91ED021B91ED000BF9F6CD
:1072C000FFF940F64F31BD984843804901EBC002B9
:1072D00040F64F31BD9848437C4901EBC00000F5B2
:1072E000A04090F8100A00EB400101EBC01002EB47
:1072F000001090ED1A0B8DED380B40F64F31BD9814
:107300004843724901EBC00240F64F31BD984843F3
:107310006E4901EBC00000F5A04090F8100A00EBA8
:10732000400101EBC01002EB001090ED180B8DED49
:10733000360B40F64F31BD984843644901EBC0021B
:1073400040F64F31BD984843604901EBC00000F55D
:10735000A04090F8100A00EB400101EBC01002EBD6
:10736000001090ED160B8DED340B42AA44A946A8EF
:107370009DED386B9DED365B9DED344B9DED403BB7
:107380009DED3E2B9DED3C1B9DED3A0BF5F671FA04
:107390009DED460BFCA9BD9851F8200041F62861EF
:1073A000084480ED480B9DED440BFCA9BD9851F8B5
:1073B000200041F62861084480ED4A0B9DED420B08
:1073C000FCA9BD9851F8200041F62861084480EDE1
:1073D0004C0B00BF0021BC9159E040F64F31BD98E5
:1073E00048433A4901EBC00140F64F32BD98504343
:1073F000364A02EBC00000F5A04090F8100A00EBFE
:10740000400202EBC01001EB001000F1A001BC989B
:1074100001EBC00090ED001B9DED5A0BB7EE002B69
:1074200032EE400B21EE001B40F64F31BD98484331
:10743000264901EBC00140F64F32BD985043234A24
:1074400002EBC00000F5A04090F8100A00EB4002EB
:1074500002EBC01001EB001000F5C871BC9801EB05
:10746000C00090ED002B9DED5A0B00EE021BFCA915
:10747000BD9851F8200041F628610144A831BC981C
:1074800001EBC00080ED001BBC98401CBC90BC9878
:107490000028A2DBFCA9BD9851F8200041F6286124
:1074A000084490F8B80328B3FCA9BD9851F820000F
:1074B00041F62861084490EDF01B9DED600B31EE24
:1074C000000BFCA9BD9851F8200001E0F8BC012494
:1074D00041F62861084400F58470FCAABD9952F871
:1074E000211041F6286211440979491E00EBC100C0
:1074F00080ED000BFE480168FE4881620121F69193
:10750000FCA9BD9851F8200041F628610844483094
:10751000FCA90090BD9851F8200041F6286108446C
:1075200000F58470FCAA4790BD9852F8200000F640
:1075300008004690EAAA0121479BF9F6DBFEF89085
:10754000EB480068EB49C862F89838B3FCAABD98CC
:1075500052F8200041F628621044F899A0F8C813A8
:10756000FCA9BD9851F8200011460844B0F8E80283
:1075700081B2FCAABD9852F8200041F6286210445E
:10758000A0F8CA13FCA9BD9851F820001146084480
:1075900048303022EAA94790E8F6FCFE6298FF28BE
:1075A0007ED046A8FCAA0090BD9852F8200010306A
:1075B000FCA94490BD9851F8200041F62861084488
:1075C00001794391FCA9BD9851F8200041F628614A
:1075D0000844483042909DEDB80B0146EAA8449B10
:1075E000439AEDF668FF45904598E0B39DED460B54
:1075F000C149BD9801EBC00080ED000BBD9801EBC7
:10760000C00090ED000BB7EE001BB4EEC10BF1EE25
:1076100010FA23DDB7EE000BBD9801EBC00080ED42
:10762000000B40F2EC41FCAABD9852F8200041F654
:1076300028621044A0F8C813FCA9BD9851F8200096
:1076400011460844B0F8E80281B2FCAABD9852F88D
:10765000200041F628621044A0F8CA13A649BD983C
:1076600001EBC00000E03BE090ED000BB5EEC00B7D
:10767000F1EE10FA25D29FEDA10BBD9801EBC000F1
:1076800080ED000B40F2EC41FCAABD9852F82000BE
:1076900041F628621044A0F8C813FCA9BD9800E088
:1076A0001FE051F8200011460844B0F8E80281B20A
:1076B000FCAABD9852F8200041F628621044A0F8B8
:1076C000CA1300206290FCAABD9852F8200041F62F
:1076D0002861084448303022EAA94490E8F65AFE6E
:1076E000AFE00020BC90A0E0FCA9BD9851F82000BC
:1076F00041F6286101444831BC9801EBC00090ED8F
:10770000000BEAA9BC9801EBC00090ED001B30EE25
:10771000412B9DEDB80B82EE001B8DED461B9DEDC0
:10772000460BB5EEC00BF1EE10FA7BD09DED460B8B
:10773000B5EEC00BF1EE10FA35DDFCA9BD9851F89D
:1077400020101031BC9801EB801090ED042B9DEDC2
:10775000460B82EE001BB7EE000BB4EEC01BF1EE41
:1077600010FA20D2FCA9BD9851F820101031BC9815
:1077700001EB801090ED042BEAA9BC9801EBC0004E
:1077800090ED001B9DEDB80B02EE001BFCA9BD980F
:1077900051F8200041F6286108444830BC9900EBBC
:1077A000C10080ED001B9DED460BB5EEC00BF1EE68
:1077B00010FA37D2FCA9BD9851F820101031BC98AE
:1077C00001EB801090ED060BB1EE402B9DED460BCA
:1077D00082EE001BB7EE000BB4EEC01BF1EE10FA08
:1077E00020D2FCA9BD9851F820101031BC9801EBB3
:1077F000801090ED062BEAA9BC9801EBC00090ED3B
:10780000001B9DEDB80B02EE401BFCA9BD9851F882
:10781000200041F6286108444830BC9900EBC100C3
:1078200080ED001BBC98401CBC90FCA9BD9851F891
:10783000200041F6286108440179BC9881423FF755
:1078400053AF629800283FF494A82948006829495A
:1078500008633521BD9848432A4901EBC000B0F8C0
:107860009801A0B32849BD9831F8100080BBFCA94D
:10787000BD9851F82000103000F58050B0F8080E87
:1078800030B340F64F31BD984843204901EBC00169
:1078900040F64F32BD9850431C4A02EBC00000F541
:1078A000A04090F8100A401C00EB400202EBC01010
:1078B00001EB0010007808280AD00121FCAABD982D
:1078C00052F8200041F62862104402E002E245E04E
:1078D000A7E00181FCA9BD9851F820000089E8B318
:1078E0000021FCAABD9852F820000181BD980FE04C
:1078F0001C010024749101245001002400000000A8
:10790000000000007017022440010024F8BC01248C
:1079100052F8200041F62862104401813522BD98BA
:107920005043FE4A02EBC000A0F89011FC49BD98FC
:1079300051F8200040BB40F64F31BD984843F9490B
:1079400001EBC00140F64F32BD985043F54A02EBBF
:10795000C00000F5A04090F8100A00E0B9E100EB8B
:10796000400202EBC01001EB0010D0F8280700EB3A
:107970008001FCAABD9852F8200000F60C3000EB04
:107980008100E9A10978017040F64F31BD98484364
:10799000E44901EBC00140F64F32BD985043E14A43
:1079A00002EBC00000F5A04090F8100A00EB400286
:1079B00002EBC01001EB00115B914FF403615B9887
:1079C000E8F725FB40F64F31BD984843D54901EB18
:1079D000C00000F5A04090F8101A40F64F32BD9854
:1079E0005043D04A02EBC00000F5A04080F8111AC5
:1079F00040F64F31BD984843114601EBC00000F5F9
:107A0000A04090F8100A401CC1B240F64F32BD9819
:107A10005043C44A02EBC00000F5A04080F8101AA1
:107A200057E1C249BD9831F8100048B13521BD98E1
:107A30004843BA4901EBC000B0F8D00003287DD11B
:107A400000213522BD985043B44A02EBC000A0F893
:107A50009011B349BD9851F8200030BB40F64F312A
:107A6000BD984843AF4901EBC00140F64F32BD9885
:107A70005043AC4A02EBC00000F5A04090F8100A59
:107A800000EB400202EBC01001EB0010D0F8280719
:107A900000EB8001FCAABD9852F8200000F60C30E3
:107AA00000EB8100A0A1097801703521BD98484301
:107AB0009A4901EBC00090ED301B3521BD98484339
:107AC000964901EBC00090ED2C2B81EE020B8DED61
:107AD0005A0B3521BD984843904901EBC00090ED09
:107AE000320B8DED580B40F64F31BD9848438D4910
:107AF00001EBC00140F64F32BD985043894A02EB7A
:107B0000C00000F5A04090F8100A00EB400202EB24
:107B1000C01001EB001157914FF403615798E8F73B
:107B200076FA9DED5A0B40F64F31BD9848437D499A
:107B300001EBC00140F64F32BD9800E07CE05043BD
:107B4000784A02EBC00000F5A04090F8100A00EB64
:107B5000400202EBC01001EB001000F5006080ED68
:107B6000060B9DED580B40F64F31BD9848436D49CB
:107B700001EBC00140F64F32BD985043694A02EB19
:107B8000C00000F5A04090F8100A00EB400202EBA4
:107B9000C01001EB001000F5006080ED080B40F60E
:107BA0004F31BD9848435F4901EBC00140F64F3269
:107BB000BD9850435B4A02EBC00000F5A04090F82E
:107BC000100A401C00EB400202EBC01001EB001059
:107BD00000780B2801D00121649140F64F31BD9807
:107BE0004843504901EBC00000F5A04090F8101A3E
:107BF00040F64F32BD9850434A4A02EBC00000F5B0
:107C0000A04080F8111A40F64F31BD984843114604
:107C100001EBC00000F5A04090F8100A401CC1B272
:107C200040F64F32BD9850433E4A02EBC00000F58B
:107C3000A04080F8101A4CE03C49BD9831F9100082
:107C400000282EDDBD9831F8100081B2FCAABD9845
:107C500052F8202041F628601044A0F8C813344997
:107C6000BD9831F8200081B2FCAABD9852F82000DE
:107C700041F628621044A0F8CA13FF21FCAABD985F
:107C800052F8200041F62862104480F8CC130021FD
:107C9000264ABD9822F81010254ABD9842F82010B7
:107CA00017E02249BD9831F91000002811DA0021AF
:107CB000FCAABD9852F8200041F62862104480F8D2
:107CC000CC131A4ABD9822F81010194ABD9842F8F0
:107CD000201000BF09F03AB91648006816494863F9
:107CE0003521BD9848430D4901EBC000B0F8900123
:107CF00000287DD140F64F31BD984843094901EB3A
:107D0000C00140F64F32BD985043064A02EBC00016
:107D100000F5A04090F8100A10E00000701702244F
:107D200048010024F8BC01240000000040010024A8
:107D3000440100241C0100247491012400EB400242
:107D400002EBC01001EB001090EDBE0BB5EEC00BC6
:107D5000F1EE10FA7DD840F64F31BD984843FE4908
:107D600001EBC00240F64F31BD984843FA4901EBA0
:107D7000C00000F5A04090F8100A00EB400101EBB4
:107D8000C01002EB00107030FCAA5490BD9852F85D
:107D9000200041F6286108444830302201465590C1
:107DA0005498E8F6F7FA40F64F31BD984843EA494F
:107DB00001EBC00140F64F32BD985043E64A02EB5A
:107DC000C00000F5A04090F8100A00EB400202EB62
:107DD000C01001EB001000F58460FCAA5490BD981F
:107DE00052F8200041F6286108444830302200E073
:107DF000FEE3014655905498E8F6CCFA40F64F3130
:107E0000BD984843D44901EBC00140F64F32BD98BC
:107E10005043D14A02EBC00000F5A04090F8100A90
:107E200000EB400202EBC01001EB001090F83800AC
:107E300001287DD140F64F31BD984843C64901EB3A
:107E4000C00240F64F31BD984843C34901EBC00022
:107E500000E087E200F5A04090F8100A00EB400136
:107E600001EBC01002EB00104030FCAA5390BD980B
:107E700052F8200000F608005590BD9852F82000F6
:107E800041F628610844007954900146559A539868
:107E9000F3F696FF40F64F31BD984843AE4901EBEB
:107EA000C00140F64F32BD985043AB4A02EBC000D0
:107EB00000F5A04090F8100A00EB400202EBC01061
:107EC00001EB001000F5806080EDDA0B40F64F31D9
:107ED000BD984843A04901EBC00140F64F32BD9820
:107EE00050439D4A02EBC00000F5A04090F8100AF4
:107EF00000EB400202EBC01001EB001000F58060C7
:107F000090EDDA0B9FED951BB4EEC10BF1EE10FA7C
:107F100060D240F64F31BD9848438F4901EBC00213
:107F200040F64F31BD9848438B4901EBC00000E05B
:107F300051E000F5A04090F8100A00EB400101EB81
:107F4000C01002EB001000F5B070549040F64F31B5
:107F5000BD984843804901EBC00240F64F31BD98BF
:107F600048437D4901EBC00000F5A04090F8100A9D
:107F700000EB400101EBC01002EB00107030FCAAD6
:107F80005390BD9852F8200041F6286108440079CA
:107F90000246559054995398F2F6BCFB40F64F3187
:107FA000BD9848436C4901EBC00140F64F32BD9883
:107FB0005043694A02EBC00000F5A04090F8100A57
:107FC00000EB400202EBC01001EB001000F58060F6
:107FD00080EDDA0B4EE140F64F31BD9848435E49E3
:107FE00001EBC00140F64F32BD9850435A4A02EBB4
:107FF000C00000F5A04090F8100A00EB400202EB30
:10800000C01001EB001090F8380002287ED140F635
:108010004F31BD984843504901EBC00140F64F3203
:10802000BD9850434C4A02EBC00000F5A04090F8C8
:10803000100A00EB400202EBC01001EB001090EDC3
:10804000B40BB0EEC00B9FED471B20EE010B9FED74
:10805000471B80EE012B40F64F31BD9848433E4907
:1080600001EBC00140F64F32BD9850433A4A02EB53
:10807000C00000F5A04090F8100A00EB400202EBAF
:10808000C01001EB001000F5806080EDDA2B40F6A7
:108090004F31BD984843304901EBC00140F64F32A3
:1080A000BD9850432C4A02EBC00000F5A04090F868
:1080B000100A00EB400202EBC01001EB001000F5CB
:1080C000806090EDDA0B9FED251BB4EEC10BF1EE55
:1080D00010FA6FD240F64F31BD9848431E4901EB6C
:1080E000C00240F64F31BD9848431B4901EBC00028
:1080F00000F5A04090F8100A00EB400101EBC01021
:1081000002EB001000F5B070549000E053E040F630
:108110004F31BD984843104901EBC00240F64F3142
:10812000BD9848430C4901EBC00000F5A04090F811
:10813000101A01EB410000EBC11002EB001070308F
:10814000FCA95390BD9851F8200041F628610844DD
:1081500001790A4655910DE0F8BC0124F168E388E5
:10816000B5F8E43E0000000000806640112D445444
:10817000FB21094054995398F2F6CCFA40F64F315E
:10818000BD984843FE4901EBC00140F64F32BD980F
:108190005043FB4A02EBC00000F5A04090F8102AC3
:1081A00002EB420000EBC21001EB001000F5806012
:1081B00080EDDA0B5EE040F64F31BD984843F04960
:1081C00001EBC00240F64F31BD984843EC4901EB4A
:1081D000C00000F5A04090F8101A01EB410000EB40
:1081E000C11002EB001000F5B070549040F64F3112
:1081F000BD984843E24901EBC00240F64F31BD98BB
:108200004843DF4901EBC00000F5A04090F8101A88
:1082100001EB410000EBC11002EB00107030FCAA32
:108220005390BD9852F8200041F628610844007927
:108230000246559054995398F2F66CFA40F64F3135
:10824000BD984843CE4901EBC00140F64F32BD987E
:108250005043CB4A02EBC00000F5A04090F8102A32
:1082600002EB420000EBC21001EB001000F5806051
:1082700080EDDA0B40F64F31BD984843C04901EB21
:10828000C00140F64F32BD985043BD4A02EBC000DA
:1082900000F5A04090F8102A02EB420000EBC2105B
:1082A00001EB001000F5806090EDDA0B1FED551B1F
:1082B000B4EEC10BF1EE10FA54D240F64F31BD9836
:1082C0004843AF4901EBC00240F64F31BD984843E7
:1082D000AB4901EBC00000F5A04090F8101A01EB8B
:1082E000410000EBC11002EB001000F5C870559082
:1082F00040F64F31BD984843A14901EBC00240F61A
:108300004F31BD9848439E4901EBC00000F5A040A5
:1083100090F8100A00EB400101EBC01002EB0010D6
:10832000A030002254905599F2F6F4F940F64F31FE
:10833000BD984843924901EBC00140F64F32BD98C9
:1083400050438F4A02EBC00000F5A04090F8100A9D
:1083500000EB400202EBC01001EB001000F5806062
:1083600080EDDA0B40F64F31BD984843844901EB6C
:10837000C00140F64F32BD985043814A02EBC00025
:1083800000F5A04090F8100A00EB400202EBC0108C
:1083900001EB001000F5806090EDDA0BFCA9BD98B0
:1083A00051F8200041F62861084480EDC00B40F6EA
:1083B0004F31BD984843724901EBC00140F64F323E
:1083C000BD9850436E4A02EBC00000F5A04090F803
:1083D000100A00EB400202EBC01001EB0010018913
:1083E000FCAABD9852F8200041F628621044A0F87B
:1083F000121340F64F31BD984843614901EBC0016B
:1084000040F64F32BD9850435D4A02EBC00000F584
:10841000A04090F8100A00EB400202EBC01001EB04
:108420000010C188FCAABD9852F8200041F62862CD
:108430001044A0F81413FCA9BD9851F8200011466F
:10844000084490EDC00B1FEDBB1BB4EEC10BF1EE69
:1084500010FA7CD29FED4B0BFCA9BD9851F820007F
:108460001146084480EDC20B00213522BD985043CF
:10847000464A02EBC000A0F890114549BD9851F85A
:10848000200038BB40F64F31BD9848433C4901EBD2
:10849000C00140F64F32BD985043394A02EBC0004C
:1084A00000F5A04090F8100A00EB400202EBC0106B
:1084B00001EB0010D0F8280700EB8001FCAABD9862
:1084C00052F8200000F60C3000EB8100AFF2A871EA
:1084D0000978017040F64F31BD984843284901EBB7
:1084E000C00140F64F32BD985043254A02EBC00010
:1084F00000F5A04090F8110A00EB400202EBC0101A
:1085000001EB001000F5006090ED060B8DED540BB3
:1085100040F64F31BD984843194901EBC00140F680
:108520004F32BD985043164A02EBC00000F5A04000
:1085300090F8112A02EB420000EBC21001EB001090
:1085400000F5006090ED080B8DED520B00E0B5E0FA
:1085500040F64F31BD984843094901EBC00140F650
:108560004F32BD985043064A02EBC00000F5A040D0
:1085700090F8100A00EB400202EBC0100AE0000085
:10858000F8BC012400000000000000007017022465
:108590004801002401EB001151914FF403615198FF
:1085A000E7F735FD9DED540B40F64F31BD9848433C
:1085B000FE4901EBC00140F64F32BD985043FB4AE3
:1085C00002EBC00000F5A04090F8102A02EB420038
:1085D00000EBC21001EB001000F5006080ED060B0F
:1085E0009DED520B40F64F31BD984843EF4900E0F6
:1085F000E1E301EBC00140F64F32BD985043EB4A36
:1086000002EBC00000F5A04090F8100A00EB400219
:1086100002EBC01001EB001000F5006080ED080BCC
:1086200040F64F31BD984843E04901EBC00140F6A8
:108630004F32BD985043DD4A02EBC00000F5A04028
:1086400090F8100A401C00EB400202EBC01001EB56
:10865000001000780B2801D00120649040F64F31C3
:10866000BD984843D14901EBC00000F5A04090F807
:10867000101A40F64F32BD985043CC4A02EBC0006E
:1086800000F5A04080F8111A40F64F31BD984843DC
:10869000114601EBC00000F5A04090F8100A401C04
:1086A000C1B240F64F32BD985043C04A02EBC00001
:1086B00000F5A04080F8101A08F048BC3521BD989C
:1086C0004843BB4901EBC00028304022A8A955907F
:1086D000E7F660FE3521BD984843B54901EBC0007F
:1086E00068304022A8A95590E7F654FE40F64F3175
:1086F000BD984843AD4901EBC00140F64F32BD98EB
:108700005043AA4A02EBC00000F5A04090F8102A9E
:1087100002EB420000EBC21001EB001090ED0C0BDD
:108720003521BD984843A24901EBC00080ED1E0BE6
:1087300001216291002061909E4800689E498863F3
:1087400000BF40F64F31BD984843984901EBC00047
:1087500000F5A04090F8101A6298084481B2559133
:1087600055980A2803DB55980A3881B2559140F68E
:108770004F31BD9848438D4901EBC001559800EB3E
:10878000400202EBC01001EB001000F5006090ED1C
:10879000040BB5EEC00BF1EE10FA1FD340F64F31CB
:1087A000BD984843814901EBC001559800EB400258
:1087B00002EBC01001EB001000F5006090ED040B1F
:1087C000FCA9BD9851F82000103000F5E05090ED64
:1087D000801BB4EEC10BF1EE10FA05DD01216191B1
:1087E0006298401E81B262916298401C81B262918F
:1087F00062980A2802DA61980028A2D06D480068C1
:108800006D49C8631FEDA10B8DED5C0B1FEDA30B34
:108810008DED5A0B1FEDA50B8DED580B1FEDA70B22
:108820008DED560B18E16298401E81B2629140F6C0
:108830004F31BD9848435D4901EBC00000F5A040B1
:1088400090F8101A6298084481B2559155980A28F8
:1088500003DB55980A3881B2559140F64F31BD98E7
:108860004843524901EBC001559800EB400202EB2E
:10887000C01001EB00100078042821D040F64F31E1
:10888000BD984843494901EBC001559800EB4002AF
:1088900002EBC01001EB001000780E2810D040F65B
:1088A0004F31BD984843414901EBC001559800EB59
:1088B000400202EBC01001EB001000780F2800D13D
:1088C000CAE040F64F31BD984843384901EBC0013A
:1088D000559800EB400202EBC01001EB001000F5D0
:1088E000806090EDDA0B8DED4E0B3521BD9848433D
:1088F0002F4901EBC00090ED260B8DED520B352179
:10890000BD9848432A4901EBC00090ED220B8DED44
:10891000500B5EA89DED5C3B9DED522B9DED501BD9
:108920009DED4E0BF2F66CF9F0BB40F64F31BD9861
:1089300048431E4901EBC001559800EB400202EB91
:10894000C01001EB001000F5806090EDDA1B9DED8A
:108950005A0B31EE000B8DED5A0B40F64F31BD989E
:108960004843124901EBC001559800EB400202EB6D
:10897000C01001EB001090ED0C0B8DED5C0B40F680
:108980004F31BD984843094901EBC001559800EBB0
:10899000400202EBC01001EB001090ED0C0B40F612
:1089A0004F31BD98484309E045E00000F8BC012480
:1089B000701702241C01002474910124FE4901EB6C
:1089C000C00140F64F32BD985043FB4A02EBC00055
:1089D00000F5A04090F8100A00EB400202EBC01036
:1089E00001EB001090ED0C1BB4EEC10BF1EE10FA90
:1089F00018DB40F64F31BD984843EF4901EBC00109
:108A0000559800EB400202EBC01001EB001000F59E
:108A1000806090EDDA1B9DED580B31EE000B8DED73
:108A2000580B18E09FEDE50B8DED580B9DED5C0BA1
:108A30008DED560B0FE09FEDE10B8DED5C0B9FED87
:108A4000DF0B8DED5A0B9FEDDD0B8DED580B9FED80
:108A5000DB0B8DED560B00BF629801283FF7E3AEAC
:108A600040F64F31BD984843D34901EBC00140F671
:108A70004F32BD985043D04A02EBC00000F5A040F1
:108A800090F8100A00EB400202EBC01001EB00105E
:108A900000F5806090EDDA1B9DED5A0B31EE000B76
:108AA0008DED5A0B40F64F31BD984843C24901EB5A
:108AB000C00140F64F32BD985043BF4A02EBC000A0
:108AC00000F5A04090F8100A00EB400202EBC01045
:108AD00001EB001000F5806090EDDA1B9DED580B66
:108AE00031EE000B8DED580BFCA9BD9851F820001C
:108AF000103000F58050B0F8080E20B19FEDAF0B9C
:108B00008DED5C0B6DE140F64F31BD984843AA49AD
:108B100001EBC00140F64F32BD985043A64A02EB2C
:108B2000C00000F5A04090F8100A00EB400202EBF4
:108B3000C01001EB001090ED0C1B9DED5C0B80FE56
:108B4000410B8DED5C0B9F4800689F49086440F61F
:108B50004F31BD984843984901EBC00140F64F3270
:108B6000BD985043944A02EBC00000F5A04090F835
:108B7000110A00EB400202EBC01001EB001000F5FF
:108B8000006090ED080B8DED4A0B40F64F31BD981B
:108B90004843894901EBC00140F64F32BD9850432C
:108BA000854A02EBC00000F5A04090F8110A00EBE6
:108BB000400202EBC01001EB001000F5006090EDE8
:108BC000060B8DED480B40F64F31BD9848437A496E
:108BD00001EBC00140F64F32BD985043764A02EB9C
:108BE000C00000F5A04090F8100A00EB400202EB34
:108BF000C01001EB001090ED0C0B8DED460B3521F4
:108C0000BD984843714901EBC00090ED260B8DEDF6
:108C1000440B3521BD9848436C4901EBC00090EDF1
:108C2000220B8DED420B4EAB50AA52A954A89DEDDC
:108C30004A6B9FED625B9DED484B9DED463B9DED84
:108C4000442B9DED421B9DED5A0BF2F6A1F800EE70
:108C5000100AB8EE400B8DED4C0B9DED4C0BB5EEB4
:108C6000C00BF1EE10FA08D19DED5C0B9DED541B8D
:108C700080FE410B8DED5C0B03E09FED500B8DED05
:108C80005C0B504800685049486440F64F31BD982D
:108C90004843494901EBC00140F64F32BD9850436B
:108CA000454A02EBC00000F5A04090F8110A00EB25
:108CB000400202EBC01001EB001000F5006090EDE7
:108CC000080B8DED4A0B40F64F31BD9848433A49A9
:108CD00001EBC00140F64F32BD985043364A02EBDB
:108CE000C00000F5A04090F8110A00EB400202EB32
:108CF000C01001EB001000F5006090ED060B8DED4B
:108D0000480B40F64F31BD9848432B4901EBC00159
:108D100040F64F32BD985043274A02EBC00000F5A1
:108D2000A04090F8100A00EB400202EBC01001EBEB
:108D3000001090ED0C0B8DED460B3521BD9848438E
:108D4000224901EBC00090ED260B8DED440B35213F
:108D5000BD9848431D4901EBC00090ED220B8DEDFD
:108D6000420B4EAB50AA52A954A89DED4A6B9DED03
:108D7000565B9DED484B9DED463B9DED442B9DED97
:108D8000421B9DED580BF2F603F800EE100AB8EE08
:108D9000400B8DED4C0B9DED4C0BB5EEC00BF1EE89
:108DA00010FA15D19DED5C0B9DED541B80FE410B1F
:108DB0008DED5C0B10E011E1F8BC01240000000017
:108DC000000000001C01002474910124701702248B
:108DD0001FED060B8DED5C0BFE480068FE498864B4
:108DE00000BF9DED5C0B40F64F31BD984843FB49F9
:108DF00001EBC00140F64F32BD985043F74A02EBF9
:108E0000C00000F5A04090F8102A02EB420000EBF1
:108E1000C21001EB001000F5006080ED060B1FEDA5
:108E2000190B3521BD984843ED4901EBC00080ED99
:108E3000020BFCA9BD9851F8200041F628610844B6
:108E400090EDC00B3521BD984843E54901EBC000CA
:108E500080ED000B40F64F31BD984843DF4901EBF0
:108E6000C00140F64F32BD985043DC4A02EBC000CF
:108E700000F5A04090F8110A00EB400202EBC01090
:108E800001EB001000F5006090ED060B3521BD9858
:108E90004843D34901EBC00080ED040B40F64F314D
:108EA000BD984843CD4901EBC00140F64F32BD9813
:108EB0005043CA4A02EBC00000F5A04090F8110AE6
:108EC00000EB400202EBC01001EB001000F5006067
:108ED00090ED080B3521BD984843C14901EBC00016
:108EE00080ED080BBF49BD9831F8100068BB40F613
:108EF0004F31BD984843B94901EBC00140F64F32AC
:108F0000BD985043B54A02EBC00000F5A04090F870
:108F1000100A00EB400202EBC01001EB001000F55C
:108F2000006090ED060B3521BD984843AC4901EB3C
:108F3000C00080ED060B01213522BD985043A84AA0
:108F400002EBC000A0F892112CE0A649BD9831F9BF
:108F50001000002813DA1FED670B3521BD98484338
:108F60009F4901EBC00080ED060B01213522BD9821
:108F700050439B4A02EBC000A0F8941112E01FED91
:108F8000710B3521BD984843954901EBC00080ED38
:108F9000060B01213522BD985043914A02EBC000D7
:108FA000A0F8961101213522BD9850438C4A02EB5E
:108FB000C000A0F890111FED7F0B8B49BD9801EB0D
:108FC000C00080ED000B1FED830B3521BD98484399
:108FD000114601EBC00080ED2E0BFDE33521BD985D
:108FE00048437F4901EBC000B0F8D000B0F5966F60
:108FF00022DB3521BD984843794901EBC000B0F828
:10900000D010FCAABD9852F8200041F62862104406
:10901000A0F8C813FCA9BD9851F8200011460844D7
:10902000B0F8E80281B2FCAABD9852F8200041F6DF
:1090300028621044A0F8CA1301206290FCAABD98CF
:1090400052F8200041F62861084448303022014699
:109050006190EAA8E7F69EF90120F6905D48006865
:109060005D49C86400BF629888B13521BD98484306
:109070005B4901EBC00090ED2E0BFCA9BD9851F8A7
:10908000200041F62861084480EDC20B28E035211C
:10909000BD984843524901EBC00090ED2E0B524958
:1090A000BD9801EBC00090ED001B30EE411B4F4915
:1090B000BD9801EBC00090ED002B4B49BD9801EB32
:1090C000C00090ED000B01EE020BFCA9BD9851F819
:1090D000200041F62861084480EDC20BFF20629019
:1090E000FCA9BD9851F8200041F62861084490ED94
:1090F000C20BFCA9BD9851F8201041F62860084425
:1091000090EDC01BB4EEC10BF1EE10FA11DDFCA91D
:10911000BD9851F8200041F62861084490EDC00B3D
:10912000FCA9BD9851F8200041F62861084480ED63
:10913000C20BFCA9BD9851F8200041F628610844F3
:1091400090EDC21BFCA9BD9851F8200041F62861A2
:10915000084490EDC02B81EE020B8DED600B1FEDEE
:10916000E90B8DED5E0B1FEDEB0B8DED5C0B40F60F
:109170004F31BD984843194901EBC00140F64F32C9
:10918000BD985043154A02EBC00000F5A04090F88E
:10919000102A02EB420000EBC21001EB001000F5B8
:1091A000806090EDDC0BB5EEC00BF1EE10FA7CDDCB
:1091B00040F64F31BD984843084901EBC00140F6E5
:1091C0004F32BD985043054A02EBC00000F5A04065
:1091D0000EE000001C01002474910124F8BC01245D
:1091E000701702244001002488010024500100244B
:1091F00090F8100A00EB400202EBC01001EB0010E7
:1092000090EDBC1B40F64F31BD984843FE4901EB41
:10921000C00140F64F32BD985043FB4A02EBC000FC
:1092200000F5A04090F8102A02EB420000EBC210BB
:1092300001EB001000F5806090EDDC2B81EE020B5D
:109240008DED5E0B40F64F31BD984843EE4901EB82
:10925000C00140F64F32BD985043EB4A02EBC000CC
:1092600000F5A04090F8100A00EB400202EBC0109D
:1092700001EB001000F5886090ED121B40F64F31B5
:10928000BD984843E04901EBC00140F64F32BD981C
:109290005043DD4A02EBC00000F5A04090F8102AD0
:1092A00002EB420000EBC21000E009E001EB00100D
:1092B00000F5806090EDDC2B81EE020B8DED5C0BF8
:1092C00000205B909DED600B9DED5E1BB4EEC10B2D
:1092D000F1EE10FA7DD25B909DED601B9DED5E0B73
:1092E00081EE002BB6EE001BB6EE000B02EE010B7A
:1092F0008DED4C0B40F64F31BD984843C24901EB10
:10930000C00140F64F32BD985043BF4A02EBC00047
:1093100000F5A04090F8100A00EB400202EBC010EC
:1093200001EB001000F54070042303224EA94B907E
:109330009DED4C0BECF6E8FE0020BC9016E04EA92B
:10934000BC9801EBC00090ED000BFCA9BD9851F852
:10935000200041F62861014401F58471BC9801EBBD
:10936000C00080ED000BBC98401CBC90BC9803284A
:10937000E5DB9DED600B9DED5E1B80EE012B8DED21
:109380004C2BFCA9BD9851F8200041F628610844F7
:10939000007906286AD00321BC915BE040F64F318A
:1093A000BD984843984901EBC00140F64F32BD9843
:1093B0005043954A02EBC00000F5A04090F8100A17
:1093C00000EB400202EBC01001EB00114031BC98F1
:1093D00000E052E101EBC00090ED001B9DED4C0B55
:1093E000B7EE002B32EE400B21EE001B40F64F3162
:1093F000BD984843844901EBC00140F64F32BD9807
:109400005043814A02EBC00000F5A04090F8102ABA
:1094100002EB420000EBC21001EB001000F570718E
:10942000BC9801EBC00090ED002B9DED4C0B00EEC5
:10943000021BFCA9BD9851F8200041F628610144A7
:1094400001F58471BC9801EBC00080ED001BBC9855
:10945000401CBC90FCA9BD9851F8200041F6286141
:1094600008440179BC98814298DCBCE09DED4C0B2E
:109470008DED020B40F64F31BD984843624901EB38
:10948000C00140F64F32BD9850435F4A02EBC00026
:1094900000F5A04090F8100A00EB400202EBC0106B
:1094A00001EB001000F53C7090ED640B8DED000BAE
:1094B00040F64F31BD984843534901EBC00140F697
:1094C0004F32BD985043504A02EBC00000F5A04017
:1094D00090F8100A00EB400202EBC01001EB001004
:1094E00000F58C603D9040F64F31BD9848434649A9
:1094F00001EBC00240F64F31BD984843424901EBB1
:10950000C00000F5A04090F8100A00EB400101EB0C
:10951000C01002EB001000F51C703C903EA83D9975
:1095200091ED067B91ED046B91ED025B91ED004BAB
:109530003C9991ED063B91ED042B91ED021B91EDD1
:10954000000BF7F6BDF8FCAABD9852F8200041F6D2
:109550002861084490ED4C0B8DED3C0BBD9852F802
:109560002000084490ED4A0B8DED3A0BBD9852F85F
:109570002000084490ED480B8DED380B46AA48A911
:109580004AA89DED3C6B9DED3A5B9DED384B9DED02
:10959000443B9DED422B9DED401B9DED3E0BF3F6B4
:1095A00068F99DED4A0BFCA9BD9851F8200041F6E1
:1095B0002861084480ED480B9DED480BFCA9BD983F
:1095C00051F8200041F62861084480ED4A0B9DEDDA
:1095D000460BFCA9BD9851F8200041F628610844CB
:1095E00080ED4C0B00BFFCAABD9852F8200041F65C
:1095F0002861084448300090BD9852F82000084483
:1096000000F584704B9001E0F8BC0124BD9852F83D
:10961000200000F608004A90EAAA01214B9BF7F6C9
:1096200069FEF890F89838B3FCAABD9852F820006B
:1096300041F628621044F899A0F8C813FCA9BD9817
:1096400051F8200011460844B0F8E80281B2FCAAA3
:10965000BD9852F8200041F628621044A0F8CA13C1
:10966000FCA9BD9851F8200011460844483030222A
:10967000EAA94B90E6F68EFEB2E29DED600BB7EEE6
:10968000001B31EE401B9DED5C0BB4EEC01BF1EEF8
:1096900010FA71D202205B909DED5C0BB7EE001BBF
:1096A00031EE400B8DED4C0B9DED600B9DED4C1B99
:1096B00030EE412B9DED5C0B82EE001BB6EE000BF5
:1096C00021EE000B8DED4A0B40F64F31BD9848431B
:1096D000FE4901EBC00140F64F32BD985043FB4AB2
:1096E00002EBC00000F5A04090F8100A00EB400229
:1096F00002EBC01001EB001000F59360042303227D
:109700004EA949909DED4A0BECF6FEFC0020BC9062
:1097100016E04EA9BC9801EBC00090ED000BFCA92F
:10972000BD9851F8200041F62861014401F584718B
:10973000BC9801EBC00080ED000BBC98401CBC90B5
:10974000BC980328E5DB9DED600B9DED4C1B30EED6
:10975000411B9DED5C0B81EE002B8DED4A2BFCA98E
:10976000BD9851F8201041F6286008440079062879
:109770006CD00321BC915DE06EE140F64F31BD98A5
:109780004843D24901EBC00140F64F32BD985043E7
:10979000CE4A02EBC00000F5A04090F8100A00EBA2
:1097A000400202EBC01001EB001000F59361BC9881
:1097B00001EBC00090ED001B9DED4A0BB7EE002BB6
:1097C00032EE400B21EE001B40F64F31BD9848436E
:1097D000BE4901EBC00100E0FDE340F64F32BD9809
:1097E0005043BA4A02EBC00000F5A04090F8100ABE
:1097F00000EB400202EBC01001EB001000F5987185
:10980000BC9801EBC00090ED002B9DED4A0B00EEE3
:10981000021BFCA9BD9851F8200041F628610144C3
:1098200001F58471BC9801EBC00080ED001BBC9871
:10983000401CBC90FCA9BD9851F8200041F628615D
:1098400008440179BC98814297DCBEE09DED4A0B4B
:109850008DED020B40F64F31BD9848439B4901EB1B
:10986000C00140F64F32BD985043984A02EBC00009
:1098700000F5A04090F8100A00EB400202EBC01087
:1098800001EB001000F5916090ED640B8DED000B85
:1098900040F64F31BD9848438C4901EBC00140F67A
:1098A0004F32BD985043894A02EBC00000F5A040FA
:1098B00090F8100A00EB400202EBC01001EB001020
:1098C00000F52C703B9040F64F31BD9848437F49DE
:1098D00001EBC00240F64F31BD9848437B4901EB94
:1098E000C00000F5A04090F8100A00EB400101EB29
:1098F000C01002EB001000F5BF603A903CA83B9905
:1099000091ED067B91ED046B91ED025B91ED004BC7
:109910003A9991ED063B91ED042B91ED021B91EDEF
:10992000000BF6F6CDFEFCAABD9852F8200041F6D9
:109930002861084490ED4C0B8DED3A0BBD9852F820
:109940002000084490ED4A0B8DED380BBD9852F87D
:10995000201041F62860084490ED480B8DED360B41
:1099600044AA46A948A89DED3A6B9DED385B9DED54
:10997000364B9DED423B9DED402B9DED3E1B9DEDFD
:109980003C0BF2F676FF9DED480BFCA9BD9851F813
:10999000200041F62861084480ED480B9DED460B00
:1099A000FCA9BD9851F8200041F62861084480EDDB
:1099B0004A0B9DED440BFCA9BD9851F8200041F6DF
:1099C0002861084480ED4C0B00BFFCAABD9852F8FA
:1099D000200041F62861084448300090BD9852F8B4
:1099E0002000084400F584704990BD9852F820008A
:1099F00000F608004890EAAA0121499BF7F67AFC94
:109A0000F890F89838B3FCAABD9852F8200041F6B7
:109A100028621044F899A0F8C813FCA9BD9851F821
:109A2000200011460844B0F8E80281B2FCAABD98B3
:109A300052F8200041F628621044A0F8CA13FCA98D
:109A4000BD9851F820001146084448303022EAA958
:109A50004990E6F69FFCC3E001215B919DED600B10
:109A60009DED5E1B30EE411B9DED5C0BB7EE002BB8
:109A700032EE402B9DED5E0B32EE402B81EE020B61
:109A80008DED4C0B0021BC915DE040F64F31BD984F
:109A900048430E4901EBC00140F64F32BD98504398
:109AA0000A4A02EBC00000F5A04090F8100A00EB53
:109AB000400202EBC01001EB001000F58461BC987D
:109AC00001EBC00090ED001B02E00000F8BC012497
:109AD0009DED4C0BB7EE002B32EE400B21EE001B40
:109AE00040F64F31BD984843FE4901EBC00140F6B6
:109AF0004F32BD985043FB4A02EBC00000F5A04036
:109B000090F8100A00EB400202EBC01001EB0010CD
:109B100000F5B161BC9801EBC00090ED002B9DED0C
:109B20004C0B00EE021BFCA9BD9851F8200041F639
:109B3000286101444831BC9801EBC00080ED001B56
:109B4000BC98401CBC90FCA9BD9851F8200041F67F
:109B5000286108440179BC98814296DCFCAABD9832
:109B600052F8200041F62861084400F58470009006
:109B7000BD9852F82000084400F584704B90BD98C1
:109B800052F82000084448304A90BD9852F820000E
:109B900000F60800499000214B9B4A9AF7F6AAFB71
:109BA000F890F898D8B1FCAABD9852F8200041F678
:109BB00028621044F899A0F8C813FCA9BD9851F880
:109BC000200011460844B0F8E80281B2FCAABD9812
:109BD00052F8202041F628601044A0F8CA1300BFB4
:109BE0000021BC9159E040F64F31BD984843BD4932
:109BF00001EBC00140F64F32BD985043B94A02EB29
:109C0000C00000F5A04090F8100A00EB400202EB03
:109C1000C01001EB001000F1A001BC9801EBC000E6
:109C200090ED001B9DED600BB7EE002B32EE400B6C
:109C300021EE001B40F64F31BD984843A94901EB86
:109C4000C00140F64F32BD985043A64A02EBC00017
:109C500000F5A04090F8100A00EB400202EBC010A3
:109C600001EB001000F5C871BC9801EBC00090ED4D
:109C7000002B9DED600B00EE021BFCA9BD9851F876
:109C8000200041F628610144A831BC9801EBC000D6
:109C900080ED001BBC98401CBC90BC980028A2DB47
:109CA0006298FF287ED04CA8FCAA0090BD9852F87C
:109CB000200010304A90BD9852F8200041F62861EB
:109CC000084400794990BD9852F820000844483073
:109CD00048909DEDB80B0146EAA84A9B499AEBF6DD
:109CE000EAFB4B904B98E0B39DED4C0B7E49BD9841
:109CF00001EBC00080ED000BBD9801EBC00090EDC2
:109D0000000BB7EE001BB4EEC10BF1EE10FA23DD31
:109D1000B7EE000BBD9801EBC00080ED000B40F2E8
:109D2000EC41FCAABD9852F8200041F6286210448C
:109D3000A0F8C813FCA9BD9851F8200011460844AA
:109D4000B0F8E80281B2FCAABD9852F8200041F6B2
:109D500028621044A0F8CA136349BD9801EBC00003
:109D600000E03BE090ED000BB5EEC00BF1EE10FA19
:109D700025D29FED5E0BBD9801EBC00080ED000B7E
:109D800040F2EC41FCAABD9852F8200041F628624E
:109D90001044A0F8C813FCA9BD9851F82000114642
:109DA000084400E01BE0B0F8E80281B2FCAABD98CC
:109DB00052F8202041F628601044A0F8CA13002071
:109DC0006290FCAABD9852F8200041F62861084430
:109DD00048303022EAA94A90E6F6DCFAB9E00020E1
:109DE000BC90AAE0FCA9BD9851F8200041F628617A
:109DF00001444831BC9801EBC00090ED000BEAA98A
:109E0000BC9801EBC00090ED001B30EE412B9DEDA6
:109E1000B80B82EE001B8DED4C1B9DED4C0BB5EE8F
:109E2000C00BF1EE10FA65D09DED4C0BB5EEC00BFA
:109E3000F1EE10FA35DDFCA9BD9851F82010103173
:109E4000BC9801EB801090ED042B9DED4C0B82EE45
:109E5000001BB7EE000BB4EEC01BF1EE10FA20D2DF
:109E6000FCA9BD9851F820101031BC9801EB80106E
:109E700090ED042BEAA9BC9801EBC00090ED001B0B
:109E80009DEDB80B02EE001BFCA9BD9851F8201007
:109E900041F6286008444830BC9900EBC10080EDD1
:109EA000001B9DED4C0BB5EEC00BF1EE10FA41D24C
:109EB000FCA9BD9851F820101031BC9801EB80101E
:109EC00090ED060BB1EE402B9DED4C0B82EE001B8E
:109ED000B7EE000BB4EEC01BF1EE10FA2AD2FCA9CB
:109EE000BD9808E0F8BC01245001002400000000E7
:109EF000000000001EE051F820101031BC9801EB6A
:109F0000801090ED062BEAA9BC9801EBC00090ED03
:109F1000001B9DEDB80B02EE401BFCA9BD9851F84B
:109F2000200041F6286108444830BC9900EBC1008C
:109F300080ED001BBC98401CBC90FCA9BD9851F85A
:109F4000200041F6286108440179BC9881423FF71E
:109F500049AF629800283FF486A8FE480068FE4991
:109F600008653521BD984843FC4901EBC000B0F8B5
:109F7000980188B3FA49BD9831F8100068BBFCA974
:109F8000BD9851F82000103000F58050B0F8080E50
:109F900018B340F64F31BD984843F24901EBC00178
:109FA00040F64F32BD985043EE4A02EBC00000F538
:109FB000A04090F8100A401C00EB400202EBC010D9
:109FC00001EB00100078082807D00121FCAABD98F9
:109FD00052F8200002E006E247E099E041F62862EC
:109FE00010440181FCA9BD9851F820000089E0B31C
:109FF0000021FCAABD9852F820000181BD9852F8BA
:10A00000200041F62862104401813522BD9850435A
:10A01000D24A02EBC000A0F89011D349BD9851F884
:10A02000200040BB40F64F31BD984843CD4901EB7D
:10A03000C00140F64F32BD985043CA4A02EBC000FF
:10A0400000F5A04090F8100A00EB400202EBC010AF
:10A0500001EB0010D0F8280700EB8001FCAABD98A6
:10A0600052F8200000F60C3000E0BBE100EB81006C
:10A07000BEA10978017040F64F31BD984843B949F7
:10A0800001EBC00140F64F32BD985043B54A02EB98
:10A09000C00000F5A04090F8100A00EB400202EB6F
:10A0A000C01001EB001161914FF403616198E5F775
:10A0B000AEFF40F64F31BD984843AA4901EBC000BE
:10A0C00000F5A04090F8101A40F64F32BD9850436A
:10A0D000A44A02EBC00000F5A04080F8111A40F637
:10A0E0004F31BD984843114601EBC00000F5A04038
:10A0F00090F8100A401CC1B240F64F32BD98504350
:10A10000984A02EBC00000F5A04080F8101A69E1FF
:10A110009349BD9831F8100048B13521BD984843A6
:10A120008E4901EBC000B0F8D00003287ED1002199
:10A130003522BD985043894A02EBC000A0F8901127
:10A140003521BD984843114601EBC00090ED301B0E
:10A150003521BD984843114601EBC00090ED2C2BF2
:10A1600081EE020B8DED600B3521BD984843114601
:10A1700001EBC00090ED320B8DED5E0B7A49BD987E
:10A1800051F8200030BB40F64F31BD984843754927
:10A1900001EBC00140F64F32BD985043714A02EBCB
:10A1A000C00000F5A04090F8100A00EB400202EB5E
:10A1B000C01001EB0010D0F8280700EB8001FCAACA
:10A1C000BD9852F8200000F60C3000EB810067A12A
:10A1D0000978017040F64F31BD984843614901EB61
:10A1E000C00140F64F32BD9850435E4A02EBC000BA
:10A1F00000F5A04090F8100A00EB400202EBC010FE
:10A2000001EB00115D914FF403615D98E5F7FFFEEE
:10A210009DED600B40F64F31BD984843514901EB2D
:10A22000C00140F64F32BD98504300E07BE04D4AFC
:10A2300002EBC00000F5A04090F8100A00EB4002CD
:10A2400002EBC01001EB001000F5006080ED060B82
:10A250009DED5E0B40F64F31BD984843414901EBFF
:10A26000C00140F64F32BD9850433E4A02EBC00059
:10A2700000F5A04090F8100A00EB400202EBC0107D
:10A2800001EB001000F5006080ED080B40F64F3147
:10A29000BD984843334901EBC00140F64F32BD98A9
:10A2A0005043304A02EBC00000F5A04090F8100A7D
:10A2B000401C00EB400202EBC01001EB00100078E4
:10A2C0000B2801D00121649140F64F31BD984843DD
:10A2D000244901EBC00000F5A04090F8101A40F6A8
:10A2E0004F32BD9850431F4A02EBC00000F5A0401A
:10A2F00080F8111A40F64F31BD984843114601EBE2
:10A30000C00000F5A04090F8100A401CC1B240F611
:10A310004F32BD985043134A02EBC00000F5A040F5
:10A3200080F8101A5EE00E49BD9831F9100000283F
:10A3300040DDBD9831F8100081B2FCAABD9852F8FA
:10A34000200041F628621044A0F8C8130849BD98BF
:10A3500010E000001C0100247491012470170224F5
:10A3600040010024F8BC0124480100240000000042
:10A370004401002431F8200081B2FCAABD9852F8B3
:10A38000200041F628621044A0F8CA13FF21FCAA5D
:10A39000BD9852F8200041F62862104480F8CC1392
:10A3A0000021FE4ABD9822F81010FD4ABD9842F8DF
:10A3B000201017E0F949BD9831F91000002811DA92
:10A3C0000021FCAABD9852F8200041F628621044F2
:10A3D00080F8CC13F14ABD9822F81010F04ABD98CD
:10A3E00042F8201000BF06F0B1BD3521BD984843AA
:10A3F000EC4901EBC000B0F89001E8BB40F64F31EA
:10A40000BD984843E84901EBC00140F64F32BD9882
:10A410005043E54A02EBC00000F5A04090F8100A56
:10A4200000EB400202EBC01001EB001000F5806071
:10A4300090EDDA0BFCA9BD9851F8200041F6286197
:10A44000084480EDC00B40F64F31BD984843D649D3
:10A4500001EBC00140F64F32BD985043D24A02EBA7
:10A46000C00000F5A04090F8100A00EB400202EB9B
:10A47000C01001EB001000E0FDE30189FCAABD98CB
:10A4800052F8200041F628621044A0F8121340F65A
:10A490004F31BD984843C44901EBC00140F64F32EB
:10A4A000BD985043C04A02EBC00000F5A04090F8B0
:10A4B000100A00EB400202EBC01001EB0010C18853
:10A4C000FCAABD9852F8200041F628621044A0F87A
:10A4D0001413FCA9BD9851F820001146084490EDD2
:10A4E000C00B9FEDB21BB4EEC10BF1EE10FA7CD2A3
:10A4F0009FEDB00BFCA9BD9851F82000114608440F
:10A5000080EDC20B00213522BD985043A54A02EBD5
:10A51000C000A0F8901140F64F31BD984843A249C1
:10A5200001EBC00140F64F32BD9850439E4A02EB0A
:10A53000C00000F5A04090F8112A02EB420000EBA9
:10A54000C21001EB001000F5006090ED060B8DEDE0
:10A55000540B40F64F31BD984843934901EBC0017D
:10A5600040F64F32BD9850438F4A02EBC00000F5D1
:10A57000A04090F8110A00EB400202EBC01001EB82
:10A58000001000F5006090ED080B8DED520B8B492B
:10A59000BD9851F8200038BB40F64F31BD98484374
:10A5A000814901EBC00140F64F32BD9850437E4ACD
:10A5B00002EBC00000F5A04090F8100A00EB40024A
:10A5C00002EBC01001EB0010D0F8280700EB80016F
:10A5D000FCAABD9852F8200000F60C3000EB810078
:10A5E000AFF278210978017000E0A6E040F64F3123
:10A5F000BD9848436C4901EBC00140F64F32BD980D
:10A600005043694A02EBC00000F5A04090F8100AE0
:10A6100000EB400202EBC01001EB001151914FF42E
:10A6200003615198E5F7F3FC9DED540B40F64F3173
:10A63000BD9848435C4901EBC00140F64F32BD98DC
:10A640005043594A02EBC00000F5A04090F8100AB0
:10A6500000EB400202EBC01001EB001000F50060BF
:10A6600080ED060B9DED520B40F64F31BD984843EF
:10A670004D4901EBC00140F64F32BD9850434A4A64
:10A6800002EBC00000F5A04090F8100A00EB400279
:10A6900002EBC01001EB001000F5006080ED080B2C
:10A6A00040F64F31BD9848433F4901EBC00140F6A9
:10A6B0004F32BD9850433C4A02EBC00000F5A04029
:10A6C00090F8100A401C00EB400202EBC01001EBB6
:10A6D000001000780B2801D00121649140F64F3121
:10A6E000BD984843304901EBC00000F5A04090F808
:10A6F000101A40F64F32BD9850432B4A02EBC0006F
:10A7000000F5A04080F8111A40F64F31BD9848433B
:10A71000114601EBC00000F5A04090F8100A401C63
:10A72000C1B240F64F32BD9850431F4A02EBC00001
:10A7300000F5A04080F8101A55E63521BD98484331
:10A74000184901EBC00028304022A8A95590E5F631
:10A7500021FE3521BD984843124901EBC000683005
:10A760004022A8A95590E5F615FE40F64F31BD9858
:10A7700048430D4901EBC00140F64F32BD985043AC
:10A78000094A02EBC00000F5A04090F8102A02EB45
:10A79000420000EBC21001EB001011E04001002468
:10A7A0004401002470170224F8BC0124F168E388F6
:10A7B000B5F8E43E0000000000000000480100245D
:10A7C00090ED0C0B3521BD984843FE4901EBC000CC
:10A7D00080ED1E0B012162910020619000BF40F6C8
:10A7E0004F31BD984843F84901EBC00000F5A04047
:10A7F00090F8101A6298084481B2559155980A2829
:10A8000003DB55980A3881B2559140F64F31BD9817
:10A810004843ED4901EBC001559800EB400202EBC3
:10A82000C01001EB001000F5006090ED040BB5EED8
:10A83000C00BF1EE10FA1FD340F64F31BD984843DC
:10A84000E14901EBC001559800EB400202EBC0105A
:10A8500001EB001000F5006090ED040BFCA9BD9821
:10A8600051F82000103000F5E05090ED801BB4EE60
:10A87000C10BF1EE10FA05DD012161916298401ED5
:10A8800081B262916298401C81B2629162980A28FA
:10A8900002DA61980028A2D01FED3A0B8DED5C0B17
:10A8A0001FED3C0B8DED5A0B1FED3E0B8DED580B44
:10A8B0001FED400B8DED560B0FE16298401E81B2EB
:10A8C000629140F64F31BD984843BF4901EBC0004B
:10A8D00000F5A04090F8101A6298084481B2559192
:10A8E00055980A2803DB55980A3881B2559140F6ED
:10A8F0004F31BD984843B44901EBC001559800EB76
:10A90000400202EBC01001EB00100078042821D0B7
:10A9100040F64F31BD984843AB4901EBC001559813
:10A9200000EB400202EBC01001EB001000780E2893
:10A9300010D040F64F31BD984843A34901EBC00108
:10A94000559800EB400202EBC01001EB00100078BC
:10A950000F2800D1C1E040F64F31BD9848439A49D5
:10A9600001EBC001559800EB400202EBC01001EB77
:10A97000001000F5806090EDDA0B8DED4E0B352167
:10A98000BD9848438F4901EBC00090ED260B8DED3B
:10A99000520B3521BD9848438A4901EBC00090ED28
:10A9A000220B8DED500B5EA89DED5C3B9DED522B77
:10A9B0009DED501B9DED4E0BF0F622F9F0BB40F6DD
:10A9C0004F31BD984843804901EBC001559800EBD9
:10A9D000400202EBC01001EB001000F5806090ED2A
:10A9E000DA1B9DED5A0B31EE000B8DED5A0B40F644
:10A9F0004F31BD984843744901EBC001559800EBB5
:10AA0000400202EBC01001EB001090ED0C0B8DED3D
:10AA10005C0B40F64F31BD9848436B4901EBC001D8
:10AA2000559800EB400202EBC01001EB001090EDD6
:10AA30000C0B40F64F31BD98484300E03CE06249C2
:10AA400001EBC00140F64F32BD9850435E4A02EB25
:10AA5000C00000F5A04090F8100A00EB400202EBA5
:10AA6000C01001EB001090ED0C1BB4EEC10BF1EE29
:10AA700010FA18DB40F64F31BD984843524901EBBC
:10AA8000C001559800EB400202EBC01001EB001032
:10AA900000F5806090EDDA1B9DED580B31EE000B58
:10AAA0008DED580B18E01FEDBD0B8DED580B9DED96
:10AAB0005C0B8DED560B0FE01FEDC20B8DED5C0BAB
:10AAC0001FEDC40B8DED5A0B1FEDC60B8DED580B12
:10AAD0001FEDC80B8DED560B00BF629801283FF7A4
:10AAE000ECAE40F64F31BD984843374901EBC00109
:10AAF00040F64F32BD985043334A02EBC00000F598
:10AB0000A04090F8100A00EB400202EBC01001EBED
:10AB1000001000F5806090EDDA1B9DED5A0B31EED0
:10AB2000000B8DED5A0B40F64F31BD984843264936
:10AB300001EBC00140F64F32BD985043224A02EB70
:10AB4000C00000F5A04090F8100A00EB400202EBB4
:10AB5000C01001EB001000F5806090EDDA1B9DED58
:10AB6000580B31EE000B8DED580BFCA9BD9851F838
:10AB70002000103000F58050B0F8080E20B11FED15
:10AB8000F30B8DED5C0B5CE140F64F31BD98484313
:10AB90000D4901EBC00140F64F32BD9850430A4ABF
:10ABA00002EBC00000F5A04090F8100A00EB400254
:10ABB00002EBC01001EB001090ED0C1B9DED5C0B47
:10ABC00004E0000070170224F8BC012480FE410B51
:10ABD0008DED5C0B40F64F31BD984843FE4901EBCB
:10ABE000C00140F64F32BD985043FB4A02EBC00013
:10ABF00000F5A04090F8112A02EB420000EBC210D1
:10AC000001EB001000F5006090ED080B8DED4A0B94
:10AC100040F64F31BD984843EF4901EBC00140F683
:10AC20004F32BD985043EC4A02EBC00000F5A04003
:10AC300090F8112A02EB420000EBC21001EB001069
:10AC400000F5006090ED060B8DED480B40F64F319E
:10AC5000BD984843E04901EBC00140F64F32BD9832
:10AC60005043DD4A02EBC00000F5A04090F8102AE6
:10AC700002EB420000E0EDE100EBC21001EB00103E
:10AC800090ED0C0B8DED460B3521BD984843D34913
:10AC900001EBC00090ED260B8DED440B3521BD98E6
:10ACA0004843CE4901EBC00090ED220B8DED420BE5
:10ACB0004EAB50AA52A954A89DED4A6B9FEDC85BBC
:10ACC0009DED484B9DED463B9DED442B9DED421B7C
:10ACD0009DED5A0BF0F65CF800EE100AB8EE400B52
:10ACE0008DED4C0B9DED4C0BB5EEC00BF1EE10FA5B
:10ACF00008D19DED5C0B9DED541B80FE410B8DED4D
:10AD00005C0B03E09FEDB60B8DED5C0B40F64F3115
:10AD1000BD984843B04901EBC00140F64F32BD98A1
:10AD20005043AD4A02EBC00000F5A04090F8112A54
:10AD300002EB420000EBC21001EB001000F50060D6
:10AD400090ED080B8DED4A0B40F64F31BD9848430E
:10AD5000A14901EBC00140F64F32BD9850439E4AD5
:10AD600002EBC00000F5A04090F8112A02EB42006F
:10AD700000EBC21001EB001000F5006090ED060B37
:10AD80008DED480B40F64F31BD984843924901EB99
:10AD9000C00140F64F32BD9850438F4A02EBC000CD
:10ADA00000F5A04090F8102A02EB420000EBC21020
:10ADB00001EB001090ED0C0B8DED460B3521BD988D
:10ADC0004843864901EBC00090ED260B8DED440B06
:10ADD0003521BD984843814901EBC00090ED220B1D
:10ADE0008DED420B4EAB50AA52A954A89DED4A6B73
:10ADF0009DED565B9DED484B9DED463B9DED442BF7
:10AE00009DED421B9DED580BEFF6C2FF00EE100AC0
:10AE1000B8EE400B8DED4C0B9DED4C0BB5EEC00B21
:10AE2000F1EE10FA08D19DED5C0B9DED541B80FEF8
:10AE3000410B8DED5C0B03E09FED690B8DED5C0B21
:10AE400000BF9DED5C0B40F64F31BD984843624911
:10AE500001EBC00140F64F32BD9850435E4A02EB11
:10AE6000C00000F5A04090F8102A02EB420000EB71
:10AE7000C21001EB001000F5006080ED060B9FEDA5
:10AE8000580B3521BD984843544901EBC00080ED73
:10AE9000020BFCA9BD9851F8200041F62861084436
:10AEA00090EDC00B3521BD9848434C4901EBC000E3
:10AEB00080ED000B40F64F31BD984843464901EB09
:10AEC000C00140F64F32BD985043434A02EBC000E8
:10AED00000F5A04090F8110A00EB400202EBC01010
:10AEE00001EB001000F5006090ED060B3521BD98D8
:10AEF00048433A4901EBC00080ED040B40F64F3166
:10AF0000BD984843344901EBC00140F64F32BD982B
:10AF10005043314A02EBC00000F5A04090F8110AFE
:10AF200000EB400202EBC01001EB001000F50060E6
:10AF300090ED080B3521BD984843284901EBC0002E
:10AF400080ED080B2849BD9831F8100068BB40F629
:10AF50004F31BD984843204901EBC00140F64F32C4
:10AF6000BD9850431C4A02EBC00000F5A04090F889
:10AF7000100A00EB400202EBC01001EB001000F5DC
:10AF8000006090ED060B3521BD984843134901EB55
:10AF9000C00080ED060B01213522BD9850430F4AB9
:10AFA00002EBC000A0F8921138E00F49BD9831F9CA
:10AFB000100000281FDA9FED0A0B3521BD98484389
:10AFC000064901EBC00080ED060B01213522BD983A
:10AFD0005043024A0AE00000F8BC01247017022422
:10AFE00000000000000000004001002402EBC0004F
:10AFF000A0F8941112E01FED060B3521BD984843CF
:10B00000FE4901EBC00080ED060B01213522BD9801
:10B010005043FA4A02EBC000A0F8961101213522F4
:10B02000BD985043F54A02EBC000A0F890111FED07
:10B03000140BF349BD9801EBC00080ED000B1FED30
:10B04000180B3521BD984843114601EBC00080ED37
:10B050002E0BD8E33521BD984843E84901EBC000E9
:10B06000B0F8D000B0F5966F22DB3521BD9848438B
:10B07000E24901EBC000B0F8D010FCAABD9852F82C
:10B08000200041F628621044A0F8C813FCA9BD981E
:10B0900051F8201010460844B0F8E80281B2FCAA2A
:10B0A000BD9852F8200041F628621044A0F8CA1357
:10B0B00001206290FCAABD9852F8200041F6286158
:10B0C00008444830302201465B90EAA8E5F662F970
:10B0D000FCAABD9852F8200041F62861084490ED82
:10B0E000420B8DED5E0BBD9852F82000084490EDA8
:10B0F000440B8DED5C0B00BF629888B13521BD9883
:10B100004843BE4901EBC00090ED2E0BFCA9BD9851
:10B1100051F8200041F62861084480EDC20B28E078
:10B120003521BD984843B54901EBC00090ED2E0B89
:10B13000B349BD9801EBC00090ED001B30EE411B00
:10B14000B049BD9801EBC00090ED002BAC49BD9813
:10B1500001EBC00090ED000B01EE020BFCA9BD98C5
:10B1600051F8200041F62861084480EDC20BFF2011
:10B170006290FCA9BD9851F8200041F6286108446E
:10B1800090EDC20BFCA9BD9851F8200041F6286152
:10B19000084490EDC01BB4EEC10BF1EE10FA11DDC6
:10B1A000FCA9BD9851F8200041F62861084490EDB3
:10B1B000C00BFCA9BD9851F8200041F62861084455
:10B1C00080EDC20BFCA9BD9851F8200041F6286122
:10B1D000084490EDC21BFCA9BD9851F8200041F62F
:10B1E0002861084490EDC02B81EE020B8DED5A0BC7
:10B1F0001FED850B8DED580B1FED870B8DED560B5D
:10B2000040F64F31BD9848437F4901EBC00140F6FD
:10B210004F32BD9850437C4A02EBC00000F5A0407D
:10B2200090F8100A00EB400202EBC01001EB001096
:10B2300000F5806090EDDC0BB5EEC00BF1EE10FA7E
:10B2400075DD40F64F31BD9848436F4901EBC001B1
:10B2500040F64F32BD9850436B4A02EBC00000F5F8
:10B26000A04090F8100A00EB400202EBC01001EB86
:10B27000001090EDBC1B40F64F31BD984843624929
:10B2800001EBC00140F64F32BD9850435E4A02EBDD
:10B29000C00000F5A04090F8100A00EB400202EB5D
:10B2A000C01001EB001000F5806090EDDC2B81EE0A
:10B2B000020B8DED580B40F64F31BD984843524973
:10B2C00001EBC00140F64F32BD9850434E4A02EBAD
:10B2D000C00000F5A04090F8100A00EB400202EB1D
:10B2E000C01001EB001000F5886090ED121B40F6D5
:10B2F0004F31BD984843444901EBC00140F64F32FD
:10B30000BD985043404A02EBC00000F5A04090F8C1
:10B31000100A00EB400202EBC01001EB001000F538
:10B32000806090EDDC2B81EE020B8DED560B9DEDD8
:10B330005A0B9DED581BB4EEC10BF1EE10FA7CD206
:10B34000002055909DED5A1B9DED580B81EE002B72
:10B35000B6EE001BB6EE000B02EE010B8DED460BB8
:10B3600040F64F31BD984843274901EBC00140F6F4
:10B370004F32BD985043244A02EBC00000F5A04074
:10B3800090F8102A02EB420000EBC21001EB001013
:10B3900000F540700423032248A945909DED460B1B
:10B3A000EAF6B2FE0020BC9016E048A9BC9801EB7A
:10B3B000C00090ED000BFCA9BD9851F8200041F6AB
:10B3C0002861014401F58471BC9801EBC00080ED57
:10B3D000000BBC98401CBC90BC980328E5DBFCA982
:10B3E000BD9851F8200041F62861084490F8B80350
:10B3F000F0B340F64F31BD98484307E07017022480
:10B400008801002450010024F8BC0124FE4901EB0E
:10B41000C00140F64F32BD985043FB4A02EBC000DA
:10B4200000F5A04090F8100A00EB400202EBC010BB
:10B4300001EB001090EDBE1B00E07BE0B7EE002BAF
:10B4400082EE010BB2EE042B80EE021B9DED460B4B
:10B4500031EE000B8DED440B9DED440BB7EE001B60
:10B46000B4EEC10BF1EE10FA44D240F64F3100E0D9
:10B470005FE0BD984843E44901EBC00240F64F311C
:10B48000BD984843E04901EBC00000F5A04090F8AA
:10B49000100A00EB400101EBC01002EB001000F5B8
:10B4A00040700423032248A943909DED440BEAF623
:10B4B0002BFE9DED481B9DED5E0B31EE400B8DED9F
:10B4C000420B9DED4A1B9DED5C0B31EE400B8DED6B
:10B4D000400B9DED421B9DED400BF9F611FA9FEDDF
:10B4E000CB1B20EE011B9FEDCB2B81EE020B8DEDD4
:10B4F000600B1DE040F64F31BD984843C24901EB57
:10B50000C00140F64F32BD985043BF4A02EBC00025
:10B5100000F5A04090F8100A00EB400202EBC010CA
:10B5200001EB001000F53C7090ED5A0B8DED600BB7
:10B5300000BFFDE39DED5A0BB7EE001B31EE401B43
:10B540009DED560BB4EEC01BF1EE10FA7DD2022039
:10B5500055909DED560BB7EE001B31EE400B8DED77
:10B56000460B9DED5A0B9DED461B30EE412B9DED9C
:10B57000560B82EE001BB6EE000B21EE000B8DED9C
:10B58000440B40F64F31BD9848439F4901EBC00141
:10B5900040F64F32BD9850439B4A02EBC00000F585
:10B5A000A04090F8100A00EB400202EBC01001EB43
:10B5B000001000F593600423032248A943909DEDF9
:10B5C000440BEAF6A1FD0020BC9016E048A9BC9807
:10B5D00001EBC00090ED000BFCA9BD9851F82000D4
:10B5E00041F62861014401F58471BC9801EBC0006B
:10B5F00080ED000BBC98401CBC90BC980328E5DB98
:10B60000FCA9BD9851F8200041F62861084490F843
:10B61000B803E0B340F64F31BD9848437A4901EB97
:10B62000C00140F64F32BD985043774A02EBC0004C
:10B6300000F5A04090F8100A00EB400202EBC010A9
:10B6400001EB001000F5916000E07DE090ED021B41
:10B65000B7EE002B82EE010BB2EE042B80EE021B44
:10B660009DED440B31EE000B8DED420B9DED420B39
:10B67000B7EE001BB4EEC10BF1EE10FA44D240F667
:10B680004F31BD984843604901EBC00200E05AE0E9
:10B6900040F64F31BD9848435B4901EBC00000F5CF
:10B6A000A04090F8100A00EB400101EBC01002EB43
:10B6B000001000F593600423032248A941909DEDFA
:10B6C000420BEAF621FD9DED481B9DED5E0B31EE30
:10B6D000400B8DED400B9DED4A1B9DED5C0B31EE5B
:10B6E000400B8DED3E0B9DED401B9DED3E0BF9F6A5
:10B6F00007F99FED461B20EE011B9FED462B81EEC7
:10B70000020B8DED600B1DE040F64F31BD984843B4
:10B710003D4901EBC00140F64F32BD9850433A4AD3
:10B7200002EBC00000F5A04090F8100A00EB4002C8
:10B7300002EBC01001EB001000F5916090ED5A0B88
:10B740008DED600B00BFF3E2012055909DED5A0B8B
:10B750008DED460B40F64F31BD9848432A4901EB29
:10B76000C00140F64F32BD985043274A02EBC0005B
:10B7700000F5A04090F8100A00EB400202EBC01068
:10B7800001EB001090F8380002287CD10020BC901A
:10B7900053E340F64F31BD9848431B4901EBC001CC
:10B7A00040F64F32BD985043174A02EBC00000F5F7
:10B7B000A04090F8102A02EB420000EBC21001EB0F
:10B7C000001090EDBA1B9DED460BB4EEC01BF1EEE0
:10B7D00010FA7CDB40F64F31BD9848430A4901EB33
:10B7E000C00140F64F32BD985043074A02EBC000FB
:10B7F00000F5A04090F8100A00EB400202EBC010E8
:10B8000001EB00100AE0FDE3F8BC01240000000099
:10B8100000806640112D4454FB21094090EDBA2B65
:10B820009DED460B80EE021B8DED461B40F64F3121
:10B83000BD984843FE4901EBC00140F64F32BD9828
:10B840005043FB4A02EBC00000F5A04090F8100AFC
:10B8500000EB400202EBC01001EB001090ED7A1BF0
:10B860009DED460B21EE001B40F64F31BD9848433D
:10B87000EF4901EBC00140F64F32BD985043EC4A0E
:10B8800002EBC00000E0DDE200F5A04090F8100AF5
:10B8900000EB400202EBC01001EB001090ED702BAA
:10B8A00081EE020B8DED440B9DED440BF9F608F98A
:10B8B00040F64F31BD984843DD4901EBC00140F6E9
:10B8C0004F32BD985043DA4A02EBC00000E0D9E0A5
:10B8D00000F5A04090F8100A00EB400202EBC01007
:10B8E00001EB001090ED701B20EE010B40F64F3184
:10B8F000BD984843CE4901EBC00140F64F32BD9898
:10B900005043CB4A02EBC00000F5A04090F8100A6B
:10B9100000EB400202EBC01001EB001000F50271D9
:10B92000BC9801EBC00090ED001B40F64F31BD9874
:10B930004843BF4901EBC00140F64F32BD98504328
:10B94000BB4A02EBC00000F5A04090F8100A00EBE3
:10B95000400202EBC01001EB001000F5E471BC984E
:10B9600001EBC00090ED008B00EE018B40F64F31F3
:10B97000BD984843AE4901EBC00140F64F32BD9837
:10B980005043AB4A02EBC00000F5A04090F8100A0B
:10B9900000EB400202EBC01001EB001090ED7A1BAF
:10B9A0009DED460B21EE001B40F64F31BD984843FC
:10B9B0009F4901EBC00140F64F32BD9850439C4A6D
:10B9C00002EBC00000F5A04090F8100A00EB400226
:10B9D00002EBC01001EB001090ED702B81EE020B1A
:10B9E0008DED440B9DED440BF9F6C2FE40F64F3150
:10B9F000BD9848438E4901EBC00140F64F32BD98D7
:10BA000050438B4A02EBC00000F5A04090F8100AAA
:10BA100000EB400202EBC01001EB001090ED701B38
:10BA200020EE010B40F64F31BD984843804901EBB1
:10BA3000C00140F64F32BD9850437D4A02EBC00032
:10BA400000F5A04090F8100A00EB400202EBC01095
:10BA500001EB001000F50871BC9801EBC00090EDFF
:10BA6000001B00EE018BFCA9BD9851F8200041F6A7
:10BA70002861084400F58470BC9900EBC10080ED9A
:10BA8000008BD7E140F64F31BD984843684901EB40
:10BA9000C00140F64F32BD985043654A02EBC000EA
:10BAA00000F5A04090F8102A02EB420000EBC21013
:10BAB00001EB001090EDBA1B9DED460B30EE411BE3
:10BAC00040F64F31BD984843594901EBC00140F65B
:10BAD0004F32BD985043564A02EBC00000F5A040DB
:10BAE00090F8102A02EB420000EBC21001EB0010AC
:10BAF00090EDBA0BB7EE002B32EE402B81EE020B2D
:10BB00008DED460B40F64F31BD984843484901EB57
:10BB1000C00140F64F32BD985043454A02EBC00089
:10BB200000F5A04090F8102A02EB420000EBC21092
:10BB300001EB001090ED780B40F64F31BD98484373
:10BB40003B4901EBC00140F64F32BD985043384AA3
:10BB500002EBC00000F5A04090F8102A02EB420072
:10BB600000EBC21001EB001090ED7A1B30EE412B80
:10BB700040F64F31BD9848432D4901EBC00140F6D6
:10BB80004F32BD9850432A4A02EBC00000F5A04056
:10BB900090F8102A02EB420000EBC21001EB0010FB
:10BBA00090ED7A1B9DED460B02EE001B40F64F31E7
:10BBB000BD9848431E4901EBC00140F64F32BD9885
:10BBC00050431B4A02EBC00000F5A04090F8100A59
:10BBD00000EB400202EBC01001EB001090ED702B67
:10BBE00081EE020B8DED440B9DED440BF8F668FFE2
:10BBF00040F64F31BD9848430D4901EBC00140F676
:10BC00004F32BD9850430A4A02EBC00000F5A040F5
:10BC100090F8100A00EB400202EBC01001EB00109C
:10BC200090ED701B20EE010B40F64F31BD9801E006
:10BC3000F8BC01244843FE4901EBC00140F64F32F5
:10BC4000BD985043FA4A02EBC00000F5A04090F8BE
:10BC5000100A00EB400202EBC01001EB001000F5EF
:10BC60000271BC9801EBC00090ED001B40F64F3113
:10BC7000BD984843EE4901EBC00140F64F32BD98F4
:10BC80005043EB4A02EBC00000F5A04090F8100AC8
:10BC900000EB400202EBC01001EB001000F5E47174
:10BCA000BC9801EBC00090ED008B00EE018B40F6DC
:10BCB0004F31BD984843DE4901EBC00140F64F3299
:10BCC000BD985043DA4A02EBC00000F5A04090F85E
:10BCD000100A00EB400202EBC01001EB001090EDE7
:10BCE000780B40F64F31BD984843D14901EBC00174
:10BCF00040F64F32BD985043CD4A02EBC00000F5EC
:10BD0000A04090F8100A00EB400202EBC01001EBDB
:10BD1000001090ED7A1B30EE412B40F64F31BD986C
:10BD20004843C34901EBC00140F64F32BD9800E0E3
:10BD30002DE25043BE4A02EBC00000F5A04090F84F
:10BD4000100A00EB400202EBC01001EB001090ED76
:10BD50007A1B9DED460B02EE001B40F64F31BD985D
:10BD60004843B34901EBC00140F64F32BD98504300
:10BD7000AF4A02EBC00000F5A04090F8100A00EBBB
:10BD8000400202EBC01001EB001090ED702B81EE31
:10BD9000020B8DED440B9DED440BF9F6E9FC40F6EA
:10BDA0004F31BD984843A24901EBC00140F64F32E4
:10BDB000BD9850439E4A02EBC00000F5A04090F8A9
:10BDC000100A00EB400202EBC01001EB001090EDF6
:10BDD000701B20EE010B40F64F31BD98484394494B
:10BDE00001EBC00140F64F32BD985043904A02EB40
:10BDF000C00000F5A04090F8100A00EB400202EBF2
:10BE0000C01001EB001000F50871BC9801EBC000F8
:10BE100090ED001B00EE018BFCA9BD9851F82000AD
:10BE200041F62861084400F58470BC9900EBC1001C
:10BE300080ED008BBC98401CBC90BC980328FFF69A
:10BE4000A8AC35E10020BC902EE140F64F31BD9802
:10BE50004843774901EBC00140F64F32BD9850434B
:10BE6000734A02EBC00000F5A04090F8100A00EB06
:10BE7000400202EBC01001EB001090ED781B9DED2D
:10BE8000460B21EE001B40F64F31BD9848436849F0
:10BE900001EBC00140F64F32BD985043644A02EBBB
:10BEA000C00000F5A04090F8100A00EB400202EB41
:10BEB000C01001EB001090ED702B81EE020B8DEDA8
:10BEC000440B9DED440BF8F6FBFD40F64F31BD9859
:10BED0004843574901EBC00140F64F32BD985043EB
:10BEE000534A02EBC00000F5A04090F8100A00EBA6
:10BEF000400202EBC01001EB001090ED701B20EE31
:10BF0000010B40F64F31BD984843494901EBC00150
:10BF100040F64F32BD985043454A02EBC00000F551
:10BF2000A04090F8100A00EB400202EBC01001EBB9
:10BF3000001000F50271BC9801EBC00090ED001BF1
:10BF400040F64F31BD984843394901EBC00140F6F6
:10BF50004F32BD985043364A02EBC00000F5A04076
:10BF600090F8100A00EB400202EBC01001EB001049
:10BF700000F5E471BC9801EBC00090ED008B00EE81
:10BF8000018B40F64F31BD984843294901EBC00170
:10BF900040F64F32BD985043254A02EBC00000F5F1
:10BFA000A04090F8100A00EB400202EBC01001EB39
:10BFB000001090ED781B9DED460B21EE001B40F626
:10BFC0004F31BD9848431A4901EBC00140F64F324A
:10BFD000BD985043164A02EBC00000F5A04090F80F
:10BFE000100A00EB400202EBC01001EB001090EDD4
:10BFF000702B81EE020B8DED440B9DED440BF9F699
:10C00000B7FB00E0FEE340F64F31BD9848430849D6
:10C0100001EBC00140F64F32BD985043044A02EB99
:10C02000C00000F5A04090F8100A00EB400201E0CB
:10C03000F8BC012402EBC01001EB001090ED701B66
:10C0400020EE010B40F64F31BD984843F94901EB12
:10C05000C00140F64F32BD985043F64A02EBC00093
:10C0600000F5A04090F8100A00EB400202EBC0106F
:10C0700001EB001000F50871BC9801EBC00090EDD9
:10C08000001B00EE018BFCA9BD9851F8200041F681
:10C090002861014401F58471BC9801EBC00080ED7A
:10C0A000008BBC98401CBC90BC980328FFF6CDAE1A
:10C0B000FCA9BD9851F8200041F62861084490F889
:10C0C000B803E0B340F64F31BD984843D94901EB7E
:10C0D000C00240F64F31BD984843D64901EBC0003D
:10C0E00000F5A04090F8100A00EB400101EBC010F1
:10C0F00002EB001000F5E470FCAA3890BD9852F8ED
:10C10000200041F62861084400F5847040AA0146E9
:10C1100039903898F0F692FB40F64F31BD9848437D
:10C12000C44901EBC00140F64F32BD985043C14AAB
:10C1300002EBC00000F5A04090F8100A00E025E0F6
:10C1400000EB400202EBC01001EB001000F5F870AC
:10C150003AAA40A93990E7F679FC9DED3A0B8DEDAE
:10C16000380B9DED3C0B8DED360B9DED381B9DED99
:10C17000360BF8F6C5FB9FEDB01B20EE011B9FEDC3
:10C18000B02B81EE020B8DED600B00BF00BFFCA950
:10C19000BD9851F8200041F628610844007906282E
:10C1A0007ED00321BC9137E140F64F31BD98484322
:10C1B000A04901EBC00140F64F32BD9850439D4A63
:10C1C00002EBC00000F5A04090F8100A00EB40021E
:10C1D00002EBC01001EB001090EDBA1B9DED5A0B65
:10C1E000B4EEC01BF1EE10FA7ADB40F64F31BD9889
:10C1F0004843904901EBC00140F64F32BD9850438F
:10C200008C4A02EBC00000F5A04090F8100A00EB49
:10C21000400202EBC01001EB001090EDBA2B9DED37
:10C220005A0B80EE021B8DED461B40F64F31BD9838
:10C230004843804901EBC00140F64F32BD9850435E
:10C240007C4A02EBC00000F5A04090F8100A00EB19
:10C25000400202EBC01001EB00114031BC9801EB31
:10C26000C00090ED001B9DED460BB7EE002B32EEAB
:10C27000400B21EE001B40F64F31BD9848436D49FD
:10C2800001EBC00140F64F32BD985043694A02EBC2
:10C29000C00000F5A04090F8100A00EB400200E05A
:10C2A000D2E002EBC01001EB001000F1D001BC980D
:10C2B00001EBC00090ED002B9DED460B00EE021B44
:10C2C000FCA9BD9851F8200041F62861084400F50A
:10C2D0008470BC9900EBC10080ED001B99E0FFE782
:10C2E00040F64F31BD984843524901EBC00140F63A
:10C2F0004F32BD9850434F4A02EBC00000F5A040BA
:10C3000090F8100A00EB400202EBC01001EB0010A5
:10C3100090EDBA1B9DED5A0B30EE411B40F64F31AC
:10C32000BD984843434901EBC00140F64F32BD98E8
:10C330005043404A02EBC00000F5A04090F8100ABC
:10C3400000EB400202EBC01001EB001090EDBA0BC5
:10C35000B7EE002B32EE402B81EE020B8DED460B3B
:10C3600040F64F31BD984843324901EBC00140F6D9
:10C370004F32BD9850432F4A02EBC00000F5A04059
:10C3800090F8100A00EB400202EBC01001EB001025
:10C3900000F1D001BC9801EBC00090ED001B9DEDB9
:10C3A000460BB7EE002B32EE400B21EE001B40F6A1
:10C3B0004F31BD9848431F4901EBC00140F64F3251
:10C3C000BD9850431B4A02EBC00000F5A04090F816
:10C3D000100A00EB400202EBC01001EB001000F568
:10C3E0009871BC9801EBC00090ED002B9DED460BC1
:10C3F00000EE021BFCA9BD9851F8200041F628610F
:10C40000084400F58470BC9900EBC10080ED001B6E
:10C4100000BFBC98401CBC90FCA9BD9851F82000FE
:10C4200041F6286108440179BC9881423FF7BCAECF
:10C43000BBE10000F8BC0124000000000080664061
:10C44000112D4454FB21094040F64F31BD9848431B
:10C45000FE4901EBC00140F64F32BD985043FB4A04
:10C4600002EBC00000F5A04090F8100A00EB40027B
:10C4700002EBC01001EB001090EDBA1B9DED5A0BC2
:10C48000B4EEC01BF1EE10FA7EDB40F64F31BD98E2
:10C490004843EE4901EBC00140F64F32BD9850438E
:10C4A000EA4A02EBC00000F5A04090F8100A00EB49
:10C4B000400202EBC01001EB001090EDBA2B9DED95
:10C4C0005A0B80EE021B8DED381B9DED380B8DED68
:10C4D000020B40F64F31BD984843DC4901EBC001E7
:10C4E00040F64F32BD985043D84A02EBC00000F5E9
:10C4F000A04090F8100A00EB400202EBC01001EBE4
:10C50000001090EDB60B8DED000B40F64F31BD984D
:10C510004843CE4901EBC00140F64F32BD9850432D
:10C52000CA4A02EBC00000F5A04090F8102A02EBC6
:10C53000420000EBC21001EB001000F524703790B0
:10C5400040F64F31BD984843C04901EBC00240F668
:10C550004F31BD984843BD4901EBC00000F5A040F4
:10C5600090F8101A01EB410000EBC11002EB001033
:10C5700000F51C7036903AA8379991ED067B91ED45
:10C58000046B91ED025B00E00DE091ED004B3699FC
:10C5900091ED063B91ED042B91ED021B91ED000B0B
:10C5A000F4F68EF8ABE040F64F31BD984843A7490A
:10C5B00001EBC00140F64F32BD985043A34A02EB55
:10C5C000C00000F5A04090F8102A02EB420000EBFA
:10C5D000C21001EB001090EDBA1B9DED5A0B30EE2E
:10C5E000411B40F64F31BD984843984901EBC001CB
:10C5F00040F64F32BD985043944A02EBC00000F51C
:10C60000A04090F8102A02EB420000EBC21001EBB0
:10C61000001090EDBA0BB7EE002B32EE402B81EEFE
:10C62000020B8DED380B9DED380B8DED020B40F6B6
:10C630004F31BD984843854901EBC00140F64F3268
:10C64000BD985043814A02EBC00000F5A04090F82D
:10C65000102A02EB420000EBC21001EB001090ED3B
:10C66000B80B8DED000B40F64F31BD98484377492C
:10C6700001EBC00140F64F32BD985043734A02EBC4
:10C68000C00000F5A04090F8102A02EB420000EB39
:10C69000C21001EB001000F52C70379040F64F31BE
:10C6A000BD984843694901EBC00240F64F31BD983F
:10C6B0004843664901EBC00000F5A04090F8101A0D
:10C6C00001EB410000EBC11002EB001000F52470FB
:10C6D00036903AA8379991ED067B91ED046B91ED78
:10C6E000025B91ED004B369991ED063B91ED042BE9
:10C6F00091ED021B91ED000BF3F6E2FF00BFFCA9E8
:10C70000BD9851F8200041F62861084490ED4C0B8B
:10C710008DED380BFCA9BD9851F8200041F6286139
:10C72000084490ED4A0B8DED360BFCA9BD9851F8ED
:10C73000200041F62861084490ED480B8DED340B44
:10C7400042AA44A946A89DED386B9DED365B9DED50
:10C75000344B9DED403B9DED3E2B9DED3C1B9DEDF7
:10C760003A0BF0F686F89DED460BFCA9BD9851F802
:10C77000200041F62861084480ED480B9DED440BF4
:10C78000FCA9BD9851F8200041F62861084480EDCD
:10C790004A0B9DED420BFCA9BD9851F8200041F6D3
:10C7A0002861084480ED4C0B00BF0021BC915EE085
:10C7B00040F64F31BD984843244901EBC00140F693
:10C7C0004F32BD985043214A02EBC00000F5A04013
:10C7D00090F8102A02EB420000EBC21001EB0010AF
:10C7E00000F1A001BC9801EBC00090ED001B9DED95
:10C7F0005A0BB7EE002B32EE400B21EE001B40F639
:10C800004F3100E0FEE3BD984843104901EBC00101
:10C8100040F64F32BD9850430C4A02EBC00000F581
:10C82000A04090F8102A02EB420000EBC21001EB8E
:10C83000001000F5C871BC9801EBC00090ED002B12
:10C840009DED5A0B00EE021BFCA901E0F8BC01248F
:10C85000BD9851F8200041F628610144A831BC98E8
:10C8600001EBC00080ED001BBC98401CBC90BC9844
:10C8700000289DDBFCA9BD9851F8200041F62861F5
:10C88000084490F8B80310B3FCA9BD9851F82010E3
:10C8900041F62860084490EDF01B9DED600B31EEF1
:10C8A000000BFCA9BD9851F8200041F6286108440E
:10C8B00000F58470FCAABD9952F8211041F6286257
:10C8C00011440979491E00EBC10080ED000B0121E4
:10C8D000F691FCA9BD9851F8200041F62861084462
:10C8E0004830FCA90090BD9851F8200041F628611D
:10C8F000084400F58470FCAA4790BD9852F82000C7
:10C9000000F608004690EAAA0121479BF4F6F2FCE3
:10C91000F890F89838B3FCAABD9852F8200041F678
:10C9200028621044F899A0F8C813FCA9BD9851F8E2
:10C93000200011460844B0F8E80281B2FCAABD9874
:10C9400052F8200041F628621044A0F8CA13FCA94E
:10C95000BD9851F820001146084448303022EAA919
:10C960004790E3F617FD6298FF287DD046A8FCAA01
:10C970000090BD9852F820001030FCA94490BD985A
:10C9800051F8200041F62861084401794391FCA93F
:10C99000BD9851F8200041F6286108444830429083
:10C9A0009DEDB80B0146EAA8449B439AE8F683FD47
:10C9B00045904598E8B3FEA0F7F656FD9DED460B71
:10C9C000FE49BD9801EBC00080ED000BBD9801EB66
:10C9D000C00090ED000BB7EE001BB4EEC10BF1EE02
:10C9E00010FA23DDB7EE000BBD9801EBC00080ED1F
:10C9F000000B40F2EC41FCAABD9852F8200041F631
:10CA000028621044A0F8C813FCA9BD9851F8200072
:10CA100011460844B0F8E80281B2FCAABD9852F869
:10CA2000200041F628621044A0F8CA13E349BD98DB
:10CA300000E03DE001EBC00090ED000BB5EEC00B57
:10CA4000F1EE10FA25D29FEDDE0BBD9801EBC00090
:10CA500080ED000B40F2EC41FCAABD9852F820009A
:10CA600041F62862104400E023E0A0F8C813FCA9B6
:10CA7000BD9851F8200011460844B0F8E80281B290
:10CA8000FCAABD9852F8202041F628601044A0F876
:10CA9000CA1300206290FCAABD9852F8200041F60B
:10CAA0002861084448303022EAA94490E3F672FC39
:10CAB000AFE00021BC91A0E0FCA9BD9851F8200096
:10CAC00041F6286101444831BC9801EBC00090ED6B
:10CAD000000BEAA9BC9801EBC00090ED001B30EE02
:10CAE000412B9DEDB80B82EE001B8DED461B9DED9D
:10CAF000460BB5EEC00BF1EE10FA7BD09DED460B68
:10CB0000B5EEC00BF1EE10FA35DDFCA9BD9851F879
:10CB100020101031BC9801EB801090ED042B9DED9E
:10CB2000460B82EE001BB7EE000BB4EEC01BF1EE1D
:10CB300010FA20D2FCA9BD9851F820101031BC98F1
:10CB400001EB801090ED042BEAA9BC9801EBC0002A
:10CB500090ED001B9DEDB80B02EE001BFCA9BD98EB
:10CB600051F8200041F6286108444830BC9900EB98
:10CB7000C10080ED001B9DED460BB5EEC00BF1EE44
:10CB800010FA37D2FCA9BD9851F820101031BC988A
:10CB900001EB801090ED060BB1EE402B9DED460BA6
:10CBA00082EE001BB7EE000BB4EEC01BF1EE10FAE4
:10CBB00020D2FCA9BD9851F820101031BC9801EB8F
:10CBC000801090ED062BEAA9BC9801EBC00090ED17
:10CBD000001B9DEDB80B02EE401BFCA9BD9851F85F
:10CBE000200041F6286108444830BC9900EBC100A0
:10CBF00080ED001BBC98401CBC90FCA9BD9851F86E
:10CC0000200041F6286108440179BC9881423FF731
:10CC100053AF629800283EF46FAA3521BD9848436F
:10CC2000694901EBC000B0F89801E8B36749BD98C5
:10CC300031F81000C8BBFCA9BD9851F82000103095
:10CC400000F58050B0F8080E78B340F64F31BD982B
:10CC500048435F4901EBC00140F64F32BD98504355
:10CC60005B4A02EBC00000F5A04090F8100A401C9F
:10CC700000EB400202EBC01001EB00100078082826
:10CC800013D00121FCAABD9852F8200041F6286279
:10CC900010440181FCA9BD9851F82000008918B109
:10CCA0000021FCAABD9801E0FDE1A1E052F82000BE
:10CCB0000181BD9852F8200041F62862104401819C
:10CCC0003522BD985043404A02EBC000A0F89011B5
:10CCD0004049BD9851F8200030BB40F64F31BD9817
:10CCE00048433B4901EBC00140F64F32BD985043E9
:10CCF000374A02EBC00000F5A04090F8102A02EB82
:10CD0000420000EBC21001EB0010D0F8280700EB46
:10CD10008001FCAABD9852F8200000F60C3000EB10
:10CD200081002DA10978017040F64F31BD9848432C
:10CD3000274901EBC00140F64F32BD985043244AC9
:10CD400002EBC00000F5A04090F8100A00EB400292
:10CD500002EBC01001EB00115B914FF403615B9893
:10CD6000E3F755F940F64F31BD984843184901EBB8
:10CD7000C00000F5A04090F8101A40F64F32BD9860
:10CD80005043134A02EBC00000F5A04080F8111A8E
:10CD900040F64F31BD984843114601EBC00000F505
:10CDA000A04090F8100A401CC1B240F64F3215E086
:10CDB000426164417865730D0A000000500100244F
:10CDC0000000000000000000701702244001002451
:10CDD000F8BC01244801002400000000BD98504325
:10CDE000FE4A02EBC00000F5A04080F8101A5AE19C
:10CDF000FB49BD9831F8100048B13521BD98484332
:10CE0000F84901EBC000B0F8D00003287ED1002122
:10CE10003522BD985043F34A02EBC000A0F89011B0
:10CE20003521BD984843114601EBC00090ED301B01
:10CE30003521BD984843114601EBC00090ED2C2BE5
:10CE400081EE020B8DED5A0B3521BD9848431146FA
:10CE500001EBC00090ED320B8DED580BE249BD980F
:10CE600051F8200038BB40F64F31BD984843DB49AC
:10CE700001EBC00140F64F32BD985043D74A02EB58
:10CE8000C00000F5A04090F8102A02EB420000EB31
:10CE9000C21001EB0010D0F8280700EB8001FCAABB
:10CEA000BD9852F8200000F60C3000EB8100AFF284
:10CEB000D8010978017040F64F31BD984843C74901
:10CEC00001EBC00140F64F32BD985043C34A02EB1C
:10CED000C00000F5A04090F8102A02EB420000EBE1
:10CEE000C21001EB001157914FF403615798E3F71B
:10CEF0008EF89DED5A0B40F64F31BD984843B74927
:10CF000001EBC00140F64F32BD9800E07EE0504397
:10CF1000B24A02EBC00000F5A04090F8102A02EBE4
:10CF2000420000EBC21001EB001000F5006080ED44
:10CF3000060B9DED580B40F64F31BD984843A7496D
:10CF400001EBC00140F64F32BD985043A34A02EBBB
:10CF5000C00000F5A04090F8102A02EB420000EB60
:10CF6000C21001EB001000F5006080ED080B40F6E8
:10CF70004F31BD984843994901EBC00140F64F320B
:10CF8000BD985043954A02EBC00000F5A04090F8D0
:10CF9000100A401C00EB400202EBC01001EB001035
:10CFA00000780B2801D00120649040F64F31BD98E5
:10CFB00048438A4901EBC00000F5A04090F8101AE0
:10CFC00040F64F32BD985043844A02EBC00000F552
:10CFD000A04080F8111A40F64F31BD9848431146E1
:10CFE00001EBC00000F5A04090F8100A401CC1B24F
:10CFF00040F64F32BD985043784A02EBC00000F52E
:10D00000A04000E050E080F8101A4CE07449BD9850
:10D0100031F9100000282EDDBD9831F8100081B2E2
:10D02000FCAABD9852F8200041F628621044A0F8EE
:10D03000C8136E49BD9831F8200081B2FCAABD9892
:10D0400052F8200041F628621044A0F8CA13FF21CC
:10D05000FCAABD9852F8200041F62862104480F8DE
:10D06000CC1300215E4ABD9822F810105F4ABD988B
:10D0700042F8201017E05A49BD9831F910000028F5
:10D0800011DA0021FCAABD9852F8200041F628626E
:10D09000104480F8CC13524ABD9822F81010534A1D
:10D0A000BD9842F8201000BF03F050BF3521BD9855
:10D0B00048434C4901EBC000B0F89001F0BB40F68A
:10D0C0004F31BD984843454901EBC00140F64F320E
:10D0D000BD985043414A02EBC00000F5A04090F8D3
:10D0E000102A02EB420000EBC21001EB001000F529
:10D0F000806090EDDA0BFCA9BD9851F8200041F654
:10D100002861084480EDC00B1FEDD30BFCA9BD982E
:10D1100051F8200041F62861084480EDC20B40F62A
:10D120004F31BD9848432D4901EBC00140F64F32C5
:10D13000BD985043294A02EBC00000E0FEE300F531
:10D14000A04090F8102A02EB420000EBC21001EB65
:10D1500000100189FCAABD9852F8200041F628620F
:10D160001044A0F8121340F64F31BD9848431B49B4
:10D1700001EBC00140F64F32BD985043174A02EB15
:10D18000C00000F5A04090F8102A02EB420000EB2E
:10D19000C21001EB0010C188FCAABD9852F8200013
:10D1A00041F628621044A0F81413FCA9BD9851F868
:10D1B00020001146084490EDC00B9FED0D1BB4EE0E
:10D1C000C10BF1EE10FA7DD29FED0B0BFCA9BD98BF
:10D1D00051F820001146084412E00000F8BC012478
:10D1E0004001002470170224480100244401002457
:10D1F000F168E388B5F8E43E00000000000000009C
:10D2000080EDC20B00213522BD985043FE4A02EB4F
:10D21000C000A0F89011FD49BD9851F8200038BB1E
:10D2200040F64F31BD984843F94901EBC00140F643
:10D230004F32BD985043F64A02EBC00000F5A040C3
:10D2400090F8100A00EB400202EBC01001EB001056
:10D25000D0F8280700EB8001FCAABD9852F8200006
:10D2600000F60C3000EB8101AFF2944000780870BA
:10D2700040F64F31BD984843E54901EBC00140F607
:10D280004F32BD985043E24A02EBC00000F5A04087
:10D2900090F8110A00EB400202EBC01001EB001005
:10D2A00000F5006090ED060B8DED540B40F64F310C
:10D2B000BD984843D64901EBC00140F64F32BD98B6
:10D2C000504300E0B9E0D24A02EBC00000F5A040B4
:10D2D00090F8110A00EB400202EBC01001EB0010C5
:10D2E00000F5006090ED080B8DED520B40F64F31CC
:10D2F000BD984843C64901EBC00140F64F32BD9886
:10D300005043C34A02EBC00000F5A04090F8100A59
:10D3100000EB400202EBC01001EB001151914FF401
:10D3200003615198E2F773FE9DED540B40F64F31C7
:10D33000BD984843B64901EBC00140F64F32BD9855
:10D340005043B34A02EBC00000F5A04090F8100A29
:10D3500000EB400202EBC01001EB001000F5006092
:10D3600080ED060B9DED520B40F64F31BD984843C2
:10D37000A74901EBC00140F64F32BD985043A44A83
:10D3800002EBC00000F5A04090F8100A00EB40024C
:10D3900002EBC01001EB001000F5006080ED080BFF
:10D3A00040F64F31BD984843994901EBC00140F622
:10D3B0004F32BD985043964A02EBC00000F5A040A2
:10D3C00090F8100A401C00EB400202EBC01001EB89
:10D3D000001000780B2801D00120649040F64F31F6
:10D3E000BD9848438A4901EBC00000F5A04090F881
:10D3F000101A40F64F32BD985043854A02EBC000E8
:10D4000000F5A04080F8111A40F64F31BD9848430E
:10D41000114601EBC00000F5A04090F8100A401C36
:10D42000C1B240F64F32BD985043794A02EBC0007A
:10D4300000F5A04080F8101A36E63521BD98484323
:10D44000714901EBC00028304022A8A95590E2F6AE
:10D45000A1FF3521BD9848436B4901EBC0006830FE
:10D460004022A8A95590E2F695FF40F64F31BD98AD
:10D470004843674901EBC00140F64F32BD98504325
:10D48000634A02EBC00000F5A04090F8102A02EBBE
:10D49000420000EBC21001EB001090ED0C0B3521A7
:10D4A000BD984843584901EBC00080ED1E0B012197
:10D4B00062910020619000BF40F64F31BD98484313
:10D4C000534901EBC00000F5A04090F8101A629893
:10D4D000084481B2559155980A2803DB55980A38BB
:10D4E00081B2559140F64F31BD984843484901EB10
:10D4F000C001559800EB400202EBC01001EB001098
:10D5000000F5006090ED040BB5EEC00BF1EE10FAE3
:10D510001FD340F64F31BD9848433D4901EBC00150
:10D52000559800EB400202EBC01001EB001000F533
:10D53000006090ED040BFCA9BD9851F8200010305C
:10D5400000F5E05090ED801BB4EEC10BF1EE10FA47
:10D5500005DD012161916298401E81B2629162985D
:10D56000401C81B2629162980A2802DA6198002810
:10D57000A2D01FEDDF0B8DED5C0B1FEDE10B8DEDF0
:10D580005A0B1FEDE30B8DED580B1FEDE50B8DEDE9
:10D59000560B16E16298401E81B2629140F64F31FF
:10D5A000BD9848431A4901EBC00000F5A04090F82F
:10D5B000101A6298084481B2559155980A2803DBE5
:10D5C00055980A3881B2559140F64F31BD9848437D
:10D5D0000F4901EBC001559800EB400202EBC0106F
:10D5E00001EB00100078042828D040F64F31BD9898
:10D5F0004843074901EBC001559800EB400202EB9C
:10D60000C01001EB001005E070170224480100244F
:10D61000F8BC012400780E2810D040F64F31BD9898
:10D620004843FE4901EBC001559800EB400202EB74
:10D63000C01001EB001000780F2800D1C1E040F6C7
:10D640004F31BD984843F54901EBC001559800EBB7
:10D65000400202EBC01001EB001000F5806090ED7D
:10D66000DA0B8DED4E0B3521BD984843EC4901EBAB
:10D67000C00090ED260B8DED520B3521BD9848432F
:10D68000E74901EBC00090ED220B8DED500B5EA839
:10D690009DED5C3B9DED522B9DED501B9DED4E0B8A
:10D6A000EDF6AEFAF0BB40F64F31BD984843DB498A
:10D6B00001EBC001559800EB400202EBC01001EBFA
:10D6C000001000F5806090EDDA1B9DED5A0B31EEF5
:10D6D000000B8DED5A0B40F64F31BD984843CF49B2
:10D6E00001EBC001559800EB400202EBC01001EBCA
:10D6F000001090ED0C0B8DED5C0B40F64F31BD989A
:10D700004843C64901EBC001559800EB400202EBCB
:10D71000C01001EB001090ED0C0B40F64F31BD989E
:10D72000484300E03CE0BD4901EBC00140F64F3208
:10D73000BD985043B94A02EBC00000F5A04090F8F4
:10D74000102A02EB420000EBC21001EB001090ED3A
:10D750000C1BB4EEC10BF1EE10FA18DB40F64F31A2
:10D76000BD984843AD4901EBC001559800EB40021C
:10D7700002EBC01001EB001000F5806090EDDA1BA9
:10D780009DED580B31EE000B8DED580B18E09FED21
:10D79000A50B8DED580B9DED5C0B8DED560B0FE041
:10D7A0009FEDA00B8DED5C0B9FED9E0B8DED5A0B4D
:10D7B0009FED9C0B8DED580B9FED9A0B8DED560B4D
:10D7C00000BF629801283FF7E5AE40F64F31BD98A3
:10D7D0004843924901EBC00140F64F32BD98504397
:10D7E0008E4A02EBC00000F5A04090F8102A02EB30
:10D7F000420000EBC21001EB001000F5806090EDDC
:10D80000DA1B9DED5A0B31EE000B8DED5A0B40F6F5
:10D810004F31BD984843814901EBC00140F64F327A
:10D82000BD9850437D4A02EBC00000F5A04090F83F
:10D83000102A02EB420000EBC21001EB001000F5D1
:10D84000806090EDDA1B9DED580B31EE000B8DEDF5
:10D85000580BFCA9BD9851F82000103000F58050FD
:10D86000B0F8080E20B19FED6F0B8DED5C0B60E101
:10D8700040F64F31BD984843684901EBC00140F67E
:10D880004F32BD985043654A02EBC00000F5A040FE
:10D8900090F8102A02EB420000EBC21001EB0010DE
:10D8A00090ED0C1B9DED5C0B80FE410B8DED5C0B38
:10D8B00040F64F31BD984843584901EBC00140F64E
:10D8C0004F32BD985043554A02EBC00000F5A040CE
:10D8D00090F8112A02EB420000EBC21001EB00109D
:10D8E00000F5006090ED080B8DED4A0B40F64F31CE
:10D8F000BD984843494901EBC00140F64F32BD98FD
:10D900005043464A02EBC00000F5A04090F8112AAF
:10D9100002EB420000EBC21001EB001000F50060CA
:10D9200090ED060B8DED480B40F64F31BD98484306
:10D930003A4901EBC00140F64F3200E0F6E1BD98F4
:10D940005043364A02EBC00000F5A04090F8102A80
:10D9500002EB420000EBC21001EB001090ED0C0B4B
:10D960008DED460B3521BD9848432D4901EBC00094
:10D9700090ED260B8DED440B3521BD984843284989
:10D9800001EBC00090ED220B8DED420B4EAB50AA87
:10D9900052A954A89DED4A6B9FED225B9DED484B2B
:10D9A0009DED463B9DED442B9DED421B9DED5A0B9D
:10D9B000EDF6EEF900EE100AB8EE400B8DED4C0BD3
:10D9C0009DED4C0BB5EEC00BF1EE10FA08D19DEDBC
:10D9D0005C0B9DED541B80FE410B8DED5C0B03E059
:10D9E0009FED100B8DED5C0B40F64F31BD98484319
:10D9F0000A4901EBC00140F64F32BD985043074A37
:10DA000002EBC00000F5A04090F8112A02EB4200A2
:10DA100000EBC21001EB001008E00000F8BC01248C
:10DA200070170224000000000000000000F50060F4
:10DA300090ED080B8DED4A0B40F64F31BD984843F1
:10DA4000FE4901EBC00140F64F32BD985043FB4AFE
:10DA500002EBC00000F5A04090F8112A02EB420052
:10DA600000EBC21001EB001000F5006090ED060B1A
:10DA70008DED480B40F64F31BD984843EF4901EB1F
:10DA8000C00140F64F32BD985043EC4A02EBC00053
:10DA900000F5A04090F8102A02EB420000EBC21003
:10DAA00001EB001090ED0C0B8DED460B3521BD9870
:10DAB0004843E34901EBC00090ED260B8DED440B8C
:10DAC0003521BD984843DE4901EBC00090ED220BA3
:10DAD0008DED420B4EAB50AA52A954A89DED4A6B56
:10DAE0009DED565B9DED484B9DED463B9DED442BDA
:10DAF0009DED421B9DED580BEDF64AF900EE100A24
:10DB0000B8EE400B8DED4C0B9DED4C0BB5EEC00B04
:10DB1000F1EE10FA08D19DED5C0B9DED541B80FEDB
:10DB2000410B8DED5C0B03E01FED420B8DED5C0BAB
:10DB300000BF9DED5C0B40F64F31BD984843BF4997
:10DB400001EBC00140F64F32BD985043BB4A02EB97
:10DB5000C00000F5A04090F8100A00EB400202EB74
:10DB6000C01001EB001000F5006080ED060B1FED0A
:10DB7000530B3521BD984843B14901EBC00080EDFE
:10DB8000020BFCA9BD9851F8200041F62861084419
:10DB900090EDC00B3521BD984843A94901EBC00069
:10DBA00080ED000B40F64F31BD984843A34901EB8F
:10DBB000C00140F64F32BD985043A04A02EBC0006E
:10DBC00000F5A04090F8110A00EB400202EBC010F3
:10DBD00001EB001000F5006090ED060B3521BD98BB
:10DBE0004843974901EBC00080ED040B40F64F31EC
:10DBF000BD984843914901EBC00140F64F32BD98B2
:10DC000050438E4A02EBC00000F5A04090F8110A84
:10DC100000EB400202EBC01001EB001000F50060C9
:10DC200090ED080B3521BD984843854901EBC000B4
:10DC300080ED080B8349BD9831F8100068BB40F6B1
:10DC40004F31BD9848437D4901EBC00140F64F324A
:10DC5000BD985043794A02EBC00000F5A04090F80F
:10DC6000100A00EB400202EBC01001EB001000F5BF
:10DC7000006090ED060B3521BD984843704901EBDB
:10DC8000C00080ED060B01213522BD9850436C4A3F
:10DC900002EBC000A0F892112CE06A49BD9831F95E
:10DCA0001000002813DA1FEDA10B3521BD98484361
:10DCB000634901EBC00080ED060B01213522BD98C0
:10DCC00050435F4A02EBC000A0F8941112E01FED30
:10DCD000AB0B3521BD984843594901EBC00080ED9D
:10DCE000060B01213522BD985043554A02EBC00076
:10DCF000A0F8961101213522BD985043504A02EBFD
:10DD0000C000A0F890111FEDB90B4F49BD9801EB71
:10DD1000C00080ED000B1FEDBD0B3521BD984843C1
:10DD2000114601EBC00080ED2E0BFDE33521BD98BF
:10DD30004843434901EBC000B0F8D000B0F5966FFE
:10DD400022DB3521BD9848433D4901EBC000B0F8C6
:10DD5000D010FCAABD9852F8200041F62862104469
:10DD6000A0F8C813FCA9BD9851F82000114608443A
:10DD7000B0F8E80281B2FCAABD9852F8200041F642
:10DD800028621044A0F8CA13FCA9BD9851F82000DD
:10DD900041F62861084490ED420B8DED600BFCA923
:10DDA000BD9851F8200041F62861084490ED440BDD
:10DDB0008DED5E0B01215D91FCA9BD9851F820000D
:10DDC00041F6286108444830302201465990EAA8BB
:10DDD000E2F6E0FA00BF5D9888B13521BD9848436E
:10DDE000174901EBC00090ED2E0BFCA9BD9851F82E
:10DDF000200041F62861084480EDC20B33E0352154
:10DE0000BD9848430E4901EBC00090ED2E0B0E4922
:10DE1000BD9801EBC00090ED001B30EE411B0B499B
:10DE2000BD9801EBC00090ED002B0749BD9801EBB8
:10DE3000C00090ED000B01EE020B09E0F8BC0124DC
:10DE4000701702244001002488010024500100249E
:10DE5000FCA9BD9851F8200041F62861084480EDE6
:10DE6000C20BFF205D90FCA9BD9851F8200041F63F
:10DE70002861084490EDC20BFCA9BD9851F8200020
:10DE800041F62861084490EDC01BB4EEC10BF1EEE1
:10DE900010FA11DDFCA9BD9851F8200041F6286167
:10DEA000084490EDC00BFCA9BD9851F8200041F644
:10DEB0002861084480EDC20BFCA9BD9851F82000F0
:10DEC00041F62861084490EDC21BFCA9BD9851F8A9
:10DED000200041F62861084490EDC02B81EE020B32
:10DEE0008DED4C0B40F64F31BD984843FE4901EB98
:10DEF000C00140F64F32BD985043FB4A02EBC000D0
:10DF000000F5A04090F8100A00EB400202EBC010B0
:10DF100001EB001000F5C66003231A464EA94B9092
:10DF20009DED4C0BE8F6F0F80020BC9016E04EA9F1
:10DF3000BC9801EBC00090ED000BFCA9BD9851F816
:10DF4000200041F62861014401F58471BC9801EB81
:10DF5000C00080ED000BBC98401CBC90BC9803280E
:10DF6000E5DBFCA9BD9851F8200041F62861084482
:10DF70000079062869D00320BC905AE040F64F3162
:10DF8000BD984843D84901EBC00140F64F32BD98D7
:10DF90005043D54A02EBC00000F5A04090F8100AAB
:10DFA00000EB400202EBC01001EB001000F5D8615D
:10DFB000BC9801EBC00090ED001B9DED4C0BB7EE43
:10DFC000002B32EE400B21EE001B40F64F31BD9886
:10DFD0004843C54901EBC00140F64F32BD9850435C
:10DFE000C14A02EBC00000F5A04090F8100A00EB17
:10DFF000400202EBC01001EB001000F5C661BC98B6
:10E0000001EBC00090ED002B9DED4C0B00EE021BD0
:10E01000FCA9BD9851F8200041F62861014401F5A2
:10E020008471BC9801EBC00080ED001BBC98401CC3
:10E03000BC90FCA9BD9851F8200041F62861084425
:10E040000179BC98814299DCBAE09DED4C0B8DEDD5
:10E05000020B40F64F31BD984843A34901EBC00184
:10E0600040F64F32BD9850439F4A02EBC00000F586
:10E07000A04090F8102A02EB420000EBC21001EB26
:10E08000001090EDB40B8DED000B40F64F31BD98B4
:10E090004843954901EBC00140F64F32BD985043CB
:10E0A000914A02EBC00000F5A04090F8102A02EB64
:10E0B000420000EBC21001EB001000F52C703D9007
:10E0C00040F64F31BD984843874901EBC00240F606
:10E0D0004F31BD984843844901EBC00000F5A04092
:10E0E00090F8101A01EB410000EBC11002EB001098
:10E0F00000F51C703C903EA83D9991ED067B91ED9A
:10E10000046B91ED025B91ED004B3C9991ED063B68
:10E1100091ED042B91ED021B91ED000BF2F6D0FA7C
:10E12000FCAABD9852F8200041F62861084490ED01
:10E130004C0B8DED3C0BBD9852F82000084490ED3F
:10E140004A0B8DED3A0BBD9852F82000084490ED33
:10E15000480B8DED380B46AA48A94AA89DED3C6BAB
:10E160009DED3A5B9DED384B9DED443B9DED422B83
:10E170009DED401B9DED3E0BEEF67BFB9DED4A0BAE
:10E18000FCA9BD9851F8200041F62861084480EDB3
:10E19000480B9DED480BFCA9BD9851F8200041F6B5
:10E1A0002861084480ED4A0B9DED460BFCA9BD9803
:10E1B00051F8200041F62861084480ED4C0B00BF67
:10E1C0000020BC9059E040F64F31BD984843464985
:10E1D00001EBC00140F64F32BD985043424A02EB7A
:10E1E000C00000F5A04090F8102A02EB420000EBBE
:10E1F000C21001EB001000F1A001BC9801EBC000BF
:10E2000090ED001B9DED4C0BB7EE002B32EE400B5A
:10E2100021EE001B40F64F31BD984843324901EBD7
:10E22000C00140F64F32BD9850432F4A02EBC00068
:10E2300000F5A04090F8102A02EB420000EBC2105B
:10E2400001EB001000F5C871BC9801EBC00090ED27
:10E25000002B9DED4C0B00EE021BFCA9BD9851F864
:10E26000200041F628610144A831BC9801EBC000B0
:10E2700080ED001BBC98401CBC90BC980028A2DB21
:10E28000FCA9BD9851F8200041F62861084490F897
:10E29000B80358B3FCA9BD9851F8200041F6286195
:10E2A000084490EDC01BB7EE002B82EE010BB2EEDE
:10E2B000042B80EE021B9DED4C0B31EE000B8DED1F
:10E2C0004A0B9DED4A0BB7EE001BB4EEC10BF1EE0D
:10E2D00010FA46D240F64F31BD984843024901EB4F
:10E2E000C00240F64F3102E0F8BC0124A9E0BD981D
:10E2F0004843FE4901EBC00000F5A04090F8101A19
:10E3000001EB410000EBC11002EB001000F5C6600C
:10E3100003231A464EA949909DED4A0BE7F6F4FEF9
:10E320009DED4E1B9DED600B31EE400B8DED480BCE
:10E330009DED501B9DED5E0B31EE400B8DED460BC0
:10E340009DED481B9DED460BF6F6DAFA9FEDE81BB6
:10E3500020EE011B9FEDE82B81EE020B8DED5A0B99
:10E360004BE040F64F31BD984843E04901EBC00116
:10E3700040F64F32BD985043DC4A02EBC00000F536
:10E38000A04090F8102A02EB420000EBC21001EB13
:10E39000001000F5806090EDFE0B8DED480B40F60F
:10E3A0004F31BD984843D14901EBC00140F64F328F
:10E3B000BD985043CD4A02EBC00000F5A04090F854
:10E3C000102A02EB420000EBC21001EB001000F536
:10E3D000FF6090ED020B8DED460B9DED481B9DED12
:10E3E000460BF6F68DFA9FEDC21B20EE011B9FED4A
:10E3F000C22B81EE020B8DED5A0BFCA9BD9851F892
:10E40000200041F62861084490EDF01B9DED5A0B69
:10E4100031EE000BFCA9BD9851F8200041F62861AF
:10E42000084400F58470FCAABD9952F8211041F609
:10E43000286211440979491E00EBC10080ED000BF0
:10E4400000BF0121F691FCA9BD9851F8200041F6CA
:10E45000286108444830FCA90090BD9851F820007C
:10E4600041F62861084400F58470FCAA4B90BD98E1
:10E4700052F8200000F608004A90EAAA01214B9BBE
:10E48000F2F638FFF890F89838B3FCAABD9852F825
:10E49000200041F628621044F899A0F8C813FCA99E
:10E4A000BD9851F8200011460844B0F8E80281B246
:10E4B000FCAABD9852F8200041F628621044A0F84A
:10E4C000CA13FCA9BD9851F82000114608444830F1
:10E4D0003022EAA94B90E1F65DFF5D98FF2865D0F8
:10E4E0004AA8FCAA0090BD9852F820001030FCA960
:10E4F0004890BD9851F8200041F628610844017900
:10E500004791FCA9BD9851F8200041F628610844C4
:10E51000483046909DEDB80B0146EAA8489B479AC3
:10E52000E6F6C9FF499000E07FE34998E8B39DED26
:10E530004A0B7349BD9801EBC00080ED000BBD98FC
:10E5400001EBC00090ED000BB7EE001BB4EEC10B69
:10E55000F1EE10FA24DDB7EE000BBD9801EBC00020
:10E5600080ED000B40F2EC41FCAABD9852F820204F
:10E5700041F628601044A0F8C813FCA9BD9851F8D2
:10E58000200041F628610844B0F8E80281B2FCAAF4
:10E59000BD9852F8200041F628621044A0F8CA1332
:10E5A0005749BD9801EBC00001E03AE03AE090ED38
:10E5B000000BB5EEC00BF1EE10FA23D29FED510B1C
:10E5C000BD9801EBC00080ED000B40F2EC41FCAACD
:10E5D000BD9852F8200041F628621044A0F8C813F4
:10E5E000FCA9BD9851F8200011460844B0F8E80293
:10E5F00081B2FCAABD9852F8200041F6286210446E
:10E60000A0F8CA1300205D90FCAABD9852F8200023
:10E6100041F62861084448303022EAA94890E1F6E2
:10E62000B9FEC3E00020BC90B4E0FCA9BD9851F84D
:10E63000200041F6286101444831BC9801EBC0003C
:10E6400090ED000BEAA9BC9801EBC00090ED001B17
:10E6500030EE412B9DEDB80B82EE001B8DED4A1B79
:10E660009DED4A0BB5EEC00BF1EE10FA7DD09DED9D
:10E670004A0BB5EEC00BF1EE10FA35DDFCA9BD98E2
:10E6800051F820101031BC9801EB801090ED041B64
:10E690009DED4A0B81EE002BB7EE000BB4EEC02BC4
:10E6A000F1EE10FA20D2FCA9BD9851F820101031DB
:10E6B000BC9801EB801090ED042BEAA9BC9801EB0B
:10E6C000C00090ED001B9DEDB80B02EE001BFCA9F5
:10E6D000BD9851F8200041F6286108444830BC99A3
:10E6E00000EBC10080ED001B10E00000F8BC01242D
:10E6F0000000000000806640112D4454FB210940B9
:10E700005001002400000000000000009DED4A0BB5
:10E71000B5EEC00BF1EE10FA39D2FCA9BD9851F854
:10E7200020101031BC9801EB801090ED060BB1EE7B
:10E73000402B9DED4A0B82EE001BB7EE000BB4EEB2
:10E74000C01BF1EE10FA22D2FCA9BD9851F820109E
:10E750001031BC9801EB801090ED062BEAA9BC9813
:10E7600001EBC00090ED001B00E010E09DEDB80B48
:10E7700002EE401BFCA9BD9851F8200041F628612B
:10E7800008444830BC9900EBC10080ED001BBC98E8
:10E79000401CBC90FCA9BD9851F8200041F62861AE
:10E7A00008440179BC9881423FF73FAF5D9800284B
:10E7B0003FF411AB3521BD984843FE4901EBC00041
:10E7C000B0F89801E8B3FC49BD9831F81000C8BB17
:10E7D000FCA9BD9851F82000103000F58050B0F829
:10E7E000080E78B340F64F31BD984843F34901EB2A
:10E7F000C00140F64F32BD985043F04A02EBC000D2
:10E8000000F5A04090F8100A401C00EB400202EB1B
:10E81000C01001EB00100078082813D00121FCAAD9
:10E82000BD9852F8200041F6286210440181FCA9ED
:10E83000BD9851F82000008918B10021FCAABD98AC
:10E8400001E0F1E18AE052F820000181BD9852F820
:10E85000200041F62862104401813522BD985043C2
:10E86000D44A02EBC000A0F89011D549BD9851F8E8
:10E87000200030BB40F64F31BD984843CF4901EBF3
:10E88000C00140F64F32BD985043CC4A02EBC00065
:10E8900000F5A04090F8102A02EB420000EBC210F5
:10E8A00001EB0010D0F8280700EB8001FCAABD980E
:10E8B00052F8200000F60C3000EB8101C1A0007876
:10E8C000087040F64F31BD984843BC4901EBC00188
:10E8D00040F64F32BD985043B84A02EBC00000F5F5
:10E8E000A04090F8102A02EB420000EBC21001EBAE
:10E8F000001159914FF403615998E1F788FB40F6F4
:10E900004F31BD984843AD4901EBC00000F5A04030
:10E9100090F8101A40F64F32BD985043A74A02EBC8
:10E92000C00000F5A04080F8111A40F64F31BD98A4
:10E930004843114601EBC00000F5A04090F8100AD2
:10E94000401CC1B240F64F32BD9850439B4A02EB87
:10E95000C00000F5A04080F8101A65E19649BD9806
:10E9600031F8100048B13521BD984843914901EB79
:10E97000C000B0F8D00003287ED100213522BD9818
:10E9800050438C4A02EBC000A0F890118C49BD980E
:10E9900051F8200030BB40F64F31BD9848438749BD
:10E9A00001EBC00140F64F32BD985043834A02EB61
:10E9B000C00000F5A04090F8102A02EB420000EBE6
:10E9C000C21001EB0010D0F8280700EB8001FCAA70
:10E9D000BD9852F8200000F60C3000EB810179A0C0
:10E9E000007808703521BD984843724901EBC0009A
:10E9F00090ED301B3521BD9848436E4901EBC000B6
:10EA000090ED2C2B81EE020B8DED580B3521BD982E
:10EA10004843684901EBC00090ED320B8DED560B79
:10EA200040F64F31BD984843644901EBC00140F6C0
:10EA30004F32BD985043614A02EBC00000F5A04040
:10EA400090F8102A02EB420000EBC21001EB00111B
:10EA500055914FF403615598E1F7D9FA9DED580BA4
:10EA600040F64F31BD984843544901EBC00140F690
:10EA70004F32BD98504300E07BE0504A02EBC000AB
:10EA800000F5A04090F8102A02EB420000EBC21003
:10EA900001EB001000F5006080ED060B9DED560BBC
:10EAA00040F64F31BD984843444901EBC00140F660
:10EAB0004F32BD985043414A02EBC00000F5A040E0
:10EAC00090F8102A02EB420000EBC21001EB00109C
:10EAD00000F5006080ED080B40F64F31BD984843CB
:10EAE000364901EBC00140F64F32BD985043334ADE
:10EAF00002EBC00000F5A04090F8100A401C00EBAB
:10EB0000400202EBC01001EB001000780B2801D08E
:10EB10000120649040F64F31BD984843274901EBEE
:10EB2000C00000F5A04090F8101A40F64F32BD9892
:10EB30005043224A02EBC00000F5A04080F8111AB1
:10EB400040F64F31BD984843114601EBC00000F537
:10EB5000A04090F8100A401CC1B240F64F32BD9858
:10EB60005043164A02EBC00000F5A04080F8101A8E
:10EB70005AE01149BD9831F9100000283CDDBD98DC
:10EB800031F8100081B2FCAABD9852F8200041F67D
:10EB900028621044A0F8C8130B49BD9831F8200032
:10EBA00081B2FCAABD9852F8200041F628621044B8
:10EBB0000CE000007017022440010024F8BC01247E
:10EBC000480100240000000044010024A0F8CA13FA
:10EBD000FF21FCAABD9852F8200041F6286210449B
:10EBE00080F8CC130021FE4ABD9822F81010FD4A8F
:10EBF000BD9842F8201017E0F949BD9831F910008E
:10EC0000002811DA0021FCAABD9852F8200041F634
:10EC10002862104480F8CC13F14ABD9822F81010F5
:10EC2000F04ABD9842F8201000BF02F08FB99FED66
:10EC3000EE0BFCA9BD9851F8200041F6286108446C
:10EC400080EDC00B9FEDE80BFCA9BD9851F82000AA
:10EC500041F62861084480EDC20B40F64F31BD9863
:10EC60004843E34901EBC00140F64F32BD985043A1
:10EC7000DF4A02EBC00000F5A04090F8102A02EB3A
:10EC8000420000EBC21001EB0010B0F8280898B960
:10EC90000021FCAABD9852F8200041F628621044D9
:10ECA00080F8B613FCAABD9852F8200041F62862FD
:10ECB000104480F8B7139AE09FEDCB0B40F64F312C
:10ECC000BD984843CA4901EBC00140F64F32BD9898
:10ECD0005043C74A02EBC00000F5A04090F8102A4C
:10ECE00002EB420000EBC21001EB0010B0F8281854
:10ECF000491EFCAABD9852F82000103041F6785207
:10ED0000104400EB011080ED020B40F64F31BD982E
:10ED10004843B74901EBC00140F64F32BD9850431C
:10ED2000B34A02EBC00000F5A04090F8102A02EBB5
:10ED3000420000EBC21001EB001090ED0A0BB5EEA3
:10ED4000C00BF1EE10FA25D10121FCAABD9852F8B2
:10ED5000200041F62862104480F8B713BFEE000B84
:10ED600040F64F31BD984843A14901EBC00140F640
:10ED70004F32BD9850439E4A02EBC00000F5A040C0
:10ED800090F8102A02EB420000EBC21001EB0010D9
:10ED900080ED0A0BFCA9BD9851F8200041F62861CE
:10EDA000084490F8B70310BB40F64F31BD98484374
:10EDB0008F4901EBC00140F64F32BD9850438C4A59
:10EDC00002EBC00000F5A04090F8102A02EB4200D0
:10EDD00000EBC21001EB001090F82818FCAABD98B7
:10EDE00052F8200041F62862104480F8B613FCA9BE
:10EDF000BD9851F8200041F62861084490F8B70307
:10EE0000E8BB7749BD9831F81000C0BBFCA9BD989C
:10EE100051F82000103000F58050B0F8080E78B39B
:10EE200040F64F31BD984843714901EBC00140F6AF
:10EE30004F32BD9850436E4A02EBC00000F5A0402F
:10EE400090F8100A401C00EB400202EBC01001EBEE
:10EE500000100078082813D00121FCAABD9852F8B0
:10EE6000200041F6286210440181FCA9BD9851F8A8
:10EE700020000089E8B30021FCAABD9801E03DE133
:10EE80009DE052F820000181BD9852F8200041F623
:10EE90002862104401815749BD9851F8200038BBC1
:10EEA00040F64F31BD984843514901EBC00140F64F
:10EEB0004F32BD9850434E4A02EBC00000F5A040CF
:10EEC00090F8102A02EB420000EBC21001EB001098
:10EED000D0F8280700EB8001FCAABD9852F820006A
:10EEE00000F60C3000EB8101AFF22830007808709A
:10EEF00000E03FE140F64F31BD9848433C4901EB0B
:10EF0000C00140F64F32BD985043394A02EBC00071
:10EF100000F5A04090F8102A02EB420000EBC2106E
:10EF200001EB001162914FF403616298E1F76FF811
:10EF300040F64F31BD9848432D4901EBC00000F524
:10EF4000A04090F8101A40F64F32BD985043284A1E
:10EF500002EBC00000F5A04080F8111A40F64F31D6
:10EF6000BD984843114601EBC00000F5A04090F861
:10EF7000100A401CC1B240F64F32BD9850431C4AA3
:10EF800002EBC00000F5A04080F8101A012140F605
:10EF90004F32BD985043164A02EBC00000F5A04026
:10EFA00080F84A1A002140F64F32BD985043104A6B
:10EFB00002EBC00000F5A04080F8491ADAE00D49E4
:10EFC000BD9851F82000A0BB40F64F31BD98484392
:10EFD000074901EBC00140F64F32BD9850430BE0AA
:10EFE0004001002444010024000000000000000053
:10EFF000F8BC012448010024FE4A02EBC00000F5E1
:10F00000A04090F8102A02EB420000EBC21001EB86
:10F010000010D0F8280700EB8001FCAABD9852F838
:10F02000200000F60C3000EB8101AFF26840007860
:10F03000087040F64F31BD984843EE4901EBC001DE
:10F0400040F64F32BD985043EA4A02EBC00000F54B
:10F05000A04090F8102A02EB420000EBC21001EB36
:10F06000001162914FF403616298E0F7D0FF40F61F
:10F070004F31BD984843DF4901EBC00000F5A04087
:10F0800090F8101A40F64F32BD985043D94A02EB1F
:10F09000C00000F5A04080F8111A40F64F31BD982D
:10F0A0004843114601EBC00000F5A04090F8100A5B
:10F0B000401CC1B240F64F32BD985043CD4A02EBDE
:10F0C000C00000F5A04080F8101A012140F64F3230
:10F0D000BD985043C74A02EBC00000F5A04080F83D
:10F0E0004A1A002140F64F32BD985043C14A02EB04
:10F0F000C00000F5A04080F8491A3BE0BE49BD9829
:10F1000031F91000002825DDBD9831F8100081B2DA
:10F11000FCAABD9852F8200041F628621044A0F8DD
:10F12000C813B649BD9831F8200081B2FCAABD9839
:10F1300052F8200041F628621044A0F8CA13FF21BB
:10F14000FCAABD9852F8200041F62862104480F8CD
:10F15000CC130FE0A849BD9831F91000002809DA56
:10F160000021FCAABD9852F8200041F62862104404
:10F1700080F8CC130021A04ABD9822F810109F4AB5
:10F18000BD9842F8201050E500BF1FED690BFCA9A7
:10F19000BD9851F8200041F62861084480EDC00B6D
:10F1A0001FED6F0BFCA9BD9851F8200041F62861B6
:10F1B000084480EDC20B40F64F31BD9848438D495D
:10F1C00001EBC00140F64F32BD985043894A02EB33
:10F1D000C00000F5A04090F8102A02EB420000EBBE
:10F1E000C21001EB001090ED0A0BB5EEC00BF1EE72
:10F1F00010FA46D140F64F31BD9848437D4901EBA6
:10F20000C00140F64F32BD9850437A4A02EBC0002D
:10F2100000F5A04090F8102A02EB420000EBC2106B
:10F2200001EB001000780E2802D10120629001E06D
:10F230000020629040F64F32BD9850436D4A02EB79
:10F24000C00240F64F33BD9858436A4B03EBC000F1
:10F2500000F5A04090F8100A00EB400303EBC0104B
:10F2600002EB001090F82220FCABBD9853F8200070
:10F2700041F62863184400F28E30629920F812108B
:10F2800000BFBFEE000B40F64F31BD9848435949CF
:10F2900001EBC00140F64F32BD985043554A02EB96
:10F2A000C00000F5A04090F8102A02EB420000EBED
:10F2B000C21001EB001080ED0A0B4F49BD9831F8E8
:10F2C0001000E0BBFCA9BD9851F82000103000F5FB
:10F2D0008050B0F8080E90B340F64F31BD984843C7
:10F2E000444901EBC00140F64F32BD985043414ABA
:10F2F00002EBC00000F5A04090F8100A401C00EBA3
:10F30000400202EBC01001EB00100078082816D074
:10F310000121FCAABD9852F8200041F62862104451
:10F320000181FCA9BD9851F820000089F0B30021AB
:10F33000FCAABD9852F820000181BD9800E08BE046
:10F3400052F8200041F62862104401812C49BD98F2
:10F3500051F8200038BB40F64F31BD98484325494D
:10F3600001EBC00140F64F32BD985043214A02EBF9
:10F37000C00000F5A04090F8102A02EB420000EB1C
:10F38000C21001EB0010D0F8280700EB8001FCAAA6
:10F39000BD9852F8200000F60C3000EB8100AFF26F
:10F3A000DC710978017040F64F3100E0A7E1BD98AB
:10F3B0004843104901EBC00140F64F32BD9850431D
:10F3C0000C4A02EBC00000F5A04090F8102A02EBB6
:10F3D000420000EBC21001EB001162914FF4036197
:10F3E0006298E0F714FE40F64F31BD98484301495A
:10F3F00008E00000F8BC012440010024440100247E
:10F400004801002401EBC00000F5A04090F8101A5C
:10F4100040F64F32BD985043FE4A02EBC00000F563
:10F42000A04080F8111A40F64F31BD98484311466C
:10F4300001EBC00000F5A04090F8100A401CC1B2DA
:10F4400040F64F32BD985043F24A02EBC00000F53F
:10F45000A04080F8101A52E1EF49BD9831F8100031
:10F46000E8BBEE49BD9851F8200038BB40F64F315B
:10F47000BD984843E74901EBC00140F64F32BD98C3
:10F480005043E44A02EBC00000F5A04090F8100A97
:10F4900000EB400202EBC01001EB0010D0F828078F
:10F4A00000EB8001FCAABD9852F8200000F60C3059
:10F4B00000EB8100AFF6F4010978017040F64F319E
:10F4C000BD984843D34901EBC00140F64F32BD9887
:10F4D0005043D04A02EBC00000F5A04000E0D2E06B
:10F4E00090F8110A00EB400202EBC01001EB001093
:10F4F00000F5006090ED060B8DED600B40F64F318E
:10F50000BD984843C34901EBC00140F64F32BD9856
:10F510005043C04A02EBC00000F5A04090F8110A29
:10F5200000EB400202EBC01001EB001000F50060A0
:10F5300090ED080B8DED5E0B40F64F31BD984843C2
:10F54000B44901EBC00140F64F32BD985043B14A77
:10F5500002EBC00000F5A04090F8100A00EB40025A
:10F5600002EBC01001EB00115D914FF403615D9857
:10F57000E0F74DFD9DED600B40F64F31BD984843DF
:10F58000A44901EBC00140F64F32BD985043A14A57
:10F5900002EBC00000F5A04090F8100A00EB40021A
:10F5A00002EBC01001EB001000F5006080ED060BCF
:10F5B0009DED5E0B40F64F31BD984843954901EBF8
:10F5C000C00140F64F32BD985043924A02EBC00052
:10F5D00000F5A04090F8100A00EB400202EBC010CA
:10F5E00001EB001000F5006080ED080B40F64F3194
:10F5F000BD984843874901EBC00140F64F32BD98A2
:10F600005043844A02EBC00000F5A04090F8100A75
:10F61000401C00EB400202EBC01001EB0010007830
:10F620000B2801D00120649040F64F31BD9848432B
:10F63000784901EBC00000F5A04090F8101A40F6A0
:10F640004F32BD985043734A02EBC00000F5A04012
:10F6500080F8111A40F64F31BD984843114601EB2E
:10F66000C00000F5A04090F8100A401CC1B240F65E
:10F670004F32BD985043674A02EBC00000F5A040EE
:10F6800080F8101A3BE06449BD9831F91000002859
:10F6900025DDBD9831F8100081B2FCAABD9852F862
:10F6A000202041F628601044A0F8C8135C49BD989A
:10F6B00031F8200081B2FCAABD9852F8200041F632
:10F6C00028621044A0F8CA13FF21FCAABD9852F882
:10F6D000200041F62862104480F8CC130FE04E4918
:10F6E000BD9831F91000002809DA0021FCAABD9864
:10F6F00052F8200041F62862104480F8CC13002113
:10F70000454ABD9822F81010454ABD9842F820108D
:10F71000D6E29FED440BFCA9BD9851F8200041F6BC
:10F720002861084480EDC00B9FED3E0BFCA9BD98FD
:10F7300051F8200041F62861084480EDC20B40F6E4
:10F740004F31BD984843334901EBC00140F64F3279
:10F75000BD9850432F4A02EBC00000F5A04090F83E
:10F76000102A02EB420000EBC21001EB001090EDFA
:10F770000A0BB5EEC00BF1EE10FA5ED10020FB9043
:10F7800040F64F31BD984843224901EBC00140F695
:10F790004F32BD9850431F4A02EBC00000F5A04015
:10F7A00090F8100A00EB400202EBC01001EB0011D0
:10F7B0002031FB98085CFA9039E00122FCA9BD9841
:10F7C00051F8200041F62861014401F21631FA98FF
:10F7D00021F81020FB98401CC1B2FB9140F64F313C
:10F7E000BD9848430B4901EBC00140F64F32BD982C
:10F7F0005043084A02EBC00000F5A04090F8100A00
:10F8000000EB400202EBC01001EB00112031FB982D
:10F81000085C0BE0F8BC01244001002448010024EE
:10F82000440100240000000000000000FA90FA9853
:10F83000002802DDFB980A28BFDBBFEE000B40F674
:10F840004F31BD984843F84901EBC00140F64F32B3
:10F85000BD985043F44A02EBC00000F5A04090F878
:10F86000102A02EB420000EBC21001EB001080ED09
:10F870000A0BEE49BD9831F81000E8BBFCA9BD9811
:10F8800051F82000103000F58050B0F8080E98B301
:10F8900040F64F31BD984843E34901EBC00140F6C3
:10F8A0004F32BD985043E04A02EBC00000F5A04043
:10F8B00090F8100A401C00EB400202EBC01001EB74
:10F8C00000100078082817D00121FCAABD9852F832
:10F8D000200041F6286210440181FCA9BD9851F82E
:10F8E00020000089F0B30022BD9851F82000028169
:10F8F000BD9851F8200000E07FE041F628610844FF
:10F900000281CB49BD9851F8200038BB40F64F31F9
:10F91000BD984843C44901EBC00140F64F32BD9841
:10F920005043C14A02EBC00000F5A04090F8102AF5
:10F9300002EB420000EBC21001EB0010D0F82807E8
:10F9400000EB8001FCAABD9852F8200000F60C30B4
:10F9500000EB8100AFF694510978017040F64F3109
:10F96000BD9800E0A2E14843AF4901EBC00140F679
:10F970004F32BD985043AC4A02EBC00000F5A040A6
:10F9800090F8100A00EB400202EBC01001EB0011EE
:10F9900062914FF403616298E0F739FB40F64F3112
:10F9A000BD984843A04901EBC00000F5A04090F885
:10F9B000101A40F64F32BD9850439B4A02EBC000EC
:10F9C00000F5A04080F8111A40F64F31BD98484329
:10F9D000114601EBC00000F5A04090F8100A401C51
:10F9E000C1B240F64F32BD9850438F4A02EBC0007F
:10F9F00000F5A04080F8101A58E18C49BD9831F804
:10FA00001000E8BB8A49BD9851F8200038BB40F689
:10FA10004F31BD984843844901EBC00140F64F3255
:10FA2000BD985043804A02EBC00000F5A04090F81A
:10FA3000102A02EB420000EBC21001EB0010D0F8DC
:10FA4000280700EB8001FCAABD9852F8200000F6C0
:10FA50000C3000EB8101AFF694600078087040F63E
:10FA60004F31BD984843704901EBC00140F64F3219
:10FA7000BD9850436C4A02EBC00000F5A04000E086
:10FA8000D8E090F8110A00EB400202EBC01001EB45
:10FA9000001000F5006090ED060B8DED600B40F658
:10FAA0004F31BD984843604901EBC00140F64F32E9
:10FAB000BD9850435C4A02EBC00000F5A04090F8AE
:10FAC000110A00EB400202EBC01001EB001000F540
:10FAD000006090ED080B8DED5E0B40F64F31BD9848
:10FAE0004843514901EBC00140F64F32BD985043A5
:10FAF0004D4A02EBC00000F5A04090F8100A00EB60
:10FB0000400202EBC01001EB00115D914FF4036164
:10FB10005D98E0F77CFA9DED600B40F64F31BD98A3
:10FB20004843414901EBC00140F64F32BD98504374
:10FB30003D4A02EBC00000F5A04090F8100A00EB2F
:10FB4000400202EBC01001EB001000F5006080EDF8
:10FB5000060B9DED5E0B40F64F31BD984843324990
:10FB600001EBC00140F64F32BD9850432E4A02EBE4
:10FB7000C00000F5A04090F8100A00EB400202EB34
:10FB8000C01001EB001000F5006080ED080B40F69E
:10FB90004F31BD984843244901EBC00140F64F3234
:10FBA000BD985043204A02EBC00000F5A04090F8F9
:10FBB000100A401C00EB400202EBC01001EB0010E9
:10FBC00000780B2801D00120649040F64F31BD9899
:10FBD0004843154901EBC00000F5A04090F8101A09
:10FBE00040F64F32BD9850430F4A02EBC00000F57B
:10FBF000A04080F8111A40F64F31BD984843114695
:10FC000001EBC00000F5A04090F8100A401CC1B202
:10FC100040F64F32BD985043034A02EBC00000F556
:10FC2000A04080F8101A41E0F8BC012440010024F3
:10FC300048010024FE49BD9831F91000002825DD57
:10FC4000BD9831F8100081B2FCAABD9852F820206E
:10FC500041F628601044A0F8C813F649BD9831F861
:10FC6000200081B2FCAABD9852F8200041F628621B
:10FC70001044A0F8CA13FF21FCAABD9852F8200036
:10FC800041F62862104480F8CC130FE0E849BD9893
:10FC900031F91000002809DA0021FCAABD9852F8B9
:10FCA000200041F62862104480F8CC130021E04A7D
:10FCB000BD9822F810100022DE49BD9841F820209E
:10FCC0006AE20020FB9040F64F31BD984843DA4984
:10FCD00001EBC00140F64F32BD985043D64A02EBCB
:10FCE000C00000F5A04090F8102A02EB420000EBA3
:10FCF000C21001EB00112031FB98095CFA91002041
:10FD0000F99066E040F64F31BD984843CA4901EB8F
:10FD1000C00140F64F32BD985043C74A02EBC000C5
:10FD200000F5A04090F8100A00EB400202EBC01072
:10FD300001EB001090ED0A0BB5EEC00BF1EE10FADE
:10FD40000CD10122FCABBD9853F8200041F628618C
:10FD5000084400F21630FA9920F81120FCA9BD9849
:10FD600051F82000103041F6C8510144FA9831F89A
:10FD7000100070B1FCAABD9852F8201041F628601E
:10FD8000084400F21630FA9930F8110008B1012148
:10FD9000F991FB98401CC1B2FB9140F64F31BD98E0
:10FDA0004843A54901EBC00140F64F32BD9850438E
:10FDB000A14A02EBC00000F5A04090F8100A00EB49
:10FDC000400202EBC01001EB00112031FB98085CEF
:10FDD000FA90FA98002802DDFB980A2892DBBFEE21
:10FDE000000B40F64F31BD984843934901EBC001E9
:10FDF00040F64F32BD9850438F4A02EBC00000F5E9
:10FE0000A04090F8100A00EB400202EBC01001EB9A
:10FE1000001080ED0A0BF998F0BB8549BD9831F8C8
:10FE20001000C8BBFCA9BD9851F82000103000F5A7
:10FE30008050B0F8080E80B340F64F31BD9848436B
:10FE40007D4901EBC00140F64F32BD9850437A4ADC
:10FE500002EBC00000F5A04090F8100A401C00EB37
:10FE6000400202EBC01001EB00100078082814D00B
:10FE70000121FCAABD9852F8200041F628621044E6
:10FE80000181FCA9BD9851F820000089E8B3002247
:10FE9000BD9851F8200001E039E19CE00281002189
:10FEA000FCAABD9852F8202041F628601044018138
:10FEB0006249BD9851F8200030BB40F64F31BD98E3
:10FEC00048435D4901EBC00140F64F32BD985043B5
:10FED000594A02EBC00000F5A04090F8100A00EB70
:10FEE000400202EBC01001EB0010D0F8280700EB35
:10FEF0008001FCAABD9852F8200000F60C3000EBFF
:10FF000081004FA10978017000E03CE140F64F31DB
:10FF1000BD984843484901EBC00140F64F32BD98B7
:10FF20005043454A02EBC00000F5A04090F8100A8B
:10FF300000EB400202EBC01001EB001162914FF4A4
:10FF400003616298E0F763F840F64F31BD9848438B
:10FF5000394901EBC00000F5A04090F8101A40F6B6
:10FF60004F32BD985043344A02EBC00000F5A04028
:10FF700080F8111A40F64F31BD984843114601EB05
:10FF8000C00000F5A04090F8100A401CC1B240F635
:10FF90004F32BD985043284A02EBC00000F5A04004
:10FFA00080F8101A012140F64F32BD985043224A82
:10FFB00002EBC00000F5A04080F84A1A002140F68C
:10FFC0004F32BD9850431C4A02EBC00000F5A040E0
:10FFD00080F8491AD7E01949BD9851F8200030BB84
:10FFE00040F64F31BD984843134901EBC00140F63C
:10FFF0004F32BD985043104A02EBC00000F5A040BC
:020000040812E0
:1000000090F8100A00EB400202EBC01001EB001068
:10001000D0F8280700EB8001FCAABD9852F8200018
:1000200000F60C3000EB810105A00078087009E0B3
:100030004001002444010024F8BC012448010024AC
:100040000000000040F64F31BD984843FE4901EBE7
:10005000C00140F64F32BD985043FB4A02EBC0004E
:1000600000F5A04090F8100A00EB400202EBC0102F
:1000700001EB001162914FF403616298DFF7C7FF53
:1000800040F64F31BD984843EF4901EBC00000F501
:10009000A04090F8101A40F64F32BD985043EA4AFB
:1000A00002EBC00000F5A04080F8111A40F64F3175
:1000B000BD984843114601EBC00000F5A04090F800
:1000C000100A401CC1B240F64F32BD985043DE4A80
:1000D00002EBC00000F5A04080F8101A012140F6A4
:1000E0004F32BD985043D84A02EBC00000F5A04003
:1000F00080F84A1A002140F64F32BD985043D24A48
:1001000002EBC00000F5A04080F8491A3BE0CF495F
:10011000BD9831F91000002825DDBD9831F8100098
:1001200081B2FCAABD9852F8202041F62860104404
:10013000A0F8C813C649BD9831F8200081B2FCAAC6
:10014000BD9852F8200041F628621044A0F8CA1366
:10015000FF21FCAABD9852F8200041F62862104405
:1001600080F8CC130FE0B949BD9831F91000002890
:1001700009DA0021FCAABD9852F8202041F6286037
:10018000104480F8CC130021B04ABD9822F810101A
:10019000AF4ABD9842F82010ECE39FEDAE0BFCA9EE
:1001A000BD9851F8200041F62861084480EDC00B4D
:1001B0009FEDA80BFCA9BD9851F8200041F62861DD
:1001C000084480EDC20BA149BD9831F81000E8BB8E
:1001D00040F64F31BD9848439B4901EBC00140F6C2
:1001E0004F32BD985043984A02EBC00000F5A04042
:1001F00090F8100A00EB400202EBC01001EB001077
:1002000090F82210FCAABD9852F8202041F62860F0
:10021000104400F2663030F81100012816D1FCA914
:10022000BD9851F82000103000F58050B0F8080E4D
:10023000E8B340F64F31BD984843834901EBC00114
:1002400040F64F32BD9850437F4A00E032E102EB66
:10025000C00000F5A04090F8100A401C00EB4002DE
:1002600002EBC01001EB0010007808281FD001211C
:10027000FCAABD9852F8202041F628601044018164
:10028000FCA9BD9851F820000089E8B30022BD9870
:1002900051F8200002810021FCAABD9852F82000EC
:1002A00041F62862104401816C49BD9800E079E074
:1002B00051F8200038BB40F64F31BD9848436249A1
:1002C00001EBC00140F64F32BD9850435E4A02EB4D
:1002D000C00000F5A04090F8102A02EB420000EBAD
:1002E000C21001EB0010D0F8280700EB8001FCAA37
:1002F000BD9852F8200000F60C3000EB8100AFF200
:10030000C0210978017000E010E140F64F31BD983E
:1003100048434D4901EBC00140F64F32BD98504370
:10032000494A02EBC00000F5A04090F8100A00EB2B
:10033000400202EBC01001EB001162914FF4036127
:100340006298DFF764FE40F64F31BD9848433E495E
:1003500001EBC00000F5A04090F8101A40F64F32B3
:10036000BD985043384A02EBC00000F5A04080F829
:10037000111A40F64F31BD984843114601EBC000B9
:1003800000F5A04090F8100A401CC1B240F64F3270
:10039000BD9850432C4A02EBC00000F5A04080F805
:1003A000101AC3E02D49BD9851F8200038BB40F623
:1003B0004F31BD984843244901EBC00140F64F320C
:1003C000BD985043204A02EBC00000F5A04090F8D1
:1003D000102A02EB420000EBC21001EB0010D0F833
:1003E000280700EB8001FCAABD9852F8200000F617
:1003F0000C3000EB8100AFF2B8310978017040F6A3
:100400004F31BD984843104901EBC00140F64F32CF
:10041000BD9850430C4A02EBC00000F5A04090F894
:10042000102A02EB420000EBC21001EB00116291B6
:100430004FF403616298DFF7EAFD40F64F31BD9853
:10044000484301490CE00000F8BC012440010024AD
:1004500044010024000000000000000048010024C6
:1004600001EBC00000F5A04090F8101A40F64F32A2
:10047000BD985043FE4A02EBC00000F5A04080F852
:10048000111A40F64F31BD984843114601EBC000A8
:1004900000F5A04090F8100A401CC1B240F64F325F
:1004A000BD985043F24A02EBC00000F5A04080F82E
:1004B000101A3BE0EF49BD9831F91000002825DD06
:1004C000BD9831F8100081B2FCAABD9852F8200006
:1004D00041F628621044A0F8C813E749BD9831F8E6
:1004E000200081B2FCAABD9852F8200041F6286293
:1004F0001044A0F8CA13FF21FCAABD9852F82000AE
:1005000041F62862104480F8CC130FE0D949BD9819
:1005100031F91000002809DA0021FCAABD9852F830
:10052000200041F62862104480F8CC130021D14A03
:10053000BD9822F81010D04ABD9842F8201019E258
:100540001FED3C0BFCA9BD9851F8200041F6286135
:10055000084480EDC00B40F64F31BD984843C44974
:1005600001EBC00140F64F32BD985043C04A02EB48
:10057000C00000F5A04090F8102A02EB420000EB0A
:10058000C21001EB001090F8220028BB1FED4F0BAA
:10059000FCA9BD9851F8200041F62861084480ED7F
:1005A000C20B012140F64F32BD985043B04A02EBD6
:1005B000C00240F64F33BD985843AD4B03EBC0002B
:1005C00000F5A04090F8100A00EB400303EBC010C8
:1005D00002EB001080F82210FCA9BD9851F8200011
:1005E00041F62861084490EDC21B9DEDB80B31EE39
:1005F000000BFCA9BD9851F8200041F62861084481
:1006000080EDC20B9B49BD9831F81000F0BB40F65D
:100610004F31BD984843964901EBC00140F64F3237
:10062000BD985043924A02EBC00000F5A04090F8FC
:10063000102A02EB420000EBC21001EB001090ED1B
:100640000A0BFCA9BD9851F8200041F62861084426
:1006500090EDC21BB4EEC10BF1EE10FA16D8FCA956
:10066000BD9851F82000103000F58050B0F8080E09
:10067000E8B340F64F31BD9848437D4901EBC001D6
:1006800040F64F32BD985043794A00E02DE102EB2D
:10069000C00000F5A04090F8100A401C00EB40029A
:1006A00002EBC01001EB0010007808281FD00121D8
:1006B000FCAABD9852F8200041F62862104401813E
:1006C000FCA9BD9851F820000089E8B30022BD982C
:1006D00051F8200002810021FCAABD9852F82000A8
:1006E00041F62862104401816449BD9800E079E038
:1006F00051F8200038BB40F64F31BD9848435C4963
:1007000001EBC00140F64F32BD985043584A02EB0E
:10071000C00000F5A04090F8102A02EB420000EB68
:10072000C21001EB0010D0F8280700EB8001FCAAF2
:10073000BD9852F8200000F60C3000EB8101AFF2BA
:1007400000700078087000E00BE140F64F31BD9872
:100750004843474901EBC00140F64F32BD98504332
:10076000434A02EBC00000F5A04090F8102A02EBCB
:10077000420000EBC21001EB001162914FF40361E3
:100780006298DFF744FC40F64F31BD984843384942
:1007900001EBC00000F5A04090F8101A40F64F326F
:1007A000BD985043324A02EBC00000F5A04080F8EB
:1007B000111A40F64F31BD984843114601EBC00075
:1007C00000F5A04090F8100A401CC1B240F64F322C
:1007D000BD985043264A02EBC00000F5A04080F8C7
:1007E000101ABEE02549BD9851F8200038BB40F6EC
:1007F0004F31BD9848431E4901EBC00140F64F32CE
:10080000BD9850431A4A02EBC00000F5A04090F892
:10081000102A02EB420000EBC21001EB0010D0F8EE
:10082000280700EB8001FCAABD9852F8200000F6D2
:100830000C3000EB8101AFF2F8700078087040F6E0
:100840004F31BD9848430A4901EBC00140F64F3291
:10085000BD985043064A02EBC00000F5A04090F856
:10086000102A02EB420000EBC21001EB001107E07E
:10087000F8BC012440010024440100244801002464
:1008800062914FF403616298DFF7C1FB40F64F318C
:10089000BD984843FE4901EBC00000F5A04090F828
:1008A000101A40F64F32BD985043F94A02EBC0008F
:1008B00000F5A04080F8111A40F64F31BD9848432A
:1008C000114601EBC00000F5A04090F8100A401C52
:1008D000C1B240F64F32BD985043ED4A02EBC00022
:1008E00000F5A04080F8101A3BE0EA49BD9831F9C4
:1008F0001000002825DDBD9831F8100081B2FCAA57
:10090000BD9852F8200041F628621044A0F8C813A0
:10091000E149BD9831F8200081B2FCAABD9852F897
:10092000202041F628601044A0F8CA13FF21FCAA39
:10093000BD9852F8200041F62862104480F8CC138C
:100940000FE0D449BD9831F91000002809DA0021E0
:10095000FCAABD9852F8200041F62862104480F8A5
:10096000CC130021CB4ABD9822F81010CA4ABD987A
:1009700042F82010EAE29FEDC90BFCA9BD9851F89E
:10098000200041F62861084480EDC00B9FEDC30BA9
:10099000FCA9BD9851F8200041F62861084480ED7B
:1009A000C20B40F64F31BD984843B94901EBC00135
:1009B00040F64F32BD985043B54A02EBC00000F5F7
:1009C000A04090F8102A02EB420000EBC21001EBAD
:1009D000001090F82A18FCAABD9852F8202041F681
:1009E0002860104480F8B81340F64F31BD98484352
:1009F000A74901EBC00140F64F32BD985043A44ACD
:100A000002EBC00000F5A04090F8102A02EB420073
:100A100000EBC21001EB001090ED9A0BFCA9BD9801
:100A200051F8200041F62861084480EDF00B994907
:100A3000BD9831F81000E0BBFCA9BD9851F820002A
:100A4000103000F58050B0F8080E90B340F64F31EA
:100A5000BD9848438E4901EBC00140F64F32BD9826
:100A600050438B4A02EBC00000F5A04090F8100AFA
:100A7000401C00EB400202EBC01001EB00100078BC
:100A8000082816D00121FCAABD9852F8200041F692
:100A9000286210440181FCA9BD9851F8200000890A
:100AA000F0B30021FCAABD9852F820000181BD9846
:100AB00000E081E052F8200041F6286210440181F4
:100AC0007849BD9851F8200038BB40F64F31BD98A9
:100AD00048436F4901EBC00140F64F32BD98504387
:100AE0006B4A02EBC00000F5A04090F8100A00EB42
:100AF000400202EBC01001EB0010D0F8280700EB19
:100B00008001FCAABD9852F8200000F60C3000EBE2
:100B10008101AFF6D4200078087040F64F3100E034
:100B2000ABE1BD9848435A4901EBC00140F64F3252
:100B3000BD985043564A02EBC00000F5A04090F823
:100B4000102A02EB420000EBC21001EB001162918F
:100B50004FF403616298DFF75AFA40F64F31BD98BF
:100B600048434B4901EBC00000F5A04090F8101A33
:100B700040F64F32BD985043454A02EBC00000F5A5
:100B8000A04080F8111A40F64F31BD9848431146F5
:100B900001EBC00000F5A04090F8100A401CC1B263
:100BA00040F64F32BD985043394A02EBC00000F581
:100BB000A04080F8101A60E13649BD9831F8100065
:100BC000E8BB3849BD9851F8200038BB40F64F319A
:100BD000BD9848432E4901EBC00140F64F32BD9805
:100BE00050432B4A02EBC00000F5A04090F8102AB9
:100BF00002EB420000EBC21001EB0010D0F8280716
:100C000000EB8001FCAABD9852F8200000F60C30E1
:100C100000EB8100AFF6D8310978017040F64F3112
:100C2000BD9848431A4901EBC00140F64F32BD98C8
:100C30005043174A02EBC00000F5A04000E0E0E09E
:100C400090F8110A00EB400202EBC01001EB00101B
:100C500000F5006090ED060B8DED600B40F64F3116
:100C6000BD9848430A4901EBC00140F64F32BD9898
:100C70005043074A02EBC00000F5A04090F8112A4B
:100C800002EB420000EBC21001EB00100CE0000090
:100C9000F8BC0124400100244401002400000000AD
:100CA000000000004801002400F5006090ED080BF2
:100CB0008DED5E0B40F64F31BD984843FE4901EB88
:100CC000C00140F64F32BD985043FB4A02EBC000D2
:100CD00000F5A04090F8102A02EB420000EBC21091
:100CE00001EB00115D914FF403615D98DFF78FF91F
:100CF0009DED600B40F64F31BD984843EE4901EB46
:100D0000C00140F64F32BD985043EB4A02EBC000A1
:100D100000F5A04090F8102A02EB420000EBC21050
:100D200001EB001000F5006080ED060B9DED5E0B01
:100D300040F64F31BD984843DF4901EBC00140F612
:100D40004F32BD985043DC4A02EBC00000F5A04092
:100D500090F8102A02EB420000EBC21001EB0010E9
:100D600000F5006080ED080B40F64F31BD98484318
:100D7000D14901EBC00140F64F32BD985043CE4AF5
:100D800002EBC00000F5A04090F8100A401C00EBF8
:100D9000400202EBC01001EB001000780B2801D0DC
:100DA0000120649040F64F31BD984843C24901EBA1
:100DB000C00000F5A04090F8101A40F64F32BD98E0
:100DC0005043BD4A02EBC00000F5A04080F8111A64
:100DD00040F64F31BD984843114601EBC00000F585
:100DE000A04090F8100A401CC1B240F64F32BD98A6
:100DF0005043B14A02EBC00000F5A04080F8101A41
:100E00003BE0AE49BD9831F91000002825DDBD98C2
:100E100031F8100081B2FCAABD9852F8202041F6AA
:100E200028601044A0F8C813A549BD9831F82000E7
:100E300081B2FCAABD9852F8200041F62862104405
:100E4000A0F8CA13FF21FCAABD9852F8200041F671
:100E50002862104480F8CC130FE09849BD9831F90E
:100E60001000002809DA0021FCAABD9852F82000E1
:100E700041F62862104480F8CC1300218F4ABD98B7
:100E800022F810108E4ABD9842F820105EE0002132
:100E9000FCAABD9852F8200041F62862104480F860
:100EA000CC138849BD9851F8200080BB40F64F31E3
:100EB000BD984843804901EBC00140F64F32BD98D0
:100EC00050437D4A02EBC00000F5A04090F8102A84
:100ED00002EB420000EBC21001EB0010D0F8281723
:100EE00062916298142802DB629814386290FCAA1E
:100EF000BD9852F8200000F60C30629901EB810198
:100F000000EB8101AFF6C8600078087000BF1DE0FB
:100F100040F21A41FCAABD9852F8200041F628621E
:100F20001044A0F8C813FCA9BD9851F82000114640
:100F30000844B0F8E80281B2FCAABD9852F820003B
:100F400041F628621044A0F8CA1300BF00BF64989D
:100F500018B163981428F4F6CBAD4AE05749BD9810
:100F600031F81000F0B3BD9831F91000002825DDEC
:100F7000BD9831F8100081B2FCAABD9852F820004B
:100F800041F628621044A0F8C8134D49BD9831F8C5
:100F9000200081B2FCAABD9852F8200041F62862D8
:100FA0001044A0F8CA13FF21FCAABD9852F82000F3
:100FB00041F62862104480F8CC130FE03F49BD98F9
:100FC00031F91000002809DA0021FCAABD9852F876
:100FD000200041F62862104480F8CC130021374AE3
:100FE000BD9800E005E022F81010354ABD9842F89F
:100FF00020103521BD984843334901EBC00090EDE6
:101000002E0B3249BD9801EBC00080ED000B4BE088
:1010100000213522BD9850432B4A02EBC000A0F8B6
:1010200090110022FCA9BD9851F8200041F62861DA
:101030000844C2800021FCAABD9852F8200041F665
:101040002862104401811FEDEB0B2149BD9801EB93
:10105000C00080ED000B1FEDEF0BFCA9BD9851F80F
:1010600020001146084480ED040B0022FCA9BD9825
:1010700051F8200041F62861084480F8B723002188
:10108000FCAABD9852F8200041F62862104480F86E
:10109000B8139FED100BFCA9BD9851F82000114624
:1010A000084480EDF00B00BF00BF0C4800680C49FD
:1010B0004865FCA9BD9815E0F8BC01244001002456
:1010C00044010024480100247017022488010024F0
:1010D0007001002400000000000000001C0100243A
:1010E0007491012401EB8001FCAA52F8200000F564
:1010F0008050C0F8281EFCA9BD9851F8200041F688
:101100002861084490F8B60300287CDDFEA0F3F6C1
:10111000ABF9FCA9BD9851F82000103041F6785188
:101120000144FCAABD9852F8200041F62862104400
:1011300090F8B603401E01EB001090ED000B8DED12
:10114000640BF698C0B1FCA9BD9851F8200010308E
:1011500041F678510144FCAABD9852F8200041F6AE
:101160002862104490F8B603401E01EB001090ED89
:10117000020B8DED620B2AE0FCA9BD9851F820000E
:10118000103041F678510144FCAABD9852F8200075
:1011900041F62862104490F8B603401E01EB00109F
:1011A00090ED021BDC49BD9801EB0011FCAA52F83E
:1011B000200041F62862104490F8B603401E01EB6F
:1011C000C00090ED000B31EE400B8DED620BFCAAE0
:1011D000BD9852F8200041F62861084400F584705B
:1011E00030220146549056A8DFF6D4F89DED640BEA
:1011F0009FEDCA1B20EE011B9FEDCA2B81EE020B57
:101200008DED520B00E023E19DED520BF3F658FCFF
:10121000B0EE401BFCAABD9852F8200041F62861B0
:10122000084490ED422B9DED620B00EE012BBD9822
:1012300052F82000084480ED422B9DED640B9FED99
:10124000B71B20EE011B9FEDB72B81EE020B8DED3E
:10125000520B9DED520BF4F68BFAFCAABD9852F896
:10126000200041F62861084490ED442B9DED621B5F
:1012700001EE002BBD9852F8201041F6286008447A
:1012800080ED442B00205590BD9852F8200041F687
:10129000286108444830302201465490EAA8DFF61D
:1012A00079F8FCAABD9852F8200041F6286108445C
:1012B00048300090BD9852F82000084400F5847032
:1012C0005490BD9852F8200000F608005390EAAA06
:1012D0000121549BF0F60EF8F890F898E8BB002135
:1012E000BB9157E0FCA9BD9851F8200041F6286158
:1012F00001444831BB9801EBC00090ED000BFCA904
:10130000BD9851F820001030BB9900EB811090ED92
:10131000001BB4EEC10BF1EE10FA1BDCFCA9BD986A
:1013200051F8200041F6286101444831BB9801EB97
:10133000C00090ED000BFCA9BD9851F820001030C2
:10134000BB9900EB811090ED021BB4EEC10BF1EEE6
:1013500010FA1CD2FCA9BD9800E026E051F820103C
:101360001031BB9801EB801090ED000BFCA9BD98EB
:1013700051F820001030BB9900EB811090ED021B5A
:10138000B4EEC10BF1EE10FA01DD01215591BB98CD
:10139000401CBB90FCA9BD9851F8201041F6286074
:1013A00008440179BB9881429CDCF89808B95598AB
:1013B000F0B3FCA9BD9851F8200041F6286108441B
:1013C00090F8B60300F2E14082B2FCA9BD9851F852
:1013D000200041F628610844A0F8C823FCA9BD9864
:1013E00051F8200041F628610844B0F8E80281B2C3
:1013F000FCAABD9852F8200041F628621044A0F8DB
:10140000CA13FCA9BD9851F820001146084400F504
:101410008470302256A95490DEF6BCFFFCA9BD981A
:1014200051F8200041F6286108444830302200E09D
:101430000DE0EAA95490DEF6ADFF0021FCAABD98AC
:1014400052F8200041F62862104480F8CC1300BF07
:10145000FCA9BD9851F82000103041F6785108449D
:1014600090ED020B2C49BD9801EB001080ED000BB4
:10147000FCA9BD9851F82000103041F6785108447D
:1014800090ED060B2449BD9801EB001080ED020B96
:10149000FCA9BD9851F8200041F62861084400F5E8
:1014A00084703022014665908CA8DEF673FF002020
:1014B0007F90BB9097E0F69898B1FCA9BD9851F841
:1014C0002000103041F698510144BB9801EBC00058
:1014D00090ED000B80A9BB9801EBC00080ED000BE4
:1014E00035E0FCA9BD9851F82000103041F6985124
:1014F0000144BB9801EBC00090ED000BBD9800EBE0
:1015000040000A4914E00000547261636B41637447
:101510006976650D0A00000038950124112D4454A8
:10152000FB2109400000000000806640489501242E
:1015300001EB0011BB9801EBC00090ED001B30EEF9
:10154000410B80A9BB9801EBC00080ED000B80A986
:10155000BB9801EBC00090ED000BB5EEC00BF1EEB7
:1015600010FA01D001217F91FCA9BD9851F820000B
:1015700041F62861014401F58471BB9801EBC0007C
:1015800090ED000B80A9BB9801EBC00090ED001B13
:1015900030EE010BFCA9BD9851F8200041F62861FE
:1015A000014401F58471BB9801EBC00080ED000B94
:1015B000FCA9BD9851F82000103041F69851014423
:1015C000BB9801EBC00090ED000BBD9800EB400113
:1015D000FE4800EB0111BB9801EBC00080ED000B51
:1015E000BB98401CBB90BB980628FFF664AF7F9861
:1015F00098B3F7A0F2F638FF00206590FCAABD98DA
:1016000052F8200041F62861084448303022014653
:101610006490EAA8DEF6BEFEFCAABD9852F820004F
:1016200041F62861084448300090BD9852F82000E7
:10163000084400F584706490BD9852F8200000F6CC
:1016400008006390EAAA0121649BEFF653FEF8902C
:10165000F898E8BB0020BB9058E0B4E0FCA9BD9826
:1016600051F8200041F6286101444831BB9801EB54
:10167000C00090ED000BFCA9BD9851F8200010307F
:10168000BB9900EB811090ED001BB4EEC10BF1EEA5
:1016900010FA1BDCFCA9BD9851F8201041F6286017
:1016A00001444831BB9801EBC00090ED000BFCA950
:1016B000BD9851F820001030BB9900EB811090EDDF
:1016C000021BB4EEC10BF1EE10FA1CD2FCA900E033
:1016D00027E0BD9851F820101031BB9801EB801025
:1016E00090ED000BFCA9BD9851F820001030BB997B
:1016F00000EB811090ED021BB4EEC10BF1EE10FA7D
:1017000001DD01206590BB98401CBB90FCA9BD98F1
:1017100051F8201041F6286008440179BB988142B5
:101720009CDCF89808B96598F0B3FCA9BD9851F80D
:10173000200041F62861084490F8B60300F2E14029
:1017400081B2FCAABD9852F8200041F628621044EC
:10175000A0F8C813FCA9BD9851F820001146084410
:10176000B0F8E80281B2FCAABD9852F8200041F618
:1017700028621044A0F8CA13FCA9BD9851F82000B3
:101780001146084400F5847030228CA96490DEF67E
:1017900001FEFCA9BD9851F8200041F628610844DB
:1017A00048303022EAA900E00CE06490DEF6F2FD59
:1017B0000021FCAABD9852F8200041F6286210448E
:1017C00080F8CC1300BFFCA9BD9851F8200041F669
:1017D00028610844007905282DDAFCA9BD9851F844
:1017E0002000103041F288510144FCAABD9852F803
:1017F000200041F628621044B0F8120300EB4000CC
:1018000001EB00116391FCA9BD9851F82000104430
:1018100000F59C70FCAA6590BD9852F8200041F636
:101820002861084400F5847064900146659A6398C5
:10183000EFF63CF84AE0FCA9BD9851F820001030C2
:1018400041F288510144FCAABD9852F8200041F6AB
:1018500028621044B0F8120300EB400001EB0011C5
:101860005C91FCA9BD9851F82000104400F59C70D3
:10187000FCAA6590BD9852F8200041F62861084402
:1018800090ED580B8DED620BBD9852F82000084486
:1018900090ED560B8DED600BBD9852F8200008447A
:1018A00090ED540B8DED5E0BBD9852F8200008446E
:1018B00000F584705D90659A9DED622B9DED601B37
:1018C0009DED5E0B01465C98EFF67CF8FCA9BD9897
:1018D00051F8201041F628600844007905282BDAD9
:1018E000FCA9BD9851F82000103041F67811014450
:1018F000FCAABD9852F8200041F628621044B0F8C6
:10190000140300EB400001EB00116491FCA9BD98A9
:1019100051F8200010441830FCAA6590BD9852F888
:10192000201041F62860084400F59C706390659A89
:101930006499DFF69FF848E0FCA9BD9851F82000B3
:10194000103041F678110144FCAABD9852F82000ED
:1019500041F628621044B0F8140300EB400001EB9C
:1019600000115D91FCA9BD9851F820001044183079
:10197000FCAA6590BD9852F8200041F62861084401
:1019800090ED100B8DED620BBD9852F820000844CD
:1019900090ED0E0B8DED600BBD9852F820000844C1
:1019A00090ED0C0B8DED5E0BBD9852F820000844B5
:1019B00000F59C705C90659A9DED622B9DED601B1F
:1019C0009DED5E0B5D99DFF62BF90BE04895012448
:1019D000436F7272656374696F6E41637469766593
:1019E0000D0A0000FCA9BD9851F8200041F62861BD
:1019F000084490F8CC03FF2822D0FCA9BD9851F8E8
:101A0000200041F62861084490F8CC03C0B135218C
:101A1000BD984843FE4901EBC00090ED300BFD49F5
:101A2000BD9801EBC00090ED001B20EE010BFCA95E
:101A3000BD9851F8200041F62861084480ED040B60
:101A4000FCAABD9852F8200041F62861084400F530
:101A5000B4706590BD9852F82000084448306490F6
:101A6000BD9852F8200000F608006390659A6499CA
:101A7000F2F640FBF890FCA9BD9851F8200041F621
:101A80002861014401F5B471FCAABD9852F8200008
:101A900041F6286210440079401C00EB400001EB45
:101AA00000116491FCA9BD9851F82000104400F584
:101AB0009C703022014665906498DEF66BFCFCA9B0
:101AC000BD9851F8200041F62861014401F5B47138
:101AD000FCAABD9852F8200041F628621044007913
:101AE00000EB400001EB00116491FCA9BD9851F896
:101AF0002000104400F584703022014665906498FF
:101B0000DEF648FC0021BB91C3E0FCA9BD9851F86A
:101B1000200041F6286101444831BB9801EBC00028
:101B200090ED000BBD9800EB4001C1EB8010BA496D
:101B300001EB00114831BB9801EBC00090ED001B98
:101B400030EE411B9DEDB80B81EE002BFCA9BD983A
:101B500051F8200041F6286101447831BB9801EB2F
:101B6000C00080ED002BFCA9BD9851F8200041F683
:101B70002861084490F8CC03F0B3FCA9BD9851F853
:101B8000200041F62861084490F8CC03FF287DD05E
:101B9000FCA9BD9851F8200041F628610144783134
:101BA000BB9801EBC00090ED000BFCA9BD9851F86B
:101BB00020001030BB9900EB811090ED041B9FEDCD
:101BC000972B21EE021BB4EEC10BF1EE10FA23DCD1
:101BD000FCA9BD9851F8200041F6286101447831F4
:101BE000BB9801EBC00090ED000BFCA9BD9851F82B
:101BF00020001030BB9900E048E000EB811090ED30
:101C0000061BB1EE411B9FED852B21EE021BB4EEAE
:101C1000C10BF1EE10FA39D2BD9800EB4001C1EBD7
:101C200080107D4901EB00114831BB9801EBC000E9
:101C300090ED000BFCA9BD9851F8200041F62861F9
:101C400001444831BB9801EBC00080ED000BBB980C
:101C500000F2A34081B2FCAABD9852F8200041F6E0
:101C600028621044A0F8C813FCA9BD9851F82000C0
:101C700011460844B0F8E80281B2FCAABD9852F8B7
:101C8000200041F628621044A0F8CA13BB98401CFB
:101C9000BB90FCA9BD9851F8200041F6286108448A
:101CA0000179BB9881423FF730AF0020BB90A4E0A0
:101CB000FCA9BD9851F8200041F628610144A831E3
:101CC000BB9801EBC00090ED000BBD9800EB40010C
:101CD000C1EB8010504901EB0011A831BB9801EB1A
:101CE000C00090ED001B30EE412B9DEDB80B82EE55
:101CF000001B8DED641BFCA9BD9851F8200041F636
:101D00002861084490F8CC03F0B3FCA9BD9851F8C1
:101D1000200041F62861084490F8CC03FF2869D0E0
:101D2000FCA9BD9851F8200000F5E071BB9801EBCB
:101D3000801090ED040B9FED391B20EE011B9DEDF3
:101D4000640BB4EEC01BF1EE10FA17D3FCA9BD98DA
:101D500051F8200000F5E071BB9801EB801090ED88
:101D6000060BB1EE400B9FED2D1B20EE011B9DEDF0
:101D7000640BB4EEC01BF1EE10FA3BDDBD9800EB36
:101D80004001C1EB801000E034E0234901EB001179
:101D9000A831BB9801EBC00090ED000BFCA9BD98E9
:101DA00051F8200041F628610144A831BB9801EBAD
:101DB000C00080ED000BBB9800F2CE4081B2FCAABF
:101DC000BD9852F8200041F628621044A0F8C813CC
:101DD000FCA9BD9851F8200011460844B0F8E8026B
:101DE00081B2FCAABD9852F8200041F62862104446
:101DF000A0F8CA13BB98401CBB90BB980028FFF604
:101E000057AFFCA9BD9851F8200041F6286109E0C0
:101E1000701702245001002428B90124CDCCCCCC69
:101E2000CCCCF03F084490F8CC03142866D1FCA930
:101E3000BD9851F82000103000F58050B0F80C0E1D
:101E4000F0B3BD9851F8200090F80808062806D095
:101E5000BD9851F8200090F8080808284ED1FCA938
:101E6000BD9851F82000103000F58050B0F80C0EED
:101E7000012812D0BD9851F82000103000F5805094
:101E8000B0F80C0E022839D1BD9851F8200010305E
:101E900000F58050B0F80A0E90B1FCA9BD9851F839
:101EA000201041F62860084490ED1A0BB0EEC00BEC
:101EB000B1EE041BB4EEC10BF1EE10FA1ED200E03D
:101EC0001CE04FF4A061FCAABD9852F8200041F636
:101ED00028621044A0F8C813FCA9BD9851F820004E
:101EE00011460844B0F8E80281B2FCAABD9852F845
:101EF000200041F628621044A0F8CA13FCA9BD983E
:101F000051F8200000F6080090ED4C0BB5EEC00B28
:101F1000F1EE10FA0ED09DED760B9DED741BBD9881
:101F200051F8200000F6080090ED4C2B01EE420B1A
:101F30008DED760BFCA9BD9851F8200000F6080045
:101F400090ED500BB5EEC00BF1EE10FA0ED09DEDFA
:101F50007A0B9DED781BBD9851F8200000F6080023
:101F600090ED502B01EE420B8DED7A0BFCA9BD9844
:101F700051F8200000F6080090ED520BB5EEC00BB2
:101F8000F1EE10FA0ED09DED7C0B9DED781BBD9807
:101F900051F8200000F6080090ED522B01EE420BA4
:101FA0008DED7C0BFCA9BD9851F8200000F60800CF
:101FB00090ED540BB5EEC00BF1EE10FA0ED09DED86
:101FC0007C0B9DED7A1BBD9851F8200000F60800AF
:101FD00090ED542B01EE420B8DED7C0B0020BB905D
:101FE00015E0FCA9BD9851F8200041F62861014494
:101FF0004831BB9801EBC00090ED000B72A9BB9873
:1020000001EBC00080ED000BBB98401CBB90FCA90D
:10201000BD9851F8200041F6286108440179BB9829
:102020008142DEDCFCA9BD9851F82000103000F59B
:102030008050B0F80A0EE8BB0021BB9178E0FCA903
:10204000BD9851F8200000F5E960BB9900EB011044
:10205000406880B3FCA9BD9851F8200000F5E96103
:10206000BB9801EB001090F9080000EE100AB8EEE2
:10207000C00B72A9BB9801EBC00090ED001B20EED5
:10208000011BFCA9BD9851F8200000F5E961BB983F
:1020900001EB001090ED000AB8EE400B21EE001BA2
:1020A000FCA9BD9851F8200000F5E961BB9801EB4F
:1020B000001001E0C6E02CE090ED010AB8EE402BE4
:1020C00081EE020B8DED640B9DED640BF3F600FBCE
:1020D000B0EE401BFCA9BD9851F8200000F5E96165
:1020E000BB9801EB001090ED030AB8EEC00B31EE87
:1020F000000BBDEEC00B10EE101AFCAABD9852F8F2
:10210000200041F628621044D830BB9A40F82210D3
:102110000BE00022FCABBD9853F8200041F628618B
:102120000844D830BB9940F82120BB98401CBB9094
:10213000FCA9BD9851F8200041F6286108440179B6
:10214000BB9881423FF77BAF0020BB9077E0FCA9B2
:10215000BD9851F8200000F5F560BB9900EB011027
:102160004068E8B3FCA9BD9851F8200000F5F5617E
:10217000BB9801EB001090F9080000EE100AB8EED1
:10218000C00B66A9BB9801EBC00090ED001B20EED0
:10219000011BFCA9BD9851F8200000F5F561BB9822
:1021A00001EB001090ED000AB8EE400B21EE001B91
:1021B000FCA9BD9851F8200000F5F561BB9801EB32
:1021C000001090ED010AB8EE402B81EE020B8DED70
:1021D000640B9DED640BF3F67BFAB0EE401B00E060
:1021E0001EE0FCA9BD9851F8200000F5F561BB98F0
:1021F00001EB001090ED030AB8EEC00B31EE000BBE
:10220000BDEEC00B10EE101AFCAABD9852F82000CB
:1022100041F628621044F030BB9A40F822100BE0DF
:102220000022FCABBD9853F8200041F62861084419
:10223000F030BB9940F82120BB98401CBB90BB9864
:10224000002884DB0020F6900022FCA9BD9851F8FC
:1022500020000281BD9851F8200041F62861014418
:102260006591BD9800EB4001C1EB80100A4901EB7C
:1022700000114FF47472649165996498DEF68AF8DF
:10228000BD98401CBD90DDF80414BD988842DEF670
:10229000F3A80020DEF7E7B828B9012410B50248FA
:1022A000E6F6E6FC10BD00007404002410B50446F8
:1022B0002068006820F0400021680860202084F831
:1022C00079002046DEF783F8002010BD10B50446E3
:1022D00094ED001B21EE011B94ED022B94ED023BCB
:1022E00002EE031B94ED042B94ED043B02EE031B62
:1022F000B0EE410BF3F694FA10BD000002480068FE
:10230000C0F30220704700000CED00E010B500287B
:1023100004DB0A07130E054A135406E00A07140EDD
:10232000034A00F00F031B1FD45410BD00E400E06B
:1023300018ED00E0000000009FED031B9FED042B53
:1023400081EE020B70470000000000000000F03F2B
:10235000000000000000000030EE000B704700009D
:102360009FED031B81EE010B704700000000000091
:1023700000000000000000009FED030B20EE000BAA
:102380007047000000000000000000000000001086
:102390000149086070470000F00300242DE9F04176
:1023A000044600251E461746880404D405E0394635
:1023B0002020B0476D1C641EF9D52846BDE8F08189
:1023C0002DE9F041044600251E469046C80301D57C
:1023D000302700E02027880404D505E04146384630
:1023E000B0476D1C641EF9D52846BDE8F08110B5D4
:1023F00041EC100BF2F684F951EC100B10BD90ED8E
:10240000000B91ED001B20EE010B90ED021B91EDF6
:10241000022B01EE020B90ED041B91ED042B01EE5B
:10242000020B70472DED040B0199039861F31E0018
:1024300001909DED000B04B0704700002DE9FF47AF
:1024400004460D4616461F46DDE90D9ADDF830803C
:1024500033462A46214604488DE88007F5F6D9F828
:1024600004B0BDE8F08700008000002410B50446E9
:1024700021460248F6F6B4FA10BD000080000024A0
:1024800070B504460D462A4621460248F7F60AF87A
:1024900070BD00008000002410B50248F7F608FA6D
:1024A00010BD000080000024F8B504460D46164615
:1024B0001F4633462A46214602480097F7F620FD7C
:1024C000F8BD00008000002410B50446214600201D
:1024D000F4F604FA10BD10B5002000F001F810BDAC
:1024E00010B5044621460248FAF626F910BD000050
:1024F00080000024FFB583B004460D4616460C9FAD
:1025000006A8022332462946CDE900072046F4F604
:10251000ABFD07B0F0BDFEB505460E4617461C469E
:102520000020029002A802233A463146CDE9000479
:102530002846F4F62CFEBDF80800FEBDFFB583B0BA
:1025400004460D4616460C9F06A80223324629462D
:10255000CDE900072046F4F657FE07B0F0BD002194
:10256000826A1170826A5170704700000020002159
:1025700005E0044A02EB011252681044491C01298B
:10258000F7DB70478817002430B5846A2478102C54
:1025900015DA846AA41C856A2D786155846A14341E
:1025A000856A2D7844F82520846A5434856A2D780C
:1025B00024F81530846A2478641C856A2C7030BD38
:1025C00010B50020034908700349087003A0F1F614
:1025D0004BFF10BDD9000024DA0000246578656344
:1025E0005F4530310D0A000010B501200449088113
:1025F0000A200449087004A0F1F636FF10BD00005F
:10260000786D0124D8000024657865635F45303417
:102610000D0A00007047000010B50C200549087035
:1026200003200549087000200449086004A0F1F661
:102630001BFF10BDD8000024D40000241C0300247C
:102640004D30332073746F700D0A000010B50120F7
:102650000249C88002A0F1F607FF10BD786D012481
:10266000657865635F4D31310D0A000010B502A039
:10267000F1F6FAFE10BD0000657865635F4D3133F9
:1026800020746573742070726F670D0A000000007B
:102690001CB540F201400549B7EE000B53EC102B7E
:1026A000CDE9001002A0F1F6DFFE1CBD5D00350192
:1026B000766572203D20252E31662C25642C2564FC
:1026C0000D0A000010B5002408E0064850F8242048
:1026D000214605A0F1F6C8FE601CC4B21E2CF4DB36
:1026E00010BD0000F49301247469636B315B2564B1
:1026F0005D3D25640D0A000010B5012002490870F7
:1027000002A0F1F6B1FE10BD0101002465786563F9
:102710005F5331310D0A000010B502A0F1F6A4FE9E
:1027200010BD0000657865635F5332300D0A00000C
:102730002DE9F0410446002700250026084F00BF80
:10274000224620213846DDF7F6FC05466F1C701C3A
:10275000C6B2002DF4D1701EC0B2BDE8F0810000F9
:10276000B08F012400BF054AD26902F04002002A5E
:10277000F9D0C2B2014B1A85704700000010014029
:10278000704770B502460B4611E01446194603E047
:10279000087808B9104670BD14F8015B45F02005B3
:1027A00011F8016B46F020008542F1D0521C1078E0
:1027B0000028EAD100BFEEE77CB50446E3F660FFEF
:1027C0000546DDF7FDFC0646E3F65AFFA84205D0B4
:1027D000E3F656FF0546DDF7F3FC06460196009545
:1027E000DDE90001C4E900017CBD01460A06120CC6
:1027F00042EA1120704700004C5555555555A53FEC
:102800007751C1166CC156BF9015CB19A001FA3E85
:10281000AD529C804F7E92BEC4B1B4BD9EEE213EAF
:10282000D43888BEE9FAA8BDA6F810111111813F6D
:10283000D561C119A0012ABF7DFEB157E31DC73E76
:10284000EB9C2B8AE6E55ABE7CD5CF5A3AD9E53DBA
:1028500061250208534341524100000044454C5455
:1028600041000000434E430041524D00504154008E
:040000050800029954
:00000001FF
